<?xml version="1.0" encoding="UTF-8"?>
<!-- Created with BasicAirData GPS Logger for Android - ver. 3.3.0 -->
<!-- Track 5 = 4404 TrackPoints + 0 Placemarks -->

<!-- Track Statistics (based on Total Time | Time in Movement): -->
<!--  Distance = 16.1 km -->
<!--  Duration = 04:04:30 | 01:42:50 -->
<!--  Altitude Gap = 28 m -->
<!--  Max Speed = 75 km/h -->
<!--  Avg Speed = 4.0 | 9.4 km/h -->
<!--  Direction = 303° -->
<!--  Activity = car -->
<!--  Altitudes = Raw -->

<gpx version="1.0"
     creator="BasicAirData GPS Logger 3.3.0"
     xmlns="http://www.topografix.com/GPX/1/0"
     xmlns:xsi="http://www.w3.org/2001/XMLSchema-instance"
     xsi:schemaLocation="http://www.topografix.com/GPX/1/0 http://www.topografix.com/GPX/1/0/gpx.xsd">
<name>La Bourboule 23/09/2026</name>
<desc>Bourboule</desc>
<time>2026-09-29T13:21:51Z</time>
<keywords>car</keywords>
<bounds minlat="45.58652381" minlon="2.68537851" maxlat="45.62519714" maxlon="2.79124224" />

<trk>
 <name>Track 20260923-142248</name>
 <trkseg>
  <trkpt lat="45.59003724" lon="2.76687161"><ele>939.903</ele><time>2026-09-23T12:22:48Z</time><speed>0.620</speed><sat>30</sat></trkpt>
  <trkpt lat="45.59004048" lon="2.76688164"><ele>941.896</ele><time>2026-09-23T12:22:51Z</time><speed>0.310</speed><sat>30</sat></trkpt>
  <trkpt lat="45.59004404" lon="2.76687404"><ele>942.677</ele><time>2026-09-23T12:22:54Z</time><speed>0.000</speed><sat>29</sat></trkpt>
  <trkpt lat="45.59004625" lon="2.76688495"><ele>942.551</ele><time>2026-09-23T12:22:57Z</time><speed>0.200</speed><sat>29</sat></trkpt>
  <trkpt lat="45.59005201" lon="2.76690577"><ele>942.709</ele><time>2026-09-23T12:23:00Z</time><speed>0.560</speed><sat>29</sat></trkpt>
  <trkpt lat="45.59005421" lon="2.76692853"><ele>942.523</ele><time>2026-09-23T12:23:03Z</time><speed>0.340</speed><sat>29</sat></trkpt>
  <trkpt lat="45.59005546" lon="2.76695822"><ele>942.473</ele><time>2026-09-23T12:23:06Z</time><speed>0.620</speed><sat>29</sat></trkpt>
  <trkpt lat="45.59006713" lon="2.76697072"><ele>942.553</ele><time>2026-09-23T12:23:09Z</time><speed>0.000</speed><sat>29</sat></trkpt>
  <trkpt lat="45.59006554" lon="2.76696875"><ele>942.536</ele><time>2026-09-23T12:23:12Z</time><speed>0.000</speed><sat>29</sat></trkpt>
  <trkpt lat="45.59006243" lon="2.76697549"><ele>943.043</ele><time>2026-09-23T12:23:15Z</time><speed>0.370</speed><sat>29</sat></trkpt>
  <trkpt lat="45.59006631" lon="2.76700995"><ele>942.934</ele><time>2026-09-23T12:23:18Z</time><speed>0.600</speed><sat>28</sat></trkpt>
  <trkpt lat="45.59006548" lon="2.76701705"><ele>943.030</ele><time>2026-09-23T12:23:21Z</time><speed>0.000</speed><sat>29</sat></trkpt>
  <trkpt lat="45.59006402" lon="2.76703798"><ele>942.495</ele><time>2026-09-23T12:23:24Z</time><speed>0.780</speed><sat>29</sat></trkpt>
  <trkpt lat="45.59005765" lon="2.76709504"><ele>943.031</ele><time>2026-09-23T12:23:27Z</time><speed>1.550</speed><sat>29</sat></trkpt>
  <trkpt lat="45.59007098" lon="2.76715148"><ele>942.602</ele><time>2026-09-23T12:23:30Z</time><speed>1.430</speed><sat>29</sat></trkpt>
  <trkpt lat="45.59008362" lon="2.76720873"><ele>943.083</ele><time>2026-09-23T12:23:33Z</time><speed>1.560</speed><sat>26</sat></trkpt>
  <trkpt lat="45.59008482" lon="2.76726204"><ele>943.082</ele><time>2026-09-23T12:23:36Z</time><speed>1.230</speed><sat>28</sat></trkpt>
  <trkpt lat="45.59008079" lon="2.76730517"><ele>942.591</ele><time>2026-09-23T12:23:39Z</time><speed>1.330</speed><sat>29</sat></trkpt>
  <trkpt lat="45.59008549" lon="2.76734726"><ele>943.325</ele><time>2026-09-23T12:23:42Z</time><speed>1.190</speed><sat>24</sat></trkpt>
  <trkpt lat="45.59008931" lon="2.76739019"><ele>943.534</ele><time>2026-09-23T12:23:45Z</time><speed>1.300</speed><sat>25</sat></trkpt>
  <trkpt lat="45.59009211" lon="2.76744201"><ele>943.407</ele><time>2026-09-23T12:23:48Z</time><speed>1.320</speed><sat>25</sat></trkpt>
  <trkpt lat="45.59009209" lon="2.76749826"><ele>943.972</ele><time>2026-09-23T12:23:51Z</time><speed>1.310</speed><sat>24</sat></trkpt>
  <trkpt lat="45.59008241" lon="2.76754879"><ele>944.384</ele><time>2026-09-23T12:23:54Z</time><speed>2.070</speed><sat>25</sat></trkpt>
  <trkpt lat="45.59007191" lon="2.76758506"><ele>944.563</ele><time>2026-09-23T12:23:57Z</time><speed>1.350</speed><sat>25</sat></trkpt>
  <trkpt lat="45.59006967" lon="2.76763496"><ele>944.869</ele><time>2026-09-23T12:24:00Z</time><speed>1.320</speed><sat>26</sat></trkpt>
  <trkpt lat="45.59007556" lon="2.76769048"><ele>942.986</ele><time>2026-09-23T12:24:03Z</time><speed>1.420</speed><sat>27</sat></trkpt>
  <trkpt lat="45.59007266" lon="2.76774903"><ele>942.232</ele><time>2026-09-23T12:24:06Z</time><speed>1.410</speed><sat>26</sat></trkpt>
  <trkpt lat="45.59006907" lon="2.76780817"><ele>942.219</ele><time>2026-09-23T12:24:09Z</time><speed>1.430</speed><sat>26</sat></trkpt>
  <trkpt lat="45.59005628" lon="2.76786750"><ele>942.130</ele><time>2026-09-23T12:24:12Z</time><speed>1.560</speed><sat>26</sat></trkpt>
  <trkpt lat="45.59005151" lon="2.76793841"><ele>942.422</ele><time>2026-09-23T12:24:15Z</time><speed>1.650</speed><sat>22</sat></trkpt>
  <trkpt lat="45.59004627" lon="2.76800478"><ele>941.737</ele><time>2026-09-23T12:24:18Z</time><speed>1.710</speed><sat>25</sat></trkpt>
  <trkpt lat="45.59003318" lon="2.76807145"><ele>943.241</ele><time>2026-09-23T12:24:21Z</time><speed>1.610</speed><sat>25</sat></trkpt>
  <trkpt lat="45.59001374" lon="2.76813267"><ele>943.312</ele><time>2026-09-23T12:24:24Z</time><speed>1.630</speed><sat>26</sat></trkpt>
  <trkpt lat="45.59000370" lon="2.76819516"><ele>942.270</ele><time>2026-09-23T12:24:27Z</time><speed>1.640</speed><sat>25</sat></trkpt>
  <trkpt lat="45.58999482" lon="2.76825584"><ele>942.626</ele><time>2026-09-23T12:24:30Z</time><speed>1.620</speed><sat>26</sat></trkpt>
  <trkpt lat="45.58998985" lon="2.76832614"><ele>942.234</ele><time>2026-09-23T12:24:33Z</time><speed>1.610</speed><sat>25</sat></trkpt>
  <trkpt lat="45.58999431" lon="2.76839059"><ele>942.477</ele><time>2026-09-23T12:24:36Z</time><speed>1.610</speed><sat>26</sat></trkpt>
  <trkpt lat="45.58997804" lon="2.76845522"><ele>943.207</ele><time>2026-09-23T12:24:39Z</time><speed>1.590</speed><sat>24</sat></trkpt>
  <trkpt lat="45.58996653" lon="2.76851477"><ele>944.709</ele><time>2026-09-23T12:24:42Z</time><speed>1.580</speed><sat>24</sat></trkpt>
  <trkpt lat="45.59000015" lon="2.76853635"><ele>944.681</ele><time>2026-09-23T12:24:45Z</time><speed>0.000</speed><sat>26</sat></trkpt>
  <trkpt lat="45.58999545" lon="2.76853122"><ele>944.510</ele><time>2026-09-23T12:24:48Z</time><speed>0.000</speed><sat>25</sat></trkpt>
  <trkpt lat="45.58999512" lon="2.76853098"><ele>944.483</ele><time>2026-09-23T12:24:51Z</time><speed>0.000</speed><sat>23</sat></trkpt>
  <trkpt lat="45.58995172" lon="2.76856853"><ele>944.540</ele><time>2026-09-23T12:24:54Z</time><speed>1.580</speed><sat>23</sat></trkpt>
  <trkpt lat="45.58994104" lon="2.76861788"><ele>944.716</ele><time>2026-09-23T12:24:57Z</time><speed>0.980</speed><sat>27</sat></trkpt>
  <trkpt lat="45.58993079" lon="2.76866276"><ele>944.899</ele><time>2026-09-23T12:25:00Z</time><speed>1.320</speed><sat>25</sat></trkpt>
  <trkpt lat="45.58991704" lon="2.76870677"><ele>944.680</ele><time>2026-09-23T12:25:03Z</time><speed>1.270</speed><sat>25</sat></trkpt>
  <trkpt lat="45.58990380" lon="2.76874272"><ele>945.072</ele><time>2026-09-23T12:25:06Z</time><speed>1.440</speed><sat>27</sat></trkpt>
  <trkpt lat="45.58988808" lon="2.76879014"><ele>944.606</ele><time>2026-09-23T12:25:09Z</time><speed>1.380</speed><sat>27</sat></trkpt>
  <trkpt lat="45.58986416" lon="2.76882999"><ele>943.857</ele><time>2026-09-23T12:25:12Z</time><speed>1.240</speed><sat>27</sat></trkpt>
  <trkpt lat="45.58983294" lon="2.76886971"><ele>944.936</ele><time>2026-09-23T12:25:15Z</time><speed>1.500</speed><sat>27</sat></trkpt>
  <trkpt lat="45.58980084" lon="2.76890389"><ele>945.942</ele><time>2026-09-23T12:25:18Z</time><speed>1.340</speed><sat>28</sat></trkpt>
  <trkpt lat="45.58976643" lon="2.76893466"><ele>946.465</ele><time>2026-09-23T12:25:21Z</time><speed>1.330</speed><sat>27</sat></trkpt>
  <trkpt lat="45.58974550" lon="2.76896980"><ele>947.248</ele><time>2026-09-23T12:25:24Z</time><speed>1.190</speed><sat>27</sat></trkpt>
  <trkpt lat="45.58972105" lon="2.76899776"><ele>946.383</ele><time>2026-09-23T12:25:27Z</time><speed>1.190</speed><sat>28</sat></trkpt>
  <trkpt lat="45.58968745" lon="2.76900774"><ele>947.311</ele><time>2026-09-23T12:25:30Z</time><speed>1.220</speed><sat>28</sat></trkpt>
  <trkpt lat="45.58965388" lon="2.76901801"><ele>948.524</ele><time>2026-09-23T12:25:33Z</time><speed>1.220</speed><sat>27</sat></trkpt>
  <trkpt lat="45.58962205" lon="2.76902481"><ele>949.004</ele><time>2026-09-23T12:25:36Z</time><speed>1.170</speed><sat>28</sat></trkpt>
  <trkpt lat="45.58958850" lon="2.76904569"><ele>949.629</ele><time>2026-09-23T12:25:39Z</time><speed>1.140</speed><sat>27</sat></trkpt>
  <trkpt lat="45.58956088" lon="2.76903679"><ele>950.197</ele><time>2026-09-23T12:25:42Z</time><speed>1.080</speed><sat>28</sat></trkpt>
  <trkpt lat="45.58953492" lon="2.76903070"><ele>951.175</ele><time>2026-09-23T12:25:45Z</time><speed>1.040</speed><sat>24</sat></trkpt>
  <trkpt lat="45.58951771" lon="2.76903748"><ele>951.639</ele><time>2026-09-23T12:25:48Z</time><speed>0.000</speed><sat>29</sat></trkpt>
  <trkpt lat="45.58951889" lon="2.76903963"><ele>951.563</ele><time>2026-09-23T12:25:51Z</time><speed>0.000</speed><sat>28</sat></trkpt>
  <trkpt lat="45.58951849" lon="2.76904036"><ele>951.512</ele><time>2026-09-23T12:25:54Z</time><speed>0.000</speed><sat>26</sat></trkpt>
  <trkpt lat="45.58951849" lon="2.76904102"><ele>951.501</ele><time>2026-09-23T12:25:57Z</time><speed>0.000</speed><sat>25</sat></trkpt>
  <trkpt lat="45.58951850" lon="2.76904152"><ele>951.493</ele><time>2026-09-23T12:26:00Z</time><speed>0.000</speed><sat>26</sat></trkpt>
  <trkpt lat="45.58951840" lon="2.76904210"><ele>951.489</ele><time>2026-09-23T12:26:03Z</time><speed>0.000</speed><sat>24</sat></trkpt>
  <trkpt lat="45.58951841" lon="2.76904244"><ele>951.477</ele><time>2026-09-23T12:26:06Z</time><speed>0.000</speed><sat>23</sat></trkpt>
  <trkpt lat="45.58951852" lon="2.76904306"><ele>951.449</ele><time>2026-09-23T12:26:09Z</time><speed>0.000</speed><sat>21</sat></trkpt>
  <trkpt lat="45.58951835" lon="2.76904344"><ele>951.442</ele><time>2026-09-23T12:26:12Z</time><speed>0.000</speed><sat>23</sat></trkpt>
  <trkpt lat="45.58951805" lon="2.76904316"><ele>951.451</ele><time>2026-09-23T12:26:15Z</time><speed>0.000</speed><sat>25</sat></trkpt>
  <trkpt lat="45.58951792" lon="2.76904330"><ele>951.430</ele><time>2026-09-23T12:26:18Z</time><speed>0.000</speed><sat>25</sat></trkpt>
  <trkpt lat="45.58951987" lon="2.76904068"><ele>951.627</ele><time>2026-09-23T12:26:21Z</time><speed>0.000</speed><sat>25</sat></trkpt>
  <trkpt lat="45.58952012" lon="2.76904115"><ele>951.633</ele><time>2026-09-23T12:26:24Z</time><speed>0.000</speed><sat>23</sat></trkpt>
  <trkpt lat="45.58951937" lon="2.76903447"><ele>952.302</ele><time>2026-09-23T12:26:27Z</time><speed>0.000</speed><sat>27</sat></trkpt>
  <trkpt lat="45.58951911" lon="2.76903397"><ele>952.319</ele><time>2026-09-23T12:26:30Z</time><speed>0.000</speed><sat>27</sat></trkpt>
  <trkpt lat="45.58951903" lon="2.76903364"><ele>952.289</ele><time>2026-09-23T12:26:33Z</time><speed>0.000</speed><sat>28</sat></trkpt>
  <trkpt lat="45.58951969" lon="2.76903309"><ele>952.346</ele><time>2026-09-23T12:26:36Z</time><speed>0.000</speed><sat>28</sat></trkpt>
  <trkpt lat="45.58951955" lon="2.76903210"><ele>952.291</ele><time>2026-09-23T12:26:39Z</time><speed>0.000</speed><sat>26</sat></trkpt>
  <trkpt lat="45.58951941" lon="2.76903297"><ele>952.187</ele><time>2026-09-23T12:26:42Z</time><speed>0.000</speed><sat>25</sat></trkpt>
  <trkpt lat="45.58951927" lon="2.76903408"><ele>952.101</ele><time>2026-09-23T12:26:45Z</time><speed>0.000</speed><sat>26</sat></trkpt>
  <trkpt lat="45.58951921" lon="2.76903467"><ele>952.058</ele><time>2026-09-23T12:26:48Z</time><speed>0.000</speed><sat>26</sat></trkpt>
  <trkpt lat="45.58951923" lon="2.76903479"><ele>952.052</ele><time>2026-09-23T12:26:51Z</time><speed>0.000</speed><sat>22</sat></trkpt>
  <trkpt lat="45.58951920" lon="2.76903528"><ele>952.009</ele><time>2026-09-23T12:26:54Z</time><speed>0.000</speed><sat>22</sat></trkpt>
  <trkpt lat="45.58951922" lon="2.76903544"><ele>952.006</ele><time>2026-09-23T12:26:57Z</time><speed>0.000</speed><sat>22</sat></trkpt>
  <trkpt lat="45.58951930" lon="2.76903587"><ele>951.955</ele><time>2026-09-23T12:27:00Z</time><speed>0.000</speed><sat>21</sat></trkpt>
  <trkpt lat="45.58951933" lon="2.76903580"><ele>951.963</ele><time>2026-09-23T12:27:03Z</time><speed>0.000</speed><sat>26</sat></trkpt>
  <trkpt lat="45.58951947" lon="2.76903593"><ele>951.956</ele><time>2026-09-23T12:27:06Z</time><speed>0.000</speed><sat>26</sat></trkpt>
  <trkpt lat="45.58951981" lon="2.76903653"><ele>951.973</ele><time>2026-09-23T12:27:09Z</time><speed>0.000</speed><sat>23</sat></trkpt>
  <trkpt lat="45.58951969" lon="2.76903638"><ele>951.984</ele><time>2026-09-23T12:27:12Z</time><speed>0.000</speed><sat>26</sat></trkpt>
  <trkpt lat="45.58952004" lon="2.76903766"><ele>951.932</ele><time>2026-09-23T12:27:15Z</time><speed>0.000</speed><sat>25</sat></trkpt>
  <trkpt lat="45.58952005" lon="2.76903786"><ele>951.922</ele><time>2026-09-23T12:27:18Z</time><speed>0.000</speed><sat>28</sat></trkpt>
  <trkpt lat="45.58951980" lon="2.76903807"><ele>951.916</ele><time>2026-09-23T12:27:21Z</time><speed>0.000</speed><sat>28</sat></trkpt>
  <trkpt lat="45.58951972" lon="2.76903888"><ele>951.903</ele><time>2026-09-23T12:27:24Z</time><speed>0.000</speed><sat>28</sat></trkpt>
  <trkpt lat="45.58951959" lon="2.76903857"><ele>951.908</ele><time>2026-09-23T12:27:27Z</time><speed>0.000</speed><sat>27</sat></trkpt>
  <trkpt lat="45.58951930" lon="2.76903854"><ele>951.839</ele><time>2026-09-23T12:27:30Z</time><speed>0.000</speed><sat>27</sat></trkpt>
  <trkpt lat="45.58951311" lon="2.76905443"><ele>952.059</ele><time>2026-09-23T12:27:33Z</time><speed>0.800</speed><sat>27</sat></trkpt>
  <trkpt lat="45.58948458" lon="2.76908465"><ele>951.501</ele><time>2026-09-23T12:27:36Z</time><speed>1.460</speed><sat>27</sat></trkpt>
  <trkpt lat="45.58942978" lon="2.76909620"><ele>951.326</ele><time>2026-09-23T12:27:39Z</time><speed>1.630</speed><sat>26</sat></trkpt>
  <trkpt lat="45.58935426" lon="2.76911425"><ele>950.203</ele><time>2026-09-23T12:27:42Z</time><speed>3.020</speed><sat>26</sat></trkpt>
  <trkpt lat="45.58929482" lon="2.76915225"><ele>949.634</ele><time>2026-09-23T12:27:45Z</time><speed>2.070</speed><sat>26</sat></trkpt>
  <trkpt lat="45.58929748" lon="2.76916864"><ele>949.334</ele><time>2026-09-23T12:27:48Z</time><speed>1.290</speed><sat>26</sat></trkpt>
  <trkpt lat="45.58927615" lon="2.76919921"><ele>948.792</ele><time>2026-09-23T12:27:51Z</time><speed>0.740</speed><sat>29</sat></trkpt>
  <trkpt lat="45.58923376" lon="2.76924015"><ele>947.873</ele><time>2026-09-23T12:27:54Z</time><speed>1.960</speed><sat>24</sat></trkpt>
  <trkpt lat="45.58920395" lon="2.76929255"><ele>947.570</ele><time>2026-09-23T12:27:57Z</time><speed>1.890</speed><sat>26</sat></trkpt>
  <trkpt lat="45.58917672" lon="2.76935426"><ele>947.221</ele><time>2026-09-23T12:28:00Z</time><speed>1.730</speed><sat>26</sat></trkpt>
  <trkpt lat="45.58916798" lon="2.76941042"><ele>948.373</ele><time>2026-09-23T12:28:03Z</time><speed>1.430</speed><sat>27</sat></trkpt>
  <trkpt lat="45.58916607" lon="2.76947454"><ele>947.621</ele><time>2026-09-23T12:28:06Z</time><speed>1.550</speed><sat>26</sat></trkpt>
  <trkpt lat="45.58918369" lon="2.76952757"><ele>945.919</ele><time>2026-09-23T12:28:09Z</time><speed>1.280</speed><sat>27</sat></trkpt>
  <trkpt lat="45.58920019" lon="2.76957957"><ele>945.351</ele><time>2026-09-23T12:28:12Z</time><speed>1.330</speed><sat>27</sat></trkpt>
  <trkpt lat="45.58922203" lon="2.76964240"><ele>944.311</ele><time>2026-09-23T12:28:15Z</time><speed>1.410</speed><sat>26</sat></trkpt>
  <trkpt lat="45.58925273" lon="2.76968268"><ele>944.325</ele><time>2026-09-23T12:28:18Z</time><speed>1.360</speed><sat>25</sat></trkpt>
  <trkpt lat="45.58927315" lon="2.76972576"><ele>944.989</ele><time>2026-09-23T12:28:21Z</time><speed>1.330</speed><sat>25</sat></trkpt>
  <trkpt lat="45.58930461" lon="2.76979800"><ele>947.754</ele><time>2026-09-23T12:28:24Z</time><speed>1.650</speed><sat>22</sat></trkpt>
  <trkpt lat="45.58932612" lon="2.76986352"><ele>948.963</ele><time>2026-09-23T12:28:27Z</time><speed>1.550</speed><sat>21</sat></trkpt>
  <trkpt lat="45.58934395" lon="2.76992820"><ele>949.598</ele><time>2026-09-23T12:28:30Z</time><speed>1.580</speed><sat>22</sat></trkpt>
  <trkpt lat="45.58935620" lon="2.76999460"><ele>949.930</ele><time>2026-09-23T12:28:33Z</time><speed>1.670</speed><sat>22</sat></trkpt>
  <trkpt lat="45.58937158" lon="2.77007566"><ele>949.744</ele><time>2026-09-23T12:28:36Z</time><speed>1.750</speed><sat>21</sat></trkpt>
  <trkpt lat="45.58938615" lon="2.77013796"><ele>951.296</ele><time>2026-09-23T12:28:39Z</time><speed>1.600</speed><sat>21</sat></trkpt>
  <trkpt lat="45.58939303" lon="2.77021526"><ele>951.435</ele><time>2026-09-23T12:28:42Z</time><speed>1.730</speed><sat>21</sat></trkpt>
  <trkpt lat="45.58940742" lon="2.77028328"><ele>951.853</ele><time>2026-09-23T12:28:45Z</time><speed>1.700</speed><sat>22</sat></trkpt>
  <trkpt lat="45.58941140" lon="2.77035223"><ele>951.924</ele><time>2026-09-23T12:28:48Z</time><speed>1.740</speed><sat>22</sat></trkpt>
  <trkpt lat="45.58941389" lon="2.77042187"><ele>953.529</ele><time>2026-09-23T12:28:51Z</time><speed>1.800</speed><sat>22</sat></trkpt>
  <trkpt lat="45.58940976" lon="2.77049660"><ele>952.417</ele><time>2026-09-23T12:28:54Z</time><speed>1.740</speed><sat>23</sat></trkpt>
  <trkpt lat="45.58940444" lon="2.77056461"><ele>951.781</ele><time>2026-09-23T12:28:57Z</time><speed>1.690</speed><sat>24</sat></trkpt>
  <trkpt lat="45.58939930" lon="2.77062810"><ele>951.830</ele><time>2026-09-23T12:29:00Z</time><speed>1.660</speed><sat>23</sat></trkpt>
  <trkpt lat="45.58939569" lon="2.77069639"><ele>951.544</ele><time>2026-09-23T12:29:03Z</time><speed>1.620</speed><sat>21</sat></trkpt>
  <trkpt lat="45.58939506" lon="2.77076315"><ele>951.179</ele><time>2026-09-23T12:29:06Z</time><speed>1.640</speed><sat>21</sat></trkpt>
  <trkpt lat="45.58939751" lon="2.77082945"><ele>951.912</ele><time>2026-09-23T12:29:09Z</time><speed>1.630</speed><sat>23</sat></trkpt>
  <trkpt lat="45.58939072" lon="2.77089941"><ele>947.674</ele><time>2026-09-23T12:29:12Z</time><speed>1.570</speed><sat>25</sat></trkpt>
  <trkpt lat="45.58938247" lon="2.77095662"><ele>948.376</ele><time>2026-09-23T12:29:15Z</time><speed>1.530</speed><sat>26</sat></trkpt>
  <trkpt lat="45.58936445" lon="2.77101905"><ele>948.442</ele><time>2026-09-23T12:29:18Z</time><speed>1.440</speed><sat>28</sat></trkpt>
  <trkpt lat="45.58933535" lon="2.77107961"><ele>949.603</ele><time>2026-09-23T12:29:21Z</time><speed>1.610</speed><sat>29</sat></trkpt>
  <trkpt lat="45.58929340" lon="2.77110025"><ele>950.592</ele><time>2026-09-23T12:29:24Z</time><speed>1.550</speed><sat>28</sat></trkpt>
  <trkpt lat="45.58925040" lon="2.77109360"><ele>952.653</ele><time>2026-09-23T12:29:27Z</time><speed>0.200</speed><sat>25</sat></trkpt>
  <trkpt lat="45.58925380" lon="2.77109135"><ele>953.665</ele><time>2026-09-23T12:29:30Z</time><speed>0.000</speed><sat>27</sat></trkpt>
  <trkpt lat="45.58925390" lon="2.77109129"><ele>953.683</ele><time>2026-09-23T12:29:33Z</time><speed>0.000</speed><sat>28</sat></trkpt>
  <trkpt lat="45.58925380" lon="2.77109120"><ele>953.668</ele><time>2026-09-23T12:29:36Z</time><speed>0.000</speed><sat>27</sat></trkpt>
  <trkpt lat="45.58925375" lon="2.77109112"><ele>953.649</ele><time>2026-09-23T12:29:39Z</time><speed>0.000</speed><sat>29</sat></trkpt>
  <trkpt lat="45.58925369" lon="2.77109102"><ele>953.628</ele><time>2026-09-23T12:29:42Z</time><speed>0.000</speed><sat>28</sat></trkpt>
  <trkpt lat="45.58925360" lon="2.77109085"><ele>953.629</ele><time>2026-09-23T12:29:45Z</time><speed>0.000</speed><sat>27</sat></trkpt>
  <trkpt lat="45.58925355" lon="2.77109068"><ele>953.641</ele><time>2026-09-23T12:29:48Z</time><speed>0.000</speed><sat>27</sat></trkpt>
  <trkpt lat="45.58925350" lon="2.77109059"><ele>953.661</ele><time>2026-09-23T12:29:51Z</time><speed>0.000</speed><sat>29</sat></trkpt>
  <trkpt lat="45.58925348" lon="2.77109044"><ele>953.666</ele><time>2026-09-23T12:29:54Z</time><speed>0.000</speed><sat>28</sat></trkpt>
  <trkpt lat="45.58925342" lon="2.77109028"><ele>953.677</ele><time>2026-09-23T12:29:57Z</time><speed>0.000</speed><sat>28</sat></trkpt>
  <trkpt lat="45.58925332" lon="2.77109025"><ele>953.668</ele><time>2026-09-23T12:30:00Z</time><speed>0.000</speed><sat>27</sat></trkpt>
  <trkpt lat="45.58921357" lon="2.77106665"><ele>957.276</ele><time>2026-09-23T12:30:04Z</time><speed>0.000</speed><sat>28</sat></trkpt>
  <trkpt lat="45.58930918" lon="2.77116983"><ele>904.071</ele><time>2026-09-23T12:30:07Z</time><speed>0.000</speed><sat>28</sat></trkpt>
  <trkpt lat="45.58928052" lon="2.77121824"><ele>908.670</ele><time>2026-09-23T12:30:12Z</time><speed>0.000</speed><sat>24</sat></trkpt>
  <trkpt lat="45.58926783" lon="2.77123178"><ele>908.032</ele><time>2026-09-23T12:30:15Z</time><speed>0.000</speed><sat>25</sat></trkpt>
  <trkpt lat="45.58924958" lon="2.77121903"><ele>910.863</ele><time>2026-09-23T12:30:19Z</time><speed>0.000</speed><sat>25</sat></trkpt>
  <trkpt lat="45.58922996" lon="2.77121702"><ele>935.287</ele><time>2026-09-23T12:30:22Z</time><speed>0.870</speed><sat>27</sat></trkpt>
  <trkpt lat="45.58919543" lon="2.77126476"><ele>943.835</ele><time>2026-09-23T12:30:28Z</time><speed>1.090</speed><sat>26</sat></trkpt>
  <trkpt lat="45.58918293" lon="2.77135904"><ele>945.960</ele><time>2026-09-23T12:30:34Z</time><speed>0.740</speed><sat>29</sat></trkpt>
  <trkpt lat="45.58919520" lon="2.77139757"><ele>925.820</ele><time>2026-09-23T12:30:37Z</time><speed>1.470</speed><sat>27</sat></trkpt>
  <trkpt lat="45.58914497" lon="2.77149501"><ele>934.105</ele><time>2026-09-23T12:30:42Z</time><speed>1.590</speed><sat>19</sat></trkpt>
  <trkpt lat="45.58911573" lon="2.77161593"><ele>946.240</ele><time>2026-09-23T12:30:46Z</time><speed>0.670</speed><sat>21</sat></trkpt>
  <trkpt lat="45.58907628" lon="2.77173103"><ele>935.751</ele><time>2026-09-23T12:30:51Z</time><speed>0.620</speed><sat>21</sat></trkpt>
  <trkpt lat="45.58902817" lon="2.77174985"><ele>946.803</ele><time>2026-09-23T12:30:55Z</time><speed>0.590</speed><sat>25</sat></trkpt>
  <trkpt lat="45.58907038" lon="2.77179842"><ele>921.812</ele><time>2026-09-23T12:30:58Z</time><speed>0.840</speed><sat>28</sat></trkpt>
  <trkpt lat="45.58900944" lon="2.77187359"><ele>941.071</ele><time>2026-09-23T12:31:01Z</time><speed>0.910</speed><sat>27</sat></trkpt>
  <trkpt lat="45.58898056" lon="2.77194839"><ele>942.322</ele><time>2026-09-23T12:31:04Z</time><speed>1.310</speed><sat>23</sat></trkpt>
  <trkpt lat="45.58896084" lon="2.77201670"><ele>942.313</ele><time>2026-09-23T12:31:07Z</time><speed>1.540</speed><sat>23</sat></trkpt>
  <trkpt lat="45.58895662" lon="2.77208463"><ele>943.356</ele><time>2026-09-23T12:31:10Z</time><speed>1.390</speed><sat>23</sat></trkpt>
  <trkpt lat="45.58896278" lon="2.77220175"><ele>943.862</ele><time>2026-09-23T12:31:15Z</time><speed>1.350</speed><sat>22</sat></trkpt>
  <trkpt lat="45.58895067" lon="2.77226378"><ele>944.085</ele><time>2026-09-23T12:31:18Z</time><speed>1.320</speed><sat>25</sat></trkpt>
  <trkpt lat="45.58896244" lon="2.77234641"><ele>948.001</ele><time>2026-09-23T12:31:22Z</time><speed>1.350</speed><sat>26</sat></trkpt>
  <trkpt lat="45.58898517" lon="2.77251174"><ele>956.584</ele><time>2026-09-23T12:31:28Z</time><speed>0.690</speed><sat>27</sat></trkpt>
  <trkpt lat="45.58902231" lon="2.77260976"><ele>961.048</ele><time>2026-09-23T12:31:34Z</time><speed>0.480</speed><sat>28</sat></trkpt>
  <trkpt lat="45.58910363" lon="2.77265208"><ele>922.851</ele><time>2026-09-23T12:31:39Z</time><speed>0.800</speed><sat>27</sat></trkpt>
  <trkpt lat="45.58908568" lon="2.77268950"><ele>934.895</ele><time>2026-09-23T12:31:43Z</time><speed>0.000</speed><sat>19</sat></trkpt>
  <trkpt lat="45.58906594" lon="2.77283249"><ele>951.273</ele><time>2026-09-23T12:31:46Z</time><speed>1.160</speed><sat>28</sat></trkpt>
  <trkpt lat="45.58908422" lon="2.77291948"><ele>958.296</ele><time>2026-09-23T12:31:51Z</time><speed>0.780</speed><sat>25</sat></trkpt>
  <trkpt lat="45.58908945" lon="2.77294129"><ele>960.261</ele><time>2026-09-23T12:31:54Z</time><speed>0.000</speed><sat>28</sat></trkpt>
  <trkpt lat="45.58908796" lon="2.77297199"><ele>962.478</ele><time>2026-09-23T12:31:58Z</time><speed>0.410</speed><sat>28</sat></trkpt>
  <trkpt lat="45.58911168" lon="2.77294501"><ele>956.957</ele><time>2026-09-23T12:32:04Z</time><speed>0.000</speed><sat>24</sat></trkpt>
  <trkpt lat="45.58914102" lon="2.77296364"><ele>949.871</ele><time>2026-09-23T12:32:07Z</time><speed>0.000</speed><sat>28</sat></trkpt>
  <trkpt lat="45.58911870" lon="2.77296919"><ele>957.342</ele><time>2026-09-23T12:32:10Z</time><speed>0.000</speed><sat>28</sat></trkpt>
  <trkpt lat="45.58911853" lon="2.77299578"><ele>957.548</ele><time>2026-09-23T12:32:13Z</time><speed>0.570</speed><sat>27</sat></trkpt>
  <trkpt lat="45.58912815" lon="2.77301699"><ele>957.872</ele><time>2026-09-23T12:32:16Z</time><speed>0.700</speed><sat>27</sat></trkpt>
  <trkpt lat="45.58914062" lon="2.77303055"><ele>957.688</ele><time>2026-09-23T12:32:19Z</time><speed>0.530</speed><sat>25</sat></trkpt>
  <trkpt lat="45.58915180" lon="2.77305245"><ele>959.273</ele><time>2026-09-23T12:32:22Z</time><speed>0.680</speed><sat>26</sat></trkpt>
  <trkpt lat="45.58916819" lon="2.77308082"><ele>959.698</ele><time>2026-09-23T12:32:25Z</time><speed>0.680</speed><sat>27</sat></trkpt>
  <trkpt lat="45.58917973" lon="2.77310342"><ele>961.007</ele><time>2026-09-23T12:32:28Z</time><speed>0.570</speed><sat>27</sat></trkpt>
  <trkpt lat="45.58920128" lon="2.77312135"><ele>959.959</ele><time>2026-09-23T12:32:31Z</time><speed>0.750</speed><sat>27</sat></trkpt>
  <trkpt lat="45.58922234" lon="2.77314317"><ele>960.225</ele><time>2026-09-23T12:32:34Z</time><speed>1.000</speed><sat>27</sat></trkpt>
  <trkpt lat="45.58923098" lon="2.77317712"><ele>960.446</ele><time>2026-09-23T12:32:37Z</time><speed>0.740</speed><sat>27</sat></trkpt>
  <trkpt lat="45.58923762" lon="2.77324833"><ele>961.900</ele><time>2026-09-23T12:32:40Z</time><speed>2.700</speed><sat>27</sat></trkpt>
  <trkpt lat="45.58925213" lon="2.77329010"><ele>962.150</ele><time>2026-09-23T12:32:43Z</time><speed>2.060</speed><sat>27</sat></trkpt>
  <trkpt lat="45.58926452" lon="2.77331568"><ele>961.559</ele><time>2026-09-23T12:32:46Z</time><speed>1.050</speed><sat>27</sat></trkpt>
  <trkpt lat="45.58928238" lon="2.77335193"><ele>962.510</ele><time>2026-09-23T12:32:49Z</time><speed>1.160</speed><sat>27</sat></trkpt>
  <trkpt lat="45.58930305" lon="2.77337126"><ele>962.287</ele><time>2026-09-23T12:32:52Z</time><speed>1.060</speed><sat>27</sat></trkpt>
  <trkpt lat="45.58928978" lon="2.77339900"><ele>960.860</ele><time>2026-09-23T12:32:55Z</time><speed>2.790</speed><sat>27</sat></trkpt>
  <trkpt lat="45.58928707" lon="2.77342132"><ele>960.115</ele><time>2026-09-23T12:32:58Z</time><speed>1.020</speed><sat>27</sat></trkpt>
  <trkpt lat="45.58928585" lon="2.77344728"><ele>960.009</ele><time>2026-09-23T12:33:01Z</time><speed>0.910</speed><sat>27</sat></trkpt>
  <trkpt lat="45.58926999" lon="2.77347047"><ele>959.686</ele><time>2026-09-23T12:33:04Z</time><speed>0.860</speed><sat>27</sat></trkpt>
  <trkpt lat="45.58926116" lon="2.77349116"><ele>960.152</ele><time>2026-09-23T12:33:07Z</time><speed>0.850</speed><sat>25</sat></trkpt>
  <trkpt lat="45.58924527" lon="2.77350984"><ele>958.950</ele><time>2026-09-23T12:33:10Z</time><speed>1.410</speed><sat>28</sat></trkpt>
  <trkpt lat="45.58921861" lon="2.77353197"><ele>959.735</ele><time>2026-09-23T12:33:13Z</time><speed>1.340</speed><sat>27</sat></trkpt>
  <trkpt lat="45.58920732" lon="2.77357283"><ele>959.559</ele><time>2026-09-23T12:33:16Z</time><speed>1.040</speed><sat>27</sat></trkpt>
  <trkpt lat="45.58919883" lon="2.77361686"><ele>959.557</ele><time>2026-09-23T12:33:19Z</time><speed>1.010</speed><sat>25</sat></trkpt>
  <trkpt lat="45.58918203" lon="2.77364928"><ele>959.976</ele><time>2026-09-23T12:33:22Z</time><speed>1.020</speed><sat>24</sat></trkpt>
  <trkpt lat="45.58917601" lon="2.77368479"><ele>959.018</ele><time>2026-09-23T12:33:25Z</time><speed>0.940</speed><sat>23</sat></trkpt>
  <trkpt lat="45.58915685" lon="2.77371473"><ele>958.981</ele><time>2026-09-23T12:33:28Z</time><speed>0.910</speed><sat>22</sat></trkpt>
  <trkpt lat="45.58914461" lon="2.77375179"><ele>958.393</ele><time>2026-09-23T12:33:31Z</time><speed>0.890</speed><sat>23</sat></trkpt>
  <trkpt lat="45.58913657" lon="2.77379728"><ele>958.778</ele><time>2026-09-23T12:33:34Z</time><speed>0.910</speed><sat>24</sat></trkpt>
  <trkpt lat="45.58913245" lon="2.77383748"><ele>959.776</ele><time>2026-09-23T12:33:37Z</time><speed>0.900</speed><sat>24</sat></trkpt>
  <trkpt lat="45.58913887" lon="2.77387493"><ele>960.499</ele><time>2026-09-23T12:33:40Z</time><speed>0.800</speed><sat>21</sat></trkpt>
  <trkpt lat="45.58914206" lon="2.77390790"><ele>963.735</ele><time>2026-09-23T12:33:43Z</time><speed>0.870</speed><sat>21</sat></trkpt>
  <trkpt lat="45.58915858" lon="2.77393532"><ele>964.503</ele><time>2026-09-23T12:33:46Z</time><speed>0.870</speed><sat>24</sat></trkpt>
  <trkpt lat="45.58917528" lon="2.77395452"><ele>965.145</ele><time>2026-09-23T12:33:49Z</time><speed>0.800</speed><sat>24</sat></trkpt>
  <trkpt lat="45.58919572" lon="2.77396543"><ele>965.076</ele><time>2026-09-23T12:33:52Z</time><speed>0.860</speed><sat>25</sat></trkpt>
  <trkpt lat="45.58921668" lon="2.77396571"><ele>966.467</ele><time>2026-09-23T12:33:55Z</time><speed>0.750</speed><sat>25</sat></trkpt>
  <trkpt lat="45.58923780" lon="2.77396578"><ele>967.621</ele><time>2026-09-23T12:33:58Z</time><speed>0.700</speed><sat>25</sat></trkpt>
  <trkpt lat="45.58926306" lon="2.77394733"><ele>967.464</ele><time>2026-09-23T12:34:01Z</time><speed>0.930</speed><sat>26</sat></trkpt>
  <trkpt lat="45.58929019" lon="2.77394546"><ele>968.655</ele><time>2026-09-23T12:34:04Z</time><speed>0.840</speed><sat>27</sat></trkpt>
  <trkpt lat="45.58931895" lon="2.77394825"><ele>968.999</ele><time>2026-09-23T12:34:07Z</time><speed>0.840</speed><sat>27</sat></trkpt>
  <trkpt lat="45.58934545" lon="2.77395254"><ele>968.934</ele><time>2026-09-23T12:34:10Z</time><speed>0.820</speed><sat>25</sat></trkpt>
  <trkpt lat="45.58937124" lon="2.77395813"><ele>969.737</ele><time>2026-09-23T12:34:13Z</time><speed>0.810</speed><sat>25</sat></trkpt>
  <trkpt lat="45.58940127" lon="2.77396459"><ele>969.457</ele><time>2026-09-23T12:34:16Z</time><speed>0.800</speed><sat>25</sat></trkpt>
  <trkpt lat="45.58943003" lon="2.77397470"><ele>970.299</ele><time>2026-09-23T12:34:19Z</time><speed>0.800</speed><sat>26</sat></trkpt>
  <trkpt lat="45.58945731" lon="2.77398232"><ele>970.775</ele><time>2026-09-23T12:34:22Z</time><speed>0.780</speed><sat>27</sat></trkpt>
  <trkpt lat="45.58947944" lon="2.77399989"><ele>971.406</ele><time>2026-09-23T12:34:25Z</time><speed>0.760</speed><sat>25</sat></trkpt>
  <trkpt lat="45.58950116" lon="2.77401120"><ele>972.449</ele><time>2026-09-23T12:34:28Z</time><speed>0.740</speed><sat>27</sat></trkpt>
  <trkpt lat="45.58952168" lon="2.77402853"><ele>971.701</ele><time>2026-09-23T12:34:31Z</time><speed>0.730</speed><sat>27</sat></trkpt>
  <trkpt lat="45.58954120" lon="2.77404547"><ele>972.349</ele><time>2026-09-23T12:34:34Z</time><speed>0.740</speed><sat>26</sat></trkpt>
  <trkpt lat="45.58956465" lon="2.77406231"><ele>972.177</ele><time>2026-09-23T12:34:37Z</time><speed>0.740</speed><sat>26</sat></trkpt>
  <trkpt lat="45.58958573" lon="2.77409305"><ele>971.659</ele><time>2026-09-23T12:34:40Z</time><speed>0.790</speed><sat>27</sat></trkpt>
  <trkpt lat="45.58961044" lon="2.77412992"><ele>970.814</ele><time>2026-09-23T12:34:43Z</time><speed>0.940</speed><sat>27</sat></trkpt>
  <trkpt lat="45.58963510" lon="2.77416807"><ele>970.332</ele><time>2026-09-23T12:34:46Z</time><speed>0.860</speed><sat>27</sat></trkpt>
  <trkpt lat="45.58965940" lon="2.77419783"><ele>971.118</ele><time>2026-09-23T12:34:49Z</time><speed>0.810</speed><sat>27</sat></trkpt>
  <trkpt lat="45.58968239" lon="2.77422090"><ele>972.076</ele><time>2026-09-23T12:34:52Z</time><speed>0.830</speed><sat>27</sat></trkpt>
  <trkpt lat="45.58970660" lon="2.77424982"><ele>973.124</ele><time>2026-09-23T12:34:55Z</time><speed>0.800</speed><sat>26</sat></trkpt>
  <trkpt lat="45.58972975" lon="2.77427667"><ele>972.679</ele><time>2026-09-23T12:34:58Z</time><speed>0.790</speed><sat>27</sat></trkpt>
  <trkpt lat="45.58974377" lon="2.77431436"><ele>972.142</ele><time>2026-09-23T12:35:01Z</time><speed>0.780</speed><sat>27</sat></trkpt>
  <trkpt lat="45.58976428" lon="2.77434517"><ele>970.945</ele><time>2026-09-23T12:35:04Z</time><speed>0.790</speed><sat>27</sat></trkpt>
  <trkpt lat="45.58977973" lon="2.77437601"><ele>970.769</ele><time>2026-09-23T12:35:07Z</time><speed>0.750</speed><sat>27</sat></trkpt>
  <trkpt lat="45.58980027" lon="2.77439806"><ele>970.644</ele><time>2026-09-23T12:35:10Z</time><speed>0.780</speed><sat>27</sat></trkpt>
  <trkpt lat="45.58981111" lon="2.77442721"><ele>971.605</ele><time>2026-09-23T12:35:13Z</time><speed>0.730</speed><sat>28</sat></trkpt>
  <trkpt lat="45.58982049" lon="2.77446329"><ele>972.602</ele><time>2026-09-23T12:35:16Z</time><speed>0.810</speed><sat>27</sat></trkpt>
  <trkpt lat="45.58983780" lon="2.77449810"><ele>974.252</ele><time>2026-09-23T12:35:19Z</time><speed>0.760</speed><sat>27</sat></trkpt>
  <trkpt lat="45.58984834" lon="2.77453520"><ele>974.212</ele><time>2026-09-23T12:35:22Z</time><speed>0.780</speed><sat>27</sat></trkpt>
  <trkpt lat="45.58986188" lon="2.77456283"><ele>973.427</ele><time>2026-09-23T12:35:25Z</time><speed>0.800</speed><sat>28</sat></trkpt>
  <trkpt lat="45.58986942" lon="2.77460304"><ele>975.074</ele><time>2026-09-23T12:35:28Z</time><speed>0.820</speed><sat>28</sat></trkpt>
  <trkpt lat="45.58987470" lon="2.77464063"><ele>974.184</ele><time>2026-09-23T12:35:31Z</time><speed>0.770</speed><sat>28</sat></trkpt>
  <trkpt lat="45.58988264" lon="2.77467494"><ele>974.336</ele><time>2026-09-23T12:35:34Z</time><speed>0.750</speed><sat>28</sat></trkpt>
  <trkpt lat="45.58988652" lon="2.77470657"><ele>975.160</ele><time>2026-09-23T12:35:37Z</time><speed>0.770</speed><sat>28</sat></trkpt>
  <trkpt lat="45.58988783" lon="2.77473896"><ele>975.434</ele><time>2026-09-23T12:35:40Z</time><speed>0.740</speed><sat>27</sat></trkpt>
  <trkpt lat="45.58989322" lon="2.77477306"><ele>975.887</ele><time>2026-09-23T12:35:43Z</time><speed>0.740</speed><sat>27</sat></trkpt>
  <trkpt lat="45.58989091" lon="2.77480678"><ele>976.251</ele><time>2026-09-23T12:35:46Z</time><speed>0.730</speed><sat>27</sat></trkpt>
  <trkpt lat="45.58989161" lon="2.77484041"><ele>976.329</ele><time>2026-09-23T12:35:49Z</time><speed>0.720</speed><sat>27</sat></trkpt>
  <trkpt lat="45.58988869" lon="2.77487207"><ele>976.380</ele><time>2026-09-23T12:35:52Z</time><speed>0.710</speed><sat>27</sat></trkpt>
  <trkpt lat="45.58988501" lon="2.77490264"><ele>978.265</ele><time>2026-09-23T12:35:55Z</time><speed>0.710</speed><sat>27</sat></trkpt>
  <trkpt lat="45.58987905" lon="2.77493936"><ele>979.761</ele><time>2026-09-23T12:35:58Z</time><speed>0.810</speed><sat>27</sat></trkpt>
  <trkpt lat="45.58987855" lon="2.77497734"><ele>979.391</ele><time>2026-09-23T12:36:01Z</time><speed>0.790</speed><sat>26</sat></trkpt>
  <trkpt lat="45.58987868" lon="2.77501381"><ele>979.868</ele><time>2026-09-23T12:36:04Z</time><speed>0.820</speed><sat>28</sat></trkpt>
  <trkpt lat="45.58988675" lon="2.77504687"><ele>979.079</ele><time>2026-09-23T12:36:07Z</time><speed>0.780</speed><sat>28</sat></trkpt>
  <trkpt lat="45.58988354" lon="2.77508187"><ele>979.676</ele><time>2026-09-23T12:36:10Z</time><speed>0.850</speed><sat>25</sat></trkpt>
  <trkpt lat="45.58989025" lon="2.77511413"><ele>979.545</ele><time>2026-09-23T12:36:13Z</time><speed>0.810</speed><sat>25</sat></trkpt>
  <trkpt lat="45.58988754" lon="2.77515186"><ele>979.482</ele><time>2026-09-23T12:36:16Z</time><speed>0.780</speed><sat>27</sat></trkpt>
  <trkpt lat="45.58988797" lon="2.77518913"><ele>979.762</ele><time>2026-09-23T12:36:19Z</time><speed>0.850</speed><sat>26</sat></trkpt>
  <trkpt lat="45.58988932" lon="2.77522515"><ele>980.149</ele><time>2026-09-23T12:36:22Z</time><speed>0.850</speed><sat>25</sat></trkpt>
  <trkpt lat="45.58988193" lon="2.77526232"><ele>980.166</ele><time>2026-09-23T12:36:25Z</time><speed>0.860</speed><sat>25</sat></trkpt>
  <trkpt lat="45.58987739" lon="2.77530286"><ele>979.639</ele><time>2026-09-23T12:36:28Z</time><speed>0.700</speed><sat>25</sat></trkpt>
  <trkpt lat="45.58987350" lon="2.77534297"><ele>979.544</ele><time>2026-09-23T12:36:31Z</time><speed>0.920</speed><sat>27</sat></trkpt>
  <trkpt lat="45.58987749" lon="2.77539110"><ele>980.232</ele><time>2026-09-23T12:36:34Z</time><speed>0.930</speed><sat>27</sat></trkpt>
  <trkpt lat="45.58987787" lon="2.77543760"><ele>980.797</ele><time>2026-09-23T12:36:37Z</time><speed>1.020</speed><sat>27</sat></trkpt>
  <trkpt lat="45.58988335" lon="2.77548065"><ele>980.293</ele><time>2026-09-23T12:36:40Z</time><speed>1.030</speed><sat>27</sat></trkpt>
  <trkpt lat="45.58988848" lon="2.77552790"><ele>981.260</ele><time>2026-09-23T12:36:43Z</time><speed>1.040</speed><sat>22</sat></trkpt>
  <trkpt lat="45.58989835" lon="2.77557011"><ele>983.063</ele><time>2026-09-23T12:36:46Z</time><speed>1.020</speed><sat>26</sat></trkpt>
  <trkpt lat="45.58989914" lon="2.77562021"><ele>983.991</ele><time>2026-09-23T12:36:49Z</time><speed>1.010</speed><sat>26</sat></trkpt>
  <trkpt lat="45.58990900" lon="2.77566224"><ele>982.693</ele><time>2026-09-23T12:36:52Z</time><speed>1.080</speed><sat>27</sat></trkpt>
  <trkpt lat="45.58990989" lon="2.77570264"><ele>983.290</ele><time>2026-09-23T12:36:55Z</time><speed>1.090</speed><sat>25</sat></trkpt>
  <trkpt lat="45.58990373" lon="2.77574841"><ele>983.871</ele><time>2026-09-23T12:36:58Z</time><speed>0.920</speed><sat>27</sat></trkpt>
  <trkpt lat="45.58988936" lon="2.77578426"><ele>985.369</ele><time>2026-09-23T12:37:01Z</time><speed>0.380</speed><sat>26</sat></trkpt>
  <trkpt lat="45.58986015" lon="2.77581455"><ele>984.950</ele><time>2026-09-23T12:37:04Z</time><speed>1.010</speed><sat>27</sat></trkpt>
  <trkpt lat="45.58984071" lon="2.77581538"><ele>985.719</ele><time>2026-09-23T12:37:07Z</time><speed>0.830</speed><sat>27</sat></trkpt>
  <trkpt lat="45.58982438" lon="2.77581413"><ele>985.574</ele><time>2026-09-23T12:37:10Z</time><speed>0.870</speed><sat>27</sat></trkpt>
  <trkpt lat="45.58982432" lon="2.77581350"><ele>985.565</ele><time>2026-09-23T12:37:13Z</time><speed>0.000</speed><sat>27</sat></trkpt>
  <trkpt lat="45.58982356" lon="2.77581719"><ele>985.739</ele><time>2026-09-23T12:37:16Z</time><speed>0.000</speed><sat>27</sat></trkpt>
  <trkpt lat="45.58982367" lon="2.77581694"><ele>985.807</ele><time>2026-09-23T12:37:19Z</time><speed>0.000</speed><sat>27</sat></trkpt>
  <trkpt lat="45.58982380" lon="2.77581394"><ele>986.054</ele><time>2026-09-23T12:37:22Z</time><speed>0.290</speed><sat>27</sat></trkpt>
  <trkpt lat="45.58982633" lon="2.77581045"><ele>985.760</ele><time>2026-09-23T12:37:25Z</time><speed>0.000</speed><sat>27</sat></trkpt>
  <trkpt lat="45.58982411" lon="2.77580872"><ele>985.680</ele><time>2026-09-23T12:37:28Z</time><speed>0.000</speed><sat>27</sat></trkpt>
  <trkpt lat="45.58982434" lon="2.77580789"><ele>985.606</ele><time>2026-09-23T12:37:31Z</time><speed>0.000</speed><sat>25</sat></trkpt>
  <trkpt lat="45.58982373" lon="2.77580162"><ele>985.512</ele><time>2026-09-23T12:37:34Z</time><speed>0.000</speed><sat>27</sat></trkpt>
  <trkpt lat="45.58982298" lon="2.77579882"><ele>985.698</ele><time>2026-09-23T12:37:37Z</time><speed>0.220</speed><sat>27</sat></trkpt>
  <trkpt lat="45.58982178" lon="2.77580017"><ele>985.736</ele><time>2026-09-23T12:37:40Z</time><speed>0.000</speed><sat>26</sat></trkpt>
  <trkpt lat="45.58982190" lon="2.77580146"><ele>985.842</ele><time>2026-09-23T12:37:43Z</time><speed>0.000</speed><sat>27</sat></trkpt>
  <trkpt lat="45.58982223" lon="2.77580238"><ele>985.833</ele><time>2026-09-23T12:37:46Z</time><speed>0.000</speed><sat>24</sat></trkpt>
  <trkpt lat="45.58982284" lon="2.77580339"><ele>985.813</ele><time>2026-09-23T12:37:49Z</time><speed>0.000</speed><sat>25</sat></trkpt>
  <trkpt lat="45.58982252" lon="2.77580392"><ele>985.796</ele><time>2026-09-23T12:37:52Z</time><speed>0.000</speed><sat>26</sat></trkpt>
  <trkpt lat="45.58982203" lon="2.77580390"><ele>985.840</ele><time>2026-09-23T12:37:55Z</time><speed>0.000</speed><sat>26</sat></trkpt>
  <trkpt lat="45.58982194" lon="2.77580275"><ele>985.973</ele><time>2026-09-23T12:37:58Z</time><speed>0.270</speed><sat>27</sat></trkpt>
  <trkpt lat="45.58982354" lon="2.77580329"><ele>985.927</ele><time>2026-09-23T12:38:01Z</time><speed>0.000</speed><sat>27</sat></trkpt>
  <trkpt lat="45.58982380" lon="2.77580294"><ele>985.892</ele><time>2026-09-23T12:38:04Z</time><speed>0.000</speed><sat>27</sat></trkpt>
  <trkpt lat="45.58981926" lon="2.77580361"><ele>985.972</ele><time>2026-09-23T12:38:07Z</time><speed>0.000</speed><sat>27</sat></trkpt>
  <trkpt lat="45.58981904" lon="2.77580397"><ele>985.941</ele><time>2026-09-23T12:38:10Z</time><speed>0.000</speed><sat>27</sat></trkpt>
  <trkpt lat="45.58981854" lon="2.77580330"><ele>985.966</ele><time>2026-09-23T12:38:13Z</time><speed>0.000</speed><sat>26</sat></trkpt>
  <trkpt lat="45.58981835" lon="2.77580330"><ele>985.993</ele><time>2026-09-23T12:38:16Z</time><speed>0.000</speed><sat>27</sat></trkpt>
  <trkpt lat="45.58981819" lon="2.77580310"><ele>986.026</ele><time>2026-09-23T12:38:19Z</time><speed>0.000</speed><sat>26</sat></trkpt>
  <trkpt lat="45.58981828" lon="2.77580190"><ele>986.074</ele><time>2026-09-23T12:38:22Z</time><speed>0.000</speed><sat>27</sat></trkpt>
  <trkpt lat="45.58981818" lon="2.77580042"><ele>986.153</ele><time>2026-09-23T12:38:25Z</time><speed>0.000</speed><sat>27</sat></trkpt>
  <trkpt lat="45.58981793" lon="2.77579954"><ele>986.180</ele><time>2026-09-23T12:38:28Z</time><speed>0.000</speed><sat>27</sat></trkpt>
  <trkpt lat="45.58981796" lon="2.77579917"><ele>986.143</ele><time>2026-09-23T12:38:31Z</time><speed>0.000</speed><sat>26</sat></trkpt>
  <trkpt lat="45.58981807" lon="2.77579885"><ele>986.155</ele><time>2026-09-23T12:38:34Z</time><speed>0.000</speed><sat>27</sat></trkpt>
  <trkpt lat="45.58981752" lon="2.77579937"><ele>986.099</ele><time>2026-09-23T12:38:37Z</time><speed>0.000</speed><sat>27</sat></trkpt>
  <trkpt lat="45.58981711" lon="2.77579988"><ele>986.074</ele><time>2026-09-23T12:38:40Z</time><speed>0.000</speed><sat>27</sat></trkpt>
  <trkpt lat="45.58981673" lon="2.77579993"><ele>986.093</ele><time>2026-09-23T12:38:43Z</time><speed>0.000</speed><sat>27</sat></trkpt>
  <trkpt lat="45.58981676" lon="2.77579778"><ele>986.250</ele><time>2026-09-23T12:38:46Z</time><speed>0.290</speed><sat>27</sat></trkpt>
  <trkpt lat="45.58982141" lon="2.77579262"><ele>986.622</ele><time>2026-09-23T12:38:49Z</time><speed>0.450</speed><sat>27</sat></trkpt>
  <trkpt lat="45.58981812" lon="2.77579277"><ele>986.741</ele><time>2026-09-23T12:38:52Z</time><speed>0.000</speed><sat>27</sat></trkpt>
  <trkpt lat="45.58981753" lon="2.77579361"><ele>986.709</ele><time>2026-09-23T12:38:55Z</time><speed>0.000</speed><sat>27</sat></trkpt>
  <trkpt lat="45.58981852" lon="2.77579458"><ele>986.734</ele><time>2026-09-23T12:38:59Z</time><speed>0.000</speed><sat>27</sat></trkpt>
  <trkpt lat="45.58981912" lon="2.77579471"><ele>986.755</ele><time>2026-09-23T12:39:02Z</time><speed>0.000</speed><sat>26</sat></trkpt>
  <trkpt lat="45.58981966" lon="2.77579525"><ele>986.749</ele><time>2026-09-23T12:39:05Z</time><speed>0.000</speed><sat>26</sat></trkpt>
  <trkpt lat="45.58981993" lon="2.77579583"><ele>986.689</ele><time>2026-09-23T12:39:08Z</time><speed>0.000</speed><sat>27</sat></trkpt>
  <trkpt lat="45.58982007" lon="2.77579626"><ele>986.646</ele><time>2026-09-23T12:39:11Z</time><speed>0.000</speed><sat>26</sat></trkpt>
  <trkpt lat="45.58982006" lon="2.77579711"><ele>986.591</ele><time>2026-09-23T12:39:14Z</time><speed>0.000</speed><sat>25</sat></trkpt>
  <trkpt lat="45.58981967" lon="2.77579705"><ele>986.605</ele><time>2026-09-23T12:39:17Z</time><speed>0.000</speed><sat>25</sat></trkpt>
  <trkpt lat="45.58981932" lon="2.77579701"><ele>986.623</ele><time>2026-09-23T12:39:20Z</time><speed>0.000</speed><sat>26</sat></trkpt>
  <trkpt lat="45.58981959" lon="2.77579683"><ele>986.666</ele><time>2026-09-23T12:39:23Z</time><speed>0.000</speed><sat>25</sat></trkpt>
  <trkpt lat="45.58982236" lon="2.77578844"><ele>987.279</ele><time>2026-09-23T12:39:26Z</time><speed>0.480</speed><sat>25</sat></trkpt>
  <trkpt lat="45.58982385" lon="2.77578126"><ele>987.563</ele><time>2026-09-23T12:39:29Z</time><speed>0.000</speed><sat>25</sat></trkpt>
  <trkpt lat="45.58981864" lon="2.77577712"><ele>987.947</ele><time>2026-09-23T12:39:32Z</time><speed>0.440</speed><sat>27</sat></trkpt>
  <trkpt lat="45.58981831" lon="2.77577820"><ele>987.996</ele><time>2026-09-23T12:39:35Z</time><speed>0.000</speed><sat>27</sat></trkpt>
  <trkpt lat="45.58981681" lon="2.77577533"><ele>988.115</ele><time>2026-09-23T12:39:38Z</time><speed>0.340</speed><sat>27</sat></trkpt>
  <trkpt lat="45.58980570" lon="2.77575082"><ele>988.709</ele><time>2026-09-23T12:39:41Z</time><speed>0.920</speed><sat>27</sat></trkpt>
  <trkpt lat="45.58980261" lon="2.77572002"><ele>989.129</ele><time>2026-09-23T12:39:44Z</time><speed>0.690</speed><sat>27</sat></trkpt>
  <trkpt lat="45.58978591" lon="2.77568967"><ele>988.551</ele><time>2026-09-23T12:39:47Z</time><speed>1.470</speed><sat>27</sat></trkpt>
  <trkpt lat="45.58977403" lon="2.77565692"><ele>989.724</ele><time>2026-09-23T12:39:50Z</time><speed>0.760</speed><sat>26</sat></trkpt>
  <trkpt lat="45.58976739" lon="2.77564859"><ele>989.821</ele><time>2026-09-23T12:39:53Z</time><speed>0.000</speed><sat>26</sat></trkpt>
  <trkpt lat="45.58976561" lon="2.77564706"><ele>989.876</ele><time>2026-09-23T12:39:56Z</time><speed>0.000</speed><sat>25</sat></trkpt>
  <trkpt lat="45.58976530" lon="2.77564703"><ele>989.875</ele><time>2026-09-23T12:39:59Z</time><speed>0.000</speed><sat>26</sat></trkpt>
  <trkpt lat="45.58976381" lon="2.77565899"><ele>989.466</ele><time>2026-09-23T12:40:02Z</time><speed>0.000</speed><sat>26</sat></trkpt>
  <trkpt lat="45.58976603" lon="2.77565063"><ele>989.503</ele><time>2026-09-23T12:40:05Z</time><speed>1.030</speed><sat>26</sat></trkpt>
  <trkpt lat="45.58974903" lon="2.77561355"><ele>990.284</ele><time>2026-09-23T12:40:08Z</time><speed>1.320</speed><sat>27</sat></trkpt>
  <trkpt lat="45.58972300" lon="2.77558610"><ele>990.458</ele><time>2026-09-23T12:40:11Z</time><speed>0.620</speed><sat>26</sat></trkpt>
  <trkpt lat="45.58970161" lon="2.77557035"><ele>990.551</ele><time>2026-09-23T12:40:14Z</time><speed>1.150</speed><sat>25</sat></trkpt>
  <trkpt lat="45.58968616" lon="2.77555000"><ele>991.029</ele><time>2026-09-23T12:40:17Z</time><speed>0.670</speed><sat>25</sat></trkpt>
  <trkpt lat="45.58967651" lon="2.77553056"><ele>991.696</ele><time>2026-09-23T12:40:20Z</time><speed>0.000</speed><sat>23</sat></trkpt>
  <trkpt lat="45.58965648" lon="2.77551570"><ele>992.026</ele><time>2026-09-23T12:40:23Z</time><speed>0.720</speed><sat>26</sat></trkpt>
  <trkpt lat="45.58963113" lon="2.77552470"><ele>992.159</ele><time>2026-09-23T12:40:26Z</time><speed>0.930</speed><sat>26</sat></trkpt>
  <trkpt lat="45.58959983" lon="2.77550628"><ele>992.511</ele><time>2026-09-23T12:40:29Z</time><speed>1.190</speed><sat>26</sat></trkpt>
  <trkpt lat="45.58958096" lon="2.77549447"><ele>992.555</ele><time>2026-09-23T12:40:32Z</time><speed>0.920</speed><sat>27</sat></trkpt>
  <trkpt lat="45.58956610" lon="2.77548729"><ele>992.855</ele><time>2026-09-23T12:40:35Z</time><speed>0.800</speed><sat>27</sat></trkpt>
  <trkpt lat="45.58954806" lon="2.77548668"><ele>993.166</ele><time>2026-09-23T12:40:38Z</time><speed>0.830</speed><sat>27</sat></trkpt>
  <trkpt lat="45.58952352" lon="2.77547250"><ele>994.040</ele><time>2026-09-23T12:40:41Z</time><speed>0.870</speed><sat>26</sat></trkpt>
  <trkpt lat="45.58949823" lon="2.77546614"><ele>993.947</ele><time>2026-09-23T12:40:44Z</time><speed>0.790</speed><sat>27</sat></trkpt>
  <trkpt lat="45.58947339" lon="2.77545946"><ele>994.462</ele><time>2026-09-23T12:40:47Z</time><speed>0.820</speed><sat>27</sat></trkpt>
  <trkpt lat="45.58944515" lon="2.77545750"><ele>995.283</ele><time>2026-09-23T12:40:50Z</time><speed>0.920</speed><sat>26</sat></trkpt>
  <trkpt lat="45.58941833" lon="2.77546181"><ele>995.986</ele><time>2026-09-23T12:40:53Z</time><speed>0.900</speed><sat>26</sat></trkpt>
  <trkpt lat="45.58939556" lon="2.77547646"><ele>997.275</ele><time>2026-09-23T12:40:56Z</time><speed>0.820</speed><sat>27</sat></trkpt>
  <trkpt lat="45.58937941" lon="2.77550996"><ele>997.008</ele><time>2026-09-23T12:40:59Z</time><speed>0.880</speed><sat>26</sat></trkpt>
  <trkpt lat="45.58937569" lon="2.77554752"><ele>996.867</ele><time>2026-09-23T12:41:02Z</time><speed>0.860</speed><sat>24</sat></trkpt>
  <trkpt lat="45.58937366" lon="2.77559011"><ele>994.969</ele><time>2026-09-23T12:41:05Z</time><speed>1.020</speed><sat>26</sat></trkpt>
  <trkpt lat="45.58936682" lon="2.77562904"><ele>994.784</ele><time>2026-09-23T12:41:08Z</time><speed>0.900</speed><sat>27</sat></trkpt>
  <trkpt lat="45.58937006" lon="2.77568383"><ele>994.309</ele><time>2026-09-23T12:41:11Z</time><speed>1.500</speed><sat>27</sat></trkpt>
  <trkpt lat="45.58935909" lon="2.77573734"><ele>994.812</ele><time>2026-09-23T12:41:14Z</time><speed>1.220</speed><sat>27</sat></trkpt>
  <trkpt lat="45.58934187" lon="2.77577761"><ele>994.133</ele><time>2026-09-23T12:41:17Z</time><speed>1.200</speed><sat>27</sat></trkpt>
  <trkpt lat="45.58932035" lon="2.77580735"><ele>994.232</ele><time>2026-09-23T12:41:20Z</time><speed>0.930</speed><sat>27</sat></trkpt>
  <trkpt lat="45.58929614" lon="2.77583133"><ele>993.897</ele><time>2026-09-23T12:41:23Z</time><speed>0.880</speed><sat>27</sat></trkpt>
  <trkpt lat="45.58927114" lon="2.77583990"><ele>993.879</ele><time>2026-09-23T12:41:26Z</time><speed>0.930</speed><sat>28</sat></trkpt>
  <trkpt lat="45.58924568" lon="2.77585216"><ele>993.767</ele><time>2026-09-23T12:41:29Z</time><speed>1.000</speed><sat>28</sat></trkpt>
  <trkpt lat="45.58922162" lon="2.77587044"><ele>994.239</ele><time>2026-09-23T12:41:32Z</time><speed>1.120</speed><sat>26</sat></trkpt>
  <trkpt lat="45.58920373" lon="2.77589841"><ele>994.207</ele><time>2026-09-23T12:41:35Z</time><speed>0.960</speed><sat>27</sat></trkpt>
  <trkpt lat="45.58917640" lon="2.77589632"><ele>994.307</ele><time>2026-09-23T12:41:38Z</time><speed>0.970</speed><sat>24</sat></trkpt>
  <trkpt lat="45.58914886" lon="2.77589817"><ele>994.224</ele><time>2026-09-23T12:41:41Z</time><speed>1.020</speed><sat>23</sat></trkpt>
  <trkpt lat="45.58912261" lon="2.77590286"><ele>994.191</ele><time>2026-09-23T12:41:44Z</time><speed>0.950</speed><sat>22</sat></trkpt>
  <trkpt lat="45.58909279" lon="2.77590928"><ele>993.997</ele><time>2026-09-23T12:41:47Z</time><speed>1.170</speed><sat>21</sat></trkpt>
  <trkpt lat="45.58906426" lon="2.77592507"><ele>993.201</ele><time>2026-09-23T12:41:50Z</time><speed>1.110</speed><sat>19</sat></trkpt>
  <trkpt lat="45.58904092" lon="2.77595011"><ele>993.705</ele><time>2026-09-23T12:41:53Z</time><speed>1.130</speed><sat>21</sat></trkpt>
  <trkpt lat="45.58902185" lon="2.77598134"><ele>993.145</ele><time>2026-09-23T12:41:56Z</time><speed>1.010</speed><sat>21</sat></trkpt>
  <trkpt lat="45.58900798" lon="2.77599116"><ele>991.898</ele><time>2026-09-23T12:41:59Z</time><speed>0.000</speed><sat>23</sat></trkpt>
  <trkpt lat="45.58899704" lon="2.77601533"><ele>991.712</ele><time>2026-09-23T12:42:02Z</time><speed>0.770</speed><sat>23</sat></trkpt>
  <trkpt lat="45.58901010" lon="2.77605527"><ele>990.911</ele><time>2026-09-23T12:42:05Z</time><speed>0.940</speed><sat>23</sat></trkpt>
  <trkpt lat="45.58899962" lon="2.77609474"><ele>990.731</ele><time>2026-09-23T12:42:08Z</time><speed>1.310</speed><sat>23</sat></trkpt>
  <trkpt lat="45.58900012" lon="2.77613168"><ele>990.231</ele><time>2026-09-23T12:42:11Z</time><speed>1.120</speed><sat>23</sat></trkpt>
  <trkpt lat="45.58900440" lon="2.77616544"><ele>989.378</ele><time>2026-09-23T12:42:14Z</time><speed>0.900</speed><sat>23</sat></trkpt>
  <trkpt lat="45.58899732" lon="2.77620224"><ele>989.030</ele><time>2026-09-23T12:42:17Z</time><speed>1.010</speed><sat>23</sat></trkpt>
  <trkpt lat="45.58899502" lon="2.77624198"><ele>988.513</ele><time>2026-09-23T12:42:20Z</time><speed>1.030</speed><sat>23</sat></trkpt>
  <trkpt lat="45.58898909" lon="2.77627448"><ele>988.547</ele><time>2026-09-23T12:42:23Z</time><speed>0.980</speed><sat>23</sat></trkpt>
  <trkpt lat="45.58899183" lon="2.77630881"><ele>988.258</ele><time>2026-09-23T12:42:26Z</time><speed>1.030</speed><sat>23</sat></trkpt>
  <trkpt lat="45.58898963" lon="2.77634068"><ele>988.096</ele><time>2026-09-23T12:42:29Z</time><speed>0.900</speed><sat>24</sat></trkpt>
  <trkpt lat="45.58898354" lon="2.77637010"><ele>987.548</ele><time>2026-09-23T12:42:32Z</time><speed>1.000</speed><sat>23</sat></trkpt>
  <trkpt lat="45.58897692" lon="2.77640930"><ele>986.616</ele><time>2026-09-23T12:42:35Z</time><speed>1.140</speed><sat>24</sat></trkpt>
  <trkpt lat="45.58897306" lon="2.77644419"><ele>985.959</ele><time>2026-09-23T12:42:38Z</time><speed>0.950</speed><sat>23</sat></trkpt>
  <trkpt lat="45.58897071" lon="2.77648206"><ele>985.098</ele><time>2026-09-23T12:42:41Z</time><speed>1.020</speed><sat>23</sat></trkpt>
  <trkpt lat="45.58896807" lon="2.77651908"><ele>985.048</ele><time>2026-09-23T12:42:44Z</time><speed>1.020</speed><sat>24</sat></trkpt>
  <trkpt lat="45.58896198" lon="2.77655970"><ele>983.945</ele><time>2026-09-23T12:42:47Z</time><speed>1.010</speed><sat>23</sat></trkpt>
  <trkpt lat="45.58896293" lon="2.77659576"><ele>983.321</ele><time>2026-09-23T12:42:50Z</time><speed>1.060</speed><sat>22</sat></trkpt>
  <trkpt lat="45.58896000" lon="2.77663319"><ele>983.177</ele><time>2026-09-23T12:42:53Z</time><speed>0.910</speed><sat>21</sat></trkpt>
  <trkpt lat="45.58895293" lon="2.77667278"><ele>983.486</ele><time>2026-09-23T12:42:56Z</time><speed>0.980</speed><sat>21</sat></trkpt>
  <trkpt lat="45.58894781" lon="2.77671145"><ele>983.328</ele><time>2026-09-23T12:42:59Z</time><speed>1.270</speed><sat>21</sat></trkpt>
  <trkpt lat="45.58893969" lon="2.77676171"><ele>983.500</ele><time>2026-09-23T12:43:02Z</time><speed>1.490</speed><sat>21</sat></trkpt>
  <trkpt lat="45.58893402" lon="2.77680241"><ele>982.235</ele><time>2026-09-23T12:43:05Z</time><speed>0.910</speed><sat>21</sat></trkpt>
  <trkpt lat="45.58893160" lon="2.77682768"><ele>981.974</ele><time>2026-09-23T12:43:08Z</time><speed>1.040</speed><sat>22</sat></trkpt>
  <trkpt lat="45.58892236" lon="2.77685867"><ele>981.568</ele><time>2026-09-23T12:43:11Z</time><speed>0.980</speed><sat>19</sat></trkpt>
  <trkpt lat="45.58891774" lon="2.77689548"><ele>981.404</ele><time>2026-09-23T12:43:14Z</time><speed>1.070</speed><sat>18</sat></trkpt>
  <trkpt lat="45.58891014" lon="2.77693486"><ele>980.533</ele><time>2026-09-23T12:43:17Z</time><speed>1.190</speed><sat>18</sat></trkpt>
  <trkpt lat="45.58889733" lon="2.77697440"><ele>979.753</ele><time>2026-09-23T12:43:20Z</time><speed>1.130</speed><sat>19</sat></trkpt>
  <trkpt lat="45.58887694" lon="2.77700372"><ele>978.842</ele><time>2026-09-23T12:43:23Z</time><speed>1.020</speed><sat>19</sat></trkpt>
  <trkpt lat="45.58885282" lon="2.77701850"><ele>978.810</ele><time>2026-09-23T12:43:26Z</time><speed>1.010</speed><sat>18</sat></trkpt>
  <trkpt lat="45.58882926" lon="2.77703479"><ele>979.047</ele><time>2026-09-23T12:43:29Z</time><speed>1.040</speed><sat>20</sat></trkpt>
  <trkpt lat="45.58880275" lon="2.77705075"><ele>978.538</ele><time>2026-09-23T12:43:32Z</time><speed>1.040</speed><sat>20</sat></trkpt>
  <trkpt lat="45.58877333" lon="2.77705957"><ele>978.855</ele><time>2026-09-23T12:43:35Z</time><speed>1.050</speed><sat>20</sat></trkpt>
  <trkpt lat="45.58874467" lon="2.77708640"><ele>976.812</ele><time>2026-09-23T12:43:38Z</time><speed>1.160</speed><sat>20</sat></trkpt>
  <trkpt lat="45.58871893" lon="2.77710140"><ele>976.768</ele><time>2026-09-23T12:43:41Z</time><speed>1.050</speed><sat>20</sat></trkpt>
  <trkpt lat="45.58868968" lon="2.77711532"><ele>977.076</ele><time>2026-09-23T12:43:44Z</time><speed>1.080</speed><sat>21</sat></trkpt>
  <trkpt lat="45.58865919" lon="2.77714106"><ele>975.041</ele><time>2026-09-23T12:43:47Z</time><speed>1.600</speed><sat>22</sat></trkpt>
  <trkpt lat="45.58862905" lon="2.77715688"><ele>975.045</ele><time>2026-09-23T12:43:50Z</time><speed>1.050</speed><sat>22</sat></trkpt>
  <trkpt lat="45.58859761" lon="2.77717016"><ele>976.457</ele><time>2026-09-23T12:43:53Z</time><speed>1.150</speed><sat>21</sat></trkpt>
  <trkpt lat="45.58856951" lon="2.77718813"><ele>975.918</ele><time>2026-09-23T12:43:56Z</time><speed>1.040</speed><sat>22</sat></trkpt>
  <trkpt lat="45.58853825" lon="2.77720081"><ele>975.312</ele><time>2026-09-23T12:43:59Z</time><speed>1.150</speed><sat>21</sat></trkpt>
  <trkpt lat="45.58850815" lon="2.77721500"><ele>975.285</ele><time>2026-09-23T12:44:02Z</time><speed>1.030</speed><sat>22</sat></trkpt>
  <trkpt lat="45.58847767" lon="2.77723454"><ele>974.740</ele><time>2026-09-23T12:44:05Z</time><speed>1.010</speed><sat>23</sat></trkpt>
  <trkpt lat="45.58844994" lon="2.77725311"><ele>974.205</ele><time>2026-09-23T12:44:08Z</time><speed>1.000</speed><sat>24</sat></trkpt>
  <trkpt lat="45.58842170" lon="2.77726822"><ele>973.643</ele><time>2026-09-23T12:44:11Z</time><speed>1.010</speed><sat>24</sat></trkpt>
  <trkpt lat="45.58839232" lon="2.77728332"><ele>971.737</ele><time>2026-09-23T12:44:14Z</time><speed>1.020</speed><sat>23</sat></trkpt>
  <trkpt lat="45.58836114" lon="2.77729967"><ele>971.400</ele><time>2026-09-23T12:44:17Z</time><speed>1.170</speed><sat>24</sat></trkpt>
  <trkpt lat="45.58832518" lon="2.77731529"><ele>971.710</ele><time>2026-09-23T12:44:20Z</time><speed>0.960</speed><sat>24</sat></trkpt>
  <trkpt lat="45.58829584" lon="2.77732990"><ele>969.932</ele><time>2026-09-23T12:44:23Z</time><speed>1.000</speed><sat>24</sat></trkpt>
  <trkpt lat="45.58826639" lon="2.77734727"><ele>970.814</ele><time>2026-09-23T12:44:26Z</time><speed>1.010</speed><sat>24</sat></trkpt>
  <trkpt lat="45.58823819" lon="2.77737061"><ele>971.602</ele><time>2026-09-23T12:44:29Z</time><speed>1.010</speed><sat>24</sat></trkpt>
  <trkpt lat="45.58821053" lon="2.77739121"><ele>969.260</ele><time>2026-09-23T12:44:32Z</time><speed>1.000</speed><sat>24</sat></trkpt>
  <trkpt lat="45.58818373" lon="2.77741865"><ele>969.915</ele><time>2026-09-23T12:44:35Z</time><speed>1.000</speed><sat>23</sat></trkpt>
  <trkpt lat="45.58815832" lon="2.77745553"><ele>968.667</ele><time>2026-09-23T12:44:38Z</time><speed>1.040</speed><sat>24</sat></trkpt>
  <trkpt lat="45.58813375" lon="2.77749162"><ele>968.373</ele><time>2026-09-23T12:44:41Z</time><speed>1.000</speed><sat>25</sat></trkpt>
  <trkpt lat="45.58810909" lon="2.77752568"><ele>969.221</ele><time>2026-09-23T12:44:44Z</time><speed>0.990</speed><sat>25</sat></trkpt>
  <trkpt lat="45.58808745" lon="2.77755305"><ele>969.271</ele><time>2026-09-23T12:44:47Z</time><speed>1.020</speed><sat>24</sat></trkpt>
  <trkpt lat="45.58806571" lon="2.77759049"><ele>970.699</ele><time>2026-09-23T12:44:50Z</time><speed>0.940</speed><sat>24</sat></trkpt>
  <trkpt lat="45.58804975" lon="2.77762648"><ele>969.651</ele><time>2026-09-23T12:44:53Z</time><speed>0.890</speed><sat>23</sat></trkpt>
  <trkpt lat="45.58803445" lon="2.77765777"><ele>969.174</ele><time>2026-09-23T12:44:56Z</time><speed>0.910</speed><sat>24</sat></trkpt>
  <trkpt lat="45.58801038" lon="2.77768188"><ele>968.875</ele><time>2026-09-23T12:44:59Z</time><speed>0.950</speed><sat>24</sat></trkpt>
  <trkpt lat="45.58798253" lon="2.77771058"><ele>970.792</ele><time>2026-09-23T12:45:02Z</time><speed>1.010</speed><sat>24</sat></trkpt>
  <trkpt lat="45.58795567" lon="2.77773889"><ele>969.888</ele><time>2026-09-23T12:45:05Z</time><speed>0.920</speed><sat>24</sat></trkpt>
  <trkpt lat="45.58793384" lon="2.77777073"><ele>970.922</ele><time>2026-09-23T12:45:08Z</time><speed>0.930</speed><sat>24</sat></trkpt>
  <trkpt lat="45.58791274" lon="2.77780250"><ele>970.816</ele><time>2026-09-23T12:45:11Z</time><speed>0.930</speed><sat>24</sat></trkpt>
  <trkpt lat="45.58789194" lon="2.77783776"><ele>969.188</ele><time>2026-09-23T12:45:14Z</time><speed>0.910</speed><sat>24</sat></trkpt>
  <trkpt lat="45.58786931" lon="2.77787292"><ele>966.909</ele><time>2026-09-23T12:45:17Z</time><speed>0.980</speed><sat>24</sat></trkpt>
  <trkpt lat="45.58785193" lon="2.77791835"><ele>965.652</ele><time>2026-09-23T12:45:20Z</time><speed>0.940</speed><sat>23</sat></trkpt>
  <trkpt lat="45.58783384" lon="2.77795593"><ele>963.354</ele><time>2026-09-23T12:45:23Z</time><speed>0.970</speed><sat>23</sat></trkpt>
  <trkpt lat="45.58780891" lon="2.77799208"><ele>962.290</ele><time>2026-09-23T12:45:26Z</time><speed>1.050</speed><sat>23</sat></trkpt>
  <trkpt lat="45.58779262" lon="2.77803550"><ele>960.874</ele><time>2026-09-23T12:45:29Z</time><speed>0.960</speed><sat>23</sat></trkpt>
  <trkpt lat="45.58777618" lon="2.77807610"><ele>960.069</ele><time>2026-09-23T12:45:32Z</time><speed>1.160</speed><sat>22</sat></trkpt>
  <trkpt lat="45.58776003" lon="2.77811568"><ele>958.645</ele><time>2026-09-23T12:45:35Z</time><speed>0.960</speed><sat>22</sat></trkpt>
  <trkpt lat="45.58774181" lon="2.77814928"><ele>959.287</ele><time>2026-09-23T12:45:38Z</time><speed>0.930</speed><sat>22</sat></trkpt>
  <trkpt lat="45.58771303" lon="2.77818831"><ele>959.273</ele><time>2026-09-23T12:45:41Z</time><speed>0.980</speed><sat>24</sat></trkpt>
  <trkpt lat="45.58768481" lon="2.77823442"><ele>961.101</ele><time>2026-09-23T12:45:44Z</time><speed>1.020</speed><sat>25</sat></trkpt>
  <trkpt lat="45.58766374" lon="2.77827153"><ele>961.496</ele><time>2026-09-23T12:45:47Z</time><speed>0.900</speed><sat>25</sat></trkpt>
  <trkpt lat="45.58764461" lon="2.77830545"><ele>962.935</ele><time>2026-09-23T12:45:50Z</time><speed>0.860</speed><sat>25</sat></trkpt>
  <trkpt lat="45.58762594" lon="2.77833658"><ele>960.838</ele><time>2026-09-23T12:45:53Z</time><speed>0.920</speed><sat>25</sat></trkpt>
  <trkpt lat="45.58760661" lon="2.77837152"><ele>959.175</ele><time>2026-09-23T12:45:56Z</time><speed>0.890</speed><sat>25</sat></trkpt>
  <trkpt lat="45.58758928" lon="2.77840410"><ele>958.740</ele><time>2026-09-23T12:45:59Z</time><speed>0.840</speed><sat>23</sat></trkpt>
  <trkpt lat="45.58756443" lon="2.77843043"><ele>957.731</ele><time>2026-09-23T12:46:02Z</time><speed>0.800</speed><sat>24</sat></trkpt>
  <trkpt lat="45.58754382" lon="2.77846003"><ele>958.088</ele><time>2026-09-23T12:46:05Z</time><speed>0.810</speed><sat>25</sat></trkpt>
  <trkpt lat="45.58753126" lon="2.77848634"><ele>959.643</ele><time>2026-09-23T12:46:08Z</time><speed>0.310</speed><sat>24</sat></trkpt>
  <trkpt lat="45.58753176" lon="2.77848922"><ele>959.703</ele><time>2026-09-23T12:46:11Z</time><speed>0.000</speed><sat>19</sat></trkpt>
  <trkpt lat="45.58753192" lon="2.77848910"><ele>959.682</ele><time>2026-09-23T12:46:14Z</time><speed>0.000</speed><sat>22</sat></trkpt>
  <trkpt lat="45.58753195" lon="2.77848978"><ele>959.792</ele><time>2026-09-23T12:46:17Z</time><speed>0.000</speed><sat>23</sat></trkpt>
  <trkpt lat="45.58753189" lon="2.77849079"><ele>959.916</ele><time>2026-09-23T12:46:20Z</time><speed>0.000</speed><sat>23</sat></trkpt>
  <trkpt lat="45.58753218" lon="2.77849274"><ele>960.036</ele><time>2026-09-23T12:46:25Z</time><speed>0.000</speed><sat>23</sat></trkpt>
  <trkpt lat="45.58752990" lon="2.77850033"><ele>961.177</ele><time>2026-09-23T12:46:28Z</time><speed>0.180</speed><sat>21</sat></trkpt>
  <trkpt lat="45.58753274" lon="2.77851348"><ele>961.819</ele><time>2026-09-23T12:46:31Z</time><speed>0.000</speed><sat>24</sat></trkpt>
  <trkpt lat="45.58753240" lon="2.77851471"><ele>962.019</ele><time>2026-09-23T12:46:34Z</time><speed>0.000</speed><sat>24</sat></trkpt>
  <trkpt lat="45.58752581" lon="2.77852233"><ele>963.064</ele><time>2026-09-23T12:46:37Z</time><speed>0.570</speed><sat>25</sat></trkpt>
  <trkpt lat="45.58750761" lon="2.77852907"><ele>964.326</ele><time>2026-09-23T12:46:40Z</time><speed>0.600</speed><sat>25</sat></trkpt>
  <trkpt lat="45.58750461" lon="2.77854781"><ele>964.597</ele><time>2026-09-23T12:46:43Z</time><speed>0.550</speed><sat>25</sat></trkpt>
  <trkpt lat="45.58750993" lon="2.77855455"><ele>965.109</ele><time>2026-09-23T12:46:46Z</time><speed>0.000</speed><sat>24</sat></trkpt>
  <trkpt lat="45.58750895" lon="2.77855298"><ele>965.260</ele><time>2026-09-23T12:46:49Z</time><speed>0.000</speed><sat>25</sat></trkpt>
  <trkpt lat="45.58749057" lon="2.77855571"><ele>966.653</ele><time>2026-09-23T12:46:52Z</time><speed>1.070</speed><sat>25</sat></trkpt>
  <trkpt lat="45.58746232" lon="2.77854291"><ele>968.513</ele><time>2026-09-23T12:46:55Z</time><speed>1.050</speed><sat>25</sat></trkpt>
  <trkpt lat="45.58743977" lon="2.77854994"><ele>970.296</ele><time>2026-09-23T12:46:58Z</time><speed>0.640</speed><sat>22</sat></trkpt>
  <trkpt lat="45.58743677" lon="2.77856008"><ele>970.376</ele><time>2026-09-23T12:47:01Z</time><speed>0.000</speed><sat>23</sat></trkpt>
  <trkpt lat="45.58743667" lon="2.77856231"><ele>970.389</ele><time>2026-09-23T12:47:04Z</time><speed>0.000</speed><sat>21</sat></trkpt>
  <trkpt lat="45.58743214" lon="2.77855698"><ele>970.630</ele><time>2026-09-23T12:47:07Z</time><speed>0.410</speed><sat>21</sat></trkpt>
  <trkpt lat="45.58742757" lon="2.77855754"><ele>971.032</ele><time>2026-09-23T12:47:10Z</time><speed>0.000</speed><sat>22</sat></trkpt>
  <trkpt lat="45.58742613" lon="2.77855675"><ele>971.008</ele><time>2026-09-23T12:47:13Z</time><speed>0.000</speed><sat>22</sat></trkpt>
  <trkpt lat="45.58742614" lon="2.77855592"><ele>971.056</ele><time>2026-09-23T12:47:16Z</time><speed>0.000</speed><sat>24</sat></trkpt>
  <trkpt lat="45.58742423" lon="2.77855492"><ele>971.084</ele><time>2026-09-23T12:47:19Z</time><speed>0.000</speed><sat>23</sat></trkpt>
  <trkpt lat="45.58741793" lon="2.77855322"><ele>970.893</ele><time>2026-09-23T12:47:22Z</time><speed>0.000</speed><sat>23</sat></trkpt>
  <trkpt lat="45.58741386" lon="2.77855585"><ele>970.745</ele><time>2026-09-23T12:47:25Z</time><speed>0.000</speed><sat>24</sat></trkpt>
  <trkpt lat="45.58741319" lon="2.77855534"><ele>970.711</ele><time>2026-09-23T12:47:28Z</time><speed>0.000</speed><sat>23</sat></trkpt>
  <trkpt lat="45.58742120" lon="2.77856001"><ele>970.683</ele><time>2026-09-23T12:47:31Z</time><speed>0.660</speed><sat>24</sat></trkpt>
  <trkpt lat="45.58742318" lon="2.77855188"><ele>971.224</ele><time>2026-09-23T12:47:34Z</time><speed>0.000</speed><sat>25</sat></trkpt>
  <trkpt lat="45.58742262" lon="2.77855241"><ele>971.458</ele><time>2026-09-23T12:47:37Z</time><speed>0.000</speed><sat>24</sat></trkpt>
  <trkpt lat="45.58741910" lon="2.77855117"><ele>971.622</ele><time>2026-09-23T12:47:40Z</time><speed>0.000</speed><sat>24</sat></trkpt>
  <trkpt lat="45.58741535" lon="2.77855229"><ele>971.721</ele><time>2026-09-23T12:47:43Z</time><speed>0.280</speed><sat>24</sat></trkpt>
  <trkpt lat="45.58740049" lon="2.77856334"><ele>970.385</ele><time>2026-09-23T12:47:46Z</time><speed>0.810</speed><sat>25</sat></trkpt>
  <trkpt lat="45.58736713" lon="2.77855689"><ele>971.184</ele><time>2026-09-23T12:47:49Z</time><speed>1.120</speed><sat>25</sat></trkpt>
  <trkpt lat="45.58734059" lon="2.77854732"><ele>970.927</ele><time>2026-09-23T12:47:52Z</time><speed>0.370</speed><sat>23</sat></trkpt>
  <trkpt lat="45.58733786" lon="2.77854727"><ele>971.312</ele><time>2026-09-23T12:47:55Z</time><speed>0.460</speed><sat>23</sat></trkpt>
  <trkpt lat="45.58731474" lon="2.77849294"><ele>972.165</ele><time>2026-09-23T12:47:58Z</time><speed>1.120</speed><sat>22</sat></trkpt>
  <trkpt lat="45.58732297" lon="2.77846690"><ele>971.368</ele><time>2026-09-23T12:48:01Z</time><speed>0.990</speed><sat>22</sat></trkpt>
  <trkpt lat="45.58733429" lon="2.77843055"><ele>971.536</ele><time>2026-09-23T12:48:04Z</time><speed>1.120</speed><sat>21</sat></trkpt>
  <trkpt lat="45.58735342" lon="2.77841154"><ele>970.920</ele><time>2026-09-23T12:48:07Z</time><speed>0.680</speed><sat>21</sat></trkpt>
  <trkpt lat="45.58736870" lon="2.77841139"><ele>970.062</ele><time>2026-09-23T12:48:10Z</time><speed>0.260</speed><sat>24</sat></trkpt>
  <trkpt lat="45.58735369" lon="2.77842924"><ele>969.761</ele><time>2026-09-23T12:48:13Z</time><speed>1.000</speed><sat>25</sat></trkpt>
  <trkpt lat="45.58733876" lon="2.77847811"><ele>969.670</ele><time>2026-09-23T12:48:16Z</time><speed>0.790</speed><sat>21</sat></trkpt>
  <trkpt lat="45.58734083" lon="2.77850516"><ele>969.636</ele><time>2026-09-23T12:48:19Z</time><speed>0.780</speed><sat>21</sat></trkpt>
  <trkpt lat="45.58735447" lon="2.77852094"><ele>970.516</ele><time>2026-09-23T12:48:22Z</time><speed>0.190</speed><sat>21</sat></trkpt>
  <trkpt lat="45.58735725" lon="2.77852966"><ele>970.639</ele><time>2026-09-23T12:48:25Z</time><speed>0.970</speed><sat>20</sat></trkpt>
  <trkpt lat="45.58737006" lon="2.77856008"><ele>971.739</ele><time>2026-09-23T12:48:28Z</time><speed>1.000</speed><sat>21</sat></trkpt>
  <trkpt lat="45.58738113" lon="2.77857532"><ele>970.024</ele><time>2026-09-23T12:48:31Z</time><speed>0.960</speed><sat>21</sat></trkpt>
  <trkpt lat="45.58740461" lon="2.77859065"><ele>970.810</ele><time>2026-09-23T12:48:34Z</time><speed>1.200</speed><sat>23</sat></trkpt>
  <trkpt lat="45.58742918" lon="2.77860976"><ele>971.723</ele><time>2026-09-23T12:48:37Z</time><speed>0.940</speed><sat>23</sat></trkpt>
  <trkpt lat="45.58742341" lon="2.77860412"><ele>972.048</ele><time>2026-09-23T12:48:40Z</time><speed>0.000</speed><sat>22</sat></trkpt>
  <trkpt lat="45.58742060" lon="2.77860318"><ele>971.928</ele><time>2026-09-23T12:48:43Z</time><speed>0.000</speed><sat>21</sat></trkpt>
  <trkpt lat="45.58741559" lon="2.77860385"><ele>971.849</ele><time>2026-09-23T12:48:46Z</time><speed>0.520</speed><sat>21</sat></trkpt>
  <trkpt lat="45.58740763" lon="2.77861541"><ele>971.632</ele><time>2026-09-23T12:48:49Z</time><speed>0.220</speed><sat>19</sat></trkpt>
  <trkpt lat="45.58737999" lon="2.77862273"><ele>971.288</ele><time>2026-09-23T12:48:52Z</time><speed>0.000</speed><sat>24</sat></trkpt>
  <trkpt lat="45.58735152" lon="2.77863925"><ele>971.405</ele><time>2026-09-23T12:48:55Z</time><speed>0.000</speed><sat>24</sat></trkpt>
  <trkpt lat="45.58734211" lon="2.77864925"><ele>971.380</ele><time>2026-09-23T12:48:58Z</time><speed>0.000</speed><sat>25</sat></trkpt>
  <trkpt lat="45.58734381" lon="2.77864528"><ele>970.911</ele><time>2026-09-23T12:49:01Z</time><speed>0.000</speed><sat>24</sat></trkpt>
  <trkpt lat="45.58734221" lon="2.77865715"><ele>970.589</ele><time>2026-09-23T12:49:04Z</time><speed>0.000</speed><sat>25</sat></trkpt>
  <trkpt lat="45.58734187" lon="2.77865892"><ele>970.548</ele><time>2026-09-23T12:49:07Z</time><speed>0.000</speed><sat>24</sat></trkpt>
  <trkpt lat="45.58734651" lon="2.77865577"><ele>970.485</ele><time>2026-09-23T12:49:10Z</time><speed>0.480</speed><sat>24</sat></trkpt>
  <trkpt lat="45.58737711" lon="2.77869863"><ele>970.958</ele><time>2026-09-23T12:49:13Z</time><speed>2.360</speed><sat>25</sat></trkpt>
  <trkpt lat="45.58737556" lon="2.77868193"><ele>970.692</ele><time>2026-09-23T12:49:16Z</time><speed>0.000</speed><sat>25</sat></trkpt>
  <trkpt lat="45.58737549" lon="2.77867856"><ele>970.581</ele><time>2026-09-23T12:49:19Z</time><speed>0.000</speed><sat>23</sat></trkpt>
  <trkpt lat="45.58737565" lon="2.77867619"><ele>970.522</ele><time>2026-09-23T12:49:22Z</time><speed>0.000</speed><sat>24</sat></trkpt>
  <trkpt lat="45.58737574" lon="2.77867403"><ele>970.450</ele><time>2026-09-23T12:49:25Z</time><speed>0.000</speed><sat>24</sat></trkpt>
  <trkpt lat="45.58737628" lon="2.77867174"><ele>970.384</ele><time>2026-09-23T12:49:28Z</time><speed>0.000</speed><sat>23</sat></trkpt>
  <trkpt lat="45.58737675" lon="2.77866968"><ele>970.301</ele><time>2026-09-23T12:49:31Z</time><speed>0.000</speed><sat>22</sat></trkpt>
  <trkpt lat="45.58737680" lon="2.77866830"><ele>970.257</ele><time>2026-09-23T12:49:34Z</time><speed>0.000</speed><sat>25</sat></trkpt>
  <trkpt lat="45.58737695" lon="2.77866743"><ele>970.207</ele><time>2026-09-23T12:49:37Z</time><speed>0.000</speed><sat>25</sat></trkpt>
  <trkpt lat="45.58737550" lon="2.77866570"><ele>970.059</ele><time>2026-09-23T12:49:40Z</time><speed>0.220</speed><sat>22</sat></trkpt>
  <trkpt lat="45.58737554" lon="2.77866387"><ele>969.999</ele><time>2026-09-23T12:49:43Z</time><speed>0.000</speed><sat>23</sat></trkpt>
  <trkpt lat="45.58737566" lon="2.77866278"><ele>969.928</ele><time>2026-09-23T12:49:46Z</time><speed>0.000</speed><sat>25</sat></trkpt>
  <trkpt lat="45.58737622" lon="2.77865825"><ele>969.837</ele><time>2026-09-23T12:49:49Z</time><speed>0.000</speed><sat>24</sat></trkpt>
  <trkpt lat="45.58737785" lon="2.77865322"><ele>969.438</ele><time>2026-09-23T12:49:52Z</time><speed>0.000</speed><sat>23</sat></trkpt>
  <trkpt lat="45.58737697" lon="2.77864796"><ele>969.274</ele><time>2026-09-23T12:49:55Z</time><speed>0.000</speed><sat>23</sat></trkpt>
  <trkpt lat="45.58737440" lon="2.77864134"><ele>968.477</ele><time>2026-09-23T12:49:58Z</time><speed>0.360</speed><sat>21</sat></trkpt>
  <trkpt lat="45.58737550" lon="2.77864119"><ele>968.521</ele><time>2026-09-23T12:50:01Z</time><speed>0.000</speed><sat>21</sat></trkpt>
  <trkpt lat="45.58737545" lon="2.77864116"><ele>968.490</ele><time>2026-09-23T12:50:04Z</time><speed>0.000</speed><sat>23</sat></trkpt>
  <trkpt lat="45.58737482" lon="2.77863711"><ele>968.633</ele><time>2026-09-23T12:50:07Z</time><speed>0.000</speed><sat>22</sat></trkpt>
  <trkpt lat="45.58737480" lon="2.77863652"><ele>968.633</ele><time>2026-09-23T12:50:10Z</time><speed>0.000</speed><sat>23</sat></trkpt>
  <trkpt lat="45.58737503" lon="2.77863633"><ele>968.656</ele><time>2026-09-23T12:50:13Z</time><speed>0.000</speed><sat>23</sat></trkpt>
  <trkpt lat="45.58737500" lon="2.77863621"><ele>968.635</ele><time>2026-09-23T12:50:16Z</time><speed>0.000</speed><sat>24</sat></trkpt>
  <trkpt lat="45.58737535" lon="2.77863582"><ele>968.638</ele><time>2026-09-23T12:50:19Z</time><speed>0.000</speed><sat>23</sat></trkpt>
  <trkpt lat="45.58737178" lon="2.77863160"><ele>968.598</ele><time>2026-09-23T12:50:22Z</time><speed>0.000</speed><sat>24</sat></trkpt>
  <trkpt lat="45.58736458" lon="2.77862155"><ele>969.076</ele><time>2026-09-23T12:50:25Z</time><speed>0.000</speed><sat>25</sat></trkpt>
  <trkpt lat="45.58736512" lon="2.77862041"><ele>969.051</ele><time>2026-09-23T12:50:28Z</time><speed>0.000</speed><sat>24</sat></trkpt>
  <trkpt lat="45.58736146" lon="2.77861463"><ele>969.324</ele><time>2026-09-23T12:50:31Z</time><speed>0.000</speed><sat>23</sat></trkpt>
  <trkpt lat="45.58736239" lon="2.77861198"><ele>969.359</ele><time>2026-09-23T12:50:34Z</time><speed>0.000</speed><sat>23</sat></trkpt>
  <trkpt lat="45.58736248" lon="2.77861123"><ele>969.343</ele><time>2026-09-23T12:50:37Z</time><speed>0.000</speed><sat>23</sat></trkpt>
  <trkpt lat="45.58736086" lon="2.77860587"><ele>969.218</ele><time>2026-09-23T12:50:40Z</time><speed>0.000</speed><sat>24</sat></trkpt>
  <trkpt lat="45.58736110" lon="2.77860434"><ele>969.280</ele><time>2026-09-23T12:50:43Z</time><speed>0.000</speed><sat>23</sat></trkpt>
  <trkpt lat="45.58736122" lon="2.77860374"><ele>969.282</ele><time>2026-09-23T12:50:46Z</time><speed>0.000</speed><sat>20</sat></trkpt>
  <trkpt lat="45.58736100" lon="2.77860353"><ele>969.309</ele><time>2026-09-23T12:50:49Z</time><speed>0.000</speed><sat>20</sat></trkpt>
  <trkpt lat="45.58736255" lon="2.77861404"><ele>969.490</ele><time>2026-09-23T12:50:52Z</time><speed>0.620</speed><sat>21</sat></trkpt>
  <trkpt lat="45.58736260" lon="2.77863214"><ele>970.153</ele><time>2026-09-23T12:50:55Z</time><speed>0.860</speed><sat>22</sat></trkpt>
  <trkpt lat="45.58735733" lon="2.77866545"><ele>970.203</ele><time>2026-09-23T12:50:58Z</time><speed>0.870</speed><sat>22</sat></trkpt>
  <trkpt lat="45.58735698" lon="2.77870313"><ele>969.182</ele><time>2026-09-23T12:51:01Z</time><speed>0.890</speed><sat>24</sat></trkpt>
  <trkpt lat="45.58735449" lon="2.77874381"><ele>969.100</ele><time>2026-09-23T12:51:04Z</time><speed>0.890</speed><sat>24</sat></trkpt>
  <trkpt lat="45.58735279" lon="2.77878177"><ele>970.248</ele><time>2026-09-23T12:51:07Z</time><speed>0.870</speed><sat>24</sat></trkpt>
  <trkpt lat="45.58734762" lon="2.77881569"><ele>971.296</ele><time>2026-09-23T12:51:10Z</time><speed>0.890</speed><sat>24</sat></trkpt>
  <trkpt lat="45.58734757" lon="2.77884798"><ele>971.213</ele><time>2026-09-23T12:51:13Z</time><speed>0.840</speed><sat>23</sat></trkpt>
  <trkpt lat="45.58735717" lon="2.77889268"><ele>970.950</ele><time>2026-09-23T12:51:16Z</time><speed>1.150</speed><sat>23</sat></trkpt>
  <trkpt lat="45.58736192" lon="2.77893716"><ele>970.563</ele><time>2026-09-23T12:51:19Z</time><speed>0.880</speed><sat>24</sat></trkpt>
  <trkpt lat="45.58736701" lon="2.77896934"><ele>969.104</ele><time>2026-09-23T12:51:22Z</time><speed>0.850</speed><sat>24</sat></trkpt>
  <trkpt lat="45.58736331" lon="2.77900148"><ele>968.505</ele><time>2026-09-23T12:51:25Z</time><speed>0.940</speed><sat>25</sat></trkpt>
  <trkpt lat="45.58736218" lon="2.77903469"><ele>969.120</ele><time>2026-09-23T12:51:28Z</time><speed>0.780</speed><sat>21</sat></trkpt>
  <trkpt lat="45.58736226" lon="2.77906744"><ele>968.874</ele><time>2026-09-23T12:51:31Z</time><speed>0.740</speed><sat>22</sat></trkpt>
  <trkpt lat="45.58737285" lon="2.77909782"><ele>968.308</ele><time>2026-09-23T12:51:34Z</time><speed>0.770</speed><sat>24</sat></trkpt>
  <trkpt lat="45.58738625" lon="2.77912511"><ele>968.193</ele><time>2026-09-23T12:51:37Z</time><speed>0.780</speed><sat>24</sat></trkpt>
  <trkpt lat="45.58740364" lon="2.77914953"><ele>967.556</ele><time>2026-09-23T12:51:40Z</time><speed>0.810</speed><sat>24</sat></trkpt>
  <trkpt lat="45.58741764" lon="2.77917842"><ele>967.879</ele><time>2026-09-23T12:51:43Z</time><speed>0.850</speed><sat>21</sat></trkpt>
  <trkpt lat="45.58743963" lon="2.77920282"><ele>965.838</ele><time>2026-09-23T12:51:46Z</time><speed>0.830</speed><sat>21</sat></trkpt>
  <trkpt lat="45.58746126" lon="2.77922629"><ele>963.755</ele><time>2026-09-23T12:51:49Z</time><speed>0.890</speed><sat>22</sat></trkpt>
  <trkpt lat="45.58748370" lon="2.77925295"><ele>963.514</ele><time>2026-09-23T12:51:52Z</time><speed>0.940</speed><sat>20</sat></trkpt>
  <trkpt lat="45.58750309" lon="2.77929623"><ele>966.564</ele><time>2026-09-23T12:51:55Z</time><speed>1.210</speed><sat>21</sat></trkpt>
  <trkpt lat="45.58752503" lon="2.77931878"><ele>966.073</ele><time>2026-09-23T12:51:58Z</time><speed>0.870</speed><sat>23</sat></trkpt>
  <trkpt lat="45.58754710" lon="2.77935490"><ele>965.273</ele><time>2026-09-23T12:52:01Z</time><speed>0.890</speed><sat>22</sat></trkpt>
  <trkpt lat="45.58756716" lon="2.77938554"><ele>964.071</ele><time>2026-09-23T12:52:04Z</time><speed>0.910</speed><sat>18</sat></trkpt>
  <trkpt lat="45.58758231" lon="2.77941766"><ele>965.239</ele><time>2026-09-23T12:52:07Z</time><speed>0.930</speed><sat>18</sat></trkpt>
  <trkpt lat="45.58759420" lon="2.77946027"><ele>967.425</ele><time>2026-09-23T12:52:10Z</time><speed>0.720</speed><sat>17</sat></trkpt>
  <trkpt lat="45.58759756" lon="2.77947871"><ele>967.380</ele><time>2026-09-23T12:52:13Z</time><speed>0.820</speed><sat>18</sat></trkpt>
  <trkpt lat="45.58761058" lon="2.77952205"><ele>968.114</ele><time>2026-09-23T12:52:16Z</time><speed>0.860</speed><sat>17</sat></trkpt>
  <trkpt lat="45.58761927" lon="2.77956898"><ele>968.987</ele><time>2026-09-23T12:52:19Z</time><speed>0.810</speed><sat>18</sat></trkpt>
  <trkpt lat="45.58762207" lon="2.77960939"><ele>968.289</ele><time>2026-09-23T12:52:22Z</time><speed>0.780</speed><sat>19</sat></trkpt>
  <trkpt lat="45.58762003" lon="2.77966399"><ele>969.017</ele><time>2026-09-23T12:52:25Z</time><speed>0.790</speed><sat>18</sat></trkpt>
  <trkpt lat="45.58762143" lon="2.77971243"><ele>969.515</ele><time>2026-09-23T12:52:28Z</time><speed>0.780</speed><sat>22</sat></trkpt>
  <trkpt lat="45.58762169" lon="2.77976881"><ele>971.683</ele><time>2026-09-23T12:52:31Z</time><speed>0.790</speed><sat>21</sat></trkpt>
  <trkpt lat="45.58761659" lon="2.77981681"><ele>971.764</ele><time>2026-09-23T12:52:34Z</time><speed>0.800</speed><sat>23</sat></trkpt>
  <trkpt lat="45.58761662" lon="2.77986015"><ele>971.923</ele><time>2026-09-23T12:52:37Z</time><speed>0.800</speed><sat>25</sat></trkpt>
  <trkpt lat="45.58761698" lon="2.77990488"><ele>973.310</ele><time>2026-09-23T12:52:40Z</time><speed>0.840</speed><sat>23</sat></trkpt>
  <trkpt lat="45.58761585" lon="2.77994679"><ele>974.057</ele><time>2026-09-23T12:52:43Z</time><speed>0.810</speed><sat>21</sat></trkpt>
  <trkpt lat="45.58761235" lon="2.77998426"><ele>973.209</ele><time>2026-09-23T12:52:46Z</time><speed>0.790</speed><sat>21</sat></trkpt>
  <trkpt lat="45.58760743" lon="2.78002247"><ele>972.573</ele><time>2026-09-23T12:52:49Z</time><speed>0.800</speed><sat>22</sat></trkpt>
  <trkpt lat="45.58759408" lon="2.78005789"><ele>973.465</ele><time>2026-09-23T12:52:52Z</time><speed>0.880</speed><sat>23</sat></trkpt>
  <trkpt lat="45.58758515" lon="2.78009323"><ele>974.288</ele><time>2026-09-23T12:52:55Z</time><speed>0.880</speed><sat>23</sat></trkpt>
  <trkpt lat="45.58758285" lon="2.78012921"><ele>974.013</ele><time>2026-09-23T12:52:58Z</time><speed>0.840</speed><sat>21</sat></trkpt>
  <trkpt lat="45.58757412" lon="2.78017287"><ele>974.853</ele><time>2026-09-23T12:53:01Z</time><speed>0.850</speed><sat>21</sat></trkpt>
  <trkpt lat="45.58755835" lon="2.78020690"><ele>975.037</ele><time>2026-09-23T12:53:04Z</time><speed>0.780</speed><sat>22</sat></trkpt>
  <trkpt lat="45.58754094" lon="2.78024574"><ele>974.681</ele><time>2026-09-23T12:53:07Z</time><speed>0.810</speed><sat>21</sat></trkpt>
  <trkpt lat="45.58753009" lon="2.78028640"><ele>974.515</ele><time>2026-09-23T12:53:10Z</time><speed>0.770</speed><sat>22</sat></trkpt>
  <trkpt lat="45.58750945" lon="2.78032303"><ele>974.774</ele><time>2026-09-23T12:53:13Z</time><speed>0.830</speed><sat>22</sat></trkpt>
  <trkpt lat="45.58749924" lon="2.78037077"><ele>974.937</ele><time>2026-09-23T12:53:16Z</time><speed>0.870</speed><sat>23</sat></trkpt>
  <trkpt lat="45.58748009" lon="2.78040565"><ele>976.295</ele><time>2026-09-23T12:53:19Z</time><speed>0.830</speed><sat>24</sat></trkpt>
  <trkpt lat="45.58746325" lon="2.78043668"><ele>976.489</ele><time>2026-09-23T12:53:22Z</time><speed>0.820</speed><sat>24</sat></trkpt>
  <trkpt lat="45.58745829" lon="2.78047285"><ele>976.003</ele><time>2026-09-23T12:53:25Z</time><speed>0.900</speed><sat>23</sat></trkpt>
  <trkpt lat="45.58745091" lon="2.78050877"><ele>976.069</ele><time>2026-09-23T12:53:28Z</time><speed>0.840</speed><sat>22</sat></trkpt>
  <trkpt lat="45.58745012" lon="2.78055414"><ele>973.852</ele><time>2026-09-23T12:53:31Z</time><speed>0.890</speed><sat>23</sat></trkpt>
  <trkpt lat="45.58745046" lon="2.78060498"><ele>974.944</ele><time>2026-09-23T12:53:34Z</time><speed>0.880</speed><sat>24</sat></trkpt>
  <trkpt lat="45.58745736" lon="2.78065435"><ele>973.508</ele><time>2026-09-23T12:53:37Z</time><speed>0.910</speed><sat>23</sat></trkpt>
  <trkpt lat="45.58745416" lon="2.78069450"><ele>973.521</ele><time>2026-09-23T12:53:40Z</time><speed>0.900</speed><sat>22</sat></trkpt>
  <trkpt lat="45.58744381" lon="2.78073501"><ele>974.258</ele><time>2026-09-23T12:53:43Z</time><speed>0.860</speed><sat>24</sat></trkpt>
  <trkpt lat="45.58743636" lon="2.78076996"><ele>974.018</ele><time>2026-09-23T12:53:46Z</time><speed>0.900</speed><sat>23</sat></trkpt>
  <trkpt lat="45.58742562" lon="2.78080672"><ele>973.138</ele><time>2026-09-23T12:53:49Z</time><speed>0.890</speed><sat>22</sat></trkpt>
  <trkpt lat="45.58741662" lon="2.78084619"><ele>972.404</ele><time>2026-09-23T12:53:52Z</time><speed>1.030</speed><sat>23</sat></trkpt>
  <trkpt lat="45.58741005" lon="2.78088652"><ele>973.484</ele><time>2026-09-23T12:53:55Z</time><speed>0.940</speed><sat>24</sat></trkpt>
  <trkpt lat="45.58739577" lon="2.78092499"><ele>974.990</ele><time>2026-09-23T12:53:58Z</time><speed>0.960</speed><sat>24</sat></trkpt>
  <trkpt lat="45.58738642" lon="2.78096933"><ele>974.782</ele><time>2026-09-23T12:54:01Z</time><speed>1.000</speed><sat>23</sat></trkpt>
  <trkpt lat="45.58737043" lon="2.78099956"><ele>974.894</ele><time>2026-09-23T12:54:04Z</time><speed>0.910</speed><sat>22</sat></trkpt>
  <trkpt lat="45.58735782" lon="2.78103397"><ele>975.890</ele><time>2026-09-23T12:54:07Z</time><speed>0.840</speed><sat>21</sat></trkpt>
  <trkpt lat="45.58734723" lon="2.78106773"><ele>976.151</ele><time>2026-09-23T12:54:10Z</time><speed>0.870</speed><sat>23</sat></trkpt>
  <trkpt lat="45.58733363" lon="2.78110087"><ele>978.033</ele><time>2026-09-23T12:54:13Z</time><speed>0.820</speed><sat>23</sat></trkpt>
  <trkpt lat="45.58731610" lon="2.78113235"><ele>978.010</ele><time>2026-09-23T12:54:16Z</time><speed>0.870</speed><sat>23</sat></trkpt>
  <trkpt lat="45.58729931" lon="2.78116624"><ele>978.131</ele><time>2026-09-23T12:54:19Z</time><speed>0.830</speed><sat>24</sat></trkpt>
  <trkpt lat="45.58728036" lon="2.78119925"><ele>977.646</ele><time>2026-09-23T12:54:22Z</time><speed>0.830</speed><sat>25</sat></trkpt>
  <trkpt lat="45.58726378" lon="2.78123468"><ele>977.829</ele><time>2026-09-23T12:54:25Z</time><speed>0.970</speed><sat>24</sat></trkpt>
  <trkpt lat="45.58723894" lon="2.78130021"><ele>978.779</ele><time>2026-09-23T12:54:28Z</time><speed>1.920</speed><sat>23</sat></trkpt>
  <trkpt lat="45.58721907" lon="2.78136924"><ele>979.011</ele><time>2026-09-23T12:54:31Z</time><speed>1.890</speed><sat>24</sat></trkpt>
  <trkpt lat="45.58719351" lon="2.78140667"><ele>977.695</ele><time>2026-09-23T12:54:34Z</time><speed>1.130</speed><sat>24</sat></trkpt>
  <trkpt lat="45.58718284" lon="2.78142752"><ele>975.346</ele><time>2026-09-23T12:54:37Z</time><speed>0.830</speed><sat>24</sat></trkpt>
  <trkpt lat="45.58716391" lon="2.78144700"><ele>975.761</ele><time>2026-09-23T12:54:40Z</time><speed>0.830</speed><sat>25</sat></trkpt>
  <trkpt lat="45.58714727" lon="2.78147577"><ele>974.715</ele><time>2026-09-23T12:54:43Z</time><speed>0.880</speed><sat>25</sat></trkpt>
  <trkpt lat="45.58713313" lon="2.78150934"><ele>973.268</ele><time>2026-09-23T12:54:46Z</time><speed>0.830</speed><sat>25</sat></trkpt>
  <trkpt lat="45.58712204" lon="2.78154520"><ele>972.832</ele><time>2026-09-23T12:54:49Z</time><speed>0.890</speed><sat>25</sat></trkpt>
  <trkpt lat="45.58711142" lon="2.78157741"><ele>972.692</ele><time>2026-09-23T12:54:52Z</time><speed>0.860</speed><sat>23</sat></trkpt>
  <trkpt lat="45.58709212" lon="2.78160845"><ele>973.307</ele><time>2026-09-23T12:54:55Z</time><speed>0.970</speed><sat>23</sat></trkpt>
  <trkpt lat="45.58708050" lon="2.78164480"><ele>973.810</ele><time>2026-09-23T12:54:58Z</time><speed>0.890</speed><sat>23</sat></trkpt>
  <trkpt lat="45.58706559" lon="2.78167694"><ele>973.818</ele><time>2026-09-23T12:55:01Z</time><speed>0.890</speed><sat>23</sat></trkpt>
  <trkpt lat="45.58705230" lon="2.78171401"><ele>973.779</ele><time>2026-09-23T12:55:04Z</time><speed>1.130</speed><sat>23</sat></trkpt>
  <trkpt lat="45.58702935" lon="2.78175332"><ele>974.289</ele><time>2026-09-23T12:55:07Z</time><speed>0.980</speed><sat>22</sat></trkpt>
  <trkpt lat="45.58700764" lon="2.78179931"><ele>976.084</ele><time>2026-09-23T12:55:10Z</time><speed>0.930</speed><sat>25</sat></trkpt>
  <trkpt lat="45.58699129" lon="2.78184373"><ele>976.617</ele><time>2026-09-23T12:55:13Z</time><speed>0.920</speed><sat>25</sat></trkpt>
  <trkpt lat="45.58697719" lon="2.78188178"><ele>977.299</ele><time>2026-09-23T12:55:16Z</time><speed>0.860</speed><sat>25</sat></trkpt>
  <trkpt lat="45.58695844" lon="2.78192349"><ele>977.816</ele><time>2026-09-23T12:55:19Z</time><speed>0.880</speed><sat>25</sat></trkpt>
  <trkpt lat="45.58693942" lon="2.78197708"><ele>981.364</ele><time>2026-09-23T12:55:22Z</time><speed>0.850</speed><sat>25</sat></trkpt>
  <trkpt lat="45.58692726" lon="2.78202616"><ele>980.886</ele><time>2026-09-23T12:55:25Z</time><speed>1.030</speed><sat>25</sat></trkpt>
  <trkpt lat="45.58691169" lon="2.78206235"><ele>980.657</ele><time>2026-09-23T12:55:28Z</time><speed>0.870</speed><sat>25</sat></trkpt>
  <trkpt lat="45.58689652" lon="2.78209978"><ele>979.873</ele><time>2026-09-23T12:55:31Z</time><speed>0.850</speed><sat>24</sat></trkpt>
  <trkpt lat="45.58687916" lon="2.78213640"><ele>977.408</ele><time>2026-09-23T12:55:34Z</time><speed>0.890</speed><sat>24</sat></trkpt>
  <trkpt lat="45.58686988" lon="2.78217584"><ele>975.256</ele><time>2026-09-23T12:55:37Z</time><speed>0.900</speed><sat>25</sat></trkpt>
  <trkpt lat="45.58685783" lon="2.78220990"><ele>975.138</ele><time>2026-09-23T12:55:40Z</time><speed>0.870</speed><sat>24</sat></trkpt>
  <trkpt lat="45.58684861" lon="2.78224748"><ele>974.065</ele><time>2026-09-23T12:55:43Z</time><speed>0.860</speed><sat>24</sat></trkpt>
  <trkpt lat="45.58683255" lon="2.78228581"><ele>972.432</ele><time>2026-09-23T12:55:46Z</time><speed>0.840</speed><sat>24</sat></trkpt>
  <trkpt lat="45.58681611" lon="2.78232266"><ele>972.125</ele><time>2026-09-23T12:55:49Z</time><speed>1.040</speed><sat>25</sat></trkpt>
  <trkpt lat="45.58680496" lon="2.78236551"><ele>972.774</ele><time>2026-09-23T12:55:52Z</time><speed>0.970</speed><sat>24</sat></trkpt>
  <trkpt lat="45.58679465" lon="2.78240509"><ele>972.397</ele><time>2026-09-23T12:55:55Z</time><speed>0.930</speed><sat>23</sat></trkpt>
  <trkpt lat="45.58677991" lon="2.78244451"><ele>972.869</ele><time>2026-09-23T12:55:58Z</time><speed>0.930</speed><sat>23</sat></trkpt>
  <trkpt lat="45.58677013" lon="2.78248727"><ele>974.223</ele><time>2026-09-23T12:56:01Z</time><speed>0.970</speed><sat>24</sat></trkpt>
  <trkpt lat="45.58675605" lon="2.78253096"><ele>974.364</ele><time>2026-09-23T12:56:04Z</time><speed>0.960</speed><sat>24</sat></trkpt>
  <trkpt lat="45.58675035" lon="2.78258245"><ele>974.237</ele><time>2026-09-23T12:56:07Z</time><speed>0.930</speed><sat>23</sat></trkpt>
  <trkpt lat="45.58674325" lon="2.78262906"><ele>975.452</ele><time>2026-09-23T12:56:10Z</time><speed>0.920</speed><sat>23</sat></trkpt>
  <trkpt lat="45.58673711" lon="2.78267867"><ele>975.336</ele><time>2026-09-23T12:56:13Z</time><speed>0.930</speed><sat>22</sat></trkpt>
  <trkpt lat="45.58673266" lon="2.78273130"><ele>974.263</ele><time>2026-09-23T12:56:16Z</time><speed>0.910</speed><sat>23</sat></trkpt>
  <trkpt lat="45.58672793" lon="2.78278092"><ele>975.446</ele><time>2026-09-23T12:56:19Z</time><speed>0.910</speed><sat>24</sat></trkpt>
  <trkpt lat="45.58671900" lon="2.78282630"><ele>975.377</ele><time>2026-09-23T12:56:22Z</time><speed>0.910</speed><sat>24</sat></trkpt>
  <trkpt lat="45.58671797" lon="2.78287898"><ele>975.494</ele><time>2026-09-23T12:56:25Z</time><speed>1.330</speed><sat>25</sat></trkpt>
  <trkpt lat="45.58670963" lon="2.78292779"><ele>976.013</ele><time>2026-09-23T12:56:28Z</time><speed>0.930</speed><sat>24</sat></trkpt>
  <trkpt lat="45.58670212" lon="2.78296763"><ele>977.104</ele><time>2026-09-23T12:56:31Z</time><speed>0.940</speed><sat>25</sat></trkpt>
  <trkpt lat="45.58669622" lon="2.78301352"><ele>979.268</ele><time>2026-09-23T12:56:34Z</time><speed>0.930</speed><sat>25</sat></trkpt>
  <trkpt lat="45.58670172" lon="2.78305872"><ele>979.995</ele><time>2026-09-23T12:56:37Z</time><speed>0.940</speed><sat>24</sat></trkpt>
  <trkpt lat="45.58670080" lon="2.78310052"><ele>979.938</ele><time>2026-09-23T12:56:40Z</time><speed>0.990</speed><sat>24</sat></trkpt>
  <trkpt lat="45.58669752" lon="2.78314541"><ele>980.519</ele><time>2026-09-23T12:56:43Z</time><speed>0.900</speed><sat>25</sat></trkpt>
  <trkpt lat="45.58668243" lon="2.78319157"><ele>980.513</ele><time>2026-09-23T12:56:46Z</time><speed>0.890</speed><sat>25</sat></trkpt>
  <trkpt lat="45.58667423" lon="2.78324018"><ele>981.834</ele><time>2026-09-23T12:56:49Z</time><speed>0.910</speed><sat>24</sat></trkpt>
  <trkpt lat="45.58666833" lon="2.78328963"><ele>983.294</ele><time>2026-09-23T12:56:52Z</time><speed>0.900</speed><sat>24</sat></trkpt>
  <trkpt lat="45.58666515" lon="2.78333547"><ele>983.264</ele><time>2026-09-23T12:56:55Z</time><speed>0.900</speed><sat>25</sat></trkpt>
  <trkpt lat="45.58665341" lon="2.78337080"><ele>985.216</ele><time>2026-09-23T12:56:58Z</time><speed>0.930</speed><sat>25</sat></trkpt>
  <trkpt lat="45.58665562" lon="2.78341525"><ele>986.115</ele><time>2026-09-23T12:57:01Z</time><speed>0.850</speed><sat>25</sat></trkpt>
  <trkpt lat="45.58665738" lon="2.78346644"><ele>985.919</ele><time>2026-09-23T12:57:04Z</time><speed>0.860</speed><sat>24</sat></trkpt>
  <trkpt lat="45.58665395" lon="2.78350984"><ele>985.781</ele><time>2026-09-23T12:57:07Z</time><speed>0.840</speed><sat>25</sat></trkpt>
  <trkpt lat="45.58665097" lon="2.78355002"><ele>985.516</ele><time>2026-09-23T12:57:10Z</time><speed>0.910</speed><sat>25</sat></trkpt>
  <trkpt lat="45.58665089" lon="2.78358689"><ele>985.404</ele><time>2026-09-23T12:57:13Z</time><speed>0.880</speed><sat>24</sat></trkpt>
  <trkpt lat="45.58663999" lon="2.78363983"><ele>986.177</ele><time>2026-09-23T12:57:16Z</time><speed>1.070</speed><sat>24</sat></trkpt>
  <trkpt lat="45.58663252" lon="2.78368799"><ele>986.381</ele><time>2026-09-23T12:57:19Z</time><speed>1.000</speed><sat>24</sat></trkpt>
  <trkpt lat="45.58662342" lon="2.78372927"><ele>988.657</ele><time>2026-09-23T12:57:22Z</time><speed>0.940</speed><sat>24</sat></trkpt>
  <trkpt lat="45.58662033" lon="2.78376921"><ele>988.670</ele><time>2026-09-23T12:57:25Z</time><speed>0.910</speed><sat>25</sat></trkpt>
  <trkpt lat="45.58662253" lon="2.78380634"><ele>990.170</ele><time>2026-09-23T12:57:28Z</time><speed>1.000</speed><sat>25</sat></trkpt>
  <trkpt lat="45.58662137" lon="2.78384149"><ele>991.160</ele><time>2026-09-23T12:57:31Z</time><speed>0.910</speed><sat>23</sat></trkpt>
  <trkpt lat="45.58661387" lon="2.78387239"><ele>989.394</ele><time>2026-09-23T12:57:34Z</time><speed>0.910</speed><sat>24</sat></trkpt>
  <trkpt lat="45.58661663" lon="2.78390635"><ele>989.158</ele><time>2026-09-23T12:57:37Z</time><speed>0.960</speed><sat>25</sat></trkpt>
  <trkpt lat="45.58663483" lon="2.78392364"><ele>987.409</ele><time>2026-09-23T12:57:40Z</time><speed>1.030</speed><sat>25</sat></trkpt>
  <trkpt lat="45.58664504" lon="2.78394689"><ele>987.078</ele><time>2026-09-23T12:57:43Z</time><speed>0.750</speed><sat>23</sat></trkpt>
  <trkpt lat="45.58663502" lon="2.78397970"><ele>986.812</ele><time>2026-09-23T12:57:46Z</time><speed>0.780</speed><sat>24</sat></trkpt>
  <trkpt lat="45.58663143" lon="2.78401444"><ele>987.484</ele><time>2026-09-23T12:57:49Z</time><speed>0.920</speed><sat>24</sat></trkpt>
  <trkpt lat="45.58662664" lon="2.78404592"><ele>990.057</ele><time>2026-09-23T12:57:52Z</time><speed>0.950</speed><sat>25</sat></trkpt>
  <trkpt lat="45.58660652" lon="2.78407739"><ele>990.295</ele><time>2026-09-23T12:57:55Z</time><speed>0.890</speed><sat>24</sat></trkpt>
  <trkpt lat="45.58660148" lon="2.78411281"><ele>991.454</ele><time>2026-09-23T12:57:58Z</time><speed>1.020</speed><sat>22</sat></trkpt>
  <trkpt lat="45.58659567" lon="2.78414508"><ele>991.413</ele><time>2026-09-23T12:58:01Z</time><speed>0.930</speed><sat>22</sat></trkpt>
  <trkpt lat="45.58659500" lon="2.78417942"><ele>992.372</ele><time>2026-09-23T12:58:04Z</time><speed>0.890</speed><sat>22</sat></trkpt>
  <trkpt lat="45.58659569" lon="2.78421409"><ele>992.582</ele><time>2026-09-23T12:58:07Z</time><speed>0.890</speed><sat>21</sat></trkpt>
  <trkpt lat="45.58658824" lon="2.78424637"><ele>995.061</ele><time>2026-09-23T12:58:10Z</time><speed>0.960</speed><sat>20</sat></trkpt>
  <trkpt lat="45.58656895" lon="2.78426802"><ele>994.890</ele><time>2026-09-23T12:58:13Z</time><speed>0.790</speed><sat>22</sat></trkpt>
  <trkpt lat="45.58656284" lon="2.78426813"><ele>994.393</ele><time>2026-09-23T12:58:16Z</time><speed>0.000</speed><sat>24</sat></trkpt>
  <trkpt lat="45.58654644" lon="2.78425357"><ele>994.266</ele><time>2026-09-23T12:58:19Z</time><speed>2.350</speed><sat>24</sat></trkpt>
  <trkpt lat="45.58653757" lon="2.78423606"><ele>994.291</ele><time>2026-09-23T12:58:22Z</time><speed>0.000</speed><sat>25</sat></trkpt>
  <trkpt lat="45.58653381" lon="2.78422779"><ele>994.254</ele><time>2026-09-23T12:58:25Z</time><speed>0.000</speed><sat>25</sat></trkpt>
  <trkpt lat="45.58653048" lon="2.78422040"><ele>994.375</ele><time>2026-09-23T12:58:30Z</time><speed>0.000</speed><sat>25</sat></trkpt>
  <trkpt lat="45.58652919" lon="2.78421703"><ele>994.462</ele><time>2026-09-23T12:58:33Z</time><speed>0.000</speed><sat>25</sat></trkpt>
  <trkpt lat="45.58652817" lon="2.78421385"><ele>994.669</ele><time>2026-09-23T12:58:36Z</time><speed>0.000</speed><sat>25</sat></trkpt>
  <trkpt lat="45.58652724" lon="2.78421191"><ele>994.710</ele><time>2026-09-23T12:58:39Z</time><speed>0.000</speed><sat>26</sat></trkpt>
  <trkpt lat="45.58652632" lon="2.78420990"><ele>994.702</ele><time>2026-09-23T12:58:42Z</time><speed>0.000</speed><sat>23</sat></trkpt>
  <trkpt lat="45.58652561" lon="2.78420845"><ele>994.701</ele><time>2026-09-23T12:58:45Z</time><speed>0.000</speed><sat>23</sat></trkpt>
  <trkpt lat="45.58652494" lon="2.78420689"><ele>994.773</ele><time>2026-09-23T12:58:48Z</time><speed>0.000</speed><sat>24</sat></trkpt>
  <trkpt lat="45.58652436" lon="2.78420580"><ele>994.825</ele><time>2026-09-23T12:58:51Z</time><speed>0.000</speed><sat>23</sat></trkpt>
  <trkpt lat="45.58652381" lon="2.78420484"><ele>994.890</ele><time>2026-09-23T12:58:54Z</time><speed>0.000</speed><sat>22</sat></trkpt>
  <trkpt lat="45.58652767" lon="2.78421026"><ele>996.079</ele><time>2026-09-23T12:58:57Z</time><speed>0.360</speed><sat>20</sat></trkpt>
  <trkpt lat="45.58652953" lon="2.78421085"><ele>996.174</ele><time>2026-09-23T12:59:00Z</time><speed>0.000</speed><sat>24</sat></trkpt>
  <trkpt lat="45.58652967" lon="2.78421094"><ele>996.211</ele><time>2026-09-23T12:59:03Z</time><speed>0.000</speed><sat>26</sat></trkpt>
  <trkpt lat="45.58653020" lon="2.78421118"><ele>996.204</ele><time>2026-09-23T12:59:06Z</time><speed>0.000</speed><sat>26</sat></trkpt>
  <trkpt lat="45.58653078" lon="2.78421150"><ele>996.277</ele><time>2026-09-23T12:59:09Z</time><speed>0.000</speed><sat>27</sat></trkpt>
  <trkpt lat="45.58653524" lon="2.78421367"><ele>996.439</ele><time>2026-09-23T12:59:12Z</time><speed>0.170</speed><sat>24</sat></trkpt>
  <trkpt lat="45.58654117" lon="2.78422152"><ele>996.050</ele><time>2026-09-23T12:59:15Z</time><speed>0.280</speed><sat>25</sat></trkpt>
  <trkpt lat="45.58655787" lon="2.78422770"><ele>997.348</ele><time>2026-09-23T12:59:18Z</time><speed>0.000</speed><sat>26</sat></trkpt>
  <trkpt lat="45.58655990" lon="2.78422836"><ele>997.461</ele><time>2026-09-23T12:59:21Z</time><speed>0.000</speed><sat>26</sat></trkpt>
  <trkpt lat="45.58656009" lon="2.78422856"><ele>997.466</ele><time>2026-09-23T12:59:24Z</time><speed>0.000</speed><sat>26</sat></trkpt>
  <trkpt lat="45.58655913" lon="2.78422955"><ele>997.360</ele><time>2026-09-23T12:59:27Z</time><speed>0.000</speed><sat>25</sat></trkpt>
  <trkpt lat="45.58655819" lon="2.78423164"><ele>997.260</ele><time>2026-09-23T12:59:30Z</time><speed>0.000</speed><sat>25</sat></trkpt>
  <trkpt lat="45.58655785" lon="2.78423142"><ele>997.275</ele><time>2026-09-23T12:59:33Z</time><speed>0.000</speed><sat>25</sat></trkpt>
  <trkpt lat="45.58655752" lon="2.78423146"><ele>997.259</ele><time>2026-09-23T12:59:36Z</time><speed>0.000</speed><sat>25</sat></trkpt>
  <trkpt lat="45.58655747" lon="2.78423262"><ele>997.213</ele><time>2026-09-23T12:59:39Z</time><speed>0.000</speed><sat>25</sat></trkpt>
  <trkpt lat="45.58655754" lon="2.78423352"><ele>997.180</ele><time>2026-09-23T12:59:42Z</time><speed>0.000</speed><sat>24</sat></trkpt>
  <trkpt lat="45.58655646" lon="2.78423432"><ele>997.061</ele><time>2026-09-23T12:59:45Z</time><speed>0.000</speed><sat>26</sat></trkpt>
  <trkpt lat="45.58655475" lon="2.78423423"><ele>997.009</ele><time>2026-09-23T12:59:48Z</time><speed>0.000</speed><sat>26</sat></trkpt>
  <trkpt lat="45.58655420" lon="2.78423408"><ele>996.984</ele><time>2026-09-23T12:59:51Z</time><speed>0.000</speed><sat>25</sat></trkpt>
  <trkpt lat="45.58655416" lon="2.78423413"><ele>996.995</ele><time>2026-09-23T12:59:54Z</time><speed>0.000</speed><sat>25</sat></trkpt>
  <trkpt lat="45.58655410" lon="2.78423420"><ele>997.005</ele><time>2026-09-23T12:59:57Z</time><speed>0.000</speed><sat>26</sat></trkpt>
  <trkpt lat="45.58655366" lon="2.78423411"><ele>996.993</ele><time>2026-09-23T13:00:00Z</time><speed>0.000</speed><sat>25</sat></trkpt>
  <trkpt lat="45.58655361" lon="2.78423490"><ele>997.081</ele><time>2026-09-23T13:00:03Z</time><speed>0.000</speed><sat>24</sat></trkpt>
  <trkpt lat="45.58655346" lon="2.78423540"><ele>997.136</ele><time>2026-09-23T13:00:06Z</time><speed>0.000</speed><sat>23</sat></trkpt>
  <trkpt lat="45.58655317" lon="2.78423615"><ele>997.175</ele><time>2026-09-23T13:00:09Z</time><speed>0.000</speed><sat>22</sat></trkpt>
  <trkpt lat="45.58655319" lon="2.78423644"><ele>997.199</ele><time>2026-09-23T13:00:12Z</time><speed>0.000</speed><sat>25</sat></trkpt>
  <trkpt lat="45.58655335" lon="2.78423683"><ele>997.182</ele><time>2026-09-23T13:00:15Z</time><speed>0.000</speed><sat>24</sat></trkpt>
  <trkpt lat="45.58655618" lon="2.78424145"><ele>997.094</ele><time>2026-09-23T13:00:18Z</time><speed>0.000</speed><sat>25</sat></trkpt>
  <trkpt lat="45.58655545" lon="2.78424221"><ele>997.703</ele><time>2026-09-23T13:00:21Z</time><speed>0.000</speed><sat>26</sat></trkpt>
  <trkpt lat="45.58655189" lon="2.78423904"><ele>997.783</ele><time>2026-09-23T13:00:24Z</time><speed>0.280</speed><sat>25</sat></trkpt>
  <trkpt lat="45.58655623" lon="2.78424360"><ele>997.897</ele><time>2026-09-23T13:00:27Z</time><speed>0.000</speed><sat>24</sat></trkpt>
  <trkpt lat="45.58655520" lon="2.78424115"><ele>997.818</ele><time>2026-09-23T13:00:30Z</time><speed>0.000</speed><sat>25</sat></trkpt>
  <trkpt lat="45.58655519" lon="2.78424157"><ele>997.779</ele><time>2026-09-23T13:00:33Z</time><speed>0.000</speed><sat>25</sat></trkpt>
  <trkpt lat="45.58655837" lon="2.78424593"><ele>997.926</ele><time>2026-09-23T13:00:36Z</time><speed>0.000</speed><sat>23</sat></trkpt>
  <trkpt lat="45.58655839" lon="2.78424613"><ele>997.891</ele><time>2026-09-23T13:00:39Z</time><speed>0.000</speed><sat>23</sat></trkpt>
  <trkpt lat="45.58656091" lon="2.78423992"><ele>997.682</ele><time>2026-09-23T13:00:42Z</time><speed>0.000</speed><sat>24</sat></trkpt>
  <trkpt lat="45.58656107" lon="2.78423876"><ele>997.606</ele><time>2026-09-23T13:00:45Z</time><speed>0.000</speed><sat>24</sat></trkpt>
  <trkpt lat="45.58656118" lon="2.78423852"><ele>997.568</ele><time>2026-09-23T13:00:48Z</time><speed>0.000</speed><sat>23</sat></trkpt>
  <trkpt lat="45.58656129" lon="2.78423829"><ele>997.544</ele><time>2026-09-23T13:00:51Z</time><speed>0.000</speed><sat>21</sat></trkpt>
  <trkpt lat="45.58656128" lon="2.78423819"><ele>997.578</ele><time>2026-09-23T13:00:54Z</time><speed>0.000</speed><sat>20</sat></trkpt>
  <trkpt lat="45.58656129" lon="2.78423814"><ele>997.586</ele><time>2026-09-23T13:00:57Z</time><speed>0.000</speed><sat>23</sat></trkpt>
  <trkpt lat="45.58656128" lon="2.78423814"><ele>997.603</ele><time>2026-09-23T13:01:00Z</time><speed>0.000</speed><sat>23</sat></trkpt>
  <trkpt lat="45.58655800" lon="2.78423968"><ele>997.666</ele><time>2026-09-23T13:01:03Z</time><speed>0.580</speed><sat>22</sat></trkpt>
  <trkpt lat="45.58656045" lon="2.78425820"><ele>997.264</ele><time>2026-09-23T13:01:06Z</time><speed>0.340</speed><sat>24</sat></trkpt>
  <trkpt lat="45.58656604" lon="2.78427080"><ele>997.734</ele><time>2026-09-23T13:01:09Z</time><speed>0.000</speed><sat>25</sat></trkpt>
  <trkpt lat="45.58657442" lon="2.78428810"><ele>998.012</ele><time>2026-09-23T13:01:12Z</time><speed>0.450</speed><sat>26</sat></trkpt>
  <trkpt lat="45.58657550" lon="2.78428197"><ele>997.414</ele><time>2026-09-23T13:01:15Z</time><speed>0.000</speed><sat>25</sat></trkpt>
  <trkpt lat="45.58657523" lon="2.78428235"><ele>997.417</ele><time>2026-09-23T13:01:18Z</time><speed>0.000</speed><sat>25</sat></trkpt>
  <trkpt lat="45.58657518" lon="2.78428241"><ele>997.414</ele><time>2026-09-23T13:01:21Z</time><speed>0.000</speed><sat>23</sat></trkpt>
  <trkpt lat="45.58657410" lon="2.78428508"><ele>996.925</ele><time>2026-09-23T13:01:24Z</time><speed>0.000</speed><sat>22</sat></trkpt>
  <trkpt lat="45.58657357" lon="2.78428575"><ele>996.876</ele><time>2026-09-23T13:01:27Z</time><speed>0.000</speed><sat>25</sat></trkpt>
  <trkpt lat="45.58657366" lon="2.78428573"><ele>996.887</ele><time>2026-09-23T13:01:30Z</time><speed>0.000</speed><sat>25</sat></trkpt>
  <trkpt lat="45.58657365" lon="2.78428576"><ele>996.893</ele><time>2026-09-23T13:01:33Z</time><speed>0.000</speed><sat>24</sat></trkpt>
  <trkpt lat="45.58657361" lon="2.78428572"><ele>996.894</ele><time>2026-09-23T13:01:36Z</time><speed>0.000</speed><sat>26</sat></trkpt>
  <trkpt lat="45.58657373" lon="2.78428555"><ele>996.920</ele><time>2026-09-23T13:01:39Z</time><speed>0.000</speed><sat>26</sat></trkpt>
  <trkpt lat="45.58657385" lon="2.78428505"><ele>996.926</ele><time>2026-09-23T13:01:42Z</time><speed>0.000</speed><sat>24</sat></trkpt>
  <trkpt lat="45.58657377" lon="2.78428509"><ele>996.935</ele><time>2026-09-23T13:01:45Z</time><speed>0.000</speed><sat>24</sat></trkpt>
  <trkpt lat="45.58657375" lon="2.78428505"><ele>996.948</ele><time>2026-09-23T13:01:48Z</time><speed>0.000</speed><sat>24</sat></trkpt>
  <trkpt lat="45.58657328" lon="2.78428549"><ele>996.929</ele><time>2026-09-23T13:01:51Z</time><speed>0.000</speed><sat>27</sat></trkpt>
  <trkpt lat="45.58657251" lon="2.78428570"><ele>996.918</ele><time>2026-09-23T13:01:54Z</time><speed>0.000</speed><sat>26</sat></trkpt>
  <trkpt lat="45.58657224" lon="2.78428585"><ele>996.925</ele><time>2026-09-23T13:01:57Z</time><speed>0.000</speed><sat>27</sat></trkpt>
  <trkpt lat="45.58657147" lon="2.78428684"><ele>996.858</ele><time>2026-09-23T13:02:00Z</time><speed>0.000</speed><sat>27</sat></trkpt>
  <trkpt lat="45.58657124" lon="2.78428723"><ele>996.819</ele><time>2026-09-23T13:02:03Z</time><speed>0.000</speed><sat>25</sat></trkpt>
  <trkpt lat="45.58657134" lon="2.78428746"><ele>996.781</ele><time>2026-09-23T13:02:06Z</time><speed>0.000</speed><sat>26</sat></trkpt>
  <trkpt lat="45.58657136" lon="2.78428756"><ele>996.778</ele><time>2026-09-23T13:02:09Z</time><speed>0.000</speed><sat>27</sat></trkpt>
  <trkpt lat="45.58656976" lon="2.78428723"><ele>996.566</ele><time>2026-09-23T13:02:12Z</time><speed>0.000</speed><sat>26</sat></trkpt>
  <trkpt lat="45.58656442" lon="2.78428871"><ele>996.688</ele><time>2026-09-23T13:02:15Z</time><speed>0.000</speed><sat>27</sat></trkpt>
  <trkpt lat="45.58656437" lon="2.78428878"><ele>996.697</ele><time>2026-09-23T13:02:18Z</time><speed>0.000</speed><sat>26</sat></trkpt>
  <trkpt lat="45.58656437" lon="2.78428882"><ele>996.706</ele><time>2026-09-23T13:02:21Z</time><speed>0.000</speed><sat>24</sat></trkpt>
  <trkpt lat="45.58656608" lon="2.78429291"><ele>996.835</ele><time>2026-09-23T13:02:24Z</time><speed>0.170</speed><sat>22</sat></trkpt>
  <trkpt lat="45.58656748" lon="2.78429769"><ele>996.721</ele><time>2026-09-23T13:02:27Z</time><speed>0.000</speed><sat>24</sat></trkpt>
  <trkpt lat="45.58656758" lon="2.78429759"><ele>996.716</ele><time>2026-09-23T13:02:30Z</time><speed>0.000</speed><sat>27</sat></trkpt>
  <trkpt lat="45.58656760" lon="2.78429733"><ele>996.691</ele><time>2026-09-23T13:02:33Z</time><speed>0.000</speed><sat>27</sat></trkpt>
  <trkpt lat="45.58656919" lon="2.78429674"><ele>996.472</ele><time>2026-09-23T13:02:36Z</time><speed>0.000</speed><sat>25</sat></trkpt>
  <trkpt lat="45.58656928" lon="2.78429646"><ele>996.466</ele><time>2026-09-23T13:02:39Z</time><speed>0.000</speed><sat>24</sat></trkpt>
  <trkpt lat="45.58656933" lon="2.78429634"><ele>996.456</ele><time>2026-09-23T13:02:42Z</time><speed>0.000</speed><sat>23</sat></trkpt>
  <trkpt lat="45.58656941" lon="2.78429616"><ele>996.450</ele><time>2026-09-23T13:02:45Z</time><speed>0.000</speed><sat>22</sat></trkpt>
  <trkpt lat="45.58657047" lon="2.78431413"><ele>996.303</ele><time>2026-09-23T13:02:48Z</time><speed>1.000</speed><sat>26</sat></trkpt>
  <trkpt lat="45.58657379" lon="2.78434509"><ele>995.808</ele><time>2026-09-23T13:02:51Z</time><speed>0.270</speed><sat>28</sat></trkpt>
  <trkpt lat="45.58658056" lon="2.78435275"><ele>995.750</ele><time>2026-09-23T13:02:54Z</time><speed>0.000</speed><sat>26</sat></trkpt>
  <trkpt lat="45.58659062" lon="2.78437977"><ele>996.812</ele><time>2026-09-23T13:02:57Z</time><speed>0.000</speed><sat>24</sat></trkpt>
  <trkpt lat="45.58659637" lon="2.78438858"><ele>996.384</ele><time>2026-09-23T13:03:00Z</time><speed>0.370</speed><sat>23</sat></trkpt>
  <trkpt lat="45.58660425" lon="2.78439163"><ele>996.317</ele><time>2026-09-23T13:03:03Z</time><speed>0.000</speed><sat>24</sat></trkpt>
  <trkpt lat="45.58661372" lon="2.78440164"><ele>995.649</ele><time>2026-09-23T13:03:06Z</time><speed>0.290</speed><sat>25</sat></trkpt>
  <trkpt lat="45.58661794" lon="2.78443577"><ele>996.036</ele><time>2026-09-23T13:03:09Z</time><speed>0.600</speed><sat>23</sat></trkpt>
  <trkpt lat="45.58662145" lon="2.78445819"><ele>996.119</ele><time>2026-09-23T13:03:12Z</time><speed>0.810</speed><sat>19</sat></trkpt>
  <trkpt lat="45.58662670" lon="2.78449582"><ele>996.708</ele><time>2026-09-23T13:03:15Z</time><speed>0.870</speed><sat>25</sat></trkpt>
  <trkpt lat="45.58662220" lon="2.78453162"><ele>996.353</ele><time>2026-09-23T13:03:18Z</time><speed>0.850</speed><sat>25</sat></trkpt>
  <trkpt lat="45.58663533" lon="2.78457177"><ele>996.926</ele><time>2026-09-23T13:03:21Z</time><speed>0.910</speed><sat>24</sat></trkpt>
  <trkpt lat="45.58664262" lon="2.78460455"><ele>997.673</ele><time>2026-09-23T13:03:24Z</time><speed>0.870</speed><sat>23</sat></trkpt>
  <trkpt lat="45.58665320" lon="2.78463375"><ele>1000.973</ele><time>2026-09-23T13:03:27Z</time><speed>0.970</speed><sat>23</sat></trkpt>
  <trkpt lat="45.58665765" lon="2.78463802"><ele>1001.156</ele><time>2026-09-23T13:03:30Z</time><speed>1.240</speed><sat>24</sat></trkpt>
  <trkpt lat="45.58667019" lon="2.78464325"><ele>999.066</ele><time>2026-09-23T13:03:33Z</time><speed>0.000</speed><sat>23</sat></trkpt>
  <trkpt lat="45.58667091" lon="2.78464140"><ele>998.957</ele><time>2026-09-23T13:03:36Z</time><speed>0.000</speed><sat>25</sat></trkpt>
  <trkpt lat="45.58667125" lon="2.78463881"><ele>998.745</ele><time>2026-09-23T13:03:39Z</time><speed>0.000</speed><sat>25</sat></trkpt>
  <trkpt lat="45.58666830" lon="2.78462307"><ele>999.706</ele><time>2026-09-23T13:03:42Z</time><speed>0.410</speed><sat>22</sat></trkpt>
  <trkpt lat="45.58665755" lon="2.78460286"><ele>998.425</ele><time>2026-09-23T13:03:45Z</time><speed>0.380</speed><sat>26</sat></trkpt>
  <trkpt lat="45.58665166" lon="2.78456482"><ele>997.583</ele><time>2026-09-23T13:03:48Z</time><speed>1.400</speed><sat>26</sat></trkpt>
  <trkpt lat="45.58666695" lon="2.78451262"><ele>997.151</ele><time>2026-09-23T13:03:51Z</time><speed>1.270</speed><sat>25</sat></trkpt>
  <trkpt lat="45.58666743" lon="2.78446656"><ele>996.152</ele><time>2026-09-23T13:03:54Z</time><speed>1.210</speed><sat>24</sat></trkpt>
  <trkpt lat="45.58667560" lon="2.78444078"><ele>993.422</ele><time>2026-09-23T13:03:57Z</time><speed>1.660</speed><sat>24</sat></trkpt>
  <trkpt lat="45.58670617" lon="2.78447673"><ele>990.226</ele><time>2026-09-23T13:04:00Z</time><speed>0.680</speed><sat>28</sat></trkpt>
  <trkpt lat="45.58671652" lon="2.78449170"><ele>991.558</ele><time>2026-09-23T13:04:03Z</time><speed>0.830</speed><sat>26</sat></trkpt>
  <trkpt lat="45.58672453" lon="2.78451045"><ele>990.347</ele><time>2026-09-23T13:04:06Z</time><speed>0.790</speed><sat>27</sat></trkpt>
  <trkpt lat="45.58673485" lon="2.78453172"><ele>988.386</ele><time>2026-09-23T13:04:09Z</time><speed>0.710</speed><sat>25</sat></trkpt>
  <trkpt lat="45.58674571" lon="2.78454877"><ele>987.163</ele><time>2026-09-23T13:04:12Z</time><speed>0.840</speed><sat>25</sat></trkpt>
  <trkpt lat="45.58675472" lon="2.78457561"><ele>987.976</ele><time>2026-09-23T13:04:15Z</time><speed>1.190</speed><sat>26</sat></trkpt>
  <trkpt lat="45.58676615" lon="2.78459872"><ele>989.000</ele><time>2026-09-23T13:04:18Z</time><speed>0.990</speed><sat>25</sat></trkpt>
  <trkpt lat="45.58677289" lon="2.78463474"><ele>990.288</ele><time>2026-09-23T13:04:21Z</time><speed>1.040</speed><sat>26</sat></trkpt>
  <trkpt lat="45.58679130" lon="2.78465337"><ele>990.212</ele><time>2026-09-23T13:04:24Z</time><speed>2.310</speed><sat>25</sat></trkpt>
  <trkpt lat="45.58679171" lon="2.78464356"><ele>989.366</ele><time>2026-09-23T13:04:27Z</time><speed>0.000</speed><sat>25</sat></trkpt>
  <trkpt lat="45.58682922" lon="2.78462739"><ele>989.727</ele><time>2026-09-23T13:04:30Z</time><speed>3.650</speed><sat>25</sat></trkpt>
  <trkpt lat="45.58683733" lon="2.78459763"><ele>991.677</ele><time>2026-09-23T13:04:33Z</time><speed>0.570</speed><sat>24</sat></trkpt>
  <trkpt lat="45.58683170" lon="2.78456241"><ele>991.084</ele><time>2026-09-23T13:04:36Z</time><speed>0.920</speed><sat>23</sat></trkpt>
  <trkpt lat="45.58682027" lon="2.78452473"><ele>989.537</ele><time>2026-09-23T13:04:39Z</time><speed>1.340</speed><sat>22</sat></trkpt>
  <trkpt lat="45.58681320" lon="2.78448755"><ele>990.456</ele><time>2026-09-23T13:04:42Z</time><speed>1.100</speed><sat>22</sat></trkpt>
  <trkpt lat="45.58681076" lon="2.78446218"><ele>988.708</ele><time>2026-09-23T13:04:45Z</time><speed>0.760</speed><sat>22</sat></trkpt>
  <trkpt lat="45.58683580" lon="2.78445179"><ele>986.013</ele><time>2026-09-23T13:04:48Z</time><speed>1.050</speed><sat>23</sat></trkpt>
  <trkpt lat="45.58685753" lon="2.78447424"><ele>983.412</ele><time>2026-09-23T13:04:51Z</time><speed>2.280</speed><sat>25</sat></trkpt>
  <trkpt lat="45.58683412" lon="2.78453078"><ele>987.440</ele><time>2026-09-23T13:04:54Z</time><speed>0.620</speed><sat>23</sat></trkpt>
  <trkpt lat="45.58683313" lon="2.78455388"><ele>988.096</ele><time>2026-09-23T13:04:57Z</time><speed>0.490</speed><sat>24</sat></trkpt>
  <trkpt lat="45.58683067" lon="2.78459897"><ele>988.836</ele><time>2026-09-23T13:05:00Z</time><speed>1.100</speed><sat>24</sat></trkpt>
  <trkpt lat="45.58682418" lon="2.78462325"><ele>990.430</ele><time>2026-09-23T13:05:03Z</time><speed>0.390</speed><sat>22</sat></trkpt>
  <trkpt lat="45.58683147" lon="2.78463502"><ele>990.092</ele><time>2026-09-23T13:05:06Z</time><speed>0.580</speed><sat>23</sat></trkpt>
  <trkpt lat="45.58684151" lon="2.78464487"><ele>987.685</ele><time>2026-09-23T13:05:09Z</time><speed>0.230</speed><sat>23</sat></trkpt>
  <trkpt lat="45.58684685" lon="2.78463470"><ele>985.313</ele><time>2026-09-23T13:05:12Z</time><speed>0.280</speed><sat>22</sat></trkpt>
  <trkpt lat="45.58684607" lon="2.78463951"><ele>986.264</ele><time>2026-09-23T13:05:15Z</time><speed>0.000</speed><sat>23</sat></trkpt>
  <trkpt lat="45.58685561" lon="2.78464445"><ele>988.077</ele><time>2026-09-23T13:05:18Z</time><speed>0.000</speed><sat>25</sat></trkpt>
  <trkpt lat="45.58685644" lon="2.78464414"><ele>988.020</ele><time>2026-09-23T13:05:21Z</time><speed>0.000</speed><sat>25</sat></trkpt>
  <trkpt lat="45.58685777" lon="2.78464409"><ele>987.840</ele><time>2026-09-23T13:05:24Z</time><speed>0.000</speed><sat>22</sat></trkpt>
  <trkpt lat="45.58690776" lon="2.78467795"><ele>987.934</ele><time>2026-09-23T13:05:27Z</time><speed>2.930</speed><sat>23</sat></trkpt>
  <trkpt lat="45.58692885" lon="2.78468418"><ele>988.198</ele><time>2026-09-23T13:05:30Z</time><speed>1.220</speed><sat>26</sat></trkpt>
  <trkpt lat="45.58695805" lon="2.78470293"><ele>986.336</ele><time>2026-09-23T13:05:33Z</time><speed>1.220</speed><sat>26</sat></trkpt>
  <trkpt lat="45.58698168" lon="2.78470573"><ele>988.014</ele><time>2026-09-23T13:05:36Z</time><speed>1.350</speed><sat>21</sat></trkpt>
  <trkpt lat="45.58699836" lon="2.78471690"><ele>988.478</ele><time>2026-09-23T13:05:39Z</time><speed>1.020</speed><sat>22</sat></trkpt>
  <trkpt lat="45.58700709" lon="2.78474401"><ele>990.021</ele><time>2026-09-23T13:05:42Z</time><speed>1.550</speed><sat>22</sat></trkpt>
  <trkpt lat="45.58701395" lon="2.78473853"><ele>989.622</ele><time>2026-09-23T13:05:45Z</time><speed>0.000</speed><sat>22</sat></trkpt>
  <trkpt lat="45.58701076" lon="2.78473641"><ele>989.560</ele><time>2026-09-23T13:05:48Z</time><speed>0.000</speed><sat>23</sat></trkpt>
  <trkpt lat="45.58700950" lon="2.78473303"><ele>987.849</ele><time>2026-09-23T13:05:51Z</time><speed>0.000</speed><sat>22</sat></trkpt>
  <trkpt lat="45.58700688" lon="2.78473054"><ele>987.554</ele><time>2026-09-23T13:05:54Z</time><speed>0.220</speed><sat>20</sat></trkpt>
  <trkpt lat="45.58699507" lon="2.78473172"><ele>986.799</ele><time>2026-09-23T13:05:57Z</time><speed>0.000</speed><sat>19</sat></trkpt>
  <trkpt lat="45.58699424" lon="2.78473165"><ele>986.750</ele><time>2026-09-23T13:06:00Z</time><speed>0.000</speed><sat>23</sat></trkpt>
  <trkpt lat="45.58699490" lon="2.78472943"><ele>986.510</ele><time>2026-09-23T13:06:03Z</time><speed>0.000</speed><sat>22</sat></trkpt>
  <trkpt lat="45.58699744" lon="2.78472710"><ele>985.728</ele><time>2026-09-23T13:06:06Z</time><speed>0.000</speed><sat>22</sat></trkpt>
  <trkpt lat="45.58699330" lon="2.78470998"><ele>986.793</ele><time>2026-09-23T13:06:09Z</time><speed>0.300</speed><sat>21</sat></trkpt>
  <trkpt lat="45.58698721" lon="2.78470796"><ele>986.510</ele><time>2026-09-23T13:06:12Z</time><speed>0.000</speed><sat>22</sat></trkpt>
  <trkpt lat="45.58698383" lon="2.78470605"><ele>986.623</ele><time>2026-09-23T13:06:15Z</time><speed>0.170</speed><sat>23</sat></trkpt>
  <trkpt lat="45.58698192" lon="2.78470218"><ele>986.721</ele><time>2026-09-23T13:06:18Z</time><speed>0.000</speed><sat>23</sat></trkpt>
  <trkpt lat="45.58697853" lon="2.78469971"><ele>986.950</ele><time>2026-09-23T13:06:21Z</time><speed>0.000</speed><sat>22</sat></trkpt>
  <trkpt lat="45.58697225" lon="2.78469547"><ele>987.426</ele><time>2026-09-23T13:06:24Z</time><speed>0.230</speed><sat>21</sat></trkpt>
  <trkpt lat="45.58696698" lon="2.78468847"><ele>987.184</ele><time>2026-09-23T13:06:27Z</time><speed>0.000</speed><sat>23</sat></trkpt>
  <trkpt lat="45.58695801" lon="2.78469088"><ele>986.877</ele><time>2026-09-23T13:06:30Z</time><speed>0.000</speed><sat>25</sat></trkpt>
  <trkpt lat="45.58695632" lon="2.78468840"><ele>987.223</ele><time>2026-09-23T13:06:33Z</time><speed>0.000</speed><sat>24</sat></trkpt>
  <trkpt lat="45.58695633" lon="2.78468790"><ele>987.224</ele><time>2026-09-23T13:06:36Z</time><speed>0.000</speed><sat>23</sat></trkpt>
  <trkpt lat="45.58695629" lon="2.78468776"><ele>987.227</ele><time>2026-09-23T13:06:39Z</time><speed>0.000</speed><sat>24</sat></trkpt>
  <trkpt lat="45.58695634" lon="2.78468755"><ele>987.231</ele><time>2026-09-23T13:06:42Z</time><speed>0.000</speed><sat>24</sat></trkpt>
  <trkpt lat="45.58695285" lon="2.78468137"><ele>987.326</ele><time>2026-09-23T13:06:45Z</time><speed>0.000</speed><sat>24</sat></trkpt>
  <trkpt lat="45.58695255" lon="2.78468132"><ele>987.321</ele><time>2026-09-23T13:06:48Z</time><speed>0.000</speed><sat>26</sat></trkpt>
  <trkpt lat="45.58695248" lon="2.78468126"><ele>987.326</ele><time>2026-09-23T13:06:51Z</time><speed>0.000</speed><sat>24</sat></trkpt>
  <trkpt lat="45.58695245" lon="2.78468125"><ele>987.326</ele><time>2026-09-23T13:06:54Z</time><speed>0.000</speed><sat>24</sat></trkpt>
  <trkpt lat="45.58695244" lon="2.78468125"><ele>987.325</ele><time>2026-09-23T13:06:57Z</time><speed>0.000</speed><sat>24</sat></trkpt>
  <trkpt lat="45.58695246" lon="2.78468120"><ele>987.319</ele><time>2026-09-23T13:07:00Z</time><speed>0.000</speed><sat>22</sat></trkpt>
  <trkpt lat="45.58695245" lon="2.78468118"><ele>987.333</ele><time>2026-09-23T13:07:03Z</time><speed>0.000</speed><sat>24</sat></trkpt>
  <trkpt lat="45.58695243" lon="2.78468116"><ele>987.337</ele><time>2026-09-23T13:07:06Z</time><speed>0.000</speed><sat>26</sat></trkpt>
  <trkpt lat="45.58695239" lon="2.78468120"><ele>987.340</ele><time>2026-09-23T13:07:09Z</time><speed>0.000</speed><sat>23</sat></trkpt>
  <trkpt lat="45.58695310" lon="2.78468358"><ele>987.196</ele><time>2026-09-23T13:07:12Z</time><speed>0.000</speed><sat>19</sat></trkpt>
  <trkpt lat="45.58695291" lon="2.78468133"><ele>987.623</ele><time>2026-09-23T13:07:15Z</time><speed>0.000</speed><sat>22</sat></trkpt>
  <trkpt lat="45.58695290" lon="2.78468100"><ele>987.629</ele><time>2026-09-23T13:07:18Z</time><speed>0.000</speed><sat>21</sat></trkpt>
  <trkpt lat="45.58695286" lon="2.78468096"><ele>987.630</ele><time>2026-09-23T13:07:21Z</time><speed>0.000</speed><sat>21</sat></trkpt>
  <trkpt lat="45.58695284" lon="2.78468093"><ele>987.643</ele><time>2026-09-23T13:07:24Z</time><speed>0.000</speed><sat>20</sat></trkpt>
  <trkpt lat="45.58695275" lon="2.78468095"><ele>987.647</ele><time>2026-09-23T13:07:27Z</time><speed>0.000</speed><sat>22</sat></trkpt>
  <trkpt lat="45.58695266" lon="2.78468092"><ele>987.654</ele><time>2026-09-23T13:07:30Z</time><speed>0.000</speed><sat>24</sat></trkpt>
  <trkpt lat="45.58695261" lon="2.78468093"><ele>987.656</ele><time>2026-09-23T13:07:33Z</time><speed>0.000</speed><sat>23</sat></trkpt>
  <trkpt lat="45.58695259" lon="2.78468091"><ele>987.660</ele><time>2026-09-23T13:07:36Z</time><speed>0.000</speed><sat>23</sat></trkpt>
  <trkpt lat="45.58695256" lon="2.78468090"><ele>987.668</ele><time>2026-09-23T13:07:39Z</time><speed>0.000</speed><sat>23</sat></trkpt>
  <trkpt lat="45.58695252" lon="2.78468089"><ele>987.678</ele><time>2026-09-23T13:07:42Z</time><speed>0.000</speed><sat>23</sat></trkpt>
  <trkpt lat="45.58695242" lon="2.78468088"><ele>987.683</ele><time>2026-09-23T13:07:45Z</time><speed>0.000</speed><sat>23</sat></trkpt>
  <trkpt lat="45.58695241" lon="2.78468085"><ele>987.693</ele><time>2026-09-23T13:07:48Z</time><speed>0.000</speed><sat>21</sat></trkpt>
  <trkpt lat="45.58695241" lon="2.78468083"><ele>987.706</ele><time>2026-09-23T13:07:51Z</time><speed>0.000</speed><sat>20</sat></trkpt>
  <trkpt lat="45.58695238" lon="2.78468078"><ele>987.718</ele><time>2026-09-23T13:07:54Z</time><speed>0.000</speed><sat>22</sat></trkpt>
  <trkpt lat="45.58695235" lon="2.78468061"><ele>987.731</ele><time>2026-09-23T13:07:57Z</time><speed>0.000</speed><sat>24</sat></trkpt>
  <trkpt lat="45.58695231" lon="2.78468036"><ele>987.746</ele><time>2026-09-23T13:08:00Z</time><speed>0.000</speed><sat>24</sat></trkpt>
  <trkpt lat="45.58695395" lon="2.78468552"><ele>987.311</ele><time>2026-09-23T13:08:03Z</time><speed>0.000</speed><sat>22</sat></trkpt>
  <trkpt lat="45.58695468" lon="2.78468810"><ele>986.791</ele><time>2026-09-23T13:08:06Z</time><speed>0.000</speed><sat>23</sat></trkpt>
  <trkpt lat="45.58695480" lon="2.78468726"><ele>986.802</ele><time>2026-09-23T13:08:09Z</time><speed>0.000</speed><sat>22</sat></trkpt>
  <trkpt lat="45.58695479" lon="2.78468728"><ele>986.808</ele><time>2026-09-23T13:08:12Z</time><speed>0.000</speed><sat>25</sat></trkpt>
  <trkpt lat="45.58695469" lon="2.78468727"><ele>986.822</ele><time>2026-09-23T13:08:15Z</time><speed>0.000</speed><sat>24</sat></trkpt>
  <trkpt lat="45.58695443" lon="2.78468712"><ele>986.712</ele><time>2026-09-23T13:08:18Z</time><speed>0.000</speed><sat>23</sat></trkpt>
  <trkpt lat="45.58695441" lon="2.78468696"><ele>986.679</ele><time>2026-09-23T13:08:21Z</time><speed>0.000</speed><sat>24</sat></trkpt>
  <trkpt lat="45.58695337" lon="2.78468626"><ele>986.871</ele><time>2026-09-23T13:08:24Z</time><speed>0.000</speed><sat>24</sat></trkpt>
  <trkpt lat="45.58694713" lon="2.78467552"><ele>987.873</ele><time>2026-09-23T13:08:27Z</time><speed>0.000</speed><sat>24</sat></trkpt>
  <trkpt lat="45.58694624" lon="2.78467572"><ele>987.890</ele><time>2026-09-23T13:08:30Z</time><speed>0.000</speed><sat>25</sat></trkpt>
  <trkpt lat="45.58694245" lon="2.78467120"><ele>987.668</ele><time>2026-09-23T13:08:33Z</time><speed>0.000</speed><sat>24</sat></trkpt>
  <trkpt lat="45.58694243" lon="2.78467090"><ele>987.665</ele><time>2026-09-23T13:08:36Z</time><speed>0.000</speed><sat>23</sat></trkpt>
  <trkpt lat="45.58694159" lon="2.78467851"><ele>987.459</ele><time>2026-09-23T13:08:39Z</time><speed>0.630</speed><sat>23</sat></trkpt>
  <trkpt lat="45.58694520" lon="2.78469824"><ele>987.618</ele><time>2026-09-23T13:08:42Z</time><speed>0.690</speed><sat>22</sat></trkpt>
  <trkpt lat="45.58696798" lon="2.78473614"><ele>988.033</ele><time>2026-09-23T13:08:45Z</time><speed>1.150</speed><sat>24</sat></trkpt>
  <trkpt lat="45.58697102" lon="2.78479565"><ele>988.596</ele><time>2026-09-23T13:08:48Z</time><speed>1.200</speed><sat>24</sat></trkpt>
  <trkpt lat="45.58697074" lon="2.78483216"><ele>990.501</ele><time>2026-09-23T13:08:51Z</time><speed>0.660</speed><sat>26</sat></trkpt>
  <trkpt lat="45.58699382" lon="2.78485477"><ele>991.944</ele><time>2026-09-23T13:08:54Z</time><speed>0.940</speed><sat>24</sat></trkpt>
  <trkpt lat="45.58700412" lon="2.78489375"><ele>993.348</ele><time>2026-09-23T13:08:57Z</time><speed>1.150</speed><sat>23</sat></trkpt>
  <trkpt lat="45.58701941" lon="2.78492820"><ele>994.023</ele><time>2026-09-23T13:09:00Z</time><speed>1.050</speed><sat>20</sat></trkpt>
  <trkpt lat="45.58703573" lon="2.78495453"><ele>993.820</ele><time>2026-09-23T13:09:03Z</time><speed>1.020</speed><sat>22</sat></trkpt>
  <trkpt lat="45.58704576" lon="2.78498206"><ele>993.799</ele><time>2026-09-23T13:09:06Z</time><speed>0.920</speed><sat>23</sat></trkpt>
  <trkpt lat="45.58707007" lon="2.78501593"><ele>994.620</ele><time>2026-09-23T13:09:09Z</time><speed>0.940</speed><sat>24</sat></trkpt>
  <trkpt lat="45.58709495" lon="2.78503786"><ele>993.146</ele><time>2026-09-23T13:09:12Z</time><speed>0.910</speed><sat>24</sat></trkpt>
  <trkpt lat="45.58712195" lon="2.78506675"><ele>991.286</ele><time>2026-09-23T13:09:15Z</time><speed>1.030</speed><sat>23</sat></trkpt>
  <trkpt lat="45.58713993" lon="2.78510571"><ele>991.654</ele><time>2026-09-23T13:09:18Z</time><speed>1.090</speed><sat>25</sat></trkpt>
  <trkpt lat="45.58714333" lon="2.78514106"><ele>989.212</ele><time>2026-09-23T13:09:21Z</time><speed>0.920</speed><sat>25</sat></trkpt>
  <trkpt lat="45.58714012" lon="2.78513953"><ele>989.101</ele><time>2026-09-23T13:09:24Z</time><speed>0.000</speed><sat>25</sat></trkpt>
  <trkpt lat="45.58715258" lon="2.78515538"><ele>989.824</ele><time>2026-09-23T13:09:27Z</time><speed>0.860</speed><sat>26</sat></trkpt>
  <trkpt lat="45.58716466" lon="2.78514155"><ele>990.668</ele><time>2026-09-23T13:09:30Z</time><speed>0.000</speed><sat>26</sat></trkpt>
  <trkpt lat="45.58716364" lon="2.78512296"><ele>991.045</ele><time>2026-09-23T13:09:33Z</time><speed>0.000</speed><sat>25</sat></trkpt>
  <trkpt lat="45.58716301" lon="2.78512164"><ele>991.134</ele><time>2026-09-23T13:09:36Z</time><speed>0.000</speed><sat>25</sat></trkpt>
  <trkpt lat="45.58716331" lon="2.78512164"><ele>991.205</ele><time>2026-09-23T13:09:39Z</time><speed>0.000</speed><sat>23</sat></trkpt>
  <trkpt lat="45.58716389" lon="2.78512110"><ele>991.271</ele><time>2026-09-23T13:09:42Z</time><speed>0.000</speed><sat>23</sat></trkpt>
  <trkpt lat="45.58716415" lon="2.78512028"><ele>991.289</ele><time>2026-09-23T13:09:45Z</time><speed>0.000</speed><sat>25</sat></trkpt>
  <trkpt lat="45.58716448" lon="2.78511999"><ele>991.320</ele><time>2026-09-23T13:09:48Z</time><speed>0.000</speed><sat>25</sat></trkpt>
  <trkpt lat="45.58716472" lon="2.78511969"><ele>991.328</ele><time>2026-09-23T13:09:51Z</time><speed>0.000</speed><sat>24</sat></trkpt>
  <trkpt lat="45.58716480" lon="2.78511850"><ele>991.413</ele><time>2026-09-23T13:09:54Z</time><speed>0.000</speed><sat>23</sat></trkpt>
  <trkpt lat="45.58716500" lon="2.78511834"><ele>991.450</ele><time>2026-09-23T13:09:57Z</time><speed>0.000</speed><sat>23</sat></trkpt>
  <trkpt lat="45.58716501" lon="2.78511766"><ele>991.557</ele><time>2026-09-23T13:10:00Z</time><speed>0.000</speed><sat>23</sat></trkpt>
  <trkpt lat="45.58716498" lon="2.78511584"><ele>991.708</ele><time>2026-09-23T13:10:03Z</time><speed>0.000</speed><sat>23</sat></trkpt>
  <trkpt lat="45.58716611" lon="2.78511539"><ele>992.281</ele><time>2026-09-23T13:10:06Z</time><speed>0.000</speed><sat>22</sat></trkpt>
  <trkpt lat="45.58716618" lon="2.78512076"><ele>991.718</ele><time>2026-09-23T13:10:09Z</time><speed>0.470</speed><sat>23</sat></trkpt>
  <trkpt lat="45.58718090" lon="2.78515003"><ele>991.408</ele><time>2026-09-23T13:10:12Z</time><speed>1.020</speed><sat>25</sat></trkpt>
  <trkpt lat="45.58719779" lon="2.78516257"><ele>992.207</ele><time>2026-09-23T13:10:15Z</time><speed>0.780</speed><sat>27</sat></trkpt>
  <trkpt lat="45.58721673" lon="2.78517177"><ele>992.590</ele><time>2026-09-23T13:10:18Z</time><speed>0.860</speed><sat>26</sat></trkpt>
  <trkpt lat="45.58723436" lon="2.78518857"><ele>992.432</ele><time>2026-09-23T13:10:21Z</time><speed>1.010</speed><sat>25</sat></trkpt>
  <trkpt lat="45.58725729" lon="2.78520623"><ele>990.988</ele><time>2026-09-23T13:10:24Z</time><speed>0.910</speed><sat>26</sat></trkpt>
  <trkpt lat="45.58727480" lon="2.78521787"><ele>990.407</ele><time>2026-09-23T13:10:27Z</time><speed>0.770</speed><sat>26</sat></trkpt>
  <trkpt lat="45.58729105" lon="2.78523434"><ele>991.254</ele><time>2026-09-23T13:10:30Z</time><speed>0.720</speed><sat>25</sat></trkpt>
  <trkpt lat="45.58731472" lon="2.78524080"><ele>990.329</ele><time>2026-09-23T13:10:33Z</time><speed>0.940</speed><sat>25</sat></trkpt>
  <trkpt lat="45.58733285" lon="2.78526825"><ele>990.886</ele><time>2026-09-23T13:10:36Z</time><speed>0.850</speed><sat>26</sat></trkpt>
  <trkpt lat="45.58735018" lon="2.78528963"><ele>990.364</ele><time>2026-09-23T13:10:39Z</time><speed>0.870</speed><sat>26</sat></trkpt>
  <trkpt lat="45.58738236" lon="2.78531135"><ele>991.947</ele><time>2026-09-23T13:10:42Z</time><speed>1.030</speed><sat>22</sat></trkpt>
  <trkpt lat="45.58741243" lon="2.78533027"><ele>992.560</ele><time>2026-09-23T13:10:45Z</time><speed>1.020</speed><sat>21</sat></trkpt>
  <trkpt lat="45.58744582" lon="2.78534792"><ele>991.959</ele><time>2026-09-23T13:10:48Z</time><speed>1.050</speed><sat>22</sat></trkpt>
  <trkpt lat="45.58747285" lon="2.78536820"><ele>990.790</ele><time>2026-09-23T13:10:51Z</time><speed>1.050</speed><sat>24</sat></trkpt>
  <trkpt lat="45.58749768" lon="2.78536790"><ele>991.160</ele><time>2026-09-23T13:10:54Z</time><speed>0.950</speed><sat>25</sat></trkpt>
  <trkpt lat="45.58752825" lon="2.78537168"><ele>989.950</ele><time>2026-09-23T13:10:57Z</time><speed>0.970</speed><sat>24</sat></trkpt>
  <trkpt lat="45.58755857" lon="2.78537192"><ele>988.932</ele><time>2026-09-23T13:11:00Z</time><speed>1.070</speed><sat>19</sat></trkpt>
  <trkpt lat="45.58752687" lon="2.78536471"><ele>984.828</ele><time>2026-09-23T13:11:03Z</time><speed>1.360</speed><sat>19</sat></trkpt>
  <trkpt lat="45.58755569" lon="2.78537420"><ele>984.474</ele><time>2026-09-23T13:11:06Z</time><speed>1.250</speed><sat>19</sat></trkpt>
  <trkpt lat="45.58758035" lon="2.78541312"><ele>984.888</ele><time>2026-09-23T13:11:09Z</time><speed>1.060</speed><sat>19</sat></trkpt>
  <trkpt lat="45.58759829" lon="2.78543679"><ele>983.525</ele><time>2026-09-23T13:11:12Z</time><speed>0.910</speed><sat>18</sat></trkpt>
  <trkpt lat="45.58761859" lon="2.78545591"><ele>984.140</ele><time>2026-09-23T13:11:15Z</time><speed>1.320</speed><sat>18</sat></trkpt>
  <trkpt lat="45.58763457" lon="2.78546997"><ele>985.222</ele><time>2026-09-23T13:11:18Z</time><speed>0.710</speed><sat>18</sat></trkpt>
  <trkpt lat="45.58762249" lon="2.78544125"><ele>982.449</ele><time>2026-09-23T13:11:21Z</time><speed>0.000</speed><sat>18</sat></trkpt>
  <trkpt lat="45.58764926" lon="2.78546500"><ele>982.567</ele><time>2026-09-23T13:11:24Z</time><speed>0.680</speed><sat>19</sat></trkpt>
  <trkpt lat="45.58766207" lon="2.78550412"><ele>982.565</ele><time>2026-09-23T13:11:27Z</time><speed>1.040</speed><sat>19</sat></trkpt>
  <trkpt lat="45.58766217" lon="2.78554832"><ele>983.114</ele><time>2026-09-23T13:11:30Z</time><speed>1.070</speed><sat>19</sat></trkpt>
  <trkpt lat="45.58767397" lon="2.78559401"><ele>983.543</ele><time>2026-09-23T13:11:33Z</time><speed>1.030</speed><sat>19</sat></trkpt>
  <trkpt lat="45.58768403" lon="2.78563414"><ele>984.188</ele><time>2026-09-23T13:11:36Z</time><speed>0.960</speed><sat>19</sat></trkpt>
  <trkpt lat="45.58768967" lon="2.78567334"><ele>985.107</ele><time>2026-09-23T13:11:39Z</time><speed>1.060</speed><sat>21</sat></trkpt>
  <trkpt lat="45.58769766" lon="2.78571252"><ele>986.060</ele><time>2026-09-23T13:11:42Z</time><speed>0.930</speed><sat>20</sat></trkpt>
  <trkpt lat="45.58770013" lon="2.78574807"><ele>986.416</ele><time>2026-09-23T13:11:45Z</time><speed>0.980</speed><sat>21</sat></trkpt>
  <trkpt lat="45.58769922" lon="2.78579501"><ele>987.745</ele><time>2026-09-23T13:11:48Z</time><speed>1.130</speed><sat>22</sat></trkpt>
  <trkpt lat="45.58769928" lon="2.78585586"><ele>989.032</ele><time>2026-09-23T13:11:51Z</time><speed>1.370</speed><sat>21</sat></trkpt>
  <trkpt lat="45.58769465" lon="2.78590959"><ele>989.488</ele><time>2026-09-23T13:11:54Z</time><speed>1.250</speed><sat>22</sat></trkpt>
  <trkpt lat="45.58768654" lon="2.78594313"><ele>988.877</ele><time>2026-09-23T13:11:57Z</time><speed>0.960</speed><sat>22</sat></trkpt>
  <trkpt lat="45.58768662" lon="2.78596955"><ele>989.455</ele><time>2026-09-23T13:12:00Z</time><speed>0.730</speed><sat>20</sat></trkpt>
  <trkpt lat="45.58767945" lon="2.78599030"><ele>988.106</ele><time>2026-09-23T13:12:03Z</time><speed>0.770</speed><sat>19</sat></trkpt>
  <trkpt lat="45.58767166" lon="2.78601707"><ele>987.631</ele><time>2026-09-23T13:12:06Z</time><speed>0.760</speed><sat>20</sat></trkpt>
  <trkpt lat="45.58765975" lon="2.78604925"><ele>987.437</ele><time>2026-09-23T13:12:09Z</time><speed>0.830</speed><sat>21</sat></trkpt>
  <trkpt lat="45.58764952" lon="2.78608267"><ele>986.934</ele><time>2026-09-23T13:12:12Z</time><speed>0.850</speed><sat>21</sat></trkpt>
  <trkpt lat="45.58763701" lon="2.78611222"><ele>986.180</ele><time>2026-09-23T13:12:15Z</time><speed>0.810</speed><sat>19</sat></trkpt>
  <trkpt lat="45.58762925" lon="2.78615052"><ele>985.555</ele><time>2026-09-23T13:12:18Z</time><speed>0.870</speed><sat>19</sat></trkpt>
  <trkpt lat="45.58762315" lon="2.78619063"><ele>983.757</ele><time>2026-09-23T13:12:21Z</time><speed>0.950</speed><sat>18</sat></trkpt>
  <trkpt lat="45.58761550" lon="2.78623499"><ele>985.599</ele><time>2026-09-23T13:12:24Z</time><speed>0.950</speed><sat>19</sat></trkpt>
  <trkpt lat="45.58760278" lon="2.78628005"><ele>986.494</ele><time>2026-09-23T13:12:27Z</time><speed>1.080</speed><sat>19</sat></trkpt>
  <trkpt lat="45.58759427" lon="2.78632568"><ele>985.341</ele><time>2026-09-23T13:12:30Z</time><speed>1.070</speed><sat>18</sat></trkpt>
  <trkpt lat="45.58758155" lon="2.78637697"><ele>983.590</ele><time>2026-09-23T13:12:33Z</time><speed>1.140</speed><sat>19</sat></trkpt>
  <trkpt lat="45.58757045" lon="2.78642995"><ele>983.603</ele><time>2026-09-23T13:12:36Z</time><speed>1.170</speed><sat>19</sat></trkpt>
  <trkpt lat="45.58755716" lon="2.78648079"><ele>984.087</ele><time>2026-09-23T13:12:39Z</time><speed>1.230</speed><sat>19</sat></trkpt>
  <trkpt lat="45.58754853" lon="2.78653851"><ele>985.012</ele><time>2026-09-23T13:12:42Z</time><speed>1.220</speed><sat>19</sat></trkpt>
  <trkpt lat="45.58752924" lon="2.78659327"><ele>986.717</ele><time>2026-09-23T13:12:45Z</time><speed>1.310</speed><sat>19</sat></trkpt>
  <trkpt lat="45.58751274" lon="2.78664405"><ele>986.696</ele><time>2026-09-23T13:12:48Z</time><speed>1.170</speed><sat>19</sat></trkpt>
  <trkpt lat="45.58749038" lon="2.78668047"><ele>987.517</ele><time>2026-09-23T13:12:51Z</time><speed>1.100</speed><sat>19</sat></trkpt>
  <trkpt lat="45.58746997" lon="2.78671303"><ele>987.609</ele><time>2026-09-23T13:12:54Z</time><speed>1.150</speed><sat>21</sat></trkpt>
  <trkpt lat="45.58745468" lon="2.78674615"><ele>988.473</ele><time>2026-09-23T13:12:57Z</time><speed>1.150</speed><sat>21</sat></trkpt>
  <trkpt lat="45.58743134" lon="2.78677510"><ele>988.182</ele><time>2026-09-23T13:13:00Z</time><speed>1.210</speed><sat>21</sat></trkpt>
  <trkpt lat="45.58740387" lon="2.78680134"><ele>988.992</ele><time>2026-09-23T13:13:03Z</time><speed>1.210</speed><sat>21</sat></trkpt>
  <trkpt lat="45.58737856" lon="2.78683604"><ele>988.828</ele><time>2026-09-23T13:13:06Z</time><speed>1.290</speed><sat>20</sat></trkpt>
  <trkpt lat="45.58734907" lon="2.78686177"><ele>989.245</ele><time>2026-09-23T13:13:09Z</time><speed>1.200</speed><sat>21</sat></trkpt>
  <trkpt lat="45.58735329" lon="2.78690980"><ele>988.722</ele><time>2026-09-23T13:13:12Z</time><speed>2.860</speed><sat>22</sat></trkpt>
  <trkpt lat="45.58738429" lon="2.78688993"><ele>987.861</ele><time>2026-09-23T13:13:15Z</time><speed>0.000</speed><sat>23</sat></trkpt>
  <trkpt lat="45.58738465" lon="2.78688701"><ele>987.984</ele><time>2026-09-23T13:13:18Z</time><speed>0.000</speed><sat>21</sat></trkpt>
  <trkpt lat="45.58738522" lon="2.78688660"><ele>987.908</ele><time>2026-09-23T13:13:21Z</time><speed>0.000</speed><sat>18</sat></trkpt>
  <trkpt lat="45.58738485" lon="2.78688516"><ele>987.954</ele><time>2026-09-23T13:13:24Z</time><speed>0.000</speed><sat>18</sat></trkpt>
  <trkpt lat="45.58737954" lon="2.78688811"><ele>987.953</ele><time>2026-09-23T13:13:27Z</time><speed>0.000</speed><sat>19</sat></trkpt>
  <trkpt lat="45.58737752" lon="2.78689018"><ele>988.000</ele><time>2026-09-23T13:13:30Z</time><speed>0.000</speed><sat>22</sat></trkpt>
  <trkpt lat="45.58737776" lon="2.78689046"><ele>987.999</ele><time>2026-09-23T13:13:33Z</time><speed>0.000</speed><sat>21</sat></trkpt>
  <trkpt lat="45.58737949" lon="2.78689153"><ele>988.058</ele><time>2026-09-23T13:13:36Z</time><speed>0.000</speed><sat>20</sat></trkpt>
  <trkpt lat="45.58737914" lon="2.78689154"><ele>988.082</ele><time>2026-09-23T13:13:39Z</time><speed>0.000</speed><sat>20</sat></trkpt>
  <trkpt lat="45.58735698" lon="2.78687521"><ele>988.969</ele><time>2026-09-23T13:13:42Z</time><speed>3.370</speed><sat>20</sat></trkpt>
  <trkpt lat="45.58732858" lon="2.78693816"><ele>987.006</ele><time>2026-09-23T13:13:45Z</time><speed>1.160</speed><sat>20</sat></trkpt>
  <trkpt lat="45.58731990" lon="2.78695016"><ele>987.855</ele><time>2026-09-23T13:13:48Z</time><speed>0.530</speed><sat>21</sat></trkpt>
  <trkpt lat="45.58730224" lon="2.78697827"><ele>988.026</ele><time>2026-09-23T13:13:51Z</time><speed>0.810</speed><sat>19</sat></trkpt>
  <trkpt lat="45.58728028" lon="2.78701195"><ele>987.934</ele><time>2026-09-23T13:13:54Z</time><speed>1.600</speed><sat>22</sat></trkpt>
  <trkpt lat="45.58725215" lon="2.78704532"><ele>987.906</ele><time>2026-09-23T13:13:57Z</time><speed>1.020</speed><sat>22</sat></trkpt>
  <trkpt lat="45.58722580" lon="2.78706714"><ele>987.643</ele><time>2026-09-23T13:14:00Z</time><speed>0.920</speed><sat>20</sat></trkpt>
  <trkpt lat="45.58720751" lon="2.78709480"><ele>988.161</ele><time>2026-09-23T13:14:03Z</time><speed>0.920</speed><sat>23</sat></trkpt>
  <trkpt lat="45.58718674" lon="2.78712859"><ele>988.663</ele><time>2026-09-23T13:14:06Z</time><speed>1.070</speed><sat>22</sat></trkpt>
  <trkpt lat="45.58716984" lon="2.78716333"><ele>992.571</ele><time>2026-09-23T13:14:09Z</time><speed>1.040</speed><sat>21</sat></trkpt>
  <trkpt lat="45.58715015" lon="2.78718178"><ele>991.795</ele><time>2026-09-23T13:14:12Z</time><speed>0.000</speed><sat>22</sat></trkpt>
  <trkpt lat="45.58712931" lon="2.78723167"><ele>991.590</ele><time>2026-09-23T13:14:15Z</time><speed>0.920</speed><sat>22</sat></trkpt>
  <trkpt lat="45.58709968" lon="2.78726987"><ele>991.596</ele><time>2026-09-23T13:14:18Z</time><speed>1.390</speed><sat>22</sat></trkpt>
  <trkpt lat="45.58707953" lon="2.78731519"><ele>992.594</ele><time>2026-09-23T13:14:21Z</time><speed>1.290</speed><sat>22</sat></trkpt>
  <trkpt lat="45.58707049" lon="2.78736197"><ele>992.489</ele><time>2026-09-23T13:14:24Z</time><speed>1.130</speed><sat>22</sat></trkpt>
  <trkpt lat="45.58708549" lon="2.78733684"><ele>987.744</ele><time>2026-09-23T13:14:27Z</time><speed>1.220</speed><sat>21</sat></trkpt>
  <trkpt lat="45.58705644" lon="2.78738365"><ele>989.321</ele><time>2026-09-23T13:14:30Z</time><speed>1.220</speed><sat>22</sat></trkpt>
  <trkpt lat="45.58703339" lon="2.78742861"><ele>990.346</ele><time>2026-09-23T13:14:33Z</time><speed>1.180</speed><sat>23</sat></trkpt>
  <trkpt lat="45.58698373" lon="2.78749132"><ele>991.048</ele><time>2026-09-23T13:14:36Z</time><speed>2.430</speed><sat>24</sat></trkpt>
  <trkpt lat="45.58696413" lon="2.78752802"><ele>991.955</ele><time>2026-09-23T13:14:39Z</time><speed>1.150</speed><sat>23</sat></trkpt>
  <trkpt lat="45.58694425" lon="2.78754326"><ele>991.411</ele><time>2026-09-23T13:14:42Z</time><speed>1.090</speed><sat>22</sat></trkpt>
  <trkpt lat="45.58694988" lon="2.78751096"><ele>989.432</ele><time>2026-09-23T13:14:45Z</time><speed>0.000</speed><sat>22</sat></trkpt>
  <trkpt lat="45.58695053" lon="2.78751291"><ele>989.023</ele><time>2026-09-23T13:14:48Z</time><speed>0.260</speed><sat>24</sat></trkpt>
  <trkpt lat="45.58690999" lon="2.78752944"><ele>987.809</ele><time>2026-09-23T13:14:51Z</time><speed>0.850</speed><sat>23</sat></trkpt>
  <trkpt lat="45.58690712" lon="2.78753228"><ele>988.484</ele><time>2026-09-23T13:14:54Z</time><speed>0.000</speed><sat>23</sat></trkpt>
  <trkpt lat="45.58691006" lon="2.78753142"><ele>988.526</ele><time>2026-09-23T13:14:57Z</time><speed>0.000</speed><sat>24</sat></trkpt>
  <trkpt lat="45.58691006" lon="2.78753160"><ele>988.564</ele><time>2026-09-23T13:15:00Z</time><speed>0.000</speed><sat>24</sat></trkpt>
  <trkpt lat="45.58691004" lon="2.78753173"><ele>988.589</ele><time>2026-09-23T13:15:03Z</time><speed>0.000</speed><sat>22</sat></trkpt>
  <trkpt lat="45.58690767" lon="2.78753640"><ele>987.933</ele><time>2026-09-23T13:15:06Z</time><speed>0.450</speed><sat>23</sat></trkpt>
  <trkpt lat="45.58688110" lon="2.78755804"><ele>987.760</ele><time>2026-09-23T13:15:09Z</time><speed>1.140</speed><sat>22</sat></trkpt>
  <trkpt lat="45.58686587" lon="2.78760174"><ele>988.176</ele><time>2026-09-23T13:15:12Z</time><speed>0.910</speed><sat>23</sat></trkpt>
  <trkpt lat="45.58685180" lon="2.78764955"><ele>987.238</ele><time>2026-09-23T13:15:15Z</time><speed>1.040</speed><sat>24</sat></trkpt>
  <trkpt lat="45.58684515" lon="2.78769805"><ele>986.295</ele><time>2026-09-23T13:15:18Z</time><speed>1.080</speed><sat>24</sat></trkpt>
  <trkpt lat="45.58684174" lon="2.78774158"><ele>987.396</ele><time>2026-09-23T13:15:21Z</time><speed>1.090</speed><sat>23</sat></trkpt>
  <trkpt lat="45.58684481" lon="2.78780104"><ele>989.118</ele><time>2026-09-23T13:15:24Z</time><speed>1.160</speed><sat>21</sat></trkpt>
  <trkpt lat="45.58684743" lon="2.78787699"><ele>990.672</ele><time>2026-09-23T13:15:27Z</time><speed>1.320</speed><sat>21</sat></trkpt>
  <trkpt lat="45.58684866" lon="2.78794279"><ele>992.600</ele><time>2026-09-23T13:15:30Z</time><speed>0.980</speed><sat>23</sat></trkpt>
  <trkpt lat="45.58684671" lon="2.78799825"><ele>993.664</ele><time>2026-09-23T13:15:33Z</time><speed>0.950</speed><sat>23</sat></trkpt>
  <trkpt lat="45.58684847" lon="2.78806151"><ele>996.323</ele><time>2026-09-23T13:15:36Z</time><speed>1.160</speed><sat>24</sat></trkpt>
  <trkpt lat="45.58685298" lon="2.78811514"><ele>995.786</ele><time>2026-09-23T13:15:39Z</time><speed>1.240</speed><sat>25</sat></trkpt>
  <trkpt lat="45.58685103" lon="2.78815923"><ele>995.979</ele><time>2026-09-23T13:15:42Z</time><speed>1.120</speed><sat>25</sat></trkpt>
  <trkpt lat="45.58685500" lon="2.78820843"><ele>995.330</ele><time>2026-09-23T13:15:45Z</time><speed>1.180</speed><sat>25</sat></trkpt>
  <trkpt lat="45.58685786" lon="2.78825474"><ele>996.038</ele><time>2026-09-23T13:15:48Z</time><speed>1.090</speed><sat>24</sat></trkpt>
  <trkpt lat="45.58685597" lon="2.78829773"><ele>996.051</ele><time>2026-09-23T13:15:51Z</time><speed>1.070</speed><sat>25</sat></trkpt>
  <trkpt lat="45.58685256" lon="2.78834276"><ele>995.948</ele><time>2026-09-23T13:15:54Z</time><speed>1.140</speed><sat>25</sat></trkpt>
  <trkpt lat="45.58685306" lon="2.78839005"><ele>995.921</ele><time>2026-09-23T13:15:57Z</time><speed>1.130</speed><sat>25</sat></trkpt>
  <trkpt lat="45.58685516" lon="2.78842383"><ele>995.386</ele><time>2026-09-23T13:16:00Z</time><speed>1.020</speed><sat>25</sat></trkpt>
  <trkpt lat="45.58686422" lon="2.78846585"><ele>995.878</ele><time>2026-09-23T13:16:03Z</time><speed>1.020</speed><sat>25</sat></trkpt>
  <trkpt lat="45.58686119" lon="2.78850930"><ele>996.218</ele><time>2026-09-23T13:16:06Z</time><speed>1.120</speed><sat>25</sat></trkpt>
  <trkpt lat="45.58685248" lon="2.78855542"><ele>995.976</ele><time>2026-09-23T13:16:09Z</time><speed>1.110</speed><sat>25</sat></trkpt>
  <trkpt lat="45.58685046" lon="2.78860099"><ele>995.032</ele><time>2026-09-23T13:16:12Z</time><speed>1.010</speed><sat>25</sat></trkpt>
  <trkpt lat="45.58684709" lon="2.78864657"><ele>995.690</ele><time>2026-09-23T13:16:15Z</time><speed>1.110</speed><sat>26</sat></trkpt>
  <trkpt lat="45.58684242" lon="2.78868861"><ele>996.354</ele><time>2026-09-23T13:16:18Z</time><speed>1.000</speed><sat>25</sat></trkpt>
  <trkpt lat="45.58683609" lon="2.78872853"><ele>996.278</ele><time>2026-09-23T13:16:21Z</time><speed>1.090</speed><sat>25</sat></trkpt>
  <trkpt lat="45.58683002" lon="2.78877146"><ele>996.805</ele><time>2026-09-23T13:16:24Z</time><speed>1.140</speed><sat>24</sat></trkpt>
  <trkpt lat="45.58683313" lon="2.78881564"><ele>997.552</ele><time>2026-09-23T13:16:27Z</time><speed>1.080</speed><sat>22</sat></trkpt>
  <trkpt lat="45.58683634" lon="2.78886484"><ele>997.677</ele><time>2026-09-23T13:16:30Z</time><speed>1.180</speed><sat>23</sat></trkpt>
  <trkpt lat="45.58684073" lon="2.78891287"><ele>998.230</ele><time>2026-09-23T13:16:33Z</time><speed>1.170</speed><sat>23</sat></trkpt>
  <trkpt lat="45.58684498" lon="2.78896099"><ele>998.829</ele><time>2026-09-23T13:16:36Z</time><speed>1.180</speed><sat>23</sat></trkpt>
  <trkpt lat="45.58685400" lon="2.78900432"><ele>999.276</ele><time>2026-09-23T13:16:39Z</time><speed>1.020</speed><sat>22</sat></trkpt>
  <trkpt lat="45.58686163" lon="2.78904561"><ele>998.286</ele><time>2026-09-23T13:16:42Z</time><speed>1.300</speed><sat>26</sat></trkpt>
  <trkpt lat="45.58687097" lon="2.78908563"><ele>996.720</ele><time>2026-09-23T13:16:45Z</time><speed>1.170</speed><sat>26</sat></trkpt>
  <trkpt lat="45.58688273" lon="2.78912777"><ele>995.633</ele><time>2026-09-23T13:16:48Z</time><speed>1.020</speed><sat>25</sat></trkpt>
  <trkpt lat="45.58688885" lon="2.78920098"><ele>996.558</ele><time>2026-09-23T13:16:51Z</time><speed>1.430</speed><sat>25</sat></trkpt>
  <trkpt lat="45.58689313" lon="2.78923298"><ele>997.056</ele><time>2026-09-23T13:16:54Z</time><speed>0.840</speed><sat>26</sat></trkpt>
  <trkpt lat="45.58690798" lon="2.78927018"><ele>997.931</ele><time>2026-09-23T13:16:57Z</time><speed>0.960</speed><sat>25</sat></trkpt>
  <trkpt lat="45.58692674" lon="2.78930191"><ele>997.964</ele><time>2026-09-23T13:17:00Z</time><speed>0.960</speed><sat>26</sat></trkpt>
  <trkpt lat="45.58694440" lon="2.78932958"><ele>998.111</ele><time>2026-09-23T13:17:03Z</time><speed>1.000</speed><sat>26</sat></trkpt>
  <trkpt lat="45.58696723" lon="2.78935940"><ele>999.349</ele><time>2026-09-23T13:17:06Z</time><speed>1.090</speed><sat>26</sat></trkpt>
  <trkpt lat="45.58698365" lon="2.78939928"><ele>999.279</ele><time>2026-09-23T13:17:09Z</time><speed>1.020</speed><sat>26</sat></trkpt>
  <trkpt lat="45.58699057" lon="2.78944292"><ele>999.387</ele><time>2026-09-23T13:17:12Z</time><speed>1.130</speed><sat>26</sat></trkpt>
  <trkpt lat="45.58698784" lon="2.78948549"><ele>999.418</ele><time>2026-09-23T13:17:15Z</time><speed>1.070</speed><sat>25</sat></trkpt>
  <trkpt lat="45.58698519" lon="2.78952476"><ele>998.490</ele><time>2026-09-23T13:17:18Z</time><speed>1.030</speed><sat>26</sat></trkpt>
  <trkpt lat="45.58698575" lon="2.78956472"><ele>997.782</ele><time>2026-09-23T13:17:21Z</time><speed>1.130</speed><sat>25</sat></trkpt>
  <trkpt lat="45.58699020" lon="2.78960811"><ele>998.880</ele><time>2026-09-23T13:17:24Z</time><speed>1.240</speed><sat>25</sat></trkpt>
  <trkpt lat="45.58699314" lon="2.78962195"><ele>997.772</ele><time>2026-09-23T13:17:27Z</time><speed>1.020</speed><sat>23</sat></trkpt>
  <trkpt lat="45.58700426" lon="2.78966102"><ele>997.942</ele><time>2026-09-23T13:17:30Z</time><speed>0.920</speed><sat>24</sat></trkpt>
  <trkpt lat="45.58700731" lon="2.78970075"><ele>997.207</ele><time>2026-09-23T13:17:33Z</time><speed>0.940</speed><sat>25</sat></trkpt>
  <trkpt lat="45.58700258" lon="2.78974481"><ele>996.673</ele><time>2026-09-23T13:17:36Z</time><speed>0.910</speed><sat>28</sat></trkpt>
  <trkpt lat="45.58699111" lon="2.78978298"><ele>996.866</ele><time>2026-09-23T13:17:39Z</time><speed>0.880</speed><sat>28</sat></trkpt>
  <trkpt lat="45.58698146" lon="2.78981546"><ele>997.912</ele><time>2026-09-23T13:17:42Z</time><speed>0.860</speed><sat>27</sat></trkpt>
  <trkpt lat="45.58696792" lon="2.78985297"><ele>998.396</ele><time>2026-09-23T13:17:45Z</time><speed>0.880</speed><sat>26</sat></trkpt>
  <trkpt lat="45.58695674" lon="2.78988833"><ele>998.588</ele><time>2026-09-23T13:17:48Z</time><speed>0.910</speed><sat>27</sat></trkpt>
  <trkpt lat="45.58696004" lon="2.78992025"><ele>1000.270</ele><time>2026-09-23T13:17:51Z</time><speed>1.320</speed><sat>26</sat></trkpt>
  <trkpt lat="45.58695047" lon="2.78995285"><ele>1001.792</ele><time>2026-09-23T13:17:54Z</time><speed>0.970</speed><sat>26</sat></trkpt>
  <trkpt lat="45.58695094" lon="2.78996371"><ele>1002.163</ele><time>2026-09-23T13:17:57Z</time><speed>0.000</speed><sat>26</sat></trkpt>
  <trkpt lat="45.58695168" lon="2.78997093"><ele>1002.183</ele><time>2026-09-23T13:18:00Z</time><speed>0.000</speed><sat>27</sat></trkpt>
  <trkpt lat="45.58695080" lon="2.78996802"><ele>1002.342</ele><time>2026-09-23T13:18:03Z</time><speed>0.000</speed><sat>27</sat></trkpt>
  <trkpt lat="45.58694782" lon="2.78996517"><ele>1001.959</ele><time>2026-09-23T13:18:06Z</time><speed>0.000</speed><sat>27</sat></trkpt>
  <trkpt lat="45.58694775" lon="2.78996500"><ele>1001.974</ele><time>2026-09-23T13:18:09Z</time><speed>0.000</speed><sat>27</sat></trkpt>
  <trkpt lat="45.58694933" lon="2.78996367"><ele>1001.530</ele><time>2026-09-23T13:18:12Z</time><speed>0.220</speed><sat>23</sat></trkpt>
  <trkpt lat="45.58694900" lon="2.78996733"><ele>1001.935</ele><time>2026-09-23T13:18:15Z</time><speed>0.000</speed><sat>26</sat></trkpt>
  <trkpt lat="45.58694522" lon="2.78995938"><ele>1002.714</ele><time>2026-09-23T13:18:18Z</time><speed>0.000</speed><sat>27</sat></trkpt>
  <trkpt lat="45.58694600" lon="2.78995224"><ele>1003.464</ele><time>2026-09-23T13:18:21Z</time><speed>0.000</speed><sat>27</sat></trkpt>
  <trkpt lat="45.58694595" lon="2.78995183"><ele>1003.479</ele><time>2026-09-23T13:18:24Z</time><speed>0.000</speed><sat>26</sat></trkpt>
  <trkpt lat="45.58694739" lon="2.78995331"><ele>1003.275</ele><time>2026-09-23T13:18:27Z</time><speed>0.000</speed><sat>25</sat></trkpt>
  <trkpt lat="45.58694647" lon="2.78995205"><ele>1003.777</ele><time>2026-09-23T13:18:30Z</time><speed>0.000</speed><sat>26</sat></trkpt>
  <trkpt lat="45.58694640" lon="2.78995224"><ele>1003.778</ele><time>2026-09-23T13:18:33Z</time><speed>0.000</speed><sat>27</sat></trkpt>
  <trkpt lat="45.58694440" lon="2.78995398"><ele>1003.695</ele><time>2026-09-23T13:18:36Z</time><speed>0.450</speed><sat>25</sat></trkpt>
  <trkpt lat="45.58695027" lon="2.78997995"><ele>1004.223</ele><time>2026-09-23T13:18:39Z</time><speed>0.660</speed><sat>26</sat></trkpt>
  <trkpt lat="45.58694915" lon="2.78998882"><ele>1004.184</ele><time>2026-09-23T13:18:42Z</time><speed>0.000</speed><sat>26</sat></trkpt>
  <trkpt lat="45.58694902" lon="2.78998913"><ele>1004.167</ele><time>2026-09-23T13:18:45Z</time><speed>0.000</speed><sat>25</sat></trkpt>
  <trkpt lat="45.58694885" lon="2.78999352"><ele>1004.309</ele><time>2026-09-23T13:18:48Z</time><speed>0.340</speed><sat>23</sat></trkpt>
  <trkpt lat="45.58695589" lon="2.79002306"><ele>1004.712</ele><time>2026-09-23T13:18:51Z</time><speed>0.820</speed><sat>23</sat></trkpt>
  <trkpt lat="45.58696893" lon="2.79005697"><ele>1004.996</ele><time>2026-09-23T13:18:54Z</time><speed>0.700</speed><sat>26</sat></trkpt>
  <trkpt lat="45.58698551" lon="2.79008615"><ele>1005.725</ele><time>2026-09-23T13:18:57Z</time><speed>0.750</speed><sat>26</sat></trkpt>
  <trkpt lat="45.58698800" lon="2.79010498"><ele>1007.475</ele><time>2026-09-23T13:19:00Z</time><speed>0.220</speed><sat>26</sat></trkpt>
  <trkpt lat="45.58698932" lon="2.79012298"><ele>1008.884</ele><time>2026-09-23T13:19:03Z</time><speed>0.930</speed><sat>26</sat></trkpt>
  <trkpt lat="45.58699988" lon="2.79014107"><ele>1008.997</ele><time>2026-09-23T13:19:06Z</time><speed>0.780</speed><sat>26</sat></trkpt>
  <trkpt lat="45.58700850" lon="2.79017084"><ele>1009.768</ele><time>2026-09-23T13:19:09Z</time><speed>0.820</speed><sat>24</sat></trkpt>
  <trkpt lat="45.58700873" lon="2.79019795"><ele>1009.613</ele><time>2026-09-23T13:19:12Z</time><speed>0.830</speed><sat>24</sat></trkpt>
  <trkpt lat="45.58702364" lon="2.79017142"><ele>1006.253</ele><time>2026-09-23T13:19:15Z</time><speed>0.410</speed><sat>26</sat></trkpt>
  <trkpt lat="45.58702937" lon="2.79017227"><ele>1006.808</ele><time>2026-09-23T13:19:18Z</time><speed>0.240</speed><sat>27</sat></trkpt>
  <trkpt lat="45.58703297" lon="2.79021578"><ele>1005.605</ele><time>2026-09-23T13:19:21Z</time><speed>1.000</speed><sat>27</sat></trkpt>
  <trkpt lat="45.58704405" lon="2.79022789"><ele>1005.501</ele><time>2026-09-23T13:19:24Z</time><speed>0.670</speed><sat>24</sat></trkpt>
  <trkpt lat="45.58704157" lon="2.79025407"><ele>1004.058</ele><time>2026-09-23T13:19:27Z</time><speed>0.710</speed><sat>26</sat></trkpt>
  <trkpt lat="45.58704623" lon="2.79029500"><ele>1003.577</ele><time>2026-09-23T13:19:30Z</time><speed>0.900</speed><sat>26</sat></trkpt>
  <trkpt lat="45.58704785" lon="2.79034036"><ele>1001.872</ele><time>2026-09-23T13:19:33Z</time><speed>0.950</speed><sat>27</sat></trkpt>
  <trkpt lat="45.58705279" lon="2.79037492"><ele>1002.199</ele><time>2026-09-23T13:19:36Z</time><speed>0.900</speed><sat>25</sat></trkpt>
  <trkpt lat="45.58706442" lon="2.79041721"><ele>1002.786</ele><time>2026-09-23T13:19:39Z</time><speed>1.000</speed><sat>25</sat></trkpt>
  <trkpt lat="45.58707937" lon="2.79045009"><ele>1003.315</ele><time>2026-09-23T13:19:42Z</time><speed>0.980</speed><sat>25</sat></trkpt>
  <trkpt lat="45.58709443" lon="2.79048119"><ele>1004.138</ele><time>2026-09-23T13:19:45Z</time><speed>0.930</speed><sat>26</sat></trkpt>
  <trkpt lat="45.58711146" lon="2.79050159"><ele>1004.030</ele><time>2026-09-23T13:19:48Z</time><speed>0.890</speed><sat>26</sat></trkpt>
  <trkpt lat="45.58713314" lon="2.79050435"><ele>1003.391</ele><time>2026-09-23T13:19:51Z</time><speed>0.770</speed><sat>24</sat></trkpt>
  <trkpt lat="45.58714726" lon="2.79052178"><ele>1001.974</ele><time>2026-09-23T13:19:54Z</time><speed>0.760</speed><sat>25</sat></trkpt>
  <trkpt lat="45.58716201" lon="2.79053205"><ele>1001.870</ele><time>2026-09-23T13:19:57Z</time><speed>0.720</speed><sat>26</sat></trkpt>
  <trkpt lat="45.58717348" lon="2.79051751"><ele>1003.883</ele><time>2026-09-23T13:20:00Z</time><speed>0.950</speed><sat>26</sat></trkpt>
  <trkpt lat="45.58718435" lon="2.79047326"><ele>1004.168</ele><time>2026-09-23T13:20:03Z</time><speed>2.470</speed><sat>25</sat></trkpt>
  <trkpt lat="45.58718259" lon="2.79046724"><ele>1004.430</ele><time>2026-09-23T13:20:06Z</time><speed>0.000</speed><sat>26</sat></trkpt>
  <trkpt lat="45.58719497" lon="2.79048407"><ele>1003.208</ele><time>2026-09-23T13:20:09Z</time><speed>0.900</speed><sat>25</sat></trkpt>
  <trkpt lat="45.58719875" lon="2.79051219"><ele>1003.402</ele><time>2026-09-23T13:20:12Z</time><speed>0.510</speed><sat>25</sat></trkpt>
  <trkpt lat="45.58721990" lon="2.79052020"><ele>1003.180</ele><time>2026-09-23T13:20:15Z</time><speed>0.630</speed><sat>25</sat></trkpt>
  <trkpt lat="45.58724048" lon="2.79053502"><ele>1003.160</ele><time>2026-09-23T13:20:18Z</time><speed>0.700</speed><sat>27</sat></trkpt>
  <trkpt lat="45.58725511" lon="2.79056633"><ele>1000.645</ele><time>2026-09-23T13:20:21Z</time><speed>0.680</speed><sat>27</sat></trkpt>
  <trkpt lat="45.58727349" lon="2.79060741"><ele>1000.953</ele><time>2026-09-23T13:20:24Z</time><speed>1.020</speed><sat>25</sat></trkpt>
  <trkpt lat="45.58728886" lon="2.79064749"><ele>1000.772</ele><time>2026-09-23T13:20:27Z</time><speed>0.960</speed><sat>24</sat></trkpt>
  <trkpt lat="45.58730314" lon="2.79069426"><ele>999.908</ele><time>2026-09-23T13:20:30Z</time><speed>0.860</speed><sat>25</sat></trkpt>
  <trkpt lat="45.58731707" lon="2.79072718"><ele>1000.917</ele><time>2026-09-23T13:20:33Z</time><speed>0.870</speed><sat>25</sat></trkpt>
  <trkpt lat="45.58733359" lon="2.79078114"><ele>1000.585</ele><time>2026-09-23T13:20:36Z</time><speed>1.190</speed><sat>25</sat></trkpt>
  <trkpt lat="45.58735826" lon="2.79082344"><ele>1000.150</ele><time>2026-09-23T13:20:39Z</time><speed>1.210</speed><sat>23</sat></trkpt>
  <trkpt lat="45.58737815" lon="2.79086539"><ele>1001.068</ele><time>2026-09-23T13:20:42Z</time><speed>1.070</speed><sat>24</sat></trkpt>
  <trkpt lat="45.58739515" lon="2.79090542"><ele>1002.995</ele><time>2026-09-23T13:20:45Z</time><speed>1.110</speed><sat>24</sat></trkpt>
  <trkpt lat="45.58741507" lon="2.79093623"><ele>1002.340</ele><time>2026-09-23T13:20:48Z</time><speed>0.970</speed><sat>25</sat></trkpt>
  <trkpt lat="45.58741272" lon="2.79094926"><ele>1002.061</ele><time>2026-09-23T13:20:51Z</time><speed>1.150</speed><sat>22</sat></trkpt>
  <trkpt lat="45.58741670" lon="2.79097479"><ele>1002.004</ele><time>2026-09-23T13:20:54Z</time><speed>0.940</speed><sat>22</sat></trkpt>
  <trkpt lat="45.58743338" lon="2.79100075"><ele>1001.253</ele><time>2026-09-23T13:20:57Z</time><speed>0.820</speed><sat>22</sat></trkpt>
  <trkpt lat="45.58745063" lon="2.79102708"><ele>1000.358</ele><time>2026-09-23T13:21:00Z</time><speed>0.770</speed><sat>22</sat></trkpt>
  <trkpt lat="45.58745362" lon="2.79106672"><ele>1002.293</ele><time>2026-09-23T13:21:03Z</time><speed>0.760</speed><sat>21</sat></trkpt>
  <trkpt lat="45.58745092" lon="2.79105927"><ele>999.070</ele><time>2026-09-23T13:21:06Z</time><speed>0.950</speed><sat>19</sat></trkpt>
  <trkpt lat="45.58744140" lon="2.79109203"><ele>1001.447</ele><time>2026-09-23T13:21:09Z</time><speed>0.710</speed><sat>21</sat></trkpt>
  <trkpt lat="45.58743925" lon="2.79109629"><ele>1001.718</ele><time>2026-09-23T13:21:12Z</time><speed>0.000</speed><sat>21</sat></trkpt>
  <trkpt lat="45.58743154" lon="2.79111350"><ele>1002.185</ele><time>2026-09-23T13:21:15Z</time><speed>0.750</speed><sat>21</sat></trkpt>
  <trkpt lat="45.58742277" lon="2.79115516"><ele>1003.264</ele><time>2026-09-23T13:21:18Z</time><speed>0.860</speed><sat>21</sat></trkpt>
  <trkpt lat="45.58741870" lon="2.79118195"><ele>1002.958</ele><time>2026-09-23T13:21:21Z</time><speed>0.660</speed><sat>22</sat></trkpt>
  <trkpt lat="45.58741440" lon="2.79120122"><ele>1005.614</ele><time>2026-09-23T13:21:24Z</time><speed>0.610</speed><sat>19</sat></trkpt>
  <trkpt lat="45.58741162" lon="2.79120622"><ele>1005.279</ele><time>2026-09-23T13:21:27Z</time><speed>0.150</speed><sat>21</sat></trkpt>
  <trkpt lat="45.58741144" lon="2.79119875"><ele>1005.335</ele><time>2026-09-23T13:21:30Z</time><speed>0.000</speed><sat>22</sat></trkpt>
  <trkpt lat="45.58741151" lon="2.79119834"><ele>1005.325</ele><time>2026-09-23T13:21:33Z</time><speed>0.000</speed><sat>23</sat></trkpt>
  <trkpt lat="45.58741131" lon="2.79119690"><ele>1005.375</ele><time>2026-09-23T13:21:36Z</time><speed>0.000</speed><sat>20</sat></trkpt>
  <trkpt lat="45.58741104" lon="2.79119561"><ele>1005.451</ele><time>2026-09-23T13:21:39Z</time><speed>0.000</speed><sat>18</sat></trkpt>
  <trkpt lat="45.58741069" lon="2.79119400"><ele>1005.481</ele><time>2026-09-23T13:21:42Z</time><speed>0.000</speed><sat>20</sat></trkpt>
  <trkpt lat="45.58741074" lon="2.79119391"><ele>1005.453</ele><time>2026-09-23T13:21:45Z</time><speed>0.000</speed><sat>20</sat></trkpt>
  <trkpt lat="45.58741074" lon="2.79119398"><ele>1005.462</ele><time>2026-09-23T13:21:48Z</time><speed>0.000</speed><sat>20</sat></trkpt>
  <trkpt lat="45.58741015" lon="2.79119298"><ele>1005.080</ele><time>2026-09-23T13:21:51Z</time><speed>0.000</speed><sat>19</sat></trkpt>
  <trkpt lat="45.58741016" lon="2.79119109"><ele>1005.058</ele><time>2026-09-23T13:21:54Z</time><speed>0.000</speed><sat>20</sat></trkpt>
  <trkpt lat="45.58741054" lon="2.79118976"><ele>1004.995</ele><time>2026-09-23T13:21:57Z</time><speed>0.000</speed><sat>19</sat></trkpt>
  <trkpt lat="45.58740912" lon="2.79118766"><ele>1005.042</ele><time>2026-09-23T13:22:00Z</time><speed>0.180</speed><sat>22</sat></trkpt>
  <trkpt lat="45.58740849" lon="2.79118583"><ele>1005.075</ele><time>2026-09-23T13:22:03Z</time><speed>0.000</speed><sat>23</sat></trkpt>
  <trkpt lat="45.58740844" lon="2.79118557"><ele>1005.086</ele><time>2026-09-23T13:22:06Z</time><speed>0.000</speed><sat>22</sat></trkpt>
  <trkpt lat="45.58740835" lon="2.79118488"><ele>1005.134</ele><time>2026-09-23T13:22:09Z</time><speed>0.000</speed><sat>20</sat></trkpt>
  <trkpt lat="45.58740862" lon="2.79118411"><ele>1005.047</ele><time>2026-09-23T13:22:12Z</time><speed>0.000</speed><sat>22</sat></trkpt>
  <trkpt lat="45.58740869" lon="2.79118444"><ele>1005.000</ele><time>2026-09-23T13:22:15Z</time><speed>0.000</speed><sat>23</sat></trkpt>
  <trkpt lat="45.58740219" lon="2.79119579"><ele>1006.043</ele><time>2026-09-23T13:22:18Z</time><speed>0.630</speed><sat>23</sat></trkpt>
  <trkpt lat="45.58737967" lon="2.79118833"><ele>1005.049</ele><time>2026-09-23T13:22:21Z</time><speed>0.000</speed><sat>22</sat></trkpt>
  <trkpt lat="45.58737167" lon="2.79118065"><ele>1005.040</ele><time>2026-09-23T13:22:24Z</time><speed>0.000</speed><sat>25</sat></trkpt>
  <trkpt lat="45.58737097" lon="2.79117951"><ele>1005.031</ele><time>2026-09-23T13:22:27Z</time><speed>0.000</speed><sat>23</sat></trkpt>
  <trkpt lat="45.58737226" lon="2.79117995"><ele>1004.828</ele><time>2026-09-23T13:22:30Z</time><speed>0.000</speed><sat>19</sat></trkpt>
  <trkpt lat="45.58737288" lon="2.79118084"><ele>1004.838</ele><time>2026-09-23T13:22:33Z</time><speed>0.000</speed><sat>19</sat></trkpt>
  <trkpt lat="45.58737295" lon="2.79118085"><ele>1004.835</ele><time>2026-09-23T13:22:36Z</time><speed>0.000</speed><sat>21</sat></trkpt>
  <trkpt lat="45.58737306" lon="2.79118096"><ele>1004.834</ele><time>2026-09-23T13:22:39Z</time><speed>0.000</speed><sat>18</sat></trkpt>
  <trkpt lat="45.58737315" lon="2.79118109"><ele>1004.845</ele><time>2026-09-23T13:22:42Z</time><speed>0.000</speed><sat>18</sat></trkpt>
  <trkpt lat="45.58737324" lon="2.79118127"><ele>1004.848</ele><time>2026-09-23T13:22:45Z</time><speed>0.000</speed><sat>20</sat></trkpt>
  <trkpt lat="45.58737341" lon="2.79118152"><ele>1004.837</ele><time>2026-09-23T13:22:48Z</time><speed>0.000</speed><sat>17</sat></trkpt>
  <trkpt lat="45.58737358" lon="2.79118171"><ele>1004.827</ele><time>2026-09-23T13:22:51Z</time><speed>0.000</speed><sat>16</sat></trkpt>
  <trkpt lat="45.58737373" lon="2.79118186"><ele>1004.812</ele><time>2026-09-23T13:22:54Z</time><speed>0.000</speed><sat>16</sat></trkpt>
  <trkpt lat="45.58737387" lon="2.79118210"><ele>1004.802</ele><time>2026-09-23T13:22:57Z</time><speed>0.000</speed><sat>17</sat></trkpt>
  <trkpt lat="45.58737210" lon="2.79118958"><ele>1004.189</ele><time>2026-09-23T13:23:00Z</time><speed>0.210</speed><sat>18</sat></trkpt>
  <trkpt lat="45.58736159" lon="2.79121105"><ele>1002.216</ele><time>2026-09-23T13:23:03Z</time><speed>0.860</speed><sat>20</sat></trkpt>
  <trkpt lat="45.58736557" lon="2.79123252"><ele>1003.482</ele><time>2026-09-23T13:23:06Z</time><speed>0.000</speed><sat>23</sat></trkpt>
  <trkpt lat="45.58736815" lon="2.79123449"><ele>1003.468</ele><time>2026-09-23T13:23:09Z</time><speed>0.000</speed><sat>23</sat></trkpt>
  <trkpt lat="45.58736956" lon="2.79123603"><ele>1004.123</ele><time>2026-09-23T13:23:12Z</time><speed>0.000</speed><sat>23</sat></trkpt>
  <trkpt lat="45.58736971" lon="2.79123654"><ele>1004.131</ele><time>2026-09-23T13:23:15Z</time><speed>0.000</speed><sat>25</sat></trkpt>
  <trkpt lat="45.58736974" lon="2.79123672"><ele>1004.142</ele><time>2026-09-23T13:23:18Z</time><speed>0.000</speed><sat>23</sat></trkpt>
  <trkpt lat="45.58736914" lon="2.79123807"><ele>1004.212</ele><time>2026-09-23T13:23:21Z</time><speed>0.000</speed><sat>20</sat></trkpt>
  <trkpt lat="45.58737251" lon="2.79124079"><ele>1004.490</ele><time>2026-09-23T13:23:24Z</time><speed>0.000</speed><sat>21</sat></trkpt>
  <trkpt lat="45.58737216" lon="2.79124051"><ele>1004.622</ele><time>2026-09-23T13:23:27Z</time><speed>0.000</speed><sat>24</sat></trkpt>
  <trkpt lat="45.58737209" lon="2.79123982"><ele>1004.715</ele><time>2026-09-23T13:23:30Z</time><speed>0.000</speed><sat>25</sat></trkpt>
  <trkpt lat="45.58737183" lon="2.79123928"><ele>1004.883</ele><time>2026-09-23T13:23:33Z</time><speed>0.000</speed><sat>23</sat></trkpt>
  <trkpt lat="45.58737156" lon="2.79124016"><ele>1004.874</ele><time>2026-09-23T13:23:36Z</time><speed>0.000</speed><sat>20</sat></trkpt>
  <trkpt lat="45.58737156" lon="2.79124134"><ele>1004.839</ele><time>2026-09-23T13:23:39Z</time><speed>0.000</speed><sat>24</sat></trkpt>
  <trkpt lat="45.58737414" lon="2.79123720"><ele>1005.405</ele><time>2026-09-23T13:23:42Z</time><speed>0.340</speed><sat>25</sat></trkpt>
  <trkpt lat="45.58737393" lon="2.79123523"><ele>1005.534</ele><time>2026-09-23T13:23:45Z</time><speed>0.000</speed><sat>25</sat></trkpt>
  <trkpt lat="45.58738049" lon="2.79123908"><ele>1004.539</ele><time>2026-09-23T13:23:48Z</time><speed>0.000</speed><sat>25</sat></trkpt>
  <trkpt lat="45.58738123" lon="2.79123963"><ele>1004.870</ele><time>2026-09-23T13:23:51Z</time><speed>0.000</speed><sat>22</sat></trkpt>
  <trkpt lat="45.58738672" lon="2.79123687"><ele>1005.088</ele><time>2026-09-23T13:23:54Z</time><speed>0.000</speed><sat>23</sat></trkpt>
  <trkpt lat="45.58738681" lon="2.79123706"><ele>1005.073</ele><time>2026-09-23T13:23:57Z</time><speed>0.000</speed><sat>22</sat></trkpt>
  <trkpt lat="45.58738964" lon="2.79123946"><ele>1004.885</ele><time>2026-09-23T13:24:00Z</time><speed>0.000</speed><sat>20</sat></trkpt>
  <trkpt lat="45.58739015" lon="2.79124224"><ele>1004.713</ele><time>2026-09-23T13:24:03Z</time><speed>0.000</speed><sat>21</sat></trkpt>
  <trkpt lat="45.58739280" lon="2.79122963"><ele>1004.608</ele><time>2026-09-23T13:24:06Z</time><speed>0.180</speed><sat>21</sat></trkpt>
  <trkpt lat="45.58739541" lon="2.79122666"><ele>1004.527</ele><time>2026-09-23T13:24:09Z</time><speed>0.220</speed><sat>24</sat></trkpt>
  <trkpt lat="45.58738393" lon="2.79122418"><ele>1005.206</ele><time>2026-09-23T13:24:12Z</time><speed>0.460</speed><sat>23</sat></trkpt>
  <trkpt lat="45.58738230" lon="2.79122821"><ele>1005.630</ele><time>2026-09-23T13:24:15Z</time><speed>0.000</speed><sat>24</sat></trkpt>
  <trkpt lat="45.58738240" lon="2.79122815"><ele>1005.646</ele><time>2026-09-23T13:24:18Z</time><speed>0.000</speed><sat>26</sat></trkpt>
  <trkpt lat="45.58738229" lon="2.79122804"><ele>1005.655</ele><time>2026-09-23T13:24:21Z</time><speed>0.000</speed><sat>24</sat></trkpt>
  <trkpt lat="45.58738206" lon="2.79122782"><ele>1005.667</ele><time>2026-09-23T13:24:24Z</time><speed>0.000</speed><sat>25</sat></trkpt>
  <trkpt lat="45.58738012" lon="2.79122552"><ele>1005.985</ele><time>2026-09-23T13:24:27Z</time><speed>0.000</speed><sat>25</sat></trkpt>
  <trkpt lat="45.58738011" lon="2.79122522"><ele>1005.984</ele><time>2026-09-23T13:24:30Z</time><speed>0.000</speed><sat>25</sat></trkpt>
  <trkpt lat="45.58737943" lon="2.79122545"><ele>1006.186</ele><time>2026-09-23T13:24:33Z</time><speed>0.000</speed><sat>24</sat></trkpt>
  <trkpt lat="45.58737925" lon="2.79122628"><ele>1006.172</ele><time>2026-09-23T13:24:36Z</time><speed>0.000</speed><sat>24</sat></trkpt>
  <trkpt lat="45.58737971" lon="2.79122610"><ele>1006.173</ele><time>2026-09-23T13:24:39Z</time><speed>0.000</speed><sat>24</sat></trkpt>
  <trkpt lat="45.58738086" lon="2.79122529"><ele>1006.173</ele><time>2026-09-23T13:24:42Z</time><speed>0.000</speed><sat>22</sat></trkpt>
  <trkpt lat="45.58738171" lon="2.79122475"><ele>1006.167</ele><time>2026-09-23T13:24:45Z</time><speed>0.000</speed><sat>22</sat></trkpt>
  <trkpt lat="45.58738184" lon="2.79122473"><ele>1006.141</ele><time>2026-09-23T13:24:48Z</time><speed>0.000</speed><sat>21</sat></trkpt>
  <trkpt lat="45.58738191" lon="2.79122470"><ele>1006.111</ele><time>2026-09-23T13:24:51Z</time><speed>0.000</speed><sat>19</sat></trkpt>
  <trkpt lat="45.58738189" lon="2.79122484"><ele>1006.095</ele><time>2026-09-23T13:24:54Z</time><speed>0.000</speed><sat>22</sat></trkpt>
  <trkpt lat="45.58738130" lon="2.79122562"><ele>1006.082</ele><time>2026-09-23T13:24:57Z</time><speed>0.000</speed><sat>22</sat></trkpt>
  <trkpt lat="45.58738086" lon="2.79122657"><ele>1006.073</ele><time>2026-09-23T13:25:00Z</time><speed>0.000</speed><sat>22</sat></trkpt>
  <trkpt lat="45.58738057" lon="2.79122725"><ele>1006.031</ele><time>2026-09-23T13:25:03Z</time><speed>0.000</speed><sat>21</sat></trkpt>
  <trkpt lat="45.58738043" lon="2.79122803"><ele>1005.991</ele><time>2026-09-23T13:25:06Z</time><speed>0.000</speed><sat>21</sat></trkpt>
  <trkpt lat="45.58738007" lon="2.79122865"><ele>1005.978</ele><time>2026-09-23T13:25:09Z</time><speed>0.000</speed><sat>23</sat></trkpt>
  <trkpt lat="45.58737948" lon="2.79122982"><ele>1005.993</ele><time>2026-09-23T13:25:12Z</time><speed>0.000</speed><sat>23</sat></trkpt>
  <trkpt lat="45.58737932" lon="2.79123008"><ele>1006.008</ele><time>2026-09-23T13:25:15Z</time><speed>0.000</speed><sat>20</sat></trkpt>
  <trkpt lat="45.58737919" lon="2.79123054"><ele>1006.017</ele><time>2026-09-23T13:25:18Z</time><speed>0.000</speed><sat>21</sat></trkpt>
  <trkpt lat="45.58737810" lon="2.79123244"><ele>1006.010</ele><time>2026-09-23T13:25:21Z</time><speed>0.000</speed><sat>21</sat></trkpt>
  <trkpt lat="45.58737796" lon="2.79123302"><ele>1006.016</ele><time>2026-09-23T13:25:24Z</time><speed>0.000</speed><sat>20</sat></trkpt>
  <trkpt lat="45.58737722" lon="2.79123386"><ele>1005.993</ele><time>2026-09-23T13:25:27Z</time><speed>0.000</speed><sat>22</sat></trkpt>
  <trkpt lat="45.58737716" lon="2.79123424"><ele>1005.985</ele><time>2026-09-23T13:25:30Z</time><speed>0.000</speed><sat>22</sat></trkpt>
  <trkpt lat="45.58737728" lon="2.79123419"><ele>1005.944</ele><time>2026-09-23T13:25:33Z</time><speed>0.000</speed><sat>23</sat></trkpt>
  <trkpt lat="45.58737703" lon="2.79123450"><ele>1005.943</ele><time>2026-09-23T13:25:36Z</time><speed>0.000</speed><sat>22</sat></trkpt>
  <trkpt lat="45.58737706" lon="2.79123452"><ele>1005.945</ele><time>2026-09-23T13:25:39Z</time><speed>0.000</speed><sat>22</sat></trkpt>
  <trkpt lat="45.58737713" lon="2.79123450"><ele>1005.948</ele><time>2026-09-23T13:25:42Z</time><speed>0.000</speed><sat>22</sat></trkpt>
  <trkpt lat="45.58737685" lon="2.79123482"><ele>1005.920</ele><time>2026-09-23T13:25:45Z</time><speed>0.000</speed><sat>23</sat></trkpt>
  <trkpt lat="45.58737600" lon="2.79123623"><ele>1005.923</ele><time>2026-09-23T13:25:48Z</time><speed>0.000</speed><sat>22</sat></trkpt>
  <trkpt lat="45.58737669" lon="2.79123891"><ele>1005.916</ele><time>2026-09-23T13:25:51Z</time><speed>0.000</speed><sat>25</sat></trkpt>
  <trkpt lat="45.58737675" lon="2.79123965"><ele>1005.949</ele><time>2026-09-23T13:25:54Z</time><speed>0.000</speed><sat>25</sat></trkpt>
  <trkpt lat="45.58737670" lon="2.79123982"><ele>1005.982</ele><time>2026-09-23T13:25:57Z</time><speed>0.000</speed><sat>25</sat></trkpt>
  <trkpt lat="45.58737670" lon="2.79123954"><ele>1006.012</ele><time>2026-09-23T13:26:00Z</time><speed>0.000</speed><sat>26</sat></trkpt>
  <trkpt lat="45.58737684" lon="2.79123952"><ele>1006.052</ele><time>2026-09-23T13:26:03Z</time><speed>0.000</speed><sat>25</sat></trkpt>
  <trkpt lat="45.58737681" lon="2.79124013"><ele>1006.147</ele><time>2026-09-23T13:26:06Z</time><speed>0.000</speed><sat>28</sat></trkpt>
  <trkpt lat="45.58737629" lon="2.79124079"><ele>1006.146</ele><time>2026-09-23T13:26:09Z</time><speed>0.000</speed><sat>27</sat></trkpt>
  <trkpt lat="45.58737683" lon="2.79124099"><ele>1006.242</ele><time>2026-09-23T13:26:12Z</time><speed>0.000</speed><sat>27</sat></trkpt>
  <trkpt lat="45.58737738" lon="2.79124005"><ele>1006.435</ele><time>2026-09-23T13:26:15Z</time><speed>0.190</speed><sat>27</sat></trkpt>
  <trkpt lat="45.58737514" lon="2.79123699"><ele>1006.074</ele><time>2026-09-23T13:26:18Z</time><speed>0.300</speed><sat>25</sat></trkpt>
  <trkpt lat="45.58737031" lon="2.79123106"><ele>1007.065</ele><time>2026-09-23T13:26:21Z</time><speed>0.000</speed><sat>24</sat></trkpt>
  <trkpt lat="45.58737004" lon="2.79123069"><ele>1007.071</ele><time>2026-09-23T13:26:24Z</time><speed>0.000</speed><sat>27</sat></trkpt>
  <trkpt lat="45.58737080" lon="2.79122388"><ele>1007.255</ele><time>2026-09-23T13:26:27Z</time><speed>0.420</speed><sat>29</sat></trkpt>
  <trkpt lat="45.58738127" lon="2.79120481"><ele>1007.199</ele><time>2026-09-23T13:26:30Z</time><speed>0.610</speed><sat>28</sat></trkpt>
  <trkpt lat="45.58738791" lon="2.79119359"><ele>1007.615</ele><time>2026-09-23T13:26:33Z</time><speed>0.000</speed><sat>25</sat></trkpt>
  <trkpt lat="45.58738912" lon="2.79119341"><ele>1007.702</ele><time>2026-09-23T13:26:36Z</time><speed>0.000</speed><sat>25</sat></trkpt>
  <trkpt lat="45.58738973" lon="2.79119318"><ele>1007.721</ele><time>2026-09-23T13:26:39Z</time><speed>0.000</speed><sat>25</sat></trkpt>
  <trkpt lat="45.58739046" lon="2.79119378"><ele>1007.841</ele><time>2026-09-23T13:26:42Z</time><speed>0.000</speed><sat>22</sat></trkpt>
  <trkpt lat="45.58739063" lon="2.79119370"><ele>1007.955</ele><time>2026-09-23T13:26:45Z</time><speed>0.000</speed><sat>23</sat></trkpt>
  <trkpt lat="45.58739083" lon="2.79119419"><ele>1007.978</ele><time>2026-09-23T13:26:48Z</time><speed>0.000</speed><sat>24</sat></trkpt>
  <trkpt lat="45.58739265" lon="2.79119018"><ele>1008.013</ele><time>2026-09-23T13:26:51Z</time><speed>0.230</speed><sat>25</sat></trkpt>
  <trkpt lat="45.58740464" lon="2.79117227"><ele>1009.050</ele><time>2026-09-23T13:26:54Z</time><speed>0.480</speed><sat>25</sat></trkpt>
  <trkpt lat="45.58742061" lon="2.79115728"><ele>1009.956</ele><time>2026-09-23T13:26:57Z</time><speed>0.590</speed><sat>25</sat></trkpt>
  <trkpt lat="45.58743132" lon="2.79115168"><ele>1009.827</ele><time>2026-09-23T13:27:00Z</time><speed>0.000</speed><sat>24</sat></trkpt>
  <trkpt lat="45.58744682" lon="2.79115394"><ele>1010.953</ele><time>2026-09-23T13:27:03Z</time><speed>0.810</speed><sat>25</sat></trkpt>
  <trkpt lat="45.58745068" lon="2.79113735"><ele>1010.911</ele><time>2026-09-23T13:27:06Z</time><speed>0.640</speed><sat>26</sat></trkpt>
  <trkpt lat="45.58746065" lon="2.79111057"><ele>1010.221</ele><time>2026-09-23T13:27:09Z</time><speed>0.770</speed><sat>26</sat></trkpt>
  <trkpt lat="45.58747013" lon="2.79107879"><ele>1010.446</ele><time>2026-09-23T13:27:12Z</time><speed>0.820</speed><sat>26</sat></trkpt>
  <trkpt lat="45.58747402" lon="2.79104557"><ele>1006.855</ele><time>2026-09-23T13:27:15Z</time><speed>0.930</speed><sat>25</sat></trkpt>
  <trkpt lat="45.58746780" lon="2.79101518"><ele>1006.701</ele><time>2026-09-23T13:27:18Z</time><speed>0.820</speed><sat>26</sat></trkpt>
  <trkpt lat="45.58745573" lon="2.79098707"><ele>1006.686</ele><time>2026-09-23T13:27:21Z</time><speed>0.900</speed><sat>26</sat></trkpt>
  <trkpt lat="45.58743277" lon="2.79097540"><ele>1007.269</ele><time>2026-09-23T13:27:24Z</time><speed>0.960</speed><sat>25</sat></trkpt>
  <trkpt lat="45.58745666" lon="2.79099885"><ele>1005.747</ele><time>2026-09-23T13:27:27Z</time><speed>0.000</speed><sat>27</sat></trkpt>
  <trkpt lat="45.58745926" lon="2.79099887"><ele>1005.744</ele><time>2026-09-23T13:27:30Z</time><speed>0.000</speed><sat>27</sat></trkpt>
  <trkpt lat="45.58745676" lon="2.79099082"><ele>1005.067</ele><time>2026-09-23T13:27:33Z</time><speed>0.420</speed><sat>26</sat></trkpt>
  <trkpt lat="45.58744394" lon="2.79096847"><ele>1003.919</ele><time>2026-09-23T13:27:36Z</time><speed>0.300</speed><sat>27</sat></trkpt>
  <trkpt lat="45.58741671" lon="2.79094179"><ele>1004.011</ele><time>2026-09-23T13:27:39Z</time><speed>1.030</speed><sat>28</sat></trkpt>
  <trkpt lat="45.58739733" lon="2.79091880"><ele>1003.893</ele><time>2026-09-23T13:27:42Z</time><speed>0.840</speed><sat>26</sat></trkpt>
  <trkpt lat="45.58739068" lon="2.79088682"><ele>1001.703</ele><time>2026-09-23T13:27:45Z</time><speed>0.760</speed><sat>25</sat></trkpt>
  <trkpt lat="45.58737656" lon="2.79086849"><ele>1002.273</ele><time>2026-09-23T13:27:48Z</time><speed>0.740</speed><sat>25</sat></trkpt>
  <trkpt lat="45.58736662" lon="2.79084457"><ele>1002.088</ele><time>2026-09-23T13:27:51Z</time><speed>0.860</speed><sat>25</sat></trkpt>
  <trkpt lat="45.58735239" lon="2.79082108"><ele>1001.607</ele><time>2026-09-23T13:27:54Z</time><speed>0.720</speed><sat>26</sat></trkpt>
  <trkpt lat="45.58734509" lon="2.79080214"><ele>1002.333</ele><time>2026-09-23T13:27:57Z</time><speed>0.690</speed><sat>27</sat></trkpt>
  <trkpt lat="45.58734034" lon="2.79077384"><ele>1002.103</ele><time>2026-09-23T13:28:00Z</time><speed>0.670</speed><sat>26</sat></trkpt>
  <trkpt lat="45.58732960" lon="2.79073914"><ele>1001.242</ele><time>2026-09-23T13:28:03Z</time><speed>0.740</speed><sat>26</sat></trkpt>
  <trkpt lat="45.58732066" lon="2.79070665"><ele>1002.985</ele><time>2026-09-23T13:28:06Z</time><speed>0.980</speed><sat>27</sat></trkpt>
  <trkpt lat="45.58731507" lon="2.79067030"><ele>1004.043</ele><time>2026-09-23T13:28:09Z</time><speed>1.100</speed><sat>27</sat></trkpt>
  <trkpt lat="45.58730142" lon="2.79064529"><ele>1004.398</ele><time>2026-09-23T13:28:12Z</time><speed>0.890</speed><sat>25</sat></trkpt>
  <trkpt lat="45.58729269" lon="2.79061538"><ele>1005.009</ele><time>2026-09-23T13:28:15Z</time><speed>0.760</speed><sat>26</sat></trkpt>
  <trkpt lat="45.58727644" lon="2.79059125"><ele>1005.343</ele><time>2026-09-23T13:28:18Z</time><speed>0.810</speed><sat>26</sat></trkpt>
  <trkpt lat="45.58726313" lon="2.79056042"><ele>1004.648</ele><time>2026-09-23T13:28:21Z</time><speed>0.740</speed><sat>27</sat></trkpt>
  <trkpt lat="45.58724246" lon="2.79053688"><ele>1003.116</ele><time>2026-09-23T13:28:24Z</time><speed>0.750</speed><sat>26</sat></trkpt>
  <trkpt lat="45.58721081" lon="2.79051881"><ele>1003.450</ele><time>2026-09-23T13:28:27Z</time><speed>0.810</speed><sat>27</sat></trkpt>
  <trkpt lat="45.58718614" lon="2.79049275"><ele>1004.171</ele><time>2026-09-23T13:28:30Z</time><speed>0.850</speed><sat>27</sat></trkpt>
  <trkpt lat="45.58715546" lon="2.79045838"><ele>1004.119</ele><time>2026-09-23T13:28:33Z</time><speed>1.300</speed><sat>26</sat></trkpt>
  <trkpt lat="45.58712784" lon="2.79045287"><ele>1002.353</ele><time>2026-09-23T13:28:36Z</time><speed>1.150</speed><sat>26</sat></trkpt>
  <trkpt lat="45.58711464" lon="2.79042962"><ele>1002.008</ele><time>2026-09-23T13:28:39Z</time><speed>0.840</speed><sat>26</sat></trkpt>
  <trkpt lat="45.58709805" lon="2.79041777"><ele>1003.182</ele><time>2026-09-23T13:28:42Z</time><speed>0.860</speed><sat>27</sat></trkpt>
  <trkpt lat="45.58707945" lon="2.79038397"><ele>1003.718</ele><time>2026-09-23T13:28:45Z</time><speed>0.880</speed><sat>27</sat></trkpt>
  <trkpt lat="45.58706688" lon="2.79034858"><ele>1004.019</ele><time>2026-09-23T13:28:48Z</time><speed>0.850</speed><sat>27</sat></trkpt>
  <trkpt lat="45.58705298" lon="2.79032571"><ele>1002.715</ele><time>2026-09-23T13:28:51Z</time><speed>0.860</speed><sat>25</sat></trkpt>
  <trkpt lat="45.58704375" lon="2.79029621"><ele>1001.387</ele><time>2026-09-23T13:28:54Z</time><speed>0.790</speed><sat>25</sat></trkpt>
  <trkpt lat="45.58704645" lon="2.79026794"><ele>1004.912</ele><time>2026-09-23T13:28:57Z</time><speed>0.790</speed><sat>24</sat></trkpt>
  <trkpt lat="45.58705933" lon="2.79026875"><ele>1004.765</ele><time>2026-09-23T13:29:00Z</time><speed>0.680</speed><sat>26</sat></trkpt>
  <trkpt lat="45.58706050" lon="2.79025982"><ele>1005.922</ele><time>2026-09-23T13:29:03Z</time><speed>0.000</speed><sat>27</sat></trkpt>
  <trkpt lat="45.58706108" lon="2.79026024"><ele>1005.897</ele><time>2026-09-23T13:29:06Z</time><speed>0.000</speed><sat>25</sat></trkpt>
  <trkpt lat="45.58706136" lon="2.79025963"><ele>1005.992</ele><time>2026-09-23T13:29:09Z</time><speed>0.000</speed><sat>27</sat></trkpt>
  <trkpt lat="45.58706080" lon="2.79025703"><ele>1006.001</ele><time>2026-09-23T13:29:12Z</time><speed>0.300</speed><sat>27</sat></trkpt>
  <trkpt lat="45.58706168" lon="2.79026757"><ele>1005.482</ele><time>2026-09-23T13:29:15Z</time><speed>0.260</speed><sat>26</sat></trkpt>
  <trkpt lat="45.58707123" lon="2.79027544"><ele>1006.234</ele><time>2026-09-23T13:29:18Z</time><speed>0.000</speed><sat>26</sat></trkpt>
  <trkpt lat="45.58707227" lon="2.79027577"><ele>1006.256</ele><time>2026-09-23T13:29:21Z</time><speed>0.000</speed><sat>26</sat></trkpt>
  <trkpt lat="45.58707227" lon="2.79027619"><ele>1006.294</ele><time>2026-09-23T13:29:24Z</time><speed>0.000</speed><sat>28</sat></trkpt>
  <trkpt lat="45.58707207" lon="2.79027535"><ele>1006.407</ele><time>2026-09-23T13:29:27Z</time><speed>0.000</speed><sat>27</sat></trkpt>
  <trkpt lat="45.58707160" lon="2.79027560"><ele>1006.397</ele><time>2026-09-23T13:29:30Z</time><speed>0.000</speed><sat>25</sat></trkpt>
  <trkpt lat="45.58707135" lon="2.79027591"><ele>1006.369</ele><time>2026-09-23T13:29:33Z</time><speed>0.000</speed><sat>27</sat></trkpt>
  <trkpt lat="45.58707112" lon="2.79027605"><ele>1006.446</ele><time>2026-09-23T13:29:36Z</time><speed>0.000</speed><sat>26</sat></trkpt>
  <trkpt lat="45.58707063" lon="2.79027553"><ele>1006.590</ele><time>2026-09-23T13:29:39Z</time><speed>0.000</speed><sat>27</sat></trkpt>
  <trkpt lat="45.58706994" lon="2.79027461"><ele>1006.689</ele><time>2026-09-23T13:29:42Z</time><speed>0.000</speed><sat>26</sat></trkpt>
  <trkpt lat="45.58707004" lon="2.79027510"><ele>1006.607</ele><time>2026-09-23T13:29:45Z</time><speed>0.000</speed><sat>26</sat></trkpt>
  <trkpt lat="45.58707028" lon="2.79027510"><ele>1006.626</ele><time>2026-09-23T13:29:48Z</time><speed>0.000</speed><sat>26</sat></trkpt>
  <trkpt lat="45.58707244" lon="2.79028039"><ele>1005.303</ele><time>2026-09-23T13:29:51Z</time><speed>0.000</speed><sat>24</sat></trkpt>
  <trkpt lat="45.58706467" lon="2.79028512"><ele>1005.287</ele><time>2026-09-23T13:29:54Z</time><speed>0.000</speed><sat>25</sat></trkpt>
  <trkpt lat="45.58706246" lon="2.79028711"><ele>1004.890</ele><time>2026-09-23T13:29:57Z</time><speed>0.000</speed><sat>26</sat></trkpt>
  <trkpt lat="45.58706361" lon="2.79028909"><ele>1004.577</ele><time>2026-09-23T13:30:00Z</time><speed>0.000</speed><sat>25</sat></trkpt>
  <trkpt lat="45.58706613" lon="2.79028883"><ele>1005.222</ele><time>2026-09-23T13:30:03Z</time><speed>0.000</speed><sat>24</sat></trkpt>
  <trkpt lat="45.58706807" lon="2.79028951"><ele>1005.185</ele><time>2026-09-23T13:30:06Z</time><speed>0.000</speed><sat>24</sat></trkpt>
  <trkpt lat="45.58706808" lon="2.79028939"><ele>1005.188</ele><time>2026-09-23T13:30:09Z</time><speed>0.000</speed><sat>25</sat></trkpt>
  <trkpt lat="45.58706821" lon="2.79028961"><ele>1005.196</ele><time>2026-09-23T13:30:12Z</time><speed>0.000</speed><sat>25</sat></trkpt>
  <trkpt lat="45.58706823" lon="2.79028960"><ele>1005.181</ele><time>2026-09-23T13:30:15Z</time><speed>0.000</speed><sat>26</sat></trkpt>
  <trkpt lat="45.58706823" lon="2.79028948"><ele>1005.188</ele><time>2026-09-23T13:30:18Z</time><speed>0.000</speed><sat>26</sat></trkpt>
  <trkpt lat="45.58706828" lon="2.79028926"><ele>1005.211</ele><time>2026-09-23T13:30:21Z</time><speed>0.000</speed><sat>25</sat></trkpt>
  <trkpt lat="45.58706976" lon="2.79029418"><ele>1005.015</ele><time>2026-09-23T13:30:24Z</time><speed>0.530</speed><sat>24</sat></trkpt>
  <trkpt lat="45.58706671" lon="2.79029134"><ele>1004.944</ele><time>2026-09-23T13:30:27Z</time><speed>0.000</speed><sat>25</sat></trkpt>
  <trkpt lat="45.58705419" lon="2.79027444"><ele>1004.861</ele><time>2026-09-23T13:30:30Z</time><speed>0.650</speed><sat>26</sat></trkpt>
  <trkpt lat="45.58703307" lon="2.79022564"><ele>1005.928</ele><time>2026-09-23T13:30:33Z</time><speed>1.710</speed><sat>27</sat></trkpt>
  <trkpt lat="45.58701423" lon="2.79017672"><ele>1006.303</ele><time>2026-09-23T13:30:36Z</time><speed>1.480</speed><sat>26</sat></trkpt>
  <trkpt lat="45.58700241" lon="2.79014672"><ele>1004.744</ele><time>2026-09-23T13:30:39Z</time><speed>0.790</speed><sat>27</sat></trkpt>
  <trkpt lat="45.58698805" lon="2.79011226"><ele>1005.702</ele><time>2026-09-23T13:30:42Z</time><speed>1.030</speed><sat>27</sat></trkpt>
  <trkpt lat="45.58697490" lon="2.79007049"><ele>1004.541</ele><time>2026-09-23T13:30:45Z</time><speed>1.060</speed><sat>26</sat></trkpt>
  <trkpt lat="45.58696175" lon="2.79004105"><ele>1005.547</ele><time>2026-09-23T13:30:48Z</time><speed>0.840</speed><sat>26</sat></trkpt>
  <trkpt lat="45.58697375" lon="2.79003648"><ele>1004.612</ele><time>2026-09-23T13:30:51Z</time><speed>0.000</speed><sat>26</sat></trkpt>
  <trkpt lat="45.58697068" lon="2.79004360"><ele>1005.921</ele><time>2026-09-23T13:30:54Z</time><speed>0.000</speed><sat>28</sat></trkpt>
  <trkpt lat="45.58697325" lon="2.79004676"><ele>1005.992</ele><time>2026-09-23T13:30:57Z</time><speed>0.000</speed><sat>28</sat></trkpt>
  <trkpt lat="45.58696966" lon="2.79005347"><ele>1006.659</ele><time>2026-09-23T13:31:00Z</time><speed>0.000</speed><sat>28</sat></trkpt>
  <trkpt lat="45.58696892" lon="2.79005493"><ele>1006.633</ele><time>2026-09-23T13:31:03Z</time><speed>0.000</speed><sat>27</sat></trkpt>
  <trkpt lat="45.58696847" lon="2.79005562"><ele>1006.655</ele><time>2026-09-23T13:31:06Z</time><speed>0.000</speed><sat>27</sat></trkpt>
  <trkpt lat="45.58696617" lon="2.79006011"><ele>1007.028</ele><time>2026-09-23T13:31:09Z</time><speed>0.350</speed><sat>27</sat></trkpt>
  <trkpt lat="45.58696615" lon="2.79006202"><ele>1007.054</ele><time>2026-09-23T13:31:12Z</time><speed>0.000</speed><sat>28</sat></trkpt>
  <trkpt lat="45.58696626" lon="2.79006192"><ele>1007.112</ele><time>2026-09-23T13:31:15Z</time><speed>0.000</speed><sat>29</sat></trkpt>
  <trkpt lat="45.58695126" lon="2.79003436"><ele>1007.410</ele><time>2026-09-23T13:31:18Z</time><speed>1.320</speed><sat>30</sat></trkpt>
  <trkpt lat="45.58695216" lon="2.78997362"><ele>1006.275</ele><time>2026-09-23T13:31:21Z</time><speed>1.530</speed><sat>30</sat></trkpt>
  <trkpt lat="45.58697909" lon="2.78990510"><ele>1005.504</ele><time>2026-09-23T13:31:24Z</time><speed>1.670</speed><sat>29</sat></trkpt>
  <trkpt lat="45.58700194" lon="2.78984315"><ele>1005.269</ele><time>2026-09-23T13:31:27Z</time><speed>1.260</speed><sat>28</sat></trkpt>
  <trkpt lat="45.58702129" lon="2.78977068"><ele>1004.707</ele><time>2026-09-23T13:31:30Z</time><speed>1.540</speed><sat>28</sat></trkpt>
  <trkpt lat="45.58703131" lon="2.78968574"><ele>1004.953</ele><time>2026-09-23T13:31:33Z</time><speed>1.660</speed><sat>28</sat></trkpt>
  <trkpt lat="45.58703592" lon="2.78962386"><ele>1003.881</ele><time>2026-09-23T13:31:36Z</time><speed>1.590</speed><sat>29</sat></trkpt>
  <trkpt lat="45.58702487" lon="2.78956403"><ele>1001.983</ele><time>2026-09-23T13:31:39Z</time><speed>1.600</speed><sat>29</sat></trkpt>
  <trkpt lat="45.58702564" lon="2.78950561"><ele>1002.085</ele><time>2026-09-23T13:31:42Z</time><speed>1.490</speed><sat>28</sat></trkpt>
  <trkpt lat="45.58701653" lon="2.78944633"><ele>1001.905</ele><time>2026-09-23T13:31:45Z</time><speed>1.540</speed><sat>29</sat></trkpt>
  <trkpt lat="45.58700715" lon="2.78938192"><ele>1002.234</ele><time>2026-09-23T13:31:48Z</time><speed>1.480</speed><sat>29</sat></trkpt>
  <trkpt lat="45.58698171" lon="2.78932894"><ele>1002.552</ele><time>2026-09-23T13:31:51Z</time><speed>1.530</speed><sat>28</sat></trkpt>
  <trkpt lat="45.58694967" lon="2.78928926"><ele>1003.602</ele><time>2026-09-23T13:31:54Z</time><speed>1.390</speed><sat>28</sat></trkpt>
  <trkpt lat="45.58692426" lon="2.78924126"><ele>1002.501</ele><time>2026-09-23T13:31:57Z</time><speed>1.510</speed><sat>28</sat></trkpt>
  <trkpt lat="45.58690797" lon="2.78920191"><ele>1001.310</ele><time>2026-09-23T13:32:00Z</time><speed>1.480</speed><sat>28</sat></trkpt>
  <trkpt lat="45.58689862" lon="2.78914636"><ele>1000.483</ele><time>2026-09-23T13:32:03Z</time><speed>1.500</speed><sat>29</sat></trkpt>
  <trkpt lat="45.58687763" lon="2.78909632"><ele>1000.301</ele><time>2026-09-23T13:32:06Z</time><speed>1.430</speed><sat>28</sat></trkpt>
  <trkpt lat="45.58686011" lon="2.78904821"><ele>999.052</ele><time>2026-09-23T13:32:09Z</time><speed>1.400</speed><sat>26</sat></trkpt>
  <trkpt lat="45.58684806" lon="2.78900035"><ele>998.183</ele><time>2026-09-23T13:32:12Z</time><speed>1.310</speed><sat>26</sat></trkpt>
  <trkpt lat="45.58684414" lon="2.78895066"><ele>998.643</ele><time>2026-09-23T13:32:15Z</time><speed>1.270</speed><sat>26</sat></trkpt>
  <trkpt lat="45.58684266" lon="2.78890421"><ele>998.599</ele><time>2026-09-23T13:32:18Z</time><speed>1.260</speed><sat>26</sat></trkpt>
  <trkpt lat="45.58683494" lon="2.78886443"><ele>998.294</ele><time>2026-09-23T13:32:21Z</time><speed>1.220</speed><sat>25</sat></trkpt>
  <trkpt lat="45.58683238" lon="2.78882409"><ele>998.263</ele><time>2026-09-23T13:32:24Z</time><speed>1.270</speed><sat>26</sat></trkpt>
  <trkpt lat="45.58683372" lon="2.78877951"><ele>998.042</ele><time>2026-09-23T13:32:27Z</time><speed>1.190</speed><sat>26</sat></trkpt>
  <trkpt lat="45.58683620" lon="2.78873246"><ele>997.615</ele><time>2026-09-23T13:32:30Z</time><speed>0.980</speed><sat>25</sat></trkpt>
  <trkpt lat="45.58683980" lon="2.78868586"><ele>997.043</ele><time>2026-09-23T13:32:33Z</time><speed>1.160</speed><sat>26</sat></trkpt>
  <trkpt lat="45.58684307" lon="2.78863943"><ele>996.200</ele><time>2026-09-23T13:32:36Z</time><speed>1.170</speed><sat>26</sat></trkpt>
  <trkpt lat="45.58685315" lon="2.78859172"><ele>996.477</ele><time>2026-09-23T13:32:39Z</time><speed>1.170</speed><sat>26</sat></trkpt>
  <trkpt lat="45.58686397" lon="2.78854033"><ele>995.324</ele><time>2026-09-23T13:32:42Z</time><speed>1.340</speed><sat>26</sat></trkpt>
  <trkpt lat="45.58686662" lon="2.78848824"><ele>995.205</ele><time>2026-09-23T13:32:45Z</time><speed>1.300</speed><sat>25</sat></trkpt>
  <trkpt lat="45.58687150" lon="2.78843410"><ele>994.454</ele><time>2026-09-23T13:32:48Z</time><speed>1.350</speed><sat>26</sat></trkpt>
  <trkpt lat="45.58688364" lon="2.78837884"><ele>994.973</ele><time>2026-09-23T13:32:51Z</time><speed>1.400</speed><sat>25</sat></trkpt>
  <trkpt lat="45.58688660" lon="2.78831924"><ele>995.283</ele><time>2026-09-23T13:32:54Z</time><speed>1.330</speed><sat>25</sat></trkpt>
  <trkpt lat="45.58689178" lon="2.78826774"><ele>996.065</ele><time>2026-09-23T13:32:57Z</time><speed>1.340</speed><sat>26</sat></trkpt>
  <trkpt lat="45.58689199" lon="2.78821426"><ele>996.847</ele><time>2026-09-23T13:33:00Z</time><speed>1.370</speed><sat>27</sat></trkpt>
  <trkpt lat="45.58688925" lon="2.78815754"><ele>997.313</ele><time>2026-09-23T13:33:03Z</time><speed>1.400</speed><sat>27</sat></trkpt>
  <trkpt lat="45.58689018" lon="2.78810415"><ele>996.452</ele><time>2026-09-23T13:33:06Z</time><speed>1.470</speed><sat>26</sat></trkpt>
  <trkpt lat="45.58689863" lon="2.78803920"><ele>995.604</ele><time>2026-09-23T13:33:09Z</time><speed>1.710</speed><sat>23</sat></trkpt>
  <trkpt lat="45.58690648" lon="2.78798016"><ele>995.080</ele><time>2026-09-23T13:33:12Z</time><speed>1.330</speed><sat>23</sat></trkpt>
  <trkpt lat="45.58690227" lon="2.78792471"><ele>994.688</ele><time>2026-09-23T13:33:15Z</time><speed>1.570</speed><sat>20</sat></trkpt>
  <trkpt lat="45.58690978" lon="2.78786843"><ele>994.459</ele><time>2026-09-23T13:33:18Z</time><speed>1.350</speed><sat>19</sat></trkpt>
  <trkpt lat="45.58691933" lon="2.78781550"><ele>994.427</ele><time>2026-09-23T13:33:21Z</time><speed>1.420</speed><sat>18</sat></trkpt>
  <trkpt lat="45.58693067" lon="2.78775636"><ele>994.366</ele><time>2026-09-23T13:33:24Z</time><speed>1.660</speed><sat>19</sat></trkpt>
  <trkpt lat="45.58693611" lon="2.78770411"><ele>993.426</ele><time>2026-09-23T13:33:27Z</time><speed>1.400</speed><sat>20</sat></trkpt>
  <trkpt lat="45.58694694" lon="2.78765423"><ele>992.472</ele><time>2026-09-23T13:33:30Z</time><speed>1.430</speed><sat>21</sat></trkpt>
  <trkpt lat="45.58696334" lon="2.78760967"><ele>991.573</ele><time>2026-09-23T13:33:33Z</time><speed>1.300</speed><sat>22</sat></trkpt>
  <trkpt lat="45.58699125" lon="2.78758359"><ele>992.471</ele><time>2026-09-23T13:33:36Z</time><speed>1.100</speed><sat>22</sat></trkpt>
  <trkpt lat="45.58700624" lon="2.78755441"><ele>992.438</ele><time>2026-09-23T13:33:39Z</time><speed>0.920</speed><sat>22</sat></trkpt>
  <trkpt lat="45.58701596" lon="2.78752275"><ele>991.708</ele><time>2026-09-23T13:33:42Z</time><speed>0.960</speed><sat>22</sat></trkpt>
  <trkpt lat="45.58703215" lon="2.78749258"><ele>991.063</ele><time>2026-09-23T13:33:45Z</time><speed>1.070</speed><sat>20</sat></trkpt>
  <trkpt lat="45.58704739" lon="2.78745347"><ele>991.070</ele><time>2026-09-23T13:33:48Z</time><speed>1.120</speed><sat>21</sat></trkpt>
  <trkpt lat="45.58706209" lon="2.78741800"><ele>991.146</ele><time>2026-09-23T13:33:51Z</time><speed>1.080</speed><sat>22</sat></trkpt>
  <trkpt lat="45.58707743" lon="2.78738755"><ele>990.721</ele><time>2026-09-23T13:33:54Z</time><speed>0.990</speed><sat>24</sat></trkpt>
  <trkpt lat="45.58709024" lon="2.78735833"><ele>990.783</ele><time>2026-09-23T13:33:57Z</time><speed>0.820</speed><sat>24</sat></trkpt>
  <trkpt lat="45.58709933" lon="2.78734369"><ele>990.635</ele><time>2026-09-23T13:34:00Z</time><speed>0.000</speed><sat>22</sat></trkpt>
  <trkpt lat="45.58709680" lon="2.78734432"><ele>990.680</ele><time>2026-09-23T13:34:03Z</time><speed>0.000</speed><sat>22</sat></trkpt>
  <trkpt lat="45.58710054" lon="2.78730824"><ele>990.307</ele><time>2026-09-23T13:34:06Z</time><speed>1.150</speed><sat>22</sat></trkpt>
  <trkpt lat="45.58712107" lon="2.78726900"><ele>990.335</ele><time>2026-09-23T13:34:09Z</time><speed>1.200</speed><sat>22</sat></trkpt>
  <trkpt lat="45.58714090" lon="2.78722431"><ele>990.194</ele><time>2026-09-23T13:34:12Z</time><speed>1.310</speed><sat>23</sat></trkpt>
  <trkpt lat="45.58716000" lon="2.78718299"><ele>989.838</ele><time>2026-09-23T13:34:15Z</time><speed>1.280</speed><sat>23</sat></trkpt>
  <trkpt lat="45.58717933" lon="2.78714311"><ele>989.677</ele><time>2026-09-23T13:34:18Z</time><speed>1.290</speed><sat>22</sat></trkpt>
  <trkpt lat="45.58720626" lon="2.78711656"><ele>989.999</ele><time>2026-09-23T13:34:21Z</time><speed>1.330</speed><sat>21</sat></trkpt>
  <trkpt lat="45.58722604" lon="2.78708048"><ele>989.605</ele><time>2026-09-23T13:34:24Z</time><speed>1.340</speed><sat>21</sat></trkpt>
  <trkpt lat="45.58725064" lon="2.78704883"><ele>989.233</ele><time>2026-09-23T13:34:27Z</time><speed>1.290</speed><sat>21</sat></trkpt>
  <trkpt lat="45.58727527" lon="2.78701298"><ele>989.209</ele><time>2026-09-23T13:34:30Z</time><speed>1.380</speed><sat>22</sat></trkpt>
  <trkpt lat="45.58730177" lon="2.78697671"><ele>989.038</ele><time>2026-09-23T13:34:33Z</time><speed>1.380</speed><sat>22</sat></trkpt>
  <trkpt lat="45.58732895" lon="2.78693985"><ele>989.204</ele><time>2026-09-23T13:34:36Z</time><speed>1.360</speed><sat>24</sat></trkpt>
  <trkpt lat="45.58735504" lon="2.78689966"><ele>988.496</ele><time>2026-09-23T13:34:39Z</time><speed>1.380</speed><sat>21</sat></trkpt>
  <trkpt lat="45.58738191" lon="2.78686033"><ele>988.292</ele><time>2026-09-23T13:34:42Z</time><speed>1.310</speed><sat>21</sat></trkpt>
  <trkpt lat="45.58740861" lon="2.78682549"><ele>988.097</ele><time>2026-09-23T13:34:45Z</time><speed>1.290</speed><sat>22</sat></trkpt>
  <trkpt lat="45.58743706" lon="2.78678685"><ele>987.969</ele><time>2026-09-23T13:34:48Z</time><speed>1.380</speed><sat>20</sat></trkpt>
  <trkpt lat="45.58746511" lon="2.78675703"><ele>988.779</ele><time>2026-09-23T13:34:51Z</time><speed>1.360</speed><sat>21</sat></trkpt>
  <trkpt lat="45.58749059" lon="2.78672471"><ele>989.306</ele><time>2026-09-23T13:34:54Z</time><speed>1.320</speed><sat>22</sat></trkpt>
  <trkpt lat="45.58750733" lon="2.78667975"><ele>989.522</ele><time>2026-09-23T13:34:57Z</time><speed>1.210</speed><sat>21</sat></trkpt>
  <trkpt lat="45.58752650" lon="2.78663620"><ele>989.888</ele><time>2026-09-23T13:35:00Z</time><speed>1.370</speed><sat>21</sat></trkpt>
  <trkpt lat="45.58754486" lon="2.78658669"><ele>990.078</ele><time>2026-09-23T13:35:03Z</time><speed>1.350</speed><sat>21</sat></trkpt>
  <trkpt lat="45.58756907" lon="2.78654736"><ele>990.559</ele><time>2026-09-23T13:35:06Z</time><speed>1.240</speed><sat>21</sat></trkpt>
  <trkpt lat="45.58758779" lon="2.78649345"><ele>990.021</ele><time>2026-09-23T13:35:09Z</time><speed>1.600</speed><sat>22</sat></trkpt>
  <trkpt lat="45.58759350" lon="2.78643970"><ele>989.704</ele><time>2026-09-23T13:35:12Z</time><speed>1.500</speed><sat>18</sat></trkpt>
  <trkpt lat="45.58760436" lon="2.78638993"><ele>989.295</ele><time>2026-09-23T13:35:15Z</time><speed>1.470</speed><sat>18</sat></trkpt>
  <trkpt lat="45.58762070" lon="2.78633920"><ele>988.449</ele><time>2026-09-23T13:35:18Z</time><speed>1.400</speed><sat>19</sat></trkpt>
  <trkpt lat="45.58763923" lon="2.78629094"><ele>988.195</ele><time>2026-09-23T13:35:21Z</time><speed>1.360</speed><sat>20</sat></trkpt>
  <trkpt lat="45.58765595" lon="2.78623553"><ele>988.723</ele><time>2026-09-23T13:35:24Z</time><speed>1.410</speed><sat>21</sat></trkpt>
  <trkpt lat="45.58767630" lon="2.78618531"><ele>987.953</ele><time>2026-09-23T13:35:27Z</time><speed>1.360</speed><sat>20</sat></trkpt>
  <trkpt lat="45.58769140" lon="2.78613162"><ele>987.009</ele><time>2026-09-23T13:35:30Z</time><speed>1.400</speed><sat>18</sat></trkpt>
  <trkpt lat="45.58771242" lon="2.78608338"><ele>987.191</ele><time>2026-09-23T13:35:33Z</time><speed>1.350</speed><sat>20</sat></trkpt>
  <trkpt lat="45.58772375" lon="2.78602985"><ele>986.957</ele><time>2026-09-23T13:35:36Z</time><speed>1.370</speed><sat>19</sat></trkpt>
  <trkpt lat="45.58772804" lon="2.78597460"><ele>986.492</ele><time>2026-09-23T13:35:39Z</time><speed>1.490</speed><sat>18</sat></trkpt>
  <trkpt lat="45.58773795" lon="2.78591742"><ele>985.028</ele><time>2026-09-23T13:35:42Z</time><speed>1.440</speed><sat>18</sat></trkpt>
  <trkpt lat="45.58775351" lon="2.78586373"><ele>984.831</ele><time>2026-09-23T13:35:45Z</time><speed>1.390</speed><sat>18</sat></trkpt>
  <trkpt lat="45.58775957" lon="2.78579945"><ele>985.904</ele><time>2026-09-23T13:35:48Z</time><speed>1.750</speed><sat>16</sat></trkpt>
  <trkpt lat="45.58775644" lon="2.78573825"><ele>982.811</ele><time>2026-09-23T13:35:51Z</time><speed>1.470</speed><sat>16</sat></trkpt>
  <trkpt lat="45.58774899" lon="2.78567837"><ele>981.961</ele><time>2026-09-23T13:35:54Z</time><speed>1.420</speed><sat>18</sat></trkpt>
  <trkpt lat="45.58774461" lon="2.78561992"><ele>981.277</ele><time>2026-09-23T13:35:57Z</time><speed>1.440</speed><sat>18</sat></trkpt>
  <trkpt lat="45.58773702" lon="2.78556235"><ele>981.020</ele><time>2026-09-23T13:36:00Z</time><speed>1.410</speed><sat>19</sat></trkpt>
  <trkpt lat="45.58772645" lon="2.78550398"><ele>980.912</ele><time>2026-09-23T13:36:03Z</time><speed>1.480</speed><sat>19</sat></trkpt>
  <trkpt lat="45.58770814" lon="2.78544865"><ele>980.939</ele><time>2026-09-23T13:36:06Z</time><speed>1.400</speed><sat>19</sat></trkpt>
  <trkpt lat="45.58767880" lon="2.78539717"><ele>980.073</ele><time>2026-09-23T13:36:09Z</time><speed>1.400</speed><sat>19</sat></trkpt>
  <trkpt lat="45.58764574" lon="2.78535176"><ele>979.706</ele><time>2026-09-23T13:36:12Z</time><speed>1.430</speed><sat>19</sat></trkpt>
  <trkpt lat="45.58761127" lon="2.78531699"><ele>982.154</ele><time>2026-09-23T13:36:15Z</time><speed>1.370</speed><sat>19</sat></trkpt>
  <trkpt lat="45.58756716" lon="2.78530793"><ele>985.158</ele><time>2026-09-23T13:36:18Z</time><speed>1.390</speed><sat>19</sat></trkpt>
  <trkpt lat="45.58752808" lon="2.78531192"><ele>987.282</ele><time>2026-09-23T13:36:21Z</time><speed>1.300</speed><sat>20</sat></trkpt>
  <trkpt lat="45.58748781" lon="2.78531940"><ele>989.280</ele><time>2026-09-23T13:36:24Z</time><speed>1.310</speed><sat>19</sat></trkpt>
  <trkpt lat="45.58745150" lon="2.78531529"><ele>990.101</ele><time>2026-09-23T13:36:27Z</time><speed>1.190</speed><sat>21</sat></trkpt>
  <trkpt lat="45.58743751" lon="2.78529656"><ele>990.432</ele><time>2026-09-23T13:36:30Z</time><speed>0.000</speed><sat>21</sat></trkpt>
  <trkpt lat="45.58741066" lon="2.78530761"><ele>990.398</ele><time>2026-09-23T13:36:33Z</time><speed>0.000</speed><sat>20</sat></trkpt>
  <trkpt lat="45.58738575" lon="2.78533849"><ele>985.664</ele><time>2026-09-23T13:36:36Z</time><speed>2.660</speed><sat>22</sat></trkpt>
  <trkpt lat="45.58736368" lon="2.78530982"><ele>984.263</ele><time>2026-09-23T13:36:39Z</time><speed>1.120</speed><sat>20</sat></trkpt>
  <trkpt lat="45.58734024" lon="2.78528756"><ele>983.871</ele><time>2026-09-23T13:36:42Z</time><speed>1.120</speed><sat>20</sat></trkpt>
  <trkpt lat="45.58731271" lon="2.78526839"><ele>983.936</ele><time>2026-09-23T13:36:45Z</time><speed>1.080</speed><sat>20</sat></trkpt>
  <trkpt lat="45.58728895" lon="2.78524416"><ele>983.284</ele><time>2026-09-23T13:36:48Z</time><speed>1.070</speed><sat>20</sat></trkpt>
  <trkpt lat="45.58726642" lon="2.78522395"><ele>985.340</ele><time>2026-09-23T13:36:51Z</time><speed>1.090</speed><sat>22</sat></trkpt>
  <trkpt lat="45.58724291" lon="2.78518028"><ele>988.720</ele><time>2026-09-23T13:36:54Z</time><speed>1.210</speed><sat>24</sat></trkpt>
  <trkpt lat="45.58721830" lon="2.78514790"><ele>989.148</ele><time>2026-09-23T13:36:57Z</time><speed>1.150</speed><sat>22</sat></trkpt>
  <trkpt lat="45.58719509" lon="2.78511909"><ele>990.981</ele><time>2026-09-23T13:37:00Z</time><speed>1.100</speed><sat>22</sat></trkpt>
  <trkpt lat="45.58717122" lon="2.78509955"><ele>991.107</ele><time>2026-09-23T13:37:03Z</time><speed>1.060</speed><sat>21</sat></trkpt>
  <trkpt lat="45.58715367" lon="2.78509520"><ele>991.471</ele><time>2026-09-23T13:37:06Z</time><speed>1.050</speed><sat>23</sat></trkpt>
  <trkpt lat="45.58712750" lon="2.78507773"><ele>992.199</ele><time>2026-09-23T13:37:09Z</time><speed>1.010</speed><sat>25</sat></trkpt>
  <trkpt lat="45.58710371" lon="2.78505814"><ele>992.322</ele><time>2026-09-23T13:37:12Z</time><speed>0.950</speed><sat>25</sat></trkpt>
  <trkpt lat="45.58709161" lon="2.78503476"><ele>994.417</ele><time>2026-09-23T13:37:15Z</time><speed>0.910</speed><sat>25</sat></trkpt>
  <trkpt lat="45.58706775" lon="2.78502513"><ele>995.054</ele><time>2026-09-23T13:37:18Z</time><speed>0.920</speed><sat>22</sat></trkpt>
  <trkpt lat="45.58704810" lon="2.78501713"><ele>995.127</ele><time>2026-09-23T13:37:21Z</time><speed>0.990</speed><sat>22</sat></trkpt>
  <trkpt lat="45.58702926" lon="2.78498777"><ele>996.290</ele><time>2026-09-23T13:37:24Z</time><speed>0.890</speed><sat>24</sat></trkpt>
  <trkpt lat="45.58701602" lon="2.78497491"><ele>996.943</ele><time>2026-09-23T13:37:27Z</time><speed>1.130</speed><sat>24</sat></trkpt>
  <trkpt lat="45.58701612" lon="2.78496610"><ele>996.763</ele><time>2026-09-23T13:37:30Z</time><speed>0.880</speed><sat>25</sat></trkpt>
  <trkpt lat="45.58702585" lon="2.78497981"><ele>995.536</ele><time>2026-09-23T13:37:33Z</time><speed>0.000</speed><sat>25</sat></trkpt>
  <trkpt lat="45.58701512" lon="2.78498699"><ele>995.533</ele><time>2026-09-23T13:37:36Z</time><speed>0.620</speed><sat>26</sat></trkpt>
  <trkpt lat="45.58699695" lon="2.78499347"><ele>995.171</ele><time>2026-09-23T13:37:39Z</time><speed>0.870</speed><sat>25</sat></trkpt>
  <trkpt lat="45.58696985" lon="2.78497821"><ele>996.008</ele><time>2026-09-23T13:37:42Z</time><speed>0.850</speed><sat>23</sat></trkpt>
  <trkpt lat="45.58695115" lon="2.78495621"><ele>996.114</ele><time>2026-09-23T13:37:45Z</time><speed>0.850</speed><sat>24</sat></trkpt>
  <trkpt lat="45.58693398" lon="2.78495220"><ele>995.298</ele><time>2026-09-23T13:37:48Z</time><speed>0.860</speed><sat>24</sat></trkpt>
  <trkpt lat="45.58691210" lon="2.78494069"><ele>994.860</ele><time>2026-09-23T13:37:51Z</time><speed>0.880</speed><sat>26</sat></trkpt>
  <trkpt lat="45.58689140" lon="2.78492836"><ele>994.754</ele><time>2026-09-23T13:37:54Z</time><speed>0.900</speed><sat>26</sat></trkpt>
  <trkpt lat="45.58687063" lon="2.78490849"><ele>996.700</ele><time>2026-09-23T13:37:57Z</time><speed>0.920</speed><sat>25</sat></trkpt>
  <trkpt lat="45.58684622" lon="2.78487995"><ele>997.568</ele><time>2026-09-23T13:38:00Z</time><speed>0.960</speed><sat>26</sat></trkpt>
  <trkpt lat="45.58681970" lon="2.78486143"><ele>996.440</ele><time>2026-09-23T13:38:03Z</time><speed>0.950</speed><sat>26</sat></trkpt>
  <trkpt lat="45.58679784" lon="2.78485342"><ele>995.796</ele><time>2026-09-23T13:38:06Z</time><speed>0.920</speed><sat>26</sat></trkpt>
  <trkpt lat="45.58677890" lon="2.78483329"><ele>995.289</ele><time>2026-09-23T13:38:09Z</time><speed>0.900</speed><sat>25</sat></trkpt>
  <trkpt lat="45.58676217" lon="2.78480608"><ele>993.592</ele><time>2026-09-23T13:38:12Z</time><speed>0.910</speed><sat>26</sat></trkpt>
  <trkpt lat="45.58674434" lon="2.78478180"><ele>994.205</ele><time>2026-09-23T13:38:15Z</time><speed>0.920</speed><sat>27</sat></trkpt>
  <trkpt lat="45.58672786" lon="2.78476229"><ele>993.571</ele><time>2026-09-23T13:38:18Z</time><speed>0.930</speed><sat>27</sat></trkpt>
  <trkpt lat="45.58672770" lon="2.78475775"><ele>994.401</ele><time>2026-09-23T13:38:21Z</time><speed>0.000</speed><sat>27</sat></trkpt>
  <trkpt lat="45.58672758" lon="2.78475688"><ele>994.456</ele><time>2026-09-23T13:38:24Z</time><speed>0.000</speed><sat>28</sat></trkpt>
  <trkpt lat="45.58672751" lon="2.78475690"><ele>994.445</ele><time>2026-09-23T13:38:27Z</time><speed>0.000</speed><sat>29</sat></trkpt>
  <trkpt lat="45.58672088" lon="2.78474867"><ele>995.958</ele><time>2026-09-23T13:38:30Z</time><speed>0.270</speed><sat>27</sat></trkpt>
  <trkpt lat="45.58670085" lon="2.78474077"><ele>994.829</ele><time>2026-09-23T13:38:33Z</time><speed>0.810</speed><sat>28</sat></trkpt>
  <trkpt lat="45.58669048" lon="2.78472620"><ele>994.832</ele><time>2026-09-23T13:38:36Z</time><speed>0.000</speed><sat>27</sat></trkpt>
  <trkpt lat="45.58668797" lon="2.78472329"><ele>994.905</ele><time>2026-09-23T13:38:39Z</time><speed>0.000</speed><sat>25</sat></trkpt>
  <trkpt lat="45.58668841" lon="2.78472112"><ele>995.064</ele><time>2026-09-23T13:38:42Z</time><speed>0.000</speed><sat>27</sat></trkpt>
  <trkpt lat="45.58668853" lon="2.78472116"><ele>995.062</ele><time>2026-09-23T13:38:45Z</time><speed>0.000</speed><sat>27</sat></trkpt>
  <trkpt lat="45.58668852" lon="2.78472112"><ele>995.043</ele><time>2026-09-23T13:38:48Z</time><speed>0.000</speed><sat>26</sat></trkpt>
  <trkpt lat="45.58670131" lon="2.78472963"><ele>994.125</ele><time>2026-09-23T13:38:51Z</time><speed>0.480</speed><sat>25</sat></trkpt>
  <trkpt lat="45.58670337" lon="2.78473116"><ele>994.081</ele><time>2026-09-23T13:38:54Z</time><speed>0.000</speed><sat>26</sat></trkpt>
  <trkpt lat="45.58670222" lon="2.78473079"><ele>994.508</ele><time>2026-09-23T13:38:57Z</time><speed>0.200</speed><sat>26</sat></trkpt>
  <trkpt lat="45.58669811" lon="2.78472985"><ele>995.277</ele><time>2026-09-23T13:39:00Z</time><speed>0.000</speed><sat>26</sat></trkpt>
  <trkpt lat="45.58669804" lon="2.78473064"><ele>995.209</ele><time>2026-09-23T13:39:03Z</time><speed>0.000</speed><sat>26</sat></trkpt>
  <trkpt lat="45.58669807" lon="2.78473089"><ele>995.190</ele><time>2026-09-23T13:39:06Z</time><speed>0.000</speed><sat>26</sat></trkpt>
  <trkpt lat="45.58669804" lon="2.78473168"><ele>995.146</ele><time>2026-09-23T13:39:09Z</time><speed>0.000</speed><sat>22</sat></trkpt>
  <trkpt lat="45.58669830" lon="2.78473258"><ele>995.067</ele><time>2026-09-23T13:39:12Z</time><speed>0.000</speed><sat>22</sat></trkpt>
  <trkpt lat="45.58669861" lon="2.78473341"><ele>995.026</ele><time>2026-09-23T13:39:15Z</time><speed>0.000</speed><sat>23</sat></trkpt>
  <trkpt lat="45.58669864" lon="2.78473462"><ele>994.963</ele><time>2026-09-23T13:39:18Z</time><speed>0.000</speed><sat>21</sat></trkpt>
  <trkpt lat="45.58669937" lon="2.78473502"><ele>994.972</ele><time>2026-09-23T13:39:21Z</time><speed>0.000</speed><sat>23</sat></trkpt>
  <trkpt lat="45.58669957" lon="2.78473531"><ele>994.968</ele><time>2026-09-23T13:39:24Z</time><speed>0.000</speed><sat>23</sat></trkpt>
  <trkpt lat="45.58669971" lon="2.78473529"><ele>994.966</ele><time>2026-09-23T13:39:27Z</time><speed>0.000</speed><sat>22</sat></trkpt>
  <trkpt lat="45.58670202" lon="2.78474023"><ele>994.801</ele><time>2026-09-23T13:39:30Z</time><speed>0.000</speed><sat>23</sat></trkpt>
  <trkpt lat="45.58669962" lon="2.78473892"><ele>995.385</ele><time>2026-09-23T13:39:33Z</time><speed>0.000</speed><sat>25</sat></trkpt>
  <trkpt lat="45.58669936" lon="2.78473670"><ele>995.685</ele><time>2026-09-23T13:39:36Z</time><speed>0.000</speed><sat>26</sat></trkpt>
  <trkpt lat="45.58670242" lon="2.78476153"><ele>996.385</ele><time>2026-09-23T13:39:39Z</time><speed>0.600</speed><sat>26</sat></trkpt>
  <trkpt lat="45.58670367" lon="2.78477303"><ele>996.862</ele><time>2026-09-23T13:39:42Z</time><speed>0.000</speed><sat>24</sat></trkpt>
  <trkpt lat="45.58670207" lon="2.78477177"><ele>996.768</ele><time>2026-09-23T13:39:45Z</time><speed>0.000</speed><sat>28</sat></trkpt>
  <trkpt lat="45.58670186" lon="2.78477000"><ele>996.760</ele><time>2026-09-23T13:39:48Z</time><speed>0.000</speed><sat>29</sat></trkpt>
  <trkpt lat="45.58670830" lon="2.78476096"><ele>997.413</ele><time>2026-09-23T13:39:51Z</time><speed>0.000</speed><sat>25</sat></trkpt>
  <trkpt lat="45.58670808" lon="2.78475877"><ele>997.294</ele><time>2026-09-23T13:39:54Z</time><speed>0.000</speed><sat>28</sat></trkpt>
  <trkpt lat="45.58670768" lon="2.78475802"><ele>997.320</ele><time>2026-09-23T13:39:57Z</time><speed>0.000</speed><sat>28</sat></trkpt>
  <trkpt lat="45.58670783" lon="2.78475769"><ele>997.299</ele><time>2026-09-23T13:40:00Z</time><speed>0.000</speed><sat>27</sat></trkpt>
  <trkpt lat="45.58670777" lon="2.78475763"><ele>997.346</ele><time>2026-09-23T13:40:03Z</time><speed>0.000</speed><sat>27</sat></trkpt>
  <trkpt lat="45.58670774" lon="2.78475770"><ele>997.351</ele><time>2026-09-23T13:40:06Z</time><speed>0.000</speed><sat>29</sat></trkpt>
  <trkpt lat="45.58670768" lon="2.78475764"><ele>997.341</ele><time>2026-09-23T13:40:09Z</time><speed>0.000</speed><sat>28</sat></trkpt>
  <trkpt lat="45.58670751" lon="2.78475762"><ele>997.353</ele><time>2026-09-23T13:40:12Z</time><speed>0.000</speed><sat>24</sat></trkpt>
  <trkpt lat="45.58670746" lon="2.78475768"><ele>997.357</ele><time>2026-09-23T13:40:15Z</time><speed>0.000</speed><sat>25</sat></trkpt>
  <trkpt lat="45.58670757" lon="2.78475724"><ele>997.396</ele><time>2026-09-23T13:40:18Z</time><speed>0.000</speed><sat>25</sat></trkpt>
  <trkpt lat="45.58670758" lon="2.78475693"><ele>997.379</ele><time>2026-09-23T13:40:21Z</time><speed>0.000</speed><sat>25</sat></trkpt>
  <trkpt lat="45.58670719" lon="2.78475623"><ele>997.162</ele><time>2026-09-23T13:40:24Z</time><speed>0.000</speed><sat>27</sat></trkpt>
  <trkpt lat="45.58670108" lon="2.78475539"><ele>997.370</ele><time>2026-09-23T13:40:27Z</time><speed>0.930</speed><sat>26</sat></trkpt>
  <trkpt lat="45.58669769" lon="2.78475593"><ele>997.431</ele><time>2026-09-23T13:40:30Z</time><speed>0.000</speed><sat>28</sat></trkpt>
  <trkpt lat="45.58669713" lon="2.78475582"><ele>997.459</ele><time>2026-09-23T13:40:33Z</time><speed>0.000</speed><sat>28</sat></trkpt>
  <trkpt lat="45.58671556" lon="2.78474735"><ele>997.661</ele><time>2026-09-23T13:40:36Z</time><speed>1.810</speed><sat>26</sat></trkpt>
  <trkpt lat="45.58672080" lon="2.78475488"><ele>997.240</ele><time>2026-09-23T13:40:39Z</time><speed>0.000</speed><sat>26</sat></trkpt>
  <trkpt lat="45.58672087" lon="2.78475515"><ele>997.244</ele><time>2026-09-23T13:40:42Z</time><speed>0.000</speed><sat>26</sat></trkpt>
  <trkpt lat="45.58672127" lon="2.78475507"><ele>997.317</ele><time>2026-09-23T13:40:45Z</time><speed>0.000</speed><sat>24</sat></trkpt>
  <trkpt lat="45.58672132" lon="2.78475528"><ele>997.320</ele><time>2026-09-23T13:40:48Z</time><speed>0.000</speed><sat>25</sat></trkpt>
  <trkpt lat="45.58672172" lon="2.78475540"><ele>997.361</ele><time>2026-09-23T13:40:51Z</time><speed>0.000</speed><sat>27</sat></trkpt>
  <trkpt lat="45.58672207" lon="2.78475574"><ele>997.360</ele><time>2026-09-23T13:40:54Z</time><speed>0.000</speed><sat>25</sat></trkpt>
  <trkpt lat="45.58672194" lon="2.78475600"><ele>997.338</ele><time>2026-09-23T13:40:57Z</time><speed>0.000</speed><sat>24</sat></trkpt>
  <trkpt lat="45.58672199" lon="2.78475600"><ele>997.337</ele><time>2026-09-23T13:41:00Z</time><speed>0.000</speed><sat>25</sat></trkpt>
  <trkpt lat="45.58672188" lon="2.78475601"><ele>997.313</ele><time>2026-09-23T13:41:03Z</time><speed>0.000</speed><sat>25</sat></trkpt>
  <trkpt lat="45.58672252" lon="2.78475723"><ele>997.355</ele><time>2026-09-23T13:41:06Z</time><speed>0.000</speed><sat>25</sat></trkpt>
  <trkpt lat="45.58672294" lon="2.78475362"><ele>997.278</ele><time>2026-09-23T13:41:09Z</time><speed>0.000</speed><sat>26</sat></trkpt>
  <trkpt lat="45.58672306" lon="2.78475366"><ele>997.224</ele><time>2026-09-23T13:41:12Z</time><speed>0.000</speed><sat>26</sat></trkpt>
  <trkpt lat="45.58672374" lon="2.78475483"><ele>997.636</ele><time>2026-09-23T13:41:15Z</time><speed>0.000</speed><sat>27</sat></trkpt>
  <trkpt lat="45.58672404" lon="2.78475547"><ele>997.644</ele><time>2026-09-23T13:41:18Z</time><speed>0.000</speed><sat>28</sat></trkpt>
  <trkpt lat="45.58672408" lon="2.78475556"><ele>997.651</ele><time>2026-09-23T13:41:21Z</time><speed>0.000</speed><sat>28</sat></trkpt>
  <trkpt lat="45.58672408" lon="2.78475560"><ele>997.651</ele><time>2026-09-23T13:41:24Z</time><speed>0.000</speed><sat>26</sat></trkpt>
  <trkpt lat="45.58672408" lon="2.78475562"><ele>997.662</ele><time>2026-09-23T13:41:27Z</time><speed>0.000</speed><sat>26</sat></trkpt>
  <trkpt lat="45.58672361" lon="2.78475449"><ele>997.905</ele><time>2026-09-23T13:41:30Z</time><speed>0.000</speed><sat>25</sat></trkpt>
  <trkpt lat="45.58672259" lon="2.78475297"><ele>997.884</ele><time>2026-09-23T13:41:33Z</time><speed>0.000</speed><sat>28</sat></trkpt>
  <trkpt lat="45.58672163" lon="2.78475426"><ele>998.228</ele><time>2026-09-23T13:41:36Z</time><speed>0.000</speed><sat>28</sat></trkpt>
  <trkpt lat="45.58672200" lon="2.78476055"><ele>998.155</ele><time>2026-09-23T13:41:39Z</time><speed>0.220</speed><sat>28</sat></trkpt>
  <trkpt lat="45.58671826" lon="2.78475781"><ele>997.969</ele><time>2026-09-23T13:41:42Z</time><speed>0.000</speed><sat>29</sat></trkpt>
  <trkpt lat="45.58671718" lon="2.78475699"><ele>997.931</ele><time>2026-09-23T13:41:45Z</time><speed>0.000</speed><sat>28</sat></trkpt>
  <trkpt lat="45.58671919" lon="2.78475010"><ele>997.897</ele><time>2026-09-23T13:41:48Z</time><speed>0.000</speed><sat>27</sat></trkpt>
  <trkpt lat="45.58671816" lon="2.78475012"><ele>997.725</ele><time>2026-09-23T13:41:51Z</time><speed>0.000</speed><sat>26</sat></trkpt>
  <trkpt lat="45.58671816" lon="2.78475030"><ele>997.738</ele><time>2026-09-23T13:41:54Z</time><speed>0.000</speed><sat>26</sat></trkpt>
  <trkpt lat="45.58671825" lon="2.78475042"><ele>997.752</ele><time>2026-09-23T13:41:57Z</time><speed>0.000</speed><sat>28</sat></trkpt>
  <trkpt lat="45.58671829" lon="2.78475056"><ele>997.752</ele><time>2026-09-23T13:42:00Z</time><speed>0.000</speed><sat>28</sat></trkpt>
  <trkpt lat="45.58671849" lon="2.78475098"><ele>997.749</ele><time>2026-09-23T13:42:03Z</time><speed>0.000</speed><sat>25</sat></trkpt>
  <trkpt lat="45.58671853" lon="2.78475101"><ele>997.750</ele><time>2026-09-23T13:42:06Z</time><speed>0.000</speed><sat>22</sat></trkpt>
  <trkpt lat="45.58671861" lon="2.78475136"><ele>997.745</ele><time>2026-09-23T13:42:09Z</time><speed>0.000</speed><sat>20</sat></trkpt>
  <trkpt lat="45.58671858" lon="2.78475152"><ele>997.741</ele><time>2026-09-23T13:42:12Z</time><speed>0.000</speed><sat>24</sat></trkpt>
  <trkpt lat="45.58671885" lon="2.78475185"><ele>997.726</ele><time>2026-09-23T13:42:15Z</time><speed>0.000</speed><sat>25</sat></trkpt>
  <trkpt lat="45.58671834" lon="2.78475200"><ele>997.772</ele><time>2026-09-23T13:42:18Z</time><speed>0.370</speed><sat>27</sat></trkpt>
  <trkpt lat="45.58671416" lon="2.78475060"><ele>997.786</ele><time>2026-09-23T13:42:21Z</time><speed>0.000</speed><sat>29</sat></trkpt>
  <trkpt lat="45.58671422" lon="2.78475069"><ele>997.775</ele><time>2026-09-23T13:42:24Z</time><speed>0.000</speed><sat>27</sat></trkpt>
  <trkpt lat="45.58671626" lon="2.78475549"><ele>997.618</ele><time>2026-09-23T13:42:27Z</time><speed>0.000</speed><sat>23</sat></trkpt>
  <trkpt lat="45.58672050" lon="2.78475504"><ele>997.850</ele><time>2026-09-23T13:42:30Z</time><speed>0.000</speed><sat>26</sat></trkpt>
  <trkpt lat="45.58672100" lon="2.78475466"><ele>997.850</ele><time>2026-09-23T13:42:33Z</time><speed>0.000</speed><sat>27</sat></trkpt>
  <trkpt lat="45.58672099" lon="2.78475440"><ele>997.808</ele><time>2026-09-23T13:42:36Z</time><speed>0.000</speed><sat>26</sat></trkpt>
  <trkpt lat="45.58672096" lon="2.78475424"><ele>997.778</ele><time>2026-09-23T13:42:39Z</time><speed>0.000</speed><sat>26</sat></trkpt>
  <trkpt lat="45.58672082" lon="2.78475396"><ele>997.798</ele><time>2026-09-23T13:42:42Z</time><speed>0.000</speed><sat>26</sat></trkpt>
  <trkpt lat="45.58672063" lon="2.78475385"><ele>997.784</ele><time>2026-09-23T13:42:45Z</time><speed>0.000</speed><sat>27</sat></trkpt>
  <trkpt lat="45.58672064" lon="2.78475379"><ele>997.779</ele><time>2026-09-23T13:42:48Z</time><speed>0.000</speed><sat>27</sat></trkpt>
  <trkpt lat="45.58672064" lon="2.78475405"><ele>997.781</ele><time>2026-09-23T13:42:51Z</time><speed>0.000</speed><sat>26</sat></trkpt>
  <trkpt lat="45.58672077" lon="2.78475416"><ele>997.766</ele><time>2026-09-23T13:42:54Z</time><speed>0.000</speed><sat>27</sat></trkpt>
  <trkpt lat="45.58672096" lon="2.78475383"><ele>997.795</ele><time>2026-09-23T13:42:57Z</time><speed>0.000</speed><sat>27</sat></trkpt>
  <trkpt lat="45.58672106" lon="2.78475387"><ele>997.791</ele><time>2026-09-23T13:43:00Z</time><speed>0.000</speed><sat>26</sat></trkpt>
  <trkpt lat="45.58672111" lon="2.78475389"><ele>997.778</ele><time>2026-09-23T13:43:03Z</time><speed>0.000</speed><sat>26</sat></trkpt>
  <trkpt lat="45.58672114" lon="2.78475386"><ele>997.767</ele><time>2026-09-23T13:43:06Z</time><speed>0.000</speed><sat>27</sat></trkpt>
  <trkpt lat="45.58672104" lon="2.78475385"><ele>997.757</ele><time>2026-09-23T13:43:09Z</time><speed>0.000</speed><sat>28</sat></trkpt>
  <trkpt lat="45.58671901" lon="2.78475375"><ele>997.619</ele><time>2026-09-23T13:43:12Z</time><speed>0.000</speed><sat>27</sat></trkpt>
  <trkpt lat="45.58671697" lon="2.78475302"><ele>997.620</ele><time>2026-09-23T13:43:15Z</time><speed>0.000</speed><sat>26</sat></trkpt>
  <trkpt lat="45.58671682" lon="2.78475297"><ele>997.621</ele><time>2026-09-23T13:43:18Z</time><speed>0.000</speed><sat>27</sat></trkpt>
  <trkpt lat="45.58671678" lon="2.78475306"><ele>997.629</ele><time>2026-09-23T13:43:21Z</time><speed>0.000</speed><sat>28</sat></trkpt>
  <trkpt lat="45.58671673" lon="2.78475307"><ele>997.632</ele><time>2026-09-23T13:43:24Z</time><speed>0.000</speed><sat>27</sat></trkpt>
  <trkpt lat="45.58671676" lon="2.78475321"><ele>997.638</ele><time>2026-09-23T13:43:27Z</time><speed>0.000</speed><sat>25</sat></trkpt>
  <trkpt lat="45.58671674" lon="2.78475332"><ele>997.640</ele><time>2026-09-23T13:43:30Z</time><speed>0.000</speed><sat>26</sat></trkpt>
  <trkpt lat="45.58671673" lon="2.78475345"><ele>997.633</ele><time>2026-09-23T13:43:33Z</time><speed>0.000</speed><sat>27</sat></trkpt>
  <trkpt lat="45.58671826" lon="2.78476142"><ele>997.250</ele><time>2026-09-23T13:43:36Z</time><speed>0.160</speed><sat>27</sat></trkpt>
  <trkpt lat="45.58672057" lon="2.78476565"><ele>997.076</ele><time>2026-09-23T13:43:39Z</time><speed>0.280</speed><sat>26</sat></trkpt>
  <trkpt lat="45.58672144" lon="2.78476578"><ele>997.087</ele><time>2026-09-23T13:43:42Z</time><speed>0.000</speed><sat>25</sat></trkpt>
  <trkpt lat="45.58672149" lon="2.78476542"><ele>997.095</ele><time>2026-09-23T13:43:45Z</time><speed>0.000</speed><sat>24</sat></trkpt>
  <trkpt lat="45.58672162" lon="2.78476565"><ele>997.072</ele><time>2026-09-23T13:43:48Z</time><speed>0.000</speed><sat>25</sat></trkpt>
  <trkpt lat="45.58672195" lon="2.78476562"><ele>997.081</ele><time>2026-09-23T13:43:51Z</time><speed>0.000</speed><sat>23</sat></trkpt>
  <trkpt lat="45.58672204" lon="2.78476536"><ele>997.094</ele><time>2026-09-23T13:43:54Z</time><speed>0.000</speed><sat>25</sat></trkpt>
  <trkpt lat="45.58672250" lon="2.78476621"><ele>997.041</ele><time>2026-09-23T13:43:57Z</time><speed>0.000</speed><sat>26</sat></trkpt>
  <trkpt lat="45.58672313" lon="2.78476616"><ele>997.060</ele><time>2026-09-23T13:44:00Z</time><speed>0.000</speed><sat>22</sat></trkpt>
  <trkpt lat="45.58672302" lon="2.78476581"><ele>997.083</ele><time>2026-09-23T13:44:03Z</time><speed>0.000</speed><sat>25</sat></trkpt>
  <trkpt lat="45.58672322" lon="2.78476623"><ele>997.057</ele><time>2026-09-23T13:44:06Z</time><speed>0.000</speed><sat>25</sat></trkpt>
  <trkpt lat="45.58672316" lon="2.78476613"><ele>997.065</ele><time>2026-09-23T13:44:09Z</time><speed>0.000</speed><sat>22</sat></trkpt>
  <trkpt lat="45.58672393" lon="2.78476635"><ele>997.050</ele><time>2026-09-23T13:44:12Z</time><speed>0.000</speed><sat>24</sat></trkpt>
  <trkpt lat="45.58672437" lon="2.78476722"><ele>997.028</ele><time>2026-09-23T13:44:15Z</time><speed>0.000</speed><sat>23</sat></trkpt>
  <trkpt lat="45.58672517" lon="2.78476787"><ele>996.780</ele><time>2026-09-23T13:44:18Z</time><speed>0.180</speed><sat>25</sat></trkpt>
  <trkpt lat="45.58672789" lon="2.78476948"><ele>996.709</ele><time>2026-09-23T13:44:21Z</time><speed>0.000</speed><sat>24</sat></trkpt>
  <trkpt lat="45.58672631" lon="2.78476410"><ele>996.496</ele><time>2026-09-23T13:44:24Z</time><speed>0.250</speed><sat>25</sat></trkpt>
  <trkpt lat="45.58671607" lon="2.78475880"><ele>996.807</ele><time>2026-09-23T13:44:27Z</time><speed>0.240</speed><sat>27</sat></trkpt>
  <trkpt lat="45.58671780" lon="2.78475763"><ele>996.794</ele><time>2026-09-23T13:44:30Z</time><speed>0.000</speed><sat>27</sat></trkpt>
  <trkpt lat="45.58671604" lon="2.78475824"><ele>996.572</ele><time>2026-09-23T13:44:33Z</time><speed>0.000</speed><sat>27</sat></trkpt>
  <trkpt lat="45.58672058" lon="2.78476237"><ele>996.714</ele><time>2026-09-23T13:44:36Z</time><speed>0.000</speed><sat>27</sat></trkpt>
  <trkpt lat="45.58672064" lon="2.78476222"><ele>996.760</ele><time>2026-09-23T13:44:39Z</time><speed>0.000</speed><sat>26</sat></trkpt>
  <trkpt lat="45.58671933" lon="2.78475618"><ele>996.568</ele><time>2026-09-23T13:44:42Z</time><speed>0.000</speed><sat>26</sat></trkpt>
  <trkpt lat="45.58672231" lon="2.78475531"><ele>997.357</ele><time>2026-09-23T13:44:45Z</time><speed>0.000</speed><sat>26</sat></trkpt>
  <trkpt lat="45.58672324" lon="2.78475527"><ele>997.357</ele><time>2026-09-23T13:44:48Z</time><speed>0.000</speed><sat>26</sat></trkpt>
  <trkpt lat="45.58671426" lon="2.78476147"><ele>997.386</ele><time>2026-09-23T13:44:51Z</time><speed>0.000</speed><sat>26</sat></trkpt>
  <trkpt lat="45.58671133" lon="2.78476304"><ele>997.407</ele><time>2026-09-23T13:44:54Z</time><speed>0.000</speed><sat>28</sat></trkpt>
  <trkpt lat="45.58671151" lon="2.78476347"><ele>997.384</ele><time>2026-09-23T13:44:57Z</time><speed>0.000</speed><sat>28</sat></trkpt>
  <trkpt lat="45.58671274" lon="2.78476376"><ele>997.409</ele><time>2026-09-23T13:45:00Z</time><speed>0.000</speed><sat>25</sat></trkpt>
  <trkpt lat="45.58671289" lon="2.78476513"><ele>997.746</ele><time>2026-09-23T13:45:03Z</time><speed>0.000</speed><sat>26</sat></trkpt>
  <trkpt lat="45.58671442" lon="2.78476226"><ele>997.617</ele><time>2026-09-23T13:45:06Z</time><speed>0.000</speed><sat>28</sat></trkpt>
  <trkpt lat="45.58671417" lon="2.78476182"><ele>997.648</ele><time>2026-09-23T13:45:09Z</time><speed>0.000</speed><sat>28</sat></trkpt>
  <trkpt lat="45.58671347" lon="2.78476051"><ele>997.633</ele><time>2026-09-23T13:45:12Z</time><speed>0.000</speed><sat>28</sat></trkpt>
  <trkpt lat="45.58671352" lon="2.78475976"><ele>997.686</ele><time>2026-09-23T13:45:15Z</time><speed>0.000</speed><sat>27</sat></trkpt>
  <trkpt lat="45.58671371" lon="2.78475945"><ele>997.735</ele><time>2026-09-23T13:45:18Z</time><speed>0.000</speed><sat>27</sat></trkpt>
  <trkpt lat="45.58670923" lon="2.78475738"><ele>998.404</ele><time>2026-09-23T13:45:21Z</time><speed>0.000</speed><sat>27</sat></trkpt>
  <trkpt lat="45.58670891" lon="2.78475725"><ele>998.413</ele><time>2026-09-23T13:45:24Z</time><speed>0.000</speed><sat>26</sat></trkpt>
  <trkpt lat="45.58670824" lon="2.78475458"><ele>998.454</ele><time>2026-09-23T13:45:27Z</time><speed>0.000</speed><sat>25</sat></trkpt>
  <trkpt lat="45.58670827" lon="2.78475427"><ele>998.430</ele><time>2026-09-23T13:45:30Z</time><speed>0.000</speed><sat>25</sat></trkpt>
  <trkpt lat="45.58670846" lon="2.78475452"><ele>998.372</ele><time>2026-09-23T13:45:33Z</time><speed>0.000</speed><sat>26</sat></trkpt>
  <trkpt lat="45.58670863" lon="2.78475503"><ele>998.331</ele><time>2026-09-23T13:45:36Z</time><speed>0.000</speed><sat>26</sat></trkpt>
  <trkpt lat="45.58671033" lon="2.78475531"><ele>998.619</ele><time>2026-09-23T13:45:39Z</time><speed>0.000</speed><sat>26</sat></trkpt>
  <trkpt lat="45.58670997" lon="2.78475596"><ele>998.583</ele><time>2026-09-23T13:45:42Z</time><speed>0.000</speed><sat>25</sat></trkpt>
  <trkpt lat="45.58670992" lon="2.78475609"><ele>998.577</ele><time>2026-09-23T13:45:45Z</time><speed>0.000</speed><sat>27</sat></trkpt>
  <trkpt lat="45.58670985" lon="2.78475609"><ele>998.530</ele><time>2026-09-23T13:45:48Z</time><speed>0.000</speed><sat>30</sat></trkpt>
  <trkpt lat="45.58670992" lon="2.78475629"><ele>998.506</ele><time>2026-09-23T13:45:51Z</time><speed>0.000</speed><sat>29</sat></trkpt>
  <trkpt lat="45.58670965" lon="2.78475583"><ele>998.533</ele><time>2026-09-23T13:45:54Z</time><speed>0.000</speed><sat>26</sat></trkpt>
  <trkpt lat="45.58670965" lon="2.78475536"><ele>998.550</ele><time>2026-09-23T13:45:57Z</time><speed>0.000</speed><sat>27</sat></trkpt>
  <trkpt lat="45.58670967" lon="2.78475561"><ele>998.543</ele><time>2026-09-23T13:46:00Z</time><speed>0.000</speed><sat>29</sat></trkpt>
  <trkpt lat="45.58670749" lon="2.78475561"><ele>998.945</ele><time>2026-09-23T13:46:03Z</time><speed>0.170</speed><sat>28</sat></trkpt>
  <trkpt lat="45.58670554" lon="2.78475403"><ele>998.976</ele><time>2026-09-23T13:46:06Z</time><speed>0.000</speed><sat>26</sat></trkpt>
  <trkpt lat="45.58670539" lon="2.78475395"><ele>998.987</ele><time>2026-09-23T13:46:09Z</time><speed>0.000</speed><sat>26</sat></trkpt>
  <trkpt lat="45.58670424" lon="2.78475279"><ele>998.981</ele><time>2026-09-23T13:46:12Z</time><speed>0.000</speed><sat>26</sat></trkpt>
  <trkpt lat="45.58670417" lon="2.78475273"><ele>998.983</ele><time>2026-09-23T13:46:15Z</time><speed>0.000</speed><sat>26</sat></trkpt>
  <trkpt lat="45.58670420" lon="2.78475274"><ele>998.988</ele><time>2026-09-23T13:46:18Z</time><speed>0.000</speed><sat>27</sat></trkpt>
  <trkpt lat="45.58670423" lon="2.78475274"><ele>998.992</ele><time>2026-09-23T13:46:21Z</time><speed>0.000</speed><sat>27</sat></trkpt>
  <trkpt lat="45.58670421" lon="2.78475274"><ele>998.992</ele><time>2026-09-23T13:46:24Z</time><speed>0.000</speed><sat>26</sat></trkpt>
  <trkpt lat="45.58670291" lon="2.78475112"><ele>999.007</ele><time>2026-09-23T13:46:27Z</time><speed>0.000</speed><sat>25</sat></trkpt>
  <trkpt lat="45.58669974" lon="2.78475149"><ele>999.205</ele><time>2026-09-23T13:46:30Z</time><speed>0.000</speed><sat>26</sat></trkpt>
  <trkpt lat="45.58669918" lon="2.78475159"><ele>999.195</ele><time>2026-09-23T13:46:33Z</time><speed>0.000</speed><sat>28</sat></trkpt>
  <trkpt lat="45.58669915" lon="2.78475165"><ele>999.204</ele><time>2026-09-23T13:46:36Z</time><speed>0.000</speed><sat>28</sat></trkpt>
  <trkpt lat="45.58669926" lon="2.78475161"><ele>999.206</ele><time>2026-09-23T13:46:39Z</time><speed>0.000</speed><sat>26</sat></trkpt>
  <trkpt lat="45.58670140" lon="2.78474969"><ele>999.177</ele><time>2026-09-23T13:46:42Z</time><speed>0.210</speed><sat>26</sat></trkpt>
  <trkpt lat="45.58670271" lon="2.78474367"><ele>999.107</ele><time>2026-09-23T13:46:45Z</time><speed>0.240</speed><sat>26</sat></trkpt>
  <trkpt lat="45.58670287" lon="2.78473754"><ele>998.633</ele><time>2026-09-23T13:46:48Z</time><speed>0.000</speed><sat>28</sat></trkpt>
  <trkpt lat="45.58670670" lon="2.78473114"><ele>998.127</ele><time>2026-09-23T13:46:51Z</time><speed>0.000</speed><sat>28</sat></trkpt>
  <trkpt lat="45.58670731" lon="2.78473074"><ele>998.114</ele><time>2026-09-23T13:46:54Z</time><speed>0.000</speed><sat>26</sat></trkpt>
  <trkpt lat="45.58670474" lon="2.78471011"><ele>997.260</ele><time>2026-09-23T13:46:57Z</time><speed>0.610</speed><sat>26</sat></trkpt>
  <trkpt lat="45.58670165" lon="2.78468977"><ele>996.658</ele><time>2026-09-23T13:47:00Z</time><speed>0.270</speed><sat>26</sat></trkpt>
  <trkpt lat="45.58670338" lon="2.78468956"><ele>996.617</ele><time>2026-09-23T13:47:03Z</time><speed>0.000</speed><sat>26</sat></trkpt>
  <trkpt lat="45.58669933" lon="2.78468188"><ele>996.057</ele><time>2026-09-23T13:47:06Z</time><speed>0.630</speed><sat>27</sat></trkpt>
  <trkpt lat="45.58669575" lon="2.78465655"><ele>996.288</ele><time>2026-09-23T13:47:09Z</time><speed>1.110</speed><sat>27</sat></trkpt>
  <trkpt lat="45.58669893" lon="2.78461469"><ele>996.338</ele><time>2026-09-23T13:47:12Z</time><speed>1.170</speed><sat>26</sat></trkpt>
  <trkpt lat="45.58669423" lon="2.78458319"><ele>996.048</ele><time>2026-09-23T13:47:15Z</time><speed>0.540</speed><sat>26</sat></trkpt>
  <trkpt lat="45.58670057" lon="2.78458201"><ele>996.859</ele><time>2026-09-23T13:47:18Z</time><speed>0.730</speed><sat>26</sat></trkpt>
  <trkpt lat="45.58668028" lon="2.78454959"><ele>996.538</ele><time>2026-09-23T13:47:21Z</time><speed>1.020</speed><sat>26</sat></trkpt>
  <trkpt lat="45.58666072" lon="2.78449343"><ele>994.855</ele><time>2026-09-23T13:47:24Z</time><speed>1.410</speed><sat>26</sat></trkpt>
  <trkpt lat="45.58664940" lon="2.78444082"><ele>992.657</ele><time>2026-09-23T13:47:27Z</time><speed>1.130</speed><sat>26</sat></trkpt>
  <trkpt lat="45.58663611" lon="2.78439779"><ele>992.088</ele><time>2026-09-23T13:47:30Z</time><speed>1.220</speed><sat>26</sat></trkpt>
  <trkpt lat="45.58663403" lon="2.78435468"><ele>993.346</ele><time>2026-09-23T13:47:33Z</time><speed>1.080</speed><sat>26</sat></trkpt>
  <trkpt lat="45.58661844" lon="2.78432102"><ele>994.280</ele><time>2026-09-23T13:47:36Z</time><speed>1.030</speed><sat>26</sat></trkpt>
  <trkpt lat="45.58661821" lon="2.78428518"><ele>995.063</ele><time>2026-09-23T13:47:39Z</time><speed>1.110</speed><sat>27</sat></trkpt>
  <trkpt lat="45.58662849" lon="2.78426242"><ele>995.061</ele><time>2026-09-23T13:47:42Z</time><speed>0.920</speed><sat>28</sat></trkpt>
  <trkpt lat="45.58663529" lon="2.78423114"><ele>995.973</ele><time>2026-09-23T13:47:45Z</time><speed>0.900</speed><sat>27</sat></trkpt>
  <trkpt lat="45.58661499" lon="2.78420275"><ele>994.925</ele><time>2026-09-23T13:47:48Z</time><speed>0.930</speed><sat>26</sat></trkpt>
  <trkpt lat="45.58662049" lon="2.78416399"><ele>997.341</ele><time>2026-09-23T13:47:51Z</time><speed>2.060</speed><sat>26</sat></trkpt>
  <trkpt lat="45.58663837" lon="2.78416311"><ele>997.306</ele><time>2026-09-23T13:47:54Z</time><speed>0.840</speed><sat>27</sat></trkpt>
  <trkpt lat="45.58663303" lon="2.78413384"><ele>996.500</ele><time>2026-09-23T13:47:57Z</time><speed>0.830</speed><sat>27</sat></trkpt>
  <trkpt lat="45.58663076" lon="2.78410362"><ele>994.384</ele><time>2026-09-23T13:48:00Z</time><speed>0.750</speed><sat>26</sat></trkpt>
  <trkpt lat="45.58662474" lon="2.78407434"><ele>993.589</ele><time>2026-09-23T13:48:03Z</time><speed>0.790</speed><sat>24</sat></trkpt>
  <trkpt lat="45.58663321" lon="2.78407108"><ele>991.490</ele><time>2026-09-23T13:48:06Z</time><speed>0.790</speed><sat>26</sat></trkpt>
  <trkpt lat="45.58663347" lon="2.78404820"><ele>992.049</ele><time>2026-09-23T13:48:09Z</time><speed>0.790</speed><sat>27</sat></trkpt>
  <trkpt lat="45.58663608" lon="2.78402321"><ele>992.256</ele><time>2026-09-23T13:48:12Z</time><speed>0.930</speed><sat>26</sat></trkpt>
  <trkpt lat="45.58664560" lon="2.78399381"><ele>992.739</ele><time>2026-09-23T13:48:15Z</time><speed>0.740</speed><sat>24</sat></trkpt>
  <trkpt lat="45.58665057" lon="2.78396480"><ele>992.793</ele><time>2026-09-23T13:48:18Z</time><speed>0.800</speed><sat>24</sat></trkpt>
  <trkpt lat="45.58664851" lon="2.78393196"><ele>992.329</ele><time>2026-09-23T13:48:21Z</time><speed>1.110</speed><sat>27</sat></trkpt>
  <trkpt lat="45.58664714" lon="2.78390289"><ele>992.188</ele><time>2026-09-23T13:48:24Z</time><speed>0.870</speed><sat>27</sat></trkpt>
  <trkpt lat="45.58665334" lon="2.78388058"><ele>992.049</ele><time>2026-09-23T13:48:27Z</time><speed>0.770</speed><sat>24</sat></trkpt>
  <trkpt lat="45.58665502" lon="2.78385129"><ele>992.160</ele><time>2026-09-23T13:48:30Z</time><speed>0.710</speed><sat>24</sat></trkpt>
  <trkpt lat="45.58666558" lon="2.78382868"><ele>990.909</ele><time>2026-09-23T13:48:33Z</time><speed>0.760</speed><sat>23</sat></trkpt>
  <trkpt lat="45.58666745" lon="2.78382530"><ele>990.163</ele><time>2026-09-23T13:48:36Z</time><speed>0.620</speed><sat>24</sat></trkpt>
  <trkpt lat="45.58667258" lon="2.78381327"><ele>989.235</ele><time>2026-09-23T13:48:39Z</time><speed>0.000</speed><sat>25</sat></trkpt>
  <trkpt lat="45.58668488" lon="2.78378955"><ele>987.533</ele><time>2026-09-23T13:48:42Z</time><speed>0.660</speed><sat>23</sat></trkpt>
  <trkpt lat="45.58669199" lon="2.78376315"><ele>987.929</ele><time>2026-09-23T13:48:45Z</time><speed>0.820</speed><sat>22</sat></trkpt>
  <trkpt lat="45.58670009" lon="2.78373158"><ele>986.031</ele><time>2026-09-23T13:48:48Z</time><speed>0.910</speed><sat>21</sat></trkpt>
  <trkpt lat="45.58670027" lon="2.78369431"><ele>985.424</ele><time>2026-09-23T13:48:51Z</time><speed>1.020</speed><sat>24</sat></trkpt>
  <trkpt lat="45.58670877" lon="2.78365781"><ele>984.599</ele><time>2026-09-23T13:48:54Z</time><speed>1.120</speed><sat>24</sat></trkpt>
  <trkpt lat="45.58671998" lon="2.78362261"><ele>983.738</ele><time>2026-09-23T13:48:57Z</time><speed>1.080</speed><sat>24</sat></trkpt>
  <trkpt lat="45.58672249" lon="2.78358081"><ele>982.730</ele><time>2026-09-23T13:49:00Z</time><speed>1.070</speed><sat>24</sat></trkpt>
  <trkpt lat="45.58672646" lon="2.78353497"><ele>984.224</ele><time>2026-09-23T13:49:03Z</time><speed>1.090</speed><sat>24</sat></trkpt>
  <trkpt lat="45.58671730" lon="2.78348887"><ele>982.833</ele><time>2026-09-23T13:49:06Z</time><speed>1.070</speed><sat>25</sat></trkpt>
  <trkpt lat="45.58671378" lon="2.78344632"><ele>981.646</ele><time>2026-09-23T13:49:09Z</time><speed>0.960</speed><sat>25</sat></trkpt>
  <trkpt lat="45.58671132" lon="2.78340307"><ele>980.501</ele><time>2026-09-23T13:49:12Z</time><speed>1.080</speed><sat>23</sat></trkpt>
  <trkpt lat="45.58671179" lon="2.78336202"><ele>979.602</ele><time>2026-09-23T13:49:15Z</time><speed>1.050</speed><sat>24</sat></trkpt>
  <trkpt lat="45.58670666" lon="2.78330352"><ele>980.507</ele><time>2026-09-23T13:49:18Z</time><speed>1.440</speed><sat>24</sat></trkpt>
  <trkpt lat="45.58671882" lon="2.78324804"><ele>979.606</ele><time>2026-09-23T13:49:21Z</time><speed>1.320</speed><sat>25</sat></trkpt>
  <trkpt lat="45.58672608" lon="2.78319851"><ele>980.467</ele><time>2026-09-23T13:49:24Z</time><speed>1.220</speed><sat>24</sat></trkpt>
  <trkpt lat="45.58672720" lon="2.78314521"><ele>979.731</ele><time>2026-09-23T13:49:27Z</time><speed>1.250</speed><sat>24</sat></trkpt>
  <trkpt lat="45.58673881" lon="2.78310049"><ele>982.656</ele><time>2026-09-23T13:49:30Z</time><speed>1.280</speed><sat>24</sat></trkpt>
  <trkpt lat="45.58674798" lon="2.78306133"><ele>984.146</ele><time>2026-09-23T13:49:33Z</time><speed>1.190</speed><sat>25</sat></trkpt>
  <trkpt lat="45.58675512" lon="2.78301584"><ele>986.389</ele><time>2026-09-23T13:49:36Z</time><speed>1.400</speed><sat>25</sat></trkpt>
  <trkpt lat="45.58676133" lon="2.78297570"><ele>986.568</ele><time>2026-09-23T13:49:39Z</time><speed>1.210</speed><sat>24</sat></trkpt>
  <trkpt lat="45.58677461" lon="2.78293029"><ele>986.557</ele><time>2026-09-23T13:49:42Z</time><speed>1.260</speed><sat>24</sat></trkpt>
  <trkpt lat="45.58678506" lon="2.78287600"><ele>987.187</ele><time>2026-09-23T13:49:45Z</time><speed>1.340</speed><sat>24</sat></trkpt>
  <trkpt lat="45.58681562" lon="2.78281475"><ele>987.145</ele><time>2026-09-23T13:49:48Z</time><speed>1.820</speed><sat>24</sat></trkpt>
  <trkpt lat="45.58682675" lon="2.78276803"><ele>986.726</ele><time>2026-09-23T13:49:51Z</time><speed>1.240</speed><sat>23</sat></trkpt>
  <trkpt lat="45.58683497" lon="2.78272877"><ele>986.088</ele><time>2026-09-23T13:49:54Z</time><speed>1.170</speed><sat>22</sat></trkpt>
  <trkpt lat="45.58684823" lon="2.78268747"><ele>986.695</ele><time>2026-09-23T13:49:57Z</time><speed>1.170</speed><sat>23</sat></trkpt>
  <trkpt lat="45.58686094" lon="2.78264319"><ele>988.175</ele><time>2026-09-23T13:50:00Z</time><speed>1.120</speed><sat>24</sat></trkpt>
  <trkpt lat="45.58687669" lon="2.78260337"><ele>990.299</ele><time>2026-09-23T13:50:03Z</time><speed>1.080</speed><sat>23</sat></trkpt>
  <trkpt lat="45.58688474" lon="2.78256083"><ele>991.142</ele><time>2026-09-23T13:50:06Z</time><speed>1.030</speed><sat>24</sat></trkpt>
  <trkpt lat="45.58688909" lon="2.78251606"><ele>989.756</ele><time>2026-09-23T13:50:09Z</time><speed>1.170</speed><sat>25</sat></trkpt>
  <trkpt lat="45.58689183" lon="2.78247564"><ele>989.398</ele><time>2026-09-23T13:50:12Z</time><speed>1.000</speed><sat>25</sat></trkpt>
  <trkpt lat="45.58688758" lon="2.78243061"><ele>989.227</ele><time>2026-09-23T13:50:15Z</time><speed>1.030</speed><sat>23</sat></trkpt>
  <trkpt lat="45.58689035" lon="2.78238830"><ele>990.298</ele><time>2026-09-23T13:50:18Z</time><speed>1.010</speed><sat>23</sat></trkpt>
  <trkpt lat="45.58689166" lon="2.78234362"><ele>990.862</ele><time>2026-09-23T13:50:21Z</time><speed>1.020</speed><sat>23</sat></trkpt>
  <trkpt lat="45.58689786" lon="2.78230112"><ele>988.903</ele><time>2026-09-23T13:50:24Z</time><speed>0.980</speed><sat>23</sat></trkpt>
  <trkpt lat="45.58691294" lon="2.78226818"><ele>988.870</ele><time>2026-09-23T13:50:27Z</time><speed>1.050</speed><sat>23</sat></trkpt>
  <trkpt lat="45.58692882" lon="2.78222872"><ele>987.681</ele><time>2026-09-23T13:50:30Z</time><speed>0.960</speed><sat>25</sat></trkpt>
  <trkpt lat="45.58694107" lon="2.78218518"><ele>986.487</ele><time>2026-09-23T13:50:33Z</time><speed>1.000</speed><sat>26</sat></trkpt>
  <trkpt lat="45.58695819" lon="2.78214666"><ele>986.745</ele><time>2026-09-23T13:50:36Z</time><speed>0.960</speed><sat>25</sat></trkpt>
  <trkpt lat="45.58698072" lon="2.78211320"><ele>985.691</ele><time>2026-09-23T13:50:39Z</time><speed>1.030</speed><sat>25</sat></trkpt>
  <trkpt lat="45.58699065" lon="2.78206889"><ele>986.477</ele><time>2026-09-23T13:50:42Z</time><speed>1.000</speed><sat>24</sat></trkpt>
  <trkpt lat="45.58700486" lon="2.78203613"><ele>985.098</ele><time>2026-09-23T13:50:45Z</time><speed>1.100</speed><sat>24</sat></trkpt>
  <trkpt lat="45.58702445" lon="2.78200434"><ele>985.414</ele><time>2026-09-23T13:50:48Z</time><speed>1.080</speed><sat>24</sat></trkpt>
  <trkpt lat="45.58703876" lon="2.78196607"><ele>985.313</ele><time>2026-09-23T13:50:51Z</time><speed>1.030</speed><sat>24</sat></trkpt>
  <trkpt lat="45.58705152" lon="2.78193065"><ele>985.215</ele><time>2026-09-23T13:50:54Z</time><speed>1.120</speed><sat>25</sat></trkpt>
  <trkpt lat="45.58707212" lon="2.78188928"><ele>985.754</ele><time>2026-09-23T13:50:57Z</time><speed>1.100</speed><sat>24</sat></trkpt>
  <trkpt lat="45.58708664" lon="2.78185667"><ele>984.695</ele><time>2026-09-23T13:51:00Z</time><speed>1.110</speed><sat>23</sat></trkpt>
  <trkpt lat="45.58708817" lon="2.78181074"><ele>982.165</ele><time>2026-09-23T13:51:03Z</time><speed>1.090</speed><sat>21</sat></trkpt>
  <trkpt lat="45.58709951" lon="2.78177345"><ele>981.021</ele><time>2026-09-23T13:51:06Z</time><speed>1.150</speed><sat>23</sat></trkpt>
  <trkpt lat="45.58710612" lon="2.78173614"><ele>980.013</ele><time>2026-09-23T13:51:09Z</time><speed>1.110</speed><sat>24</sat></trkpt>
  <trkpt lat="45.58710806" lon="2.78169862"><ele>978.602</ele><time>2026-09-23T13:51:12Z</time><speed>1.090</speed><sat>22</sat></trkpt>
  <trkpt lat="45.58711718" lon="2.78165353"><ele>979.852</ele><time>2026-09-23T13:51:15Z</time><speed>1.050</speed><sat>25</sat></trkpt>
  <trkpt lat="45.58713104" lon="2.78161121"><ele>979.436</ele><time>2026-09-23T13:51:18Z</time><speed>1.040</speed><sat>24</sat></trkpt>
  <trkpt lat="45.58714328" lon="2.78157303"><ele>979.850</ele><time>2026-09-23T13:51:21Z</time><speed>0.970</speed><sat>26</sat></trkpt>
  <trkpt lat="45.58715836" lon="2.78154078"><ele>978.657</ele><time>2026-09-23T13:51:24Z</time><speed>1.080</speed><sat>24</sat></trkpt>
  <trkpt lat="45.58717601" lon="2.78150875"><ele>978.219</ele><time>2026-09-23T13:51:27Z</time><speed>1.120</speed><sat>23</sat></trkpt>
  <trkpt lat="45.58720360" lon="2.78148307"><ele>977.908</ele><time>2026-09-23T13:51:30Z</time><speed>1.120</speed><sat>23</sat></trkpt>
  <trkpt lat="45.58722455" lon="2.78144569"><ele>978.891</ele><time>2026-09-23T13:51:33Z</time><speed>1.120</speed><sat>25</sat></trkpt>
  <trkpt lat="45.58724146" lon="2.78140463"><ele>980.511</ele><time>2026-09-23T13:51:36Z</time><speed>1.110</speed><sat>25</sat></trkpt>
  <trkpt lat="45.58726138" lon="2.78136433"><ele>981.016</ele><time>2026-09-23T13:51:39Z</time><speed>1.160</speed><sat>23</sat></trkpt>
  <trkpt lat="45.58727795" lon="2.78131890"><ele>978.388</ele><time>2026-09-23T13:51:42Z</time><speed>1.140</speed><sat>24</sat></trkpt>
  <trkpt lat="45.58729622" lon="2.78128543"><ele>979.203</ele><time>2026-09-23T13:51:45Z</time><speed>1.170</speed><sat>25</sat></trkpt>
  <trkpt lat="45.58731780" lon="2.78124962"><ele>979.073</ele><time>2026-09-23T13:51:48Z</time><speed>1.100</speed><sat>23</sat></trkpt>
  <trkpt lat="45.58734015" lon="2.78121286"><ele>979.451</ele><time>2026-09-23T13:51:51Z</time><speed>1.110</speed><sat>23</sat></trkpt>
  <trkpt lat="45.58736265" lon="2.78117943"><ele>979.568</ele><time>2026-09-23T13:51:54Z</time><speed>1.100</speed><sat>23</sat></trkpt>
  <trkpt lat="45.58738102" lon="2.78114652"><ele>977.960</ele><time>2026-09-23T13:51:57Z</time><speed>0.990</speed><sat>21</sat></trkpt>
  <trkpt lat="45.58739314" lon="2.78110600"><ele>977.459</ele><time>2026-09-23T13:52:00Z</time><speed>0.990</speed><sat>23</sat></trkpt>
  <trkpt lat="45.58740744" lon="2.78107228"><ele>976.812</ele><time>2026-09-23T13:52:03Z</time><speed>1.010</speed><sat>24</sat></trkpt>
  <trkpt lat="45.58742548" lon="2.78104696"><ele>976.807</ele><time>2026-09-23T13:52:06Z</time><speed>0.990</speed><sat>25</sat></trkpt>
  <trkpt lat="45.58743880" lon="2.78101326"><ele>977.465</ele><time>2026-09-23T13:52:09Z</time><speed>1.090</speed><sat>25</sat></trkpt>
  <trkpt lat="45.58745374" lon="2.78097327"><ele>977.323</ele><time>2026-09-23T13:52:12Z</time><speed>1.050</speed><sat>24</sat></trkpt>
  <trkpt lat="45.58746739" lon="2.78093252"><ele>977.968</ele><time>2026-09-23T13:52:15Z</time><speed>1.050</speed><sat>23</sat></trkpt>
  <trkpt lat="45.58748136" lon="2.78089178"><ele>977.408</ele><time>2026-09-23T13:52:18Z</time><speed>1.090</speed><sat>23</sat></trkpt>
  <trkpt lat="45.58749459" lon="2.78083508"><ele>976.742</ele><time>2026-09-23T13:52:21Z</time><speed>1.170</speed><sat>22</sat></trkpt>
  <trkpt lat="45.58750037" lon="2.78077323"><ele>975.612</ele><time>2026-09-23T13:52:24Z</time><speed>1.210</speed><sat>22</sat></trkpt>
  <trkpt lat="45.58750843" lon="2.78072087"><ele>976.024</ele><time>2026-09-23T13:52:27Z</time><speed>1.170</speed><sat>23</sat></trkpt>
  <trkpt lat="45.58751541" lon="2.78065853"><ele>975.928</ele><time>2026-09-23T13:52:30Z</time><speed>1.190</speed><sat>22</sat></trkpt>
  <trkpt lat="45.58753563" lon="2.78060660"><ele>977.866</ele><time>2026-09-23T13:52:33Z</time><speed>1.120</speed><sat>22</sat></trkpt>
  <trkpt lat="45.58753485" lon="2.78055370"><ele>978.057</ele><time>2026-09-23T13:52:36Z</time><speed>1.150</speed><sat>23</sat></trkpt>
  <trkpt lat="45.58753512" lon="2.78050375"><ele>977.122</ele><time>2026-09-23T13:52:39Z</time><speed>1.140</speed><sat>24</sat></trkpt>
  <trkpt lat="45.58753681" lon="2.78045498"><ele>974.783</ele><time>2026-09-23T13:52:42Z</time><speed>1.100</speed><sat>23</sat></trkpt>
  <trkpt lat="45.58754564" lon="2.78040423"><ele>973.717</ele><time>2026-09-23T13:52:45Z</time><speed>1.320</speed><sat>22</sat></trkpt>
  <trkpt lat="45.58755991" lon="2.78035566"><ele>972.784</ele><time>2026-09-23T13:52:48Z</time><speed>1.160</speed><sat>21</sat></trkpt>
  <trkpt lat="45.58757544" lon="2.78032166"><ele>973.949</ele><time>2026-09-23T13:52:51Z</time><speed>1.140</speed><sat>22</sat></trkpt>
  <trkpt lat="45.58760021" lon="2.78029155"><ele>975.912</ele><time>2026-09-23T13:52:54Z</time><speed>1.100</speed><sat>23</sat></trkpt>
  <trkpt lat="45.58761910" lon="2.78025827"><ele>976.385</ele><time>2026-09-23T13:52:57Z</time><speed>1.080</speed><sat>24</sat></trkpt>
  <trkpt lat="45.58763650" lon="2.78022402"><ele>978.062</ele><time>2026-09-23T13:53:00Z</time><speed>1.080</speed><sat>25</sat></trkpt>
  <trkpt lat="45.58764754" lon="2.78018082"><ele>977.679</ele><time>2026-09-23T13:53:03Z</time><speed>1.100</speed><sat>25</sat></trkpt>
  <trkpt lat="45.58765995" lon="2.78014375"><ele>978.542</ele><time>2026-09-23T13:53:06Z</time><speed>1.100</speed><sat>25</sat></trkpt>
  <trkpt lat="45.58766720" lon="2.78009323"><ele>978.025</ele><time>2026-09-23T13:53:09Z</time><speed>1.140</speed><sat>26</sat></trkpt>
  <trkpt lat="45.58767853" lon="2.78004820"><ele>977.252</ele><time>2026-09-23T13:53:12Z</time><speed>1.170</speed><sat>27</sat></trkpt>
  <trkpt lat="45.58768981" lon="2.78000736"><ele>978.121</ele><time>2026-09-23T13:53:15Z</time><speed>1.080</speed><sat>26</sat></trkpt>
  <trkpt lat="45.58768633" lon="2.77995569"><ele>976.322</ele><time>2026-09-23T13:53:18Z</time><speed>1.080</speed><sat>23</sat></trkpt>
  <trkpt lat="45.58769142" lon="2.77991255"><ele>976.151</ele><time>2026-09-23T13:53:21Z</time><speed>1.030</speed><sat>25</sat></trkpt>
  <trkpt lat="45.58769220" lon="2.77986538"><ele>975.726</ele><time>2026-09-23T13:53:24Z</time><speed>1.050</speed><sat>24</sat></trkpt>
  <trkpt lat="45.58769635" lon="2.77981797"><ele>975.512</ele><time>2026-09-23T13:53:27Z</time><speed>1.090</speed><sat>23</sat></trkpt>
  <trkpt lat="45.58770264" lon="2.77977000"><ele>976.413</ele><time>2026-09-23T13:53:30Z</time><speed>1.060</speed><sat>24</sat></trkpt>
  <trkpt lat="45.58770082" lon="2.77972226"><ele>975.976</ele><time>2026-09-23T13:53:33Z</time><speed>1.090</speed><sat>24</sat></trkpt>
  <trkpt lat="45.58769700" lon="2.77967514"><ele>975.849</ele><time>2026-09-23T13:53:36Z</time><speed>1.090</speed><sat>24</sat></trkpt>
  <trkpt lat="45.58768894" lon="2.77962566"><ele>972.315</ele><time>2026-09-23T13:53:39Z</time><speed>1.100</speed><sat>23</sat></trkpt>
  <trkpt lat="45.58769043" lon="2.77958069"><ele>973.724</ele><time>2026-09-23T13:53:42Z</time><speed>1.120</speed><sat>24</sat></trkpt>
  <trkpt lat="45.58767481" lon="2.77953610"><ele>972.983</ele><time>2026-09-23T13:53:45Z</time><speed>1.120</speed><sat>25</sat></trkpt>
  <trkpt lat="45.58765506" lon="2.77949015"><ele>972.461</ele><time>2026-09-23T13:53:48Z</time><speed>1.150</speed><sat>25</sat></trkpt>
  <trkpt lat="45.58762714" lon="2.77944958"><ele>970.749</ele><time>2026-09-23T13:53:51Z</time><speed>1.140</speed><sat>25</sat></trkpt>
  <trkpt lat="45.58759639" lon="2.77941034"><ele>971.123</ele><time>2026-09-23T13:53:54Z</time><speed>1.090</speed><sat>25</sat></trkpt>
  <trkpt lat="45.58757135" lon="2.77937261"><ele>972.149</ele><time>2026-09-23T13:53:57Z</time><speed>1.080</speed><sat>26</sat></trkpt>
  <trkpt lat="45.58754621" lon="2.77933412"><ele>973.070</ele><time>2026-09-23T13:54:00Z</time><speed>1.100</speed><sat>26</sat></trkpt>
  <trkpt lat="45.58753128" lon="2.77929924"><ele>973.598</ele><time>2026-09-23T13:54:03Z</time><speed>1.060</speed><sat>28</sat></trkpt>
  <trkpt lat="45.58752052" lon="2.77926015"><ele>973.977</ele><time>2026-09-23T13:54:06Z</time><speed>1.080</speed><sat>27</sat></trkpt>
  <trkpt lat="45.58750943" lon="2.77921977"><ele>975.508</ele><time>2026-09-23T13:54:09Z</time><speed>1.100</speed><sat>24</sat></trkpt>
  <trkpt lat="45.58750123" lon="2.77917683"><ele>975.407</ele><time>2026-09-23T13:54:12Z</time><speed>1.100</speed><sat>26</sat></trkpt>
  <trkpt lat="45.58748366" lon="2.77913293"><ele>974.719</ele><time>2026-09-23T13:54:15Z</time><speed>1.130</speed><sat>26</sat></trkpt>
  <trkpt lat="45.58746239" lon="2.77909367"><ele>975.532</ele><time>2026-09-23T13:54:18Z</time><speed>1.180</speed><sat>25</sat></trkpt>
  <trkpt lat="45.58744805" lon="2.77905057"><ele>973.771</ele><time>2026-09-23T13:54:21Z</time><speed>1.150</speed><sat>25</sat></trkpt>
  <trkpt lat="45.58745279" lon="2.77900166"><ele>974.252</ele><time>2026-09-23T13:54:24Z</time><speed>1.480</speed><sat>25</sat></trkpt>
  <trkpt lat="45.58744778" lon="2.77895263"><ele>973.951</ele><time>2026-09-23T13:54:27Z</time><speed>1.200</speed><sat>25</sat></trkpt>
  <trkpt lat="45.58744261" lon="2.77889708"><ele>973.209</ele><time>2026-09-23T13:54:30Z</time><speed>1.190</speed><sat>25</sat></trkpt>
  <trkpt lat="45.58743862" lon="2.77884701"><ele>974.093</ele><time>2026-09-23T13:54:33Z</time><speed>1.160</speed><sat>24</sat></trkpt>
  <trkpt lat="45.58742789" lon="2.77879599"><ele>973.610</ele><time>2026-09-23T13:54:36Z</time><speed>1.140</speed><sat>25</sat></trkpt>
  <trkpt lat="45.58743185" lon="2.77873418"><ele>973.364</ele><time>2026-09-23T13:54:39Z</time><speed>1.640</speed><sat>24</sat></trkpt>
  <trkpt lat="45.58744106" lon="2.77867429"><ele>973.340</ele><time>2026-09-23T13:54:42Z</time><speed>1.560</speed><sat>20</sat></trkpt>
  <trkpt lat="45.58745646" lon="2.77862592"><ele>974.269</ele><time>2026-09-23T13:54:45Z</time><speed>1.260</speed><sat>21</sat></trkpt>
  <trkpt lat="45.58745991" lon="2.77859239"><ele>971.874</ele><time>2026-09-23T13:54:48Z</time><speed>1.190</speed><sat>20</sat></trkpt>
  <trkpt lat="45.58747414" lon="2.77858332"><ele>970.585</ele><time>2026-09-23T13:54:51Z</time><speed>1.170</speed><sat>23</sat></trkpt>
  <trkpt lat="45.58749209" lon="2.77857833"><ele>969.219</ele><time>2026-09-23T13:54:54Z</time><speed>1.170</speed><sat>23</sat></trkpt>
  <trkpt lat="45.58750705" lon="2.77857894"><ele>969.197</ele><time>2026-09-23T13:54:57Z</time><speed>1.130</speed><sat>21</sat></trkpt>
  <trkpt lat="45.58753228" lon="2.77858022"><ele>968.602</ele><time>2026-09-23T13:55:00Z</time><speed>1.090</speed><sat>23</sat></trkpt>
  <trkpt lat="45.58755663" lon="2.77857486"><ele>968.545</ele><time>2026-09-23T13:55:03Z</time><speed>1.040</speed><sat>23</sat></trkpt>
  <trkpt lat="45.58758260" lon="2.77854995"><ele>967.836</ele><time>2026-09-23T13:55:06Z</time><speed>1.200</speed><sat>21</sat></trkpt>
  <trkpt lat="45.58760415" lon="2.77850499"><ele>967.093</ele><time>2026-09-23T13:55:09Z</time><speed>1.180</speed><sat>21</sat></trkpt>
  <trkpt lat="45.58762351" lon="2.77845720"><ele>968.167</ele><time>2026-09-23T13:55:12Z</time><speed>1.200</speed><sat>22</sat></trkpt>
  <trkpt lat="45.58764188" lon="2.77841223"><ele>968.930</ele><time>2026-09-23T13:55:15Z</time><speed>1.220</speed><sat>23</sat></trkpt>
  <trkpt lat="45.58767066" lon="2.77837789"><ele>968.149</ele><time>2026-09-23T13:55:18Z</time><speed>1.200</speed><sat>23</sat></trkpt>
  <trkpt lat="45.58769314" lon="2.77833408"><ele>969.224</ele><time>2026-09-23T13:55:21Z</time><speed>1.170</speed><sat>26</sat></trkpt>
  <trkpt lat="45.58771863" lon="2.77827912"><ele>970.148</ele><time>2026-09-23T13:55:24Z</time><speed>1.140</speed><sat>26</sat></trkpt>
  <trkpt lat="45.58774501" lon="2.77823494"><ele>970.680</ele><time>2026-09-23T13:55:27Z</time><speed>1.170</speed><sat>28</sat></trkpt>
  <trkpt lat="45.58776466" lon="2.77818932"><ele>971.856</ele><time>2026-09-23T13:55:30Z</time><speed>1.190</speed><sat>28</sat></trkpt>
  <trkpt lat="45.58778698" lon="2.77814641"><ele>969.939</ele><time>2026-09-23T13:55:33Z</time><speed>1.150</speed><sat>25</sat></trkpt>
  <trkpt lat="45.58780815" lon="2.77810209"><ele>970.785</ele><time>2026-09-23T13:55:36Z</time><speed>1.280</speed><sat>25</sat></trkpt>
  <trkpt lat="45.58782834" lon="2.77806528"><ele>971.639</ele><time>2026-09-23T13:55:39Z</time><speed>1.160</speed><sat>26</sat></trkpt>
  <trkpt lat="45.58785552" lon="2.77802882"><ele>971.903</ele><time>2026-09-23T13:55:42Z</time><speed>1.230</speed><sat>26</sat></trkpt>
  <trkpt lat="45.58788108" lon="2.77799897"><ele>972.115</ele><time>2026-09-23T13:55:45Z</time><speed>1.260</speed><sat>26</sat></trkpt>
  <trkpt lat="45.58791149" lon="2.77796953"><ele>973.739</ele><time>2026-09-23T13:55:48Z</time><speed>1.250</speed><sat>27</sat></trkpt>
  <trkpt lat="45.58793104" lon="2.77792529"><ele>973.455</ele><time>2026-09-23T13:55:51Z</time><speed>1.150</speed><sat>27</sat></trkpt>
  <trkpt lat="45.58796038" lon="2.77790134"><ele>972.770</ele><time>2026-09-23T13:55:54Z</time><speed>1.120</speed><sat>26</sat></trkpt>
  <trkpt lat="45.58798062" lon="2.77786374"><ele>971.806</ele><time>2026-09-23T13:55:57Z</time><speed>1.200</speed><sat>25</sat></trkpt>
  <trkpt lat="45.58800487" lon="2.77782836"><ele>971.175</ele><time>2026-09-23T13:56:00Z</time><speed>1.150</speed><sat>25</sat></trkpt>
  <trkpt lat="45.58802093" lon="2.77778440"><ele>971.312</ele><time>2026-09-23T13:56:03Z</time><speed>1.160</speed><sat>26</sat></trkpt>
  <trkpt lat="45.58805300" lon="2.77774845"><ele>968.141</ele><time>2026-09-23T13:56:06Z</time><speed>1.110</speed><sat>26</sat></trkpt>
  <trkpt lat="45.58807542" lon="2.77770045"><ele>968.283</ele><time>2026-09-23T13:56:09Z</time><speed>1.120</speed><sat>25</sat></trkpt>
  <trkpt lat="45.58810229" lon="2.77766054"><ele>968.837</ele><time>2026-09-23T13:56:12Z</time><speed>1.120</speed><sat>27</sat></trkpt>
  <trkpt lat="45.58812162" lon="2.77761433"><ele>969.628</ele><time>2026-09-23T13:56:15Z</time><speed>1.170</speed><sat>26</sat></trkpt>
  <trkpt lat="45.58814455" lon="2.77757137"><ele>969.971</ele><time>2026-09-23T13:56:18Z</time><speed>1.100</speed><sat>25</sat></trkpt>
  <trkpt lat="45.58816448" lon="2.77752411"><ele>968.871</ele><time>2026-09-23T13:56:21Z</time><speed>1.190</speed><sat>26</sat></trkpt>
  <trkpt lat="45.58819059" lon="2.77748895"><ele>969.436</ele><time>2026-09-23T13:56:24Z</time><speed>1.060</speed><sat>26</sat></trkpt>
  <trkpt lat="45.58821746" lon="2.77746138"><ele>970.739</ele><time>2026-09-23T13:56:27Z</time><speed>1.100</speed><sat>25</sat></trkpt>
  <trkpt lat="45.58824256" lon="2.77743533"><ele>972.266</ele><time>2026-09-23T13:56:30Z</time><speed>1.120</speed><sat>25</sat></trkpt>
  <trkpt lat="45.58827286" lon="2.77741416"><ele>973.540</ele><time>2026-09-23T13:56:33Z</time><speed>1.140</speed><sat>26</sat></trkpt>
  <trkpt lat="45.58830280" lon="2.77738815"><ele>973.835</ele><time>2026-09-23T13:56:36Z</time><speed>1.290</speed><sat>26</sat></trkpt>
  <trkpt lat="45.58832783" lon="2.77736706"><ele>974.439</ele><time>2026-09-23T13:56:39Z</time><speed>1.060</speed><sat>25</sat></trkpt>
  <trkpt lat="45.58835857" lon="2.77734842"><ele>975.211</ele><time>2026-09-23T13:56:42Z</time><speed>1.190</speed><sat>25</sat></trkpt>
  <trkpt lat="45.58838611" lon="2.77733514"><ele>976.459</ele><time>2026-09-23T13:56:45Z</time><speed>1.080</speed><sat>27</sat></trkpt>
  <trkpt lat="45.58841311" lon="2.77731631"><ele>977.899</ele><time>2026-09-23T13:56:48Z</time><speed>1.120</speed><sat>28</sat></trkpt>
  <trkpt lat="45.58844459" lon="2.77730535"><ele>977.269</ele><time>2026-09-23T13:56:51Z</time><speed>1.130</speed><sat>27</sat></trkpt>
  <trkpt lat="45.58847361" lon="2.77728491"><ele>976.995</ele><time>2026-09-23T13:56:54Z</time><speed>1.110</speed><sat>25</sat></trkpt>
  <trkpt lat="45.58850807" lon="2.77726752"><ele>977.937</ele><time>2026-09-23T13:56:57Z</time><speed>1.210</speed><sat>25</sat></trkpt>
  <trkpt lat="45.58854387" lon="2.77725265"><ele>978.517</ele><time>2026-09-23T13:57:00Z</time><speed>1.120</speed><sat>27</sat></trkpt>
  <trkpt lat="45.58857159" lon="2.77724121"><ele>978.260</ele><time>2026-09-23T13:57:03Z</time><speed>1.080</speed><sat>26</sat></trkpt>
  <trkpt lat="45.58860096" lon="2.77722217"><ele>979.251</ele><time>2026-09-23T13:57:06Z</time><speed>1.190</speed><sat>25</sat></trkpt>
  <trkpt lat="45.58863610" lon="2.77720197"><ele>979.210</ele><time>2026-09-23T13:57:09Z</time><speed>1.180</speed><sat>26</sat></trkpt>
  <trkpt lat="45.58866385" lon="2.77718359"><ele>979.969</ele><time>2026-09-23T13:57:12Z</time><speed>1.110</speed><sat>26</sat></trkpt>
  <trkpt lat="45.58869223" lon="2.77716108"><ele>980.471</ele><time>2026-09-23T13:57:15Z</time><speed>1.120</speed><sat>25</sat></trkpt>
  <trkpt lat="45.58872630" lon="2.77714143"><ele>980.962</ele><time>2026-09-23T13:57:18Z</time><speed>1.080</speed><sat>25</sat></trkpt>
  <trkpt lat="45.58875185" lon="2.77712328"><ele>981.015</ele><time>2026-09-23T13:57:21Z</time><speed>1.110</speed><sat>26</sat></trkpt>
  <trkpt lat="45.58877963" lon="2.77710015"><ele>981.789</ele><time>2026-09-23T13:57:24Z</time><speed>1.060</speed><sat>26</sat></trkpt>
  <trkpt lat="45.58880829" lon="2.77708713"><ele>981.887</ele><time>2026-09-23T13:57:27Z</time><speed>1.100</speed><sat>25</sat></trkpt>
  <trkpt lat="45.58883867" lon="2.77707583"><ele>982.337</ele><time>2026-09-23T13:57:30Z</time><speed>1.030</speed><sat>25</sat></trkpt>
  <trkpt lat="45.58887086" lon="2.77706441"><ele>981.371</ele><time>2026-09-23T13:57:33Z</time><speed>1.070</speed><sat>24</sat></trkpt>
  <trkpt lat="45.58890204" lon="2.77704371"><ele>982.907</ele><time>2026-09-23T13:57:36Z</time><speed>1.060</speed><sat>24</sat></trkpt>
  <trkpt lat="45.58892554" lon="2.77701406"><ele>984.647</ele><time>2026-09-23T13:57:39Z</time><speed>1.030</speed><sat>25</sat></trkpt>
  <trkpt lat="45.58894373" lon="2.77697221"><ele>984.428</ele><time>2026-09-23T13:57:42Z</time><speed>1.130</speed><sat>25</sat></trkpt>
  <trkpt lat="45.58895871" lon="2.77693359"><ele>984.127</ele><time>2026-09-23T13:57:45Z</time><speed>1.100</speed><sat>23</sat></trkpt>
  <trkpt lat="45.58897281" lon="2.77688991"><ele>985.498</ele><time>2026-09-23T13:57:48Z</time><speed>1.120</speed><sat>24</sat></trkpt>
  <trkpt lat="45.58898148" lon="2.77684189"><ele>986.111</ele><time>2026-09-23T13:57:51Z</time><speed>1.030</speed><sat>24</sat></trkpt>
  <trkpt lat="45.58898131" lon="2.77679140"><ele>984.712</ele><time>2026-09-23T13:57:54Z</time><speed>1.000</speed><sat>24</sat></trkpt>
  <trkpt lat="45.58898348" lon="2.77674389"><ele>985.613</ele><time>2026-09-23T13:57:57Z</time><speed>1.000</speed><sat>25</sat></trkpt>
  <trkpt lat="45.58898848" lon="2.77670382"><ele>984.480</ele><time>2026-09-23T13:58:00Z</time><speed>1.050</speed><sat>25</sat></trkpt>
  <trkpt lat="45.58899550" lon="2.77665983"><ele>985.221</ele><time>2026-09-23T13:58:03Z</time><speed>0.940</speed><sat>24</sat></trkpt>
  <trkpt lat="45.58900131" lon="2.77661781"><ele>986.396</ele><time>2026-09-23T13:58:06Z</time><speed>1.010</speed><sat>24</sat></trkpt>
  <trkpt lat="45.58899726" lon="2.77657170"><ele>985.661</ele><time>2026-09-23T13:58:09Z</time><speed>1.020</speed><sat>24</sat></trkpt>
  <trkpt lat="45.58900039" lon="2.77652423"><ele>984.634</ele><time>2026-09-23T13:58:12Z</time><speed>1.030</speed><sat>25</sat></trkpt>
  <trkpt lat="45.58900723" lon="2.77648087"><ele>986.930</ele><time>2026-09-23T13:58:15Z</time><speed>1.030</speed><sat>26</sat></trkpt>
  <trkpt lat="45.58901404" lon="2.77643849"><ele>986.096</ele><time>2026-09-23T13:58:18Z</time><speed>1.050</speed><sat>26</sat></trkpt>
  <trkpt lat="45.58902187" lon="2.77638932"><ele>986.995</ele><time>2026-09-23T13:58:21Z</time><speed>1.010</speed><sat>25</sat></trkpt>
  <trkpt lat="45.58902677" lon="2.77634612"><ele>987.782</ele><time>2026-09-23T13:58:24Z</time><speed>1.070</speed><sat>26</sat></trkpt>
  <trkpt lat="45.58903283" lon="2.77630572"><ele>988.102</ele><time>2026-09-23T13:58:27Z</time><speed>1.060</speed><sat>26</sat></trkpt>
  <trkpt lat="45.58903965" lon="2.77625786"><ele>989.764</ele><time>2026-09-23T13:58:30Z</time><speed>1.040</speed><sat>26</sat></trkpt>
  <trkpt lat="45.58904164" lon="2.77620942"><ele>989.768</ele><time>2026-09-23T13:58:33Z</time><speed>1.090</speed><sat>25</sat></trkpt>
  <trkpt lat="45.58904968" lon="2.77616667"><ele>989.221</ele><time>2026-09-23T13:58:36Z</time><speed>0.950</speed><sat>25</sat></trkpt>
  <trkpt lat="45.58905462" lon="2.77612096"><ele>989.909</ele><time>2026-09-23T13:58:39Z</time><speed>1.100</speed><sat>26</sat></trkpt>
  <trkpt lat="45.58905971" lon="2.77608002"><ele>991.588</ele><time>2026-09-23T13:58:42Z</time><speed>1.070</speed><sat>24</sat></trkpt>
  <trkpt lat="45.58906663" lon="2.77604090"><ele>992.386</ele><time>2026-09-23T13:58:45Z</time><speed>1.070</speed><sat>25</sat></trkpt>
  <trkpt lat="45.58907968" lon="2.77600679"><ele>994.063</ele><time>2026-09-23T13:58:48Z</time><speed>0.970</speed><sat>25</sat></trkpt>
  <trkpt lat="45.58910198" lon="2.77597326"><ele>992.602</ele><time>2026-09-23T13:58:51Z</time><speed>1.140</speed><sat>25</sat></trkpt>
  <trkpt lat="45.58911884" lon="2.77594216"><ele>992.550</ele><time>2026-09-23T13:58:54Z</time><speed>0.870</speed><sat>25</sat></trkpt>
  <trkpt lat="45.58914487" lon="2.77592735"><ele>992.130</ele><time>2026-09-23T13:58:57Z</time><speed>1.220</speed><sat>25</sat></trkpt>
  <trkpt lat="45.58917090" lon="2.77591765"><ele>991.344</ele><time>2026-09-23T13:59:00Z</time><speed>1.090</speed><sat>23</sat></trkpt>
  <trkpt lat="45.58919763" lon="2.77590702"><ele>991.905</ele><time>2026-09-23T13:59:03Z</time><speed>1.040</speed><sat>24</sat></trkpt>
  <trkpt lat="45.58922881" lon="2.77590636"><ele>993.491</ele><time>2026-09-23T13:59:06Z</time><speed>1.150</speed><sat>24</sat></trkpt>
  <trkpt lat="45.58925380" lon="2.77590178"><ele>994.502</ele><time>2026-09-23T13:59:09Z</time><speed>1.150</speed><sat>24</sat></trkpt>
  <trkpt lat="45.58927891" lon="2.77588386"><ele>994.272</ele><time>2026-09-23T13:59:12Z</time><speed>0.930</speed><sat>24</sat></trkpt>
  <trkpt lat="45.58930225" lon="2.77586747"><ele>994.805</ele><time>2026-09-23T13:59:15Z</time><speed>0.960</speed><sat>24</sat></trkpt>
  <trkpt lat="45.58932660" lon="2.77587778"><ele>996.461</ele><time>2026-09-23T13:59:18Z</time><speed>0.850</speed><sat>24</sat></trkpt>
  <trkpt lat="45.58934714" lon="2.77586039"><ele>996.518</ele><time>2026-09-23T13:59:21Z</time><speed>1.120</speed><sat>26</sat></trkpt>
  <trkpt lat="45.58935744" lon="2.77583172"><ele>995.621</ele><time>2026-09-23T13:59:24Z</time><speed>0.940</speed><sat>25</sat></trkpt>
  <trkpt lat="45.58937225" lon="2.77580337"><ele>995.342</ele><time>2026-09-23T13:59:27Z</time><speed>0.840</speed><sat>25</sat></trkpt>
  <trkpt lat="45.58938541" lon="2.77577084"><ele>995.565</ele><time>2026-09-23T13:59:30Z</time><speed>0.750</speed><sat>26</sat></trkpt>
  <trkpt lat="45.58939649" lon="2.77573112"><ele>995.183</ele><time>2026-09-23T13:59:33Z</time><speed>0.870</speed><sat>27</sat></trkpt>
  <trkpt lat="45.58940410" lon="2.77569476"><ele>995.182</ele><time>2026-09-23T13:59:36Z</time><speed>0.720</speed><sat>26</sat></trkpt>
  <trkpt lat="45.58940685" lon="2.77565840"><ele>994.914</ele><time>2026-09-23T13:59:39Z</time><speed>0.600</speed><sat>28</sat></trkpt>
  <trkpt lat="45.58939873" lon="2.77564563"><ele>995.609</ele><time>2026-09-23T13:59:42Z</time><speed>0.000</speed><sat>28</sat></trkpt>
  <trkpt lat="45.58939826" lon="2.77564623"><ele>995.632</ele><time>2026-09-23T13:59:45Z</time><speed>0.000</speed><sat>27</sat></trkpt>
  <trkpt lat="45.58939878" lon="2.77564657"><ele>995.676</ele><time>2026-09-23T13:59:48Z</time><speed>0.000</speed><sat>25</sat></trkpt>
  <trkpt lat="45.58939962" lon="2.77564763"><ele>995.753</ele><time>2026-09-23T13:59:51Z</time><speed>0.000</speed><sat>25</sat></trkpt>
  <trkpt lat="45.58939831" lon="2.77564810"><ele>995.706</ele><time>2026-09-23T13:59:54Z</time><speed>0.000</speed><sat>25</sat></trkpt>
  <trkpt lat="45.58939848" lon="2.77564789"><ele>995.675</ele><time>2026-09-23T13:59:57Z</time><speed>0.000</speed><sat>24</sat></trkpt>
  <trkpt lat="45.58939862" lon="2.77564775"><ele>995.646</ele><time>2026-09-23T14:00:00Z</time><speed>0.000</speed><sat>22</sat></trkpt>
  <trkpt lat="45.58939865" lon="2.77564776"><ele>995.653</ele><time>2026-09-23T14:00:03Z</time><speed>0.000</speed><sat>22</sat></trkpt>
  <trkpt lat="45.58939910" lon="2.77564757"><ele>995.658</ele><time>2026-09-23T14:00:06Z</time><speed>0.000</speed><sat>23</sat></trkpt>
  <trkpt lat="45.58939912" lon="2.77564731"><ele>995.640</ele><time>2026-09-23T14:00:09Z</time><speed>0.000</speed><sat>22</sat></trkpt>
  <trkpt lat="45.58939914" lon="2.77564710"><ele>995.612</ele><time>2026-09-23T14:00:12Z</time><speed>0.000</speed><sat>23</sat></trkpt>
  <trkpt lat="45.58939917" lon="2.77564629"><ele>995.588</ele><time>2026-09-23T14:00:15Z</time><speed>0.000</speed><sat>23</sat></trkpt>
  <trkpt lat="45.58939940" lon="2.77564627"><ele>995.612</ele><time>2026-09-23T14:00:18Z</time><speed>0.000</speed><sat>22</sat></trkpt>
  <trkpt lat="45.58939937" lon="2.77564662"><ele>995.643</ele><time>2026-09-23T14:00:21Z</time><speed>0.000</speed><sat>23</sat></trkpt>
  <trkpt lat="45.58939942" lon="2.77564668"><ele>995.647</ele><time>2026-09-23T14:00:24Z</time><speed>0.000</speed><sat>23</sat></trkpt>
  <trkpt lat="45.58939938" lon="2.77564671"><ele>995.661</ele><time>2026-09-23T14:00:27Z</time><speed>0.000</speed><sat>24</sat></trkpt>
  <trkpt lat="45.58939950" lon="2.77564674"><ele>995.684</ele><time>2026-09-23T14:00:30Z</time><speed>0.000</speed><sat>22</sat></trkpt>
  <trkpt lat="45.58939965" lon="2.77564670"><ele>995.689</ele><time>2026-09-23T14:00:33Z</time><speed>0.000</speed><sat>23</sat></trkpt>
  <trkpt lat="45.58939958" lon="2.77564653"><ele>995.700</ele><time>2026-09-23T14:00:36Z</time><speed>0.000</speed><sat>23</sat></trkpt>
  <trkpt lat="45.58939964" lon="2.77564639"><ele>995.689</ele><time>2026-09-23T14:00:39Z</time><speed>0.000</speed><sat>26</sat></trkpt>
  <trkpt lat="45.58939987" lon="2.77564635"><ele>995.659</ele><time>2026-09-23T14:00:42Z</time><speed>0.000</speed><sat>24</sat></trkpt>
  <trkpt lat="45.58940014" lon="2.77564609"><ele>995.620</ele><time>2026-09-23T14:00:45Z</time><speed>0.000</speed><sat>23</sat></trkpt>
  <trkpt lat="45.58940011" lon="2.77564577"><ele>995.623</ele><time>2026-09-23T14:00:48Z</time><speed>0.000</speed><sat>22</sat></trkpt>
  <trkpt lat="45.58940009" lon="2.77564567"><ele>995.624</ele><time>2026-09-23T14:00:51Z</time><speed>0.000</speed><sat>25</sat></trkpt>
  <trkpt lat="45.58939986" lon="2.77564584"><ele>995.609</ele><time>2026-09-23T14:00:54Z</time><speed>0.000</speed><sat>25</sat></trkpt>
  <trkpt lat="45.58939984" lon="2.77564594"><ele>995.628</ele><time>2026-09-23T14:00:57Z</time><speed>0.000</speed><sat>23</sat></trkpt>
  <trkpt lat="45.58939963" lon="2.77564618"><ele>995.632</ele><time>2026-09-23T14:01:00Z</time><speed>0.000</speed><sat>24</sat></trkpt>
  <trkpt lat="45.58939952" lon="2.77564636"><ele>995.622</ele><time>2026-09-23T14:01:03Z</time><speed>0.000</speed><sat>23</sat></trkpt>
  <trkpt lat="45.58939926" lon="2.77564680"><ele>995.613</ele><time>2026-09-23T14:01:06Z</time><speed>0.000</speed><sat>22</sat></trkpt>
  <trkpt lat="45.58939911" lon="2.77564697"><ele>995.621</ele><time>2026-09-23T14:01:09Z</time><speed>0.000</speed><sat>24</sat></trkpt>
  <trkpt lat="45.58939905" lon="2.77564717"><ele>995.631</ele><time>2026-09-23T14:01:12Z</time><speed>0.000</speed><sat>23</sat></trkpt>
  <trkpt lat="45.58939909" lon="2.77564725"><ele>995.655</ele><time>2026-09-23T14:01:15Z</time><speed>0.000</speed><sat>23</sat></trkpt>
  <trkpt lat="45.58939901" lon="2.77564744"><ele>995.676</ele><time>2026-09-23T14:01:18Z</time><speed>0.000</speed><sat>24</sat></trkpt>
  <trkpt lat="45.58939900" lon="2.77564738"><ele>995.637</ele><time>2026-09-23T14:01:21Z</time><speed>0.000</speed><sat>24</sat></trkpt>
  <trkpt lat="45.58939938" lon="2.77564746"><ele>995.662</ele><time>2026-09-23T14:01:24Z</time><speed>0.000</speed><sat>24</sat></trkpt>
  <trkpt lat="45.58939967" lon="2.77564739"><ele>995.650</ele><time>2026-09-23T14:01:27Z</time><speed>0.000</speed><sat>23</sat></trkpt>
  <trkpt lat="45.58939952" lon="2.77564753"><ele>995.594</ele><time>2026-09-23T14:01:30Z</time><speed>0.000</speed><sat>22</sat></trkpt>
  <trkpt lat="45.58939900" lon="2.77564784"><ele>995.532</ele><time>2026-09-23T14:01:33Z</time><speed>0.000</speed><sat>21</sat></trkpt>
  <trkpt lat="45.58939813" lon="2.77564825"><ele>995.452</ele><time>2026-09-23T14:01:36Z</time><speed>0.000</speed><sat>23</sat></trkpt>
  <trkpt lat="45.58939769" lon="2.77564841"><ele>995.393</ele><time>2026-09-23T14:01:39Z</time><speed>0.000</speed><sat>23</sat></trkpt>
  <trkpt lat="45.58939755" lon="2.77564865"><ele>995.404</ele><time>2026-09-23T14:01:42Z</time><speed>0.000</speed><sat>22</sat></trkpt>
  <trkpt lat="45.58939734" lon="2.77564875"><ele>995.351</ele><time>2026-09-23T14:01:45Z</time><speed>0.000</speed><sat>23</sat></trkpt>
  <trkpt lat="45.58939688" lon="2.77564906"><ele>995.355</ele><time>2026-09-23T14:01:48Z</time><speed>0.000</speed><sat>23</sat></trkpt>
  <trkpt lat="45.58939616" lon="2.77564956"><ele>995.302</ele><time>2026-09-23T14:01:51Z</time><speed>0.000</speed><sat>24</sat></trkpt>
  <trkpt lat="45.58939607" lon="2.77564959"><ele>995.304</ele><time>2026-09-23T14:01:54Z</time><speed>0.000</speed><sat>24</sat></trkpt>
  <trkpt lat="45.58939611" lon="2.77564925"><ele>995.296</ele><time>2026-09-23T14:01:57Z</time><speed>0.000</speed><sat>25</sat></trkpt>
  <trkpt lat="45.58939622" lon="2.77564912"><ele>995.250</ele><time>2026-09-23T14:02:00Z</time><speed>0.000</speed><sat>24</sat></trkpt>
  <trkpt lat="45.58939628" lon="2.77564914"><ele>995.244</ele><time>2026-09-23T14:02:03Z</time><speed>0.000</speed><sat>23</sat></trkpt>
  <trkpt lat="45.58939633" lon="2.77564940"><ele>995.244</ele><time>2026-09-23T14:02:06Z</time><speed>0.000</speed><sat>25</sat></trkpt>
  <trkpt lat="45.58939644" lon="2.77564958"><ele>995.241</ele><time>2026-09-23T14:02:09Z</time><speed>0.000</speed><sat>24</sat></trkpt>
  <trkpt lat="45.58939640" lon="2.77564968"><ele>995.252</ele><time>2026-09-23T14:02:12Z</time><speed>0.000</speed><sat>22</sat></trkpt>
  <trkpt lat="45.58939626" lon="2.77564942"><ele>995.289</ele><time>2026-09-23T14:02:15Z</time><speed>0.000</speed><sat>23</sat></trkpt>
  <trkpt lat="45.58939617" lon="2.77564921"><ele>995.318</ele><time>2026-09-23T14:02:18Z</time><speed>0.000</speed><sat>24</sat></trkpt>
  <trkpt lat="45.58939612" lon="2.77564902"><ele>995.323</ele><time>2026-09-23T14:02:21Z</time><speed>0.000</speed><sat>23</sat></trkpt>
  <trkpt lat="45.58939618" lon="2.77564862"><ele>995.323</ele><time>2026-09-23T14:02:24Z</time><speed>0.000</speed><sat>23</sat></trkpt>
  <trkpt lat="45.58939635" lon="2.77564836"><ele>995.262</ele><time>2026-09-23T14:02:27Z</time><speed>0.000</speed><sat>24</sat></trkpt>
  <trkpt lat="45.58939639" lon="2.77564825"><ele>995.260</ele><time>2026-09-23T14:02:30Z</time><speed>0.000</speed><sat>24</sat></trkpt>
  <trkpt lat="45.58939653" lon="2.77564839"><ele>995.197</ele><time>2026-09-23T14:02:33Z</time><speed>0.000</speed><sat>24</sat></trkpt>
  <trkpt lat="45.58939668" lon="2.77564838"><ele>995.169</ele><time>2026-09-23T14:02:36Z</time><speed>0.000</speed><sat>23</sat></trkpt>
  <trkpt lat="45.58939676" lon="2.77564837"><ele>995.143</ele><time>2026-09-23T14:02:39Z</time><speed>0.000</speed><sat>24</sat></trkpt>
  <trkpt lat="45.58939687" lon="2.77564805"><ele>995.111</ele><time>2026-09-23T14:02:42Z</time><speed>0.000</speed><sat>24</sat></trkpt>
  <trkpt lat="45.58939681" lon="2.77564774"><ele>995.012</ele><time>2026-09-23T14:02:45Z</time><speed>0.000</speed><sat>24</sat></trkpt>
  <trkpt lat="45.58939677" lon="2.77564758"><ele>995.023</ele><time>2026-09-23T14:02:48Z</time><speed>0.000</speed><sat>24</sat></trkpt>
  <trkpt lat="45.58939683" lon="2.77564736"><ele>994.989</ele><time>2026-09-23T14:02:51Z</time><speed>0.000</speed><sat>24</sat></trkpt>
  <trkpt lat="45.58939681" lon="2.77564739"><ele>994.985</ele><time>2026-09-23T14:02:54Z</time><speed>0.000</speed><sat>24</sat></trkpt>
  <trkpt lat="45.58939679" lon="2.77564739"><ele>994.984</ele><time>2026-09-23T14:02:57Z</time><speed>0.000</speed><sat>23</sat></trkpt>
  <trkpt lat="45.58939712" lon="2.77564714"><ele>994.981</ele><time>2026-09-23T14:03:00Z</time><speed>0.000</speed><sat>24</sat></trkpt>
  <trkpt lat="45.58939719" lon="2.77564710"><ele>994.981</ele><time>2026-09-23T14:03:03Z</time><speed>0.000</speed><sat>23</sat></trkpt>
  <trkpt lat="45.58939747" lon="2.77564693"><ele>994.975</ele><time>2026-09-23T14:03:06Z</time><speed>0.000</speed><sat>25</sat></trkpt>
  <trkpt lat="45.58939764" lon="2.77564681"><ele>994.968</ele><time>2026-09-23T14:03:09Z</time><speed>0.000</speed><sat>25</sat></trkpt>
  <trkpt lat="45.58939769" lon="2.77564680"><ele>994.949</ele><time>2026-09-23T14:03:12Z</time><speed>0.000</speed><sat>23</sat></trkpt>
  <trkpt lat="45.58939770" lon="2.77564674"><ele>994.936</ele><time>2026-09-23T14:03:15Z</time><speed>0.000</speed><sat>24</sat></trkpt>
  <trkpt lat="45.58939777" lon="2.77564670"><ele>994.885</ele><time>2026-09-23T14:03:18Z</time><speed>0.000</speed><sat>25</sat></trkpt>
  <trkpt lat="45.58939751" lon="2.77564566"><ele>994.892</ele><time>2026-09-23T14:03:21Z</time><speed>0.000</speed><sat>25</sat></trkpt>
  <trkpt lat="45.58939736" lon="2.77564543"><ele>994.847</ele><time>2026-09-23T14:03:24Z</time><speed>0.000</speed><sat>24</sat></trkpt>
  <trkpt lat="45.58939512" lon="2.77564596"><ele>995.089</ele><time>2026-09-23T14:03:27Z</time><speed>0.330</speed><sat>26</sat></trkpt>
  <trkpt lat="45.58939386" lon="2.77564818"><ele>995.001</ele><time>2026-09-23T14:03:30Z</time><speed>0.180</speed><sat>25</sat></trkpt>
  <trkpt lat="45.58939164" lon="2.77564933"><ele>994.978</ele><time>2026-09-23T14:03:33Z</time><speed>0.220</speed><sat>26</sat></trkpt>
  <trkpt lat="45.58939114" lon="2.77564826"><ele>994.983</ele><time>2026-09-23T14:03:36Z</time><speed>0.000</speed><sat>24</sat></trkpt>
  <trkpt lat="45.58939125" lon="2.77564789"><ele>994.938</ele><time>2026-09-23T14:03:39Z</time><speed>0.000</speed><sat>25</sat></trkpt>
  <trkpt lat="45.58939150" lon="2.77564780"><ele>994.926</ele><time>2026-09-23T14:03:42Z</time><speed>0.000</speed><sat>25</sat></trkpt>
  <trkpt lat="45.58939154" lon="2.77564757"><ele>994.916</ele><time>2026-09-23T14:03:45Z</time><speed>0.000</speed><sat>25</sat></trkpt>
  <trkpt lat="45.58939161" lon="2.77564785"><ele>994.964</ele><time>2026-09-23T14:03:48Z</time><speed>0.000</speed><sat>24</sat></trkpt>
  <trkpt lat="45.58939163" lon="2.77564812"><ele>994.988</ele><time>2026-09-23T14:03:51Z</time><speed>0.000</speed><sat>25</sat></trkpt>
  <trkpt lat="45.58939156" lon="2.77564787"><ele>995.009</ele><time>2026-09-23T14:03:54Z</time><speed>0.000</speed><sat>25</sat></trkpt>
  <trkpt lat="45.58939132" lon="2.77564731"><ele>995.033</ele><time>2026-09-23T14:03:57Z</time><speed>0.000</speed><sat>26</sat></trkpt>
  <trkpt lat="45.58939147" lon="2.77564694"><ele>995.050</ele><time>2026-09-23T14:04:00Z</time><speed>0.000</speed><sat>26</sat></trkpt>
  <trkpt lat="45.58939122" lon="2.77564672"><ele>995.090</ele><time>2026-09-23T14:04:03Z</time><speed>0.000</speed><sat>26</sat></trkpt>
  <trkpt lat="45.58939106" lon="2.77564680"><ele>995.091</ele><time>2026-09-23T14:04:06Z</time><speed>0.000</speed><sat>26</sat></trkpt>
  <trkpt lat="45.58938812" lon="2.77564572"><ele>994.964</ele><time>2026-09-23T14:04:09Z</time><speed>0.000</speed><sat>26</sat></trkpt>
  <trkpt lat="45.58938785" lon="2.77564610"><ele>995.022</ele><time>2026-09-23T14:04:12Z</time><speed>0.000</speed><sat>27</sat></trkpt>
  <trkpt lat="45.58938758" lon="2.77564612"><ele>995.041</ele><time>2026-09-23T14:04:15Z</time><speed>0.000</speed><sat>26</sat></trkpt>
  <trkpt lat="45.58938731" lon="2.77564611"><ele>995.018</ele><time>2026-09-23T14:04:18Z</time><speed>0.000</speed><sat>25</sat></trkpt>
  <trkpt lat="45.58938696" lon="2.77564713"><ele>995.000</ele><time>2026-09-23T14:04:21Z</time><speed>0.000</speed><sat>24</sat></trkpt>
  <trkpt lat="45.58938602" lon="2.77564282"><ele>995.087</ele><time>2026-09-23T14:04:24Z</time><speed>0.520</speed><sat>25</sat></trkpt>
  <trkpt lat="45.58938657" lon="2.77561895"><ele>994.960</ele><time>2026-09-23T14:04:27Z</time><speed>1.170</speed><sat>25</sat></trkpt>
  <trkpt lat="45.58938971" lon="2.77558190"><ele>994.512</ele><time>2026-09-23T14:04:30Z</time><speed>0.910</speed><sat>25</sat></trkpt>
  <trkpt lat="45.58939985" lon="2.77554622"><ele>994.855</ele><time>2026-09-23T14:04:33Z</time><speed>0.710</speed><sat>25</sat></trkpt>
  <trkpt lat="45.58941241" lon="2.77552838"><ele>994.548</ele><time>2026-09-23T14:04:36Z</time><speed>0.560</speed><sat>24</sat></trkpt>
  <trkpt lat="45.58942044" lon="2.77551074"><ele>994.085</ele><time>2026-09-23T14:04:39Z</time><speed>0.490</speed><sat>25</sat></trkpt>
  <trkpt lat="45.58943110" lon="2.77550328"><ele>993.690</ele><time>2026-09-23T14:04:42Z</time><speed>0.610</speed><sat>25</sat></trkpt>
  <trkpt lat="45.58945086" lon="2.77549121"><ele>992.783</ele><time>2026-09-23T14:04:45Z</time><speed>0.880</speed><sat>24</sat></trkpt>
  <trkpt lat="45.58947258" lon="2.77548506"><ele>991.381</ele><time>2026-09-23T14:04:48Z</time><speed>0.830</speed><sat>25</sat></trkpt>
  <trkpt lat="45.58949284" lon="2.77548685"><ele>990.233</ele><time>2026-09-23T14:04:51Z</time><speed>0.930</speed><sat>25</sat></trkpt>
  <trkpt lat="45.58951608" lon="2.77548583"><ele>989.659</ele><time>2026-09-23T14:04:54Z</time><speed>0.740</speed><sat>24</sat></trkpt>
  <trkpt lat="45.58953992" lon="2.77548580"><ele>988.976</ele><time>2026-09-23T14:04:57Z</time><speed>0.930</speed><sat>25</sat></trkpt>
  <trkpt lat="45.58956236" lon="2.77548580"><ele>988.820</ele><time>2026-09-23T14:05:00Z</time><speed>0.880</speed><sat>24</sat></trkpt>
  <trkpt lat="45.58958230" lon="2.77549685"><ele>988.587</ele><time>2026-09-23T14:05:03Z</time><speed>1.010</speed><sat>27</sat></trkpt>
  <trkpt lat="45.58960555" lon="2.77550637"><ele>988.774</ele><time>2026-09-23T14:05:06Z</time><speed>0.810</speed><sat>28</sat></trkpt>
  <trkpt lat="45.58962718" lon="2.77549396"><ele>988.290</ele><time>2026-09-23T14:05:09Z</time><speed>1.090</speed><sat>28</sat></trkpt>
  <trkpt lat="45.58965586" lon="2.77548383"><ele>988.403</ele><time>2026-09-23T14:05:12Z</time><speed>0.920</speed><sat>28</sat></trkpt>
  <trkpt lat="45.58967617" lon="2.77550779"><ele>989.077</ele><time>2026-09-23T14:05:15Z</time><speed>0.810</speed><sat>25</sat></trkpt>
  <trkpt lat="45.58969783" lon="2.77553569"><ele>988.936</ele><time>2026-09-23T14:05:18Z</time><speed>0.810</speed><sat>25</sat></trkpt>
  <trkpt lat="45.58971383" lon="2.77555671"><ele>989.305</ele><time>2026-09-23T14:05:21Z</time><speed>0.830</speed><sat>25</sat></trkpt>
  <trkpt lat="45.58973227" lon="2.77557361"><ele>987.614</ele><time>2026-09-23T14:05:24Z</time><speed>0.870</speed><sat>24</sat></trkpt>
  <trkpt lat="45.58974747" lon="2.77559874"><ele>986.925</ele><time>2026-09-23T14:05:27Z</time><speed>0.840</speed><sat>23</sat></trkpt>
  <trkpt lat="45.58976465" lon="2.77562376"><ele>986.279</ele><time>2026-09-23T14:05:30Z</time><speed>0.860</speed><sat>23</sat></trkpt>
  <trkpt lat="45.58978667" lon="2.77565667"><ele>987.125</ele><time>2026-09-23T14:05:33Z</time><speed>1.120</speed><sat>24</sat></trkpt>
  <trkpt lat="45.58980090" lon="2.77568891"><ele>987.979</ele><time>2026-09-23T14:05:36Z</time><speed>0.860</speed><sat>25</sat></trkpt>
  <trkpt lat="45.58981051" lon="2.77572602"><ele>987.531</ele><time>2026-09-23T14:05:39Z</time><speed>1.100</speed><sat>25</sat></trkpt>
  <trkpt lat="45.58982733" lon="2.77575608"><ele>987.859</ele><time>2026-09-23T14:05:42Z</time><speed>0.980</speed><sat>24</sat></trkpt>
  <trkpt lat="45.58985123" lon="2.77577521"><ele>988.294</ele><time>2026-09-23T14:05:45Z</time><speed>1.010</speed><sat>25</sat></trkpt>
  <trkpt lat="45.58987734" lon="2.77576160"><ele>988.028</ele><time>2026-09-23T14:05:48Z</time><speed>1.010</speed><sat>25</sat></trkpt>
  <trkpt lat="45.58989067" lon="2.77572135"><ele>986.996</ele><time>2026-09-23T14:05:51Z</time><speed>0.940</speed><sat>25</sat></trkpt>
  <trkpt lat="45.58989284" lon="2.77568059"><ele>986.955</ele><time>2026-09-23T14:05:54Z</time><speed>0.910</speed><sat>27</sat></trkpt>
  <trkpt lat="45.58989332" lon="2.77564253"><ele>986.818</ele><time>2026-09-23T14:05:57Z</time><speed>0.910</speed><sat>27</sat></trkpt>
  <trkpt lat="45.58988802" lon="2.77560721"><ele>985.532</ele><time>2026-09-23T14:06:00Z</time><speed>0.910</speed><sat>27</sat></trkpt>
  <trkpt lat="45.58988373" lon="2.77557303"><ele>984.324</ele><time>2026-09-23T14:06:03Z</time><speed>0.970</speed><sat>27</sat></trkpt>
  <trkpt lat="45.58987987" lon="2.77553636"><ele>984.107</ele><time>2026-09-23T14:06:06Z</time><speed>0.920</speed><sat>26</sat></trkpt>
  <trkpt lat="45.58987644" lon="2.77549888"><ele>982.991</ele><time>2026-09-23T14:06:09Z</time><speed>0.960</speed><sat>25</sat></trkpt>
  <trkpt lat="45.58988375" lon="2.77545688"><ele>983.257</ele><time>2026-09-23T14:06:12Z</time><speed>0.920</speed><sat>26</sat></trkpt>
  <trkpt lat="45.58988973" lon="2.77540959"><ele>983.949</ele><time>2026-09-23T14:06:15Z</time><speed>1.020</speed><sat>26</sat></trkpt>
  <trkpt lat="45.58989287" lon="2.77536946"><ele>983.884</ele><time>2026-09-23T14:06:18Z</time><speed>0.940</speed><sat>25</sat></trkpt>
  <trkpt lat="45.58989276" lon="2.77532680"><ele>982.254</ele><time>2026-09-23T14:06:21Z</time><speed>0.960</speed><sat>24</sat></trkpt>
  <trkpt lat="45.58990158" lon="2.77528479"><ele>981.785</ele><time>2026-09-23T14:06:24Z</time><speed>0.970</speed><sat>24</sat></trkpt>
  <trkpt lat="45.58990332" lon="2.77524522"><ele>981.230</ele><time>2026-09-23T14:06:27Z</time><speed>0.970</speed><sat>24</sat></trkpt>
  <trkpt lat="45.58990873" lon="2.77520591"><ele>981.167</ele><time>2026-09-23T14:06:30Z</time><speed>1.050</speed><sat>23</sat></trkpt>
  <trkpt lat="45.58990713" lon="2.77516731"><ele>980.106</ele><time>2026-09-23T14:06:33Z</time><speed>0.960</speed><sat>23</sat></trkpt>
  <trkpt lat="45.58991514" lon="2.77512478"><ele>979.615</ele><time>2026-09-23T14:06:36Z</time><speed>1.090</speed><sat>23</sat></trkpt>
  <trkpt lat="45.58991481" lon="2.77508793"><ele>979.253</ele><time>2026-09-23T14:06:39Z</time><speed>0.940</speed><sat>23</sat></trkpt>
  <trkpt lat="45.58991385" lon="2.77504833"><ele>979.577</ele><time>2026-09-23T14:06:42Z</time><speed>0.970</speed><sat>24</sat></trkpt>
  <trkpt lat="45.58991055" lon="2.77501086"><ele>978.740</ele><time>2026-09-23T14:06:45Z</time><speed>0.900</speed><sat>25</sat></trkpt>
  <trkpt lat="45.58990683" lon="2.77497328"><ele>978.104</ele><time>2026-09-23T14:06:48Z</time><speed>0.980</speed><sat>24</sat></trkpt>
  <trkpt lat="45.58991080" lon="2.77493293"><ele>977.467</ele><time>2026-09-23T14:06:51Z</time><speed>1.000</speed><sat>23</sat></trkpt>
  <trkpt lat="45.58991090" lon="2.77489428"><ele>977.945</ele><time>2026-09-23T14:06:54Z</time><speed>0.940</speed><sat>24</sat></trkpt>
  <trkpt lat="45.58990894" lon="2.77485440"><ele>976.223</ele><time>2026-09-23T14:06:57Z</time><speed>0.940</speed><sat>26</sat></trkpt>
  <trkpt lat="45.58991348" lon="2.77481336"><ele>975.297</ele><time>2026-09-23T14:07:00Z</time><speed>0.930</speed><sat>27</sat></trkpt>
  <trkpt lat="45.58992188" lon="2.77477086"><ele>975.490</ele><time>2026-09-23T14:07:03Z</time><speed>0.940</speed><sat>25</sat></trkpt>
  <trkpt lat="45.58992111" lon="2.77472019"><ele>975.078</ele><time>2026-09-23T14:07:06Z</time><speed>0.950</speed><sat>23</sat></trkpt>
  <trkpt lat="45.58991911" lon="2.77467512"><ele>975.183</ele><time>2026-09-23T14:07:09Z</time><speed>0.990</speed><sat>23</sat></trkpt>
  <trkpt lat="45.58991058" lon="2.77463413"><ele>974.901</ele><time>2026-09-23T14:07:12Z</time><speed>0.970</speed><sat>25</sat></trkpt>
  <trkpt lat="45.58990453" lon="2.77459867"><ele>974.952</ele><time>2026-09-23T14:07:15Z</time><speed>0.970</speed><sat>26</sat></trkpt>
  <trkpt lat="45.58989403" lon="2.77456272"><ele>974.466</ele><time>2026-09-23T14:07:18Z</time><speed>1.020</speed><sat>26</sat></trkpt>
  <trkpt lat="45.58988247" lon="2.77452270"><ele>974.489</ele><time>2026-09-23T14:07:21Z</time><speed>0.950</speed><sat>22</sat></trkpt>
  <trkpt lat="45.58987252" lon="2.77448510"><ele>972.850</ele><time>2026-09-23T14:07:24Z</time><speed>1.030</speed><sat>23</sat></trkpt>
  <trkpt lat="45.58985788" lon="2.77445104"><ele>972.768</ele><time>2026-09-23T14:07:27Z</time><speed>0.980</speed><sat>24</sat></trkpt>
  <trkpt lat="45.58984411" lon="2.77441973"><ele>972.560</ele><time>2026-09-23T14:07:30Z</time><speed>0.980</speed><sat>26</sat></trkpt>
  <trkpt lat="45.58983234" lon="2.77438449"><ele>971.837</ele><time>2026-09-23T14:07:33Z</time><speed>0.940</speed><sat>26</sat></trkpt>
  <trkpt lat="45.58980870" lon="2.77435746"><ele>971.193</ele><time>2026-09-23T14:07:36Z</time><speed>0.940</speed><sat>24</sat></trkpt>
  <trkpt lat="45.58979050" lon="2.77432828"><ele>972.039</ele><time>2026-09-23T14:07:39Z</time><speed>0.920</speed><sat>24</sat></trkpt>
  <trkpt lat="45.58977428" lon="2.77429765"><ele>970.370</ele><time>2026-09-23T14:07:42Z</time><speed>0.910</speed><sat>24</sat></trkpt>
  <trkpt lat="45.58975711" lon="2.77426927"><ele>970.335</ele><time>2026-09-23T14:07:45Z</time><speed>0.870</speed><sat>26</sat></trkpt>
  <trkpt lat="45.58973530" lon="2.77423621"><ele>969.057</ele><time>2026-09-23T14:07:48Z</time><speed>0.920</speed><sat>26</sat></trkpt>
  <trkpt lat="45.58971231" lon="2.77420626"><ele>969.555</ele><time>2026-09-23T14:07:51Z</time><speed>1.040</speed><sat>24</sat></trkpt>
  <trkpt lat="45.58969425" lon="2.77417112"><ele>970.051</ele><time>2026-09-23T14:07:54Z</time><speed>0.900</speed><sat>24</sat></trkpt>
  <trkpt lat="45.58966966" lon="2.77414518"><ele>969.776</ele><time>2026-09-23T14:07:57Z</time><speed>0.920</speed><sat>25</sat></trkpt>
  <trkpt lat="45.58964423" lon="2.77412665"><ele>970.160</ele><time>2026-09-23T14:08:00Z</time><speed>0.930</speed><sat>24</sat></trkpt>
  <trkpt lat="45.58961521" lon="2.77410786"><ele>969.519</ele><time>2026-09-23T14:08:03Z</time><speed>1.000</speed><sat>24</sat></trkpt>
  <trkpt lat="45.58958936" lon="2.77409177"><ele>969.873</ele><time>2026-09-23T14:08:06Z</time><speed>0.930</speed><sat>23</sat></trkpt>
  <trkpt lat="45.58955635" lon="2.77408124"><ele>969.819</ele><time>2026-09-23T14:08:09Z</time><speed>1.160</speed><sat>22</sat></trkpt>
  <trkpt lat="45.58952763" lon="2.77406502"><ele>969.551</ele><time>2026-09-23T14:08:12Z</time><speed>1.010</speed><sat>21</sat></trkpt>
  <trkpt lat="45.58949617" lon="2.77404852"><ele>969.438</ele><time>2026-09-23T14:08:15Z</time><speed>0.990</speed><sat>22</sat></trkpt>
  <trkpt lat="45.58946465" lon="2.77403213"><ele>969.979</ele><time>2026-09-23T14:08:18Z</time><speed>1.000</speed><sat>22</sat></trkpt>
  <trkpt lat="45.58943559" lon="2.77400517"><ele>969.513</ele><time>2026-09-23T14:08:21Z</time><speed>0.990</speed><sat>23</sat></trkpt>
  <trkpt lat="45.58939838" lon="2.77399609"><ele>969.065</ele><time>2026-09-23T14:08:24Z</time><speed>1.490</speed><sat>24</sat></trkpt>
  <trkpt lat="45.58936872" lon="2.77397872"><ele>969.619</ele><time>2026-09-23T14:08:27Z</time><speed>1.050</speed><sat>22</sat></trkpt>
  <trkpt lat="45.58933635" lon="2.77397128"><ele>969.931</ele><time>2026-09-23T14:08:30Z</time><speed>0.950</speed><sat>23</sat></trkpt>
  <trkpt lat="45.58930244" lon="2.77395402"><ele>971.070</ele><time>2026-09-23T14:08:33Z</time><speed>1.250</speed><sat>24</sat></trkpt>
  <trkpt lat="45.58926809" lon="2.77396017"><ele>971.077</ele><time>2026-09-23T14:08:36Z</time><speed>1.080</speed><sat>24</sat></trkpt>
  <trkpt lat="45.58923644" lon="2.77396558"><ele>969.807</ele><time>2026-09-23T14:08:39Z</time><speed>1.010</speed><sat>24</sat></trkpt>
  <trkpt lat="45.58920210" lon="2.77395828"><ele>968.987</ele><time>2026-09-23T14:08:42Z</time><speed>1.050</speed><sat>23</sat></trkpt>
  <trkpt lat="45.58917401" lon="2.77392717"><ele>967.863</ele><time>2026-09-23T14:08:45Z</time><speed>1.100</speed><sat>23</sat></trkpt>
  <trkpt lat="45.58915615" lon="2.77388923"><ele>967.611</ele><time>2026-09-23T14:08:48Z</time><speed>1.130</speed><sat>22</sat></trkpt>
  <trkpt lat="45.58914662" lon="2.77385026"><ele>967.862</ele><time>2026-09-23T14:08:51Z</time><speed>1.080</speed><sat>24</sat></trkpt>
  <trkpt lat="45.58916625" lon="2.77381864"><ele>968.225</ele><time>2026-09-23T14:08:54Z</time><speed>1.100</speed><sat>24</sat></trkpt>
  <trkpt lat="45.58918753" lon="2.77380081"><ele>966.716</ele><time>2026-09-23T14:08:57Z</time><speed>1.040</speed><sat>24</sat></trkpt>
  <trkpt lat="45.58919655" lon="2.77376036"><ele>967.798</ele><time>2026-09-23T14:09:00Z</time><speed>1.080</speed><sat>24</sat></trkpt>
  <trkpt lat="45.58921110" lon="2.77372902"><ele>967.259</ele><time>2026-09-23T14:09:03Z</time><speed>1.010</speed><sat>26</sat></trkpt>
  <trkpt lat="45.58922478" lon="2.77369573"><ele>966.576</ele><time>2026-09-23T14:09:06Z</time><speed>1.010</speed><sat>26</sat></trkpt>
  <trkpt lat="45.58923748" lon="2.77366281"><ele>964.922</ele><time>2026-09-23T14:09:09Z</time><speed>1.000</speed><sat>25</sat></trkpt>
  <trkpt lat="45.58925254" lon="2.77362436"><ele>963.771</ele><time>2026-09-23T14:09:12Z</time><speed>0.980</speed><sat>24</sat></trkpt>
  <trkpt lat="45.58926770" lon="2.77357985"><ele>962.986</ele><time>2026-09-23T14:09:15Z</time><speed>0.990</speed><sat>25</sat></trkpt>
  <trkpt lat="45.58928715" lon="2.77353716"><ele>963.247</ele><time>2026-09-23T14:09:18Z</time><speed>0.980</speed><sat>26</sat></trkpt>
  <trkpt lat="45.58929701" lon="2.77349419"><ele>962.055</ele><time>2026-09-23T14:09:21Z</time><speed>1.010</speed><sat>25</sat></trkpt>
  <trkpt lat="45.58930637" lon="2.77344932"><ele>961.552</ele><time>2026-09-23T14:09:24Z</time><speed>1.020</speed><sat>25</sat></trkpt>
  <trkpt lat="45.58930553" lon="2.77339695"><ele>959.232</ele><time>2026-09-23T14:09:27Z</time><speed>1.310</speed><sat>26</sat></trkpt>
  <trkpt lat="45.58929472" lon="2.77335728"><ele>957.893</ele><time>2026-09-23T14:09:30Z</time><speed>1.020</speed><sat>26</sat></trkpt>
  <trkpt lat="45.58928597" lon="2.77332022"><ele>958.430</ele><time>2026-09-23T14:09:33Z</time><speed>1.030</speed><sat>25</sat></trkpt>
  <trkpt lat="45.58926988" lon="2.77328373"><ele>957.694</ele><time>2026-09-23T14:09:36Z</time><speed>1.130</speed><sat>25</sat></trkpt>
  <trkpt lat="45.58925433" lon="2.77324430"><ele>957.555</ele><time>2026-09-23T14:09:39Z</time><speed>0.990</speed><sat>25</sat></trkpt>
  <trkpt lat="45.58923354" lon="2.77320747"><ele>956.834</ele><time>2026-09-23T14:09:42Z</time><speed>1.170</speed><sat>24</sat></trkpt>
  <trkpt lat="45.58921385" lon="2.77317784"><ele>957.919</ele><time>2026-09-23T14:09:45Z</time><speed>0.930</speed><sat>25</sat></trkpt>
  <trkpt lat="45.58920071" lon="2.77315347"><ele>957.751</ele><time>2026-09-23T14:09:48Z</time><speed>0.970</speed><sat>24</sat></trkpt>
  <trkpt lat="45.58917785" lon="2.77311646"><ele>957.675</ele><time>2026-09-23T14:09:51Z</time><speed>1.000</speed><sat>23</sat></trkpt>
  <trkpt lat="45.58915574" lon="2.77309182"><ele>958.381</ele><time>2026-09-23T14:09:54Z</time><speed>0.920</speed><sat>25</sat></trkpt>
  <trkpt lat="45.58913797" lon="2.77305701"><ele>959.079</ele><time>2026-09-23T14:09:57Z</time><speed>0.900</speed><sat>26</sat></trkpt>
  <trkpt lat="45.58912671" lon="2.77302916"><ele>959.457</ele><time>2026-09-23T14:10:00Z</time><speed>0.770</speed><sat>24</sat></trkpt>
  <trkpt lat="45.58912096" lon="2.77298932"><ele>958.710</ele><time>2026-09-23T14:10:03Z</time><speed>0.960</speed><sat>24</sat></trkpt>
  <trkpt lat="45.58912318" lon="2.77295112"><ele>957.419</ele><time>2026-09-23T14:10:06Z</time><speed>1.000</speed><sat>24</sat></trkpt>
  <trkpt lat="45.58911994" lon="2.77291010"><ele>956.167</ele><time>2026-09-23T14:10:09Z</time><speed>1.020</speed><sat>25</sat></trkpt>
  <trkpt lat="45.58912212" lon="2.77286646"><ele>957.228</ele><time>2026-09-23T14:10:12Z</time><speed>0.980</speed><sat>25</sat></trkpt>
  <trkpt lat="45.58912359" lon="2.77282218"><ele>958.125</ele><time>2026-09-23T14:10:15Z</time><speed>1.010</speed><sat>26</sat></trkpt>
  <trkpt lat="45.58912135" lon="2.77277548"><ele>958.381</ele><time>2026-09-23T14:10:18Z</time><speed>0.980</speed><sat>26</sat></trkpt>
  <trkpt lat="45.58911603" lon="2.77273487"><ele>958.175</ele><time>2026-09-23T14:10:21Z</time><speed>1.020</speed><sat>26</sat></trkpt>
  <trkpt lat="45.58910646" lon="2.77268345"><ele>959.718</ele><time>2026-09-23T14:10:24Z</time><speed>1.050</speed><sat>25</sat></trkpt>
  <trkpt lat="45.58909417" lon="2.77263424"><ele>959.254</ele><time>2026-09-23T14:10:27Z</time><speed>1.040</speed><sat>26</sat></trkpt>
  <trkpt lat="45.58908873" lon="2.77259065"><ele>959.864</ele><time>2026-09-23T14:10:30Z</time><speed>1.030</speed><sat>26</sat></trkpt>
  <trkpt lat="45.58908051" lon="2.77255054"><ele>959.786</ele><time>2026-09-23T14:10:33Z</time><speed>1.050</speed><sat>24</sat></trkpt>
  <trkpt lat="45.58907053" lon="2.77250663"><ele>959.407</ele><time>2026-09-23T14:10:36Z</time><speed>1.050</speed><sat>24</sat></trkpt>
  <trkpt lat="45.58905765" lon="2.77246067"><ele>958.518</ele><time>2026-09-23T14:10:39Z</time><speed>1.070</speed><sat>25</sat></trkpt>
  <trkpt lat="45.58904372" lon="2.77241572"><ele>958.999</ele><time>2026-09-23T14:10:42Z</time><speed>1.070</speed><sat>24</sat></trkpt>
  <trkpt lat="45.58902715" lon="2.77236939"><ele>958.993</ele><time>2026-09-23T14:10:45Z</time><speed>1.410</speed><sat>24</sat></trkpt>
  <trkpt lat="45.58901977" lon="2.77231826"><ele>957.951</ele><time>2026-09-23T14:10:48Z</time><speed>1.130</speed><sat>23</sat></trkpt>
  <trkpt lat="45.58901422" lon="2.77226449"><ele>958.851</ele><time>2026-09-23T14:10:51Z</time><speed>1.050</speed><sat>24</sat></trkpt>
  <trkpt lat="45.58901995" lon="2.77221769"><ele>959.291</ele><time>2026-09-23T14:10:54Z</time><speed>1.060</speed><sat>24</sat></trkpt>
  <trkpt lat="45.58902302" lon="2.77216866"><ele>959.084</ele><time>2026-09-23T14:10:57Z</time><speed>0.990</speed><sat>24</sat></trkpt>
  <trkpt lat="45.58903199" lon="2.77211724"><ele>959.773</ele><time>2026-09-23T14:11:00Z</time><speed>1.100</speed><sat>24</sat></trkpt>
  <trkpt lat="45.58904172" lon="2.77207223"><ele>959.581</ele><time>2026-09-23T14:11:03Z</time><speed>1.000</speed><sat>25</sat></trkpt>
  <trkpt lat="45.58905084" lon="2.77202923"><ele>959.459</ele><time>2026-09-23T14:11:06Z</time><speed>0.960</speed><sat>25</sat></trkpt>
  <trkpt lat="45.58905437" lon="2.77198489"><ele>958.513</ele><time>2026-09-23T14:11:09Z</time><speed>1.000</speed><sat>25</sat></trkpt>
  <trkpt lat="45.58905627" lon="2.77193125"><ele>957.631</ele><time>2026-09-23T14:11:12Z</time><speed>1.020</speed><sat>26</sat></trkpt>
  <trkpt lat="45.58906986" lon="2.77188619"><ele>957.444</ele><time>2026-09-23T14:11:15Z</time><speed>1.000</speed><sat>26</sat></trkpt>
  <trkpt lat="45.58908596" lon="2.77184425"><ele>955.523</ele><time>2026-09-23T14:11:18Z</time><speed>1.020</speed><sat>27</sat></trkpt>
  <trkpt lat="45.58910144" lon="2.77179637"><ele>955.726</ele><time>2026-09-23T14:11:21Z</time><speed>1.070</speed><sat>28</sat></trkpt>
  <trkpt lat="45.58912238" lon="2.77175055"><ele>955.790</ele><time>2026-09-23T14:11:24Z</time><speed>1.050</speed><sat>27</sat></trkpt>
  <trkpt lat="45.58914329" lon="2.77171351"><ele>955.878</ele><time>2026-09-23T14:11:27Z</time><speed>1.090</speed><sat>26</sat></trkpt>
  <trkpt lat="45.58916002" lon="2.77167080"><ele>956.765</ele><time>2026-09-23T14:11:30Z</time><speed>1.150</speed><sat>26</sat></trkpt>
  <trkpt lat="45.58918323" lon="2.77162991"><ele>958.155</ele><time>2026-09-23T14:11:33Z</time><speed>1.090</speed><sat>25</sat></trkpt>
  <trkpt lat="45.58920139" lon="2.77157246"><ele>959.460</ele><time>2026-09-23T14:11:36Z</time><speed>1.070</speed><sat>26</sat></trkpt>
  <trkpt lat="45.58921865" lon="2.77152439"><ele>958.712</ele><time>2026-09-23T14:11:39Z</time><speed>1.080</speed><sat>28</sat></trkpt>
  <trkpt lat="45.58923400" lon="2.77147068"><ele>957.680</ele><time>2026-09-23T14:11:42Z</time><speed>1.060</speed><sat>27</sat></trkpt>
  <trkpt lat="45.58924776" lon="2.77142065"><ele>958.134</ele><time>2026-09-23T14:11:45Z</time><speed>1.050</speed><sat>27</sat></trkpt>
  <trkpt lat="45.58926208" lon="2.77136951"><ele>957.420</ele><time>2026-09-23T14:11:48Z</time><speed>1.040</speed><sat>27</sat></trkpt>
  <trkpt lat="45.58928127" lon="2.77131937"><ele>956.849</ele><time>2026-09-23T14:11:51Z</time><speed>1.040</speed><sat>27</sat></trkpt>
  <trkpt lat="45.58929516" lon="2.77127390"><ele>957.540</ele><time>2026-09-23T14:11:54Z</time><speed>1.100</speed><sat>27</sat></trkpt>
  <trkpt lat="45.58931079" lon="2.77122564"><ele>957.147</ele><time>2026-09-23T14:11:57Z</time><speed>1.170</speed><sat>28</sat></trkpt>
  <trkpt lat="45.58932829" lon="2.77118172"><ele>956.969</ele><time>2026-09-23T14:12:00Z</time><speed>1.040</speed><sat>28</sat></trkpt>
  <trkpt lat="45.58933529" lon="2.77112769"><ele>956.377</ele><time>2026-09-23T14:12:03Z</time><speed>1.090</speed><sat>28</sat></trkpt>
  <trkpt lat="45.58934884" lon="2.77107534"><ele>957.366</ele><time>2026-09-23T14:12:06Z</time><speed>1.010</speed><sat>26</sat></trkpt>
  <trkpt lat="45.58936038" lon="2.77102615"><ele>957.829</ele><time>2026-09-23T14:12:09Z</time><speed>1.010</speed><sat>28</sat></trkpt>
  <trkpt lat="45.58937243" lon="2.77097489"><ele>958.009</ele><time>2026-09-23T14:12:12Z</time><speed>1.010</speed><sat>28</sat></trkpt>
  <trkpt lat="45.58938989" lon="2.77091209"><ele>957.947</ele><time>2026-09-23T14:12:15Z</time><speed>1.000</speed><sat>28</sat></trkpt>
  <trkpt lat="45.58940410" lon="2.77085013"><ele>956.864</ele><time>2026-09-23T14:12:18Z</time><speed>0.970</speed><sat>28</sat></trkpt>
  <trkpt lat="45.58941358" lon="2.77078947"><ele>956.066</ele><time>2026-09-23T14:12:21Z</time><speed>1.040</speed><sat>28</sat></trkpt>
  <trkpt lat="45.58942313" lon="2.77073796"><ele>956.343</ele><time>2026-09-23T14:12:24Z</time><speed>1.020</speed><sat>28</sat></trkpt>
  <trkpt lat="45.58943314" lon="2.77068653"><ele>957.012</ele><time>2026-09-23T14:12:27Z</time><speed>1.000</speed><sat>28</sat></trkpt>
  <trkpt lat="45.58943507" lon="2.77063366"><ele>959.404</ele><time>2026-09-23T14:12:30Z</time><speed>1.040</speed><sat>28</sat></trkpt>
  <trkpt lat="45.58943785" lon="2.77058186"><ele>957.511</ele><time>2026-09-23T14:12:33Z</time><speed>1.070</speed><sat>28</sat></trkpt>
  <trkpt lat="45.58943502" lon="2.77052747"><ele>957.058</ele><time>2026-09-23T14:12:36Z</time><speed>1.110</speed><sat>27</sat></trkpt>
  <trkpt lat="45.58943503" lon="2.77047231"><ele>957.869</ele><time>2026-09-23T14:12:39Z</time><speed>1.120</speed><sat>28</sat></trkpt>
  <trkpt lat="45.58944536" lon="2.77041275"><ele>957.650</ele><time>2026-09-23T14:12:42Z</time><speed>1.130</speed><sat>28</sat></trkpt>
  <trkpt lat="45.58943823" lon="2.77035644"><ele>959.115</ele><time>2026-09-23T14:12:45Z</time><speed>1.020</speed><sat>28</sat></trkpt>
  <trkpt lat="45.58942875" lon="2.77030097"><ele>959.384</ele><time>2026-09-23T14:12:48Z</time><speed>1.020</speed><sat>27</sat></trkpt>
  <trkpt lat="45.58941319" lon="2.77024921"><ele>957.849</ele><time>2026-09-23T14:12:51Z</time><speed>1.030</speed><sat>27</sat></trkpt>
  <trkpt lat="45.58940180" lon="2.77019968"><ele>959.402</ele><time>2026-09-23T14:12:54Z</time><speed>1.060</speed><sat>28</sat></trkpt>
  <trkpt lat="45.58939136" lon="2.77013902"><ele>958.594</ele><time>2026-09-23T14:12:57Z</time><speed>1.080</speed><sat>27</sat></trkpt>
  <trkpt lat="45.58938320" lon="2.77008482"><ele>958.061</ele><time>2026-09-23T14:13:00Z</time><speed>1.070</speed><sat>27</sat></trkpt>
  <trkpt lat="45.58937872" lon="2.77002847"><ele>958.559</ele><time>2026-09-23T14:13:03Z</time><speed>1.040</speed><sat>25</sat></trkpt>
  <trkpt lat="45.58937191" lon="2.76998089"><ele>956.796</ele><time>2026-09-23T14:13:06Z</time><speed>1.030</speed><sat>27</sat></trkpt>
  <trkpt lat="45.58936090" lon="2.76993597"><ele>956.192</ele><time>2026-09-23T14:13:09Z</time><speed>1.060</speed><sat>26</sat></trkpt>
  <trkpt lat="45.58934635" lon="2.76988715"><ele>954.625</ele><time>2026-09-23T14:13:12Z</time><speed>1.100</speed><sat>26</sat></trkpt>
  <trkpt lat="45.58932864" lon="2.76984395"><ele>954.838</ele><time>2026-09-23T14:13:15Z</time><speed>1.120</speed><sat>25</sat></trkpt>
  <trkpt lat="45.58931164" lon="2.76979383"><ele>957.168</ele><time>2026-09-23T14:13:18Z</time><speed>1.110</speed><sat>25</sat></trkpt>
  <trkpt lat="45.58928871" lon="2.76973885"><ele>960.109</ele><time>2026-09-23T14:13:21Z</time><speed>1.110</speed><sat>26</sat></trkpt>
  <trkpt lat="45.58926861" lon="2.76968611"><ele>959.365</ele><time>2026-09-23T14:13:24Z</time><speed>1.120</speed><sat>28</sat></trkpt>
  <trkpt lat="45.58926925" lon="2.76961439"><ele>957.175</ele><time>2026-09-23T14:13:27Z</time><speed>1.270</speed><sat>27</sat></trkpt>
  <trkpt lat="45.58925406" lon="2.76955252"><ele>956.396</ele><time>2026-09-23T14:13:30Z</time><speed>1.100</speed><sat>27</sat></trkpt>
  <trkpt lat="45.58925116" lon="2.76949574"><ele>955.806</ele><time>2026-09-23T14:13:33Z</time><speed>1.050</speed><sat>26</sat></trkpt>
  <trkpt lat="45.58925125" lon="2.76944753"><ele>954.944</ele><time>2026-09-23T14:13:36Z</time><speed>1.090</speed><sat>28</sat></trkpt>
  <trkpt lat="45.58925550" lon="2.76939765"><ele>953.461</ele><time>2026-09-23T14:13:39Z</time><speed>1.080</speed><sat>28</sat></trkpt>
  <trkpt lat="45.58927007" lon="2.76934942"><ele>950.860</ele><time>2026-09-23T14:13:42Z</time><speed>1.110</speed><sat>28</sat></trkpt>
  <trkpt lat="45.58929123" lon="2.76931426"><ele>950.057</ele><time>2026-09-23T14:13:45Z</time><speed>1.110</speed><sat>27</sat></trkpt>
  <trkpt lat="45.58931683" lon="2.76927787"><ele>948.580</ele><time>2026-09-23T14:13:48Z</time><speed>1.140</speed><sat>28</sat></trkpt>
  <trkpt lat="45.58934893" lon="2.76924212"><ele>948.635</ele><time>2026-09-23T14:13:51Z</time><speed>1.170</speed><sat>27</sat></trkpt>
  <trkpt lat="45.58938089" lon="2.76921123"><ele>946.113</ele><time>2026-09-23T14:13:54Z</time><speed>1.210</speed><sat>27</sat></trkpt>
  <trkpt lat="45.58941546" lon="2.76919198"><ele>947.318</ele><time>2026-09-23T14:13:57Z</time><speed>1.160</speed><sat>26</sat></trkpt>
  <trkpt lat="45.58945048" lon="2.76917789"><ele>948.664</ele><time>2026-09-23T14:14:00Z</time><speed>1.180</speed><sat>27</sat></trkpt>
  <trkpt lat="45.58948845" lon="2.76916560"><ele>948.426</ele><time>2026-09-23T14:14:03Z</time><speed>1.280</speed><sat>25</sat></trkpt>
  <trkpt lat="45.58953053" lon="2.76914582"><ele>947.702</ele><time>2026-09-23T14:14:06Z</time><speed>1.170</speed><sat>26</sat></trkpt>
  <trkpt lat="45.58957316" lon="2.76912167"><ele>946.938</ele><time>2026-09-23T14:14:09Z</time><speed>1.160</speed><sat>27</sat></trkpt>
  <trkpt lat="45.58960839" lon="2.76910191"><ele>948.597</ele><time>2026-09-23T14:14:12Z</time><speed>1.170</speed><sat>28</sat></trkpt>
  <trkpt lat="45.58964624" lon="2.76907949"><ele>947.833</ele><time>2026-09-23T14:14:15Z</time><speed>1.140</speed><sat>27</sat></trkpt>
  <trkpt lat="45.58968897" lon="2.76905367"><ele>947.300</ele><time>2026-09-23T14:14:18Z</time><speed>1.180</speed><sat>26</sat></trkpt>
  <trkpt lat="45.58972340" lon="2.76902533"><ele>947.948</ele><time>2026-09-23T14:14:21Z</time><speed>1.250</speed><sat>26</sat></trkpt>
  <trkpt lat="45.58975882" lon="2.76900502"><ele>948.612</ele><time>2026-09-23T14:14:24Z</time><speed>1.310</speed><sat>26</sat></trkpt>
  <trkpt lat="45.58978989" lon="2.76896766"><ele>948.584</ele><time>2026-09-23T14:14:27Z</time><speed>1.600</speed><sat>26</sat></trkpt>
  <trkpt lat="45.58982211" lon="2.76892706"><ele>948.163</ele><time>2026-09-23T14:14:30Z</time><speed>1.390</speed><sat>27</sat></trkpt>
  <trkpt lat="45.58985374" lon="2.76886405"><ele>947.309</ele><time>2026-09-23T14:14:33Z</time><speed>1.240</speed><sat>27</sat></trkpt>
  <trkpt lat="45.58987118" lon="2.76879189"><ele>946.180</ele><time>2026-09-23T14:14:36Z</time><speed>1.560</speed><sat>26</sat></trkpt>
  <trkpt lat="45.58988744" lon="2.76872884"><ele>945.384</ele><time>2026-09-23T14:14:39Z</time><speed>1.350</speed><sat>26</sat></trkpt>
  <trkpt lat="45.58990452" lon="2.76867564"><ele>945.278</ele><time>2026-09-23T14:14:42Z</time><speed>1.190</speed><sat>27</sat></trkpt>
  <trkpt lat="45.58991110" lon="2.76860840"><ele>945.221</ele><time>2026-09-23T14:14:45Z</time><speed>1.680</speed><sat>27</sat></trkpt>
  <trkpt lat="45.58992708" lon="2.76855008"><ele>945.394</ele><time>2026-09-23T14:14:48Z</time><speed>1.310</speed><sat>27</sat></trkpt>
  <trkpt lat="45.58993826" lon="2.76849558"><ele>946.550</ele><time>2026-09-23T14:14:51Z</time><speed>1.280</speed><sat>26</sat></trkpt>
  <trkpt lat="45.58994706" lon="2.76844060"><ele>947.406</ele><time>2026-09-23T14:14:54Z</time><speed>1.180</speed><sat>26</sat></trkpt>
  <trkpt lat="45.58995307" lon="2.76837831"><ele>947.585</ele><time>2026-09-23T14:14:57Z</time><speed>1.320</speed><sat>26</sat></trkpt>
  <trkpt lat="45.58997653" lon="2.76831322"><ele>947.258</ele><time>2026-09-23T14:15:00Z</time><speed>1.390</speed><sat>28</sat></trkpt>
  <trkpt lat="45.58999002" lon="2.76825340"><ele>948.040</ele><time>2026-09-23T14:15:03Z</time><speed>1.280</speed><sat>28</sat></trkpt>
  <trkpt lat="45.59000615" lon="2.76819504"><ele>947.767</ele><time>2026-09-23T14:15:06Z</time><speed>1.270</speed><sat>28</sat></trkpt>
  <trkpt lat="45.59001912" lon="2.76813578"><ele>948.577</ele><time>2026-09-23T14:15:09Z</time><speed>1.260</speed><sat>28</sat></trkpt>
  <trkpt lat="45.59003305" lon="2.76808395"><ele>947.913</ele><time>2026-09-23T14:15:12Z</time><speed>1.250</speed><sat>28</sat></trkpt>
  <trkpt lat="45.59004114" lon="2.76802666"><ele>947.844</ele><time>2026-09-23T14:15:15Z</time><speed>1.260</speed><sat>27</sat></trkpt>
  <trkpt lat="45.59005792" lon="2.76796302"><ele>948.433</ele><time>2026-09-23T14:15:18Z</time><speed>1.330</speed><sat>27</sat></trkpt>
  <trkpt lat="45.59007303" lon="2.76789804"><ele>947.567</ele><time>2026-09-23T14:15:21Z</time><speed>1.290</speed><sat>27</sat></trkpt>
  <trkpt lat="45.59009201" lon="2.76783919"><ele>946.792</ele><time>2026-09-23T14:15:24Z</time><speed>1.270</speed><sat>27</sat></trkpt>
  <trkpt lat="45.59010436" lon="2.76777571"><ele>944.743</ele><time>2026-09-23T14:15:27Z</time><speed>1.240</speed><sat>28</sat></trkpt>
  <trkpt lat="45.59010942" lon="2.76772071"><ele>942.708</ele><time>2026-09-23T14:15:30Z</time><speed>1.250</speed><sat>28</sat></trkpt>
  <trkpt lat="45.59011433" lon="2.76766643"><ele>943.740</ele><time>2026-09-23T14:15:33Z</time><speed>1.230</speed><sat>28</sat></trkpt>
  <trkpt lat="45.59012386" lon="2.76760331"><ele>944.513</ele><time>2026-09-23T14:15:36Z</time><speed>1.260</speed><sat>27</sat></trkpt>
  <trkpt lat="45.59011953" lon="2.76753549"><ele>945.533</ele><time>2026-09-23T14:15:39Z</time><speed>1.260</speed><sat>27</sat></trkpt>
  <trkpt lat="45.59011505" lon="2.76746246"><ele>946.654</ele><time>2026-09-23T14:15:42Z</time><speed>1.340</speed><sat>27</sat></trkpt>
  <trkpt lat="45.59011169" lon="2.76739193"><ele>947.058</ele><time>2026-09-23T14:15:45Z</time><speed>1.280</speed><sat>28</sat></trkpt>
  <trkpt lat="45.59010713" lon="2.76731724"><ele>944.732</ele><time>2026-09-23T14:15:48Z</time><speed>1.350</speed><sat>28</sat></trkpt>
  <trkpt lat="45.59011070" lon="2.76725024"><ele>945.533</ele><time>2026-09-23T14:15:51Z</time><speed>1.430</speed><sat>28</sat></trkpt>
  <trkpt lat="45.59010727" lon="2.76718184"><ele>945.864</ele><time>2026-09-23T14:15:54Z</time><speed>1.810</speed><sat>28</sat></trkpt>
  <trkpt lat="45.59010640" lon="2.76710264"><ele>945.772</ele><time>2026-09-23T14:15:57Z</time><speed>1.410</speed><sat>28</sat></trkpt>
  <trkpt lat="45.59010551" lon="2.76704934"><ele>945.999</ele><time>2026-09-23T14:16:00Z</time><speed>1.190</speed><sat>28</sat></trkpt>
  <trkpt lat="45.59010060" lon="2.76700058"><ele>946.588</ele><time>2026-09-23T14:16:03Z</time><speed>1.080</speed><sat>29</sat></trkpt>
  <trkpt lat="45.59010415" lon="2.76698225"><ele>946.502</ele><time>2026-09-23T14:16:06Z</time><speed>0.000</speed><sat>29</sat></trkpt>
  <trkpt lat="45.59010595" lon="2.76698140"><ele>946.426</ele><time>2026-09-23T14:16:09Z</time><speed>0.000</speed><sat>28</sat></trkpt>
  <trkpt lat="45.59010603" lon="2.76698100"><ele>946.369</ele><time>2026-09-23T14:16:12Z</time><speed>0.000</speed><sat>28</sat></trkpt>
 </trkseg>
</trk>

</gpx>
 
