<?xml version="1.0" encoding="UTF-8"?>
<!-- Created with BasicAirData GPS Logger for Android - ver. 3.3.0 -->
<!-- Track 3 = 2890 TrackPoints + 0 Placemarks -->

<!-- Track Statistics (based on Total Time | Time in Movement): -->
<!--  Distance = 5.15 km -->
<!--  Duration = 02:24:27 | 01:21:00 -->
<!--  Altitude Gap = 66 m -->
<!--  Max Speed = 11 km/h -->
<!--  Avg Speed = 2.1 | 3.8 km/h -->
<!--  Direction = 296° -->
<!--  Activity = mountaineering -->
<!--  Altitudes = Raw -->

<gpx version="1.0"
     creator="BasicAirData GPS Logger 3.3.0"
     xmlns="http://www.topografix.com/GPX/1/0"
     xmlns:xsi="http://www.w3.org/2001/XMLSchema-instance"
     xsi:schemaLocation="http://www.topografix.com/GPX/1/0 http://www.topografix.com/GPX/1/0/gpx.xsd">
<name>La Banne d&apos;Ordanche 22/09/2026</name>
<desc>Banne d&apos;Ordanche</desc>
<time>2026-09-29T13:21:51Z</time>
<keywords>mountaineering</keywords>
<bounds minlat="45.60307237" minlon="2.75813165" maxlat="45.61298477" maxlon="2.77994487" />

<trk>
 <name>Track 20260922-143544</name>
 <trkseg>
  <trkpt lat="45.60556426" lon="2.76544615"><ele>1315.991</ele><time>2026-09-22T12:35:44Z</time><speed>0.630</speed><sat>7</sat></trkpt>
  <trkpt lat="45.60555684" lon="2.76543388"><ele>1315.369</ele><time>2026-09-22T12:35:47Z</time><speed>0.000</speed><sat>28</sat></trkpt>
  <trkpt lat="45.60554748" lon="2.76542404"><ele>1316.946</ele><time>2026-09-22T12:35:50Z</time><speed>0.000</speed><sat>29</sat></trkpt>
  <trkpt lat="45.60553408" lon="2.76540342"><ele>1316.840</ele><time>2026-09-22T12:35:53Z</time><speed>0.610</speed><sat>27</sat></trkpt>
  <trkpt lat="45.60551973" lon="2.76538570"><ele>1316.607</ele><time>2026-09-22T12:35:56Z</time><speed>0.000</speed><sat>28</sat></trkpt>
  <trkpt lat="45.60551746" lon="2.76537658"><ele>1316.505</ele><time>2026-09-22T12:35:59Z</time><speed>0.000</speed><sat>28</sat></trkpt>
  <trkpt lat="45.60551677" lon="2.76536477"><ele>1315.792</ele><time>2026-09-22T12:36:02Z</time><speed>0.230</speed><sat>29</sat></trkpt>
  <trkpt lat="45.60550878" lon="2.76535332"><ele>1316.052</ele><time>2026-09-22T12:36:05Z</time><speed>0.410</speed><sat>28</sat></trkpt>
  <trkpt lat="45.60550543" lon="2.76534546"><ele>1315.361</ele><time>2026-09-22T12:36:08Z</time><speed>0.170</speed><sat>30</sat></trkpt>
  <trkpt lat="45.60550492" lon="2.76534324"><ele>1315.227</ele><time>2026-09-22T12:36:11Z</time><speed>0.000</speed><sat>29</sat></trkpt>
  <trkpt lat="45.60550488" lon="2.76534171"><ele>1315.337</ele><time>2026-09-22T12:36:14Z</time><speed>0.000</speed><sat>28</sat></trkpt>
  <trkpt lat="45.60550388" lon="2.76533943"><ele>1315.317</ele><time>2026-09-22T12:36:17Z</time><speed>0.000</speed><sat>27</sat></trkpt>
  <trkpt lat="45.60550214" lon="2.76533907"><ele>1315.235</ele><time>2026-09-22T12:36:20Z</time><speed>0.000</speed><sat>29</sat></trkpt>
  <trkpt lat="45.60550207" lon="2.76533838"><ele>1315.273</ele><time>2026-09-22T12:36:23Z</time><speed>0.000</speed><sat>29</sat></trkpt>
  <trkpt lat="45.60550191" lon="2.76533833"><ele>1315.262</ele><time>2026-09-22T12:36:26Z</time><speed>0.000</speed><sat>27</sat></trkpt>
  <trkpt lat="45.60550189" lon="2.76533833"><ele>1315.240</ele><time>2026-09-22T12:36:29Z</time><speed>0.000</speed><sat>26</sat></trkpt>
  <trkpt lat="45.60550245" lon="2.76533822"><ele>1315.278</ele><time>2026-09-22T12:36:32Z</time><speed>0.000</speed><sat>27</sat></trkpt>
  <trkpt lat="45.60550044" lon="2.76533912"><ele>1315.024</ele><time>2026-09-22T12:36:35Z</time><speed>0.000</speed><sat>28</sat></trkpt>
  <trkpt lat="45.60549989" lon="2.76533721"><ele>1314.851</ele><time>2026-09-22T12:36:38Z</time><speed>0.000</speed><sat>26</sat></trkpt>
  <trkpt lat="45.60550060" lon="2.76534046"><ele>1314.978</ele><time>2026-09-22T12:36:41Z</time><speed>0.000</speed><sat>24</sat></trkpt>
  <trkpt lat="45.60548876" lon="2.76536146"><ele>1314.295</ele><time>2026-09-22T12:36:44Z</time><speed>1.500</speed><sat>24</sat></trkpt>
  <trkpt lat="45.60547824" lon="2.76537113"><ele>1314.304</ele><time>2026-09-22T12:36:47Z</time><speed>0.000</speed><sat>25</sat></trkpt>
  <trkpt lat="45.60548024" lon="2.76538748"><ele>1313.678</ele><time>2026-09-22T12:36:50Z</time><speed>0.000</speed><sat>24</sat></trkpt>
  <trkpt lat="45.60547750" lon="2.76539379"><ele>1313.376</ele><time>2026-09-22T12:36:53Z</time><speed>0.000</speed><sat>22</sat></trkpt>
  <trkpt lat="45.60547320" lon="2.76539161"><ele>1313.269</ele><time>2026-09-22T12:36:56Z</time><speed>0.000</speed><sat>23</sat></trkpt>
  <trkpt lat="45.60547271" lon="2.76539265"><ele>1313.394</ele><time>2026-09-22T12:36:59Z</time><speed>0.000</speed><sat>22</sat></trkpt>
  <trkpt lat="45.60547207" lon="2.76537679"><ele>1313.516</ele><time>2026-09-22T12:37:02Z</time><speed>0.000</speed><sat>21</sat></trkpt>
  <trkpt lat="45.60547443" lon="2.76535652"><ele>1313.710</ele><time>2026-09-22T12:37:05Z</time><speed>0.000</speed><sat>19</sat></trkpt>
  <trkpt lat="45.60547914" lon="2.76534455"><ele>1313.095</ele><time>2026-09-22T12:37:08Z</time><speed>0.000</speed><sat>20</sat></trkpt>
  <trkpt lat="45.60548078" lon="2.76534069"><ele>1313.484</ele><time>2026-09-22T12:37:11Z</time><speed>0.000</speed><sat>17</sat></trkpt>
  <trkpt lat="45.60548024" lon="2.76534093"><ele>1313.470</ele><time>2026-09-22T12:37:14Z</time><speed>0.000</speed><sat>18</sat></trkpt>
  <trkpt lat="45.60547978" lon="2.76534110"><ele>1313.493</ele><time>2026-09-22T12:37:17Z</time><speed>0.000</speed><sat>20</sat></trkpt>
  <trkpt lat="45.60547947" lon="2.76534089"><ele>1313.510</ele><time>2026-09-22T12:37:20Z</time><speed>0.000</speed><sat>20</sat></trkpt>
  <trkpt lat="45.60547947" lon="2.76534086"><ele>1313.488</ele><time>2026-09-22T12:37:23Z</time><speed>0.000</speed><sat>24</sat></trkpt>
  <trkpt lat="45.60547963" lon="2.76534082"><ele>1313.473</ele><time>2026-09-22T12:37:26Z</time><speed>0.000</speed><sat>18</sat></trkpt>
  <trkpt lat="45.60547966" lon="2.76534075"><ele>1313.473</ele><time>2026-09-22T12:37:29Z</time><speed>0.000</speed><sat>17</sat></trkpt>
  <trkpt lat="45.60547988" lon="2.76534121"><ele>1313.463</ele><time>2026-09-22T12:37:32Z</time><speed>0.000</speed><sat>19</sat></trkpt>
  <trkpt lat="45.60548006" lon="2.76534136"><ele>1313.465</ele><time>2026-09-22T12:37:35Z</time><speed>0.000</speed><sat>22</sat></trkpt>
  <trkpt lat="45.60547994" lon="2.76534170"><ele>1313.433</ele><time>2026-09-22T12:37:38Z</time><speed>0.000</speed><sat>24</sat></trkpt>
  <trkpt lat="45.60547969" lon="2.76534214"><ele>1313.377</ele><time>2026-09-22T12:37:41Z</time><speed>0.000</speed><sat>16</sat></trkpt>
  <trkpt lat="45.60547964" lon="2.76534227"><ele>1313.376</ele><time>2026-09-22T12:37:44Z</time><speed>0.000</speed><sat>16</sat></trkpt>
  <trkpt lat="45.60547964" lon="2.76534226"><ele>1313.370</ele><time>2026-09-22T12:37:47Z</time><speed>0.000</speed><sat>21</sat></trkpt>
  <trkpt lat="45.60547965" lon="2.76534224"><ele>1313.367</ele><time>2026-09-22T12:37:50Z</time><speed>0.000</speed><sat>22</sat></trkpt>
  <trkpt lat="45.60547967" lon="2.76534218"><ele>1313.366</ele><time>2026-09-22T12:37:53Z</time><speed>0.000</speed><sat>24</sat></trkpt>
  <trkpt lat="45.60547436" lon="2.76534169"><ele>1312.819</ele><time>2026-09-22T12:37:56Z</time><speed>0.500</speed><sat>22</sat></trkpt>
  <trkpt lat="45.60546325" lon="2.76533724"><ele>1312.678</ele><time>2026-09-22T12:37:59Z</time><speed>0.000</speed><sat>21</sat></trkpt>
  <trkpt lat="45.60545212" lon="2.76533135"><ele>1313.180</ele><time>2026-09-22T12:38:02Z</time><speed>0.610</speed><sat>22</sat></trkpt>
  <trkpt lat="45.60543496" lon="2.76532603"><ele>1312.966</ele><time>2026-09-22T12:38:05Z</time><speed>0.000</speed><sat>23</sat></trkpt>
  <trkpt lat="45.60543699" lon="2.76533890"><ele>1312.642</ele><time>2026-09-22T12:38:08Z</time><speed>0.000</speed><sat>22</sat></trkpt>
  <trkpt lat="45.60544082" lon="2.76534394"><ele>1312.656</ele><time>2026-09-22T12:38:11Z</time><speed>0.000</speed><sat>24</sat></trkpt>
  <trkpt lat="45.60544049" lon="2.76534610"><ele>1312.481</ele><time>2026-09-22T12:38:14Z</time><speed>0.000</speed><sat>23</sat></trkpt>
  <trkpt lat="45.60544843" lon="2.76536021"><ele>1312.492</ele><time>2026-09-22T12:38:17Z</time><speed>1.210</speed><sat>26</sat></trkpt>
  <trkpt lat="45.60547389" lon="2.76537745"><ele>1313.176</ele><time>2026-09-22T12:38:20Z</time><speed>0.950</speed><sat>27</sat></trkpt>
  <trkpt lat="45.60549572" lon="2.76539215"><ele>1313.061</ele><time>2026-09-22T12:38:23Z</time><speed>0.860</speed><sat>27</sat></trkpt>
  <trkpt lat="45.60552330" lon="2.76540694"><ele>1312.441</ele><time>2026-09-22T12:38:26Z</time><speed>1.140</speed><sat>27</sat></trkpt>
  <trkpt lat="45.60554580" lon="2.76541697"><ele>1311.784</ele><time>2026-09-22T12:38:29Z</time><speed>0.710</speed><sat>27</sat></trkpt>
  <trkpt lat="45.60556545" lon="2.76542295"><ele>1312.639</ele><time>2026-09-22T12:38:32Z</time><speed>0.790</speed><sat>28</sat></trkpt>
  <trkpt lat="45.60558472" lon="2.76544239"><ele>1314.335</ele><time>2026-09-22T12:38:35Z</time><speed>0.920</speed><sat>28</sat></trkpt>
  <trkpt lat="45.60560744" lon="2.76546277"><ele>1315.378</ele><time>2026-09-22T12:38:38Z</time><speed>0.890</speed><sat>28</sat></trkpt>
  <trkpt lat="45.60563146" lon="2.76548931"><ele>1315.614</ele><time>2026-09-22T12:38:41Z</time><speed>0.940</speed><sat>28</sat></trkpt>
  <trkpt lat="45.60565740" lon="2.76550526"><ele>1315.827</ele><time>2026-09-22T12:38:44Z</time><speed>1.030</speed><sat>29</sat></trkpt>
  <trkpt lat="45.60568351" lon="2.76552069"><ele>1315.343</ele><time>2026-09-22T12:38:47Z</time><speed>1.080</speed><sat>29</sat></trkpt>
  <trkpt lat="45.60571004" lon="2.76553010"><ele>1315.470</ele><time>2026-09-22T12:38:50Z</time><speed>0.980</speed><sat>29</sat></trkpt>
  <trkpt lat="45.60572955" lon="2.76554996"><ele>1315.771</ele><time>2026-09-22T12:38:53Z</time><speed>0.940</speed><sat>29</sat></trkpt>
  <trkpt lat="45.60574797" lon="2.76557529"><ele>1315.600</ele><time>2026-09-22T12:38:56Z</time><speed>0.990</speed><sat>29</sat></trkpt>
  <trkpt lat="45.60576920" lon="2.76559648"><ele>1314.692</ele><time>2026-09-22T12:38:59Z</time><speed>1.010</speed><sat>29</sat></trkpt>
  <trkpt lat="45.60578885" lon="2.76561492"><ele>1314.508</ele><time>2026-09-22T12:39:02Z</time><speed>0.900</speed><sat>29</sat></trkpt>
  <trkpt lat="45.60580956" lon="2.76563712"><ele>1315.342</ele><time>2026-09-22T12:39:05Z</time><speed>0.940</speed><sat>29</sat></trkpt>
  <trkpt lat="45.60583112" lon="2.76565379"><ele>1314.994</ele><time>2026-09-22T12:39:08Z</time><speed>0.890</speed><sat>29</sat></trkpt>
  <trkpt lat="45.60585929" lon="2.76566618"><ele>1315.087</ele><time>2026-09-22T12:39:11Z</time><speed>0.940</speed><sat>29</sat></trkpt>
  <trkpt lat="45.60588618" lon="2.76568614"><ele>1314.062</ele><time>2026-09-22T12:39:14Z</time><speed>0.970</speed><sat>27</sat></trkpt>
  <trkpt lat="45.60591657" lon="2.76570853"><ele>1313.498</ele><time>2026-09-22T12:39:17Z</time><speed>1.110</speed><sat>28</sat></trkpt>
  <trkpt lat="45.60594774" lon="2.76573209"><ele>1313.249</ele><time>2026-09-22T12:39:20Z</time><speed>1.070</speed><sat>27</sat></trkpt>
  <trkpt lat="45.60597858" lon="2.76575253"><ele>1312.463</ele><time>2026-09-22T12:39:23Z</time><speed>1.180</speed><sat>25</sat></trkpt>
  <trkpt lat="45.60600977" lon="2.76577787"><ele>1313.512</ele><time>2026-09-22T12:39:26Z</time><speed>1.160</speed><sat>28</sat></trkpt>
  <trkpt lat="45.60603733" lon="2.76580248"><ele>1313.799</ele><time>2026-09-22T12:39:29Z</time><speed>1.100</speed><sat>26</sat></trkpt>
  <trkpt lat="45.60606467" lon="2.76581775"><ele>1313.655</ele><time>2026-09-22T12:39:32Z</time><speed>1.010</speed><sat>25</sat></trkpt>
  <trkpt lat="45.60609234" lon="2.76583993"><ele>1313.345</ele><time>2026-09-22T12:39:35Z</time><speed>1.040</speed><sat>27</sat></trkpt>
  <trkpt lat="45.60612272" lon="2.76585378"><ele>1313.734</ele><time>2026-09-22T12:39:38Z</time><speed>1.030</speed><sat>27</sat></trkpt>
  <trkpt lat="45.60615501" lon="2.76586152"><ele>1312.934</ele><time>2026-09-22T12:39:41Z</time><speed>1.110</speed><sat>23</sat></trkpt>
  <trkpt lat="45.60618994" lon="2.76586627"><ele>1312.694</ele><time>2026-09-22T12:39:44Z</time><speed>1.080</speed><sat>25</sat></trkpt>
  <trkpt lat="45.60622722" lon="2.76585586"><ele>1311.402</ele><time>2026-09-22T12:39:47Z</time><speed>1.100</speed><sat>25</sat></trkpt>
  <trkpt lat="45.60626425" lon="2.76584960"><ele>1310.938</ele><time>2026-09-22T12:39:50Z</time><speed>1.130</speed><sat>24</sat></trkpt>
  <trkpt lat="45.60629734" lon="2.76585028"><ele>1310.437</ele><time>2026-09-22T12:39:53Z</time><speed>1.100</speed><sat>25</sat></trkpt>
  <trkpt lat="45.60633218" lon="2.76584848"><ele>1310.447</ele><time>2026-09-22T12:39:56Z</time><speed>1.130</speed><sat>23</sat></trkpt>
  <trkpt lat="45.60636892" lon="2.76583899"><ele>1308.740</ele><time>2026-09-22T12:39:59Z</time><speed>1.100</speed><sat>25</sat></trkpt>
  <trkpt lat="45.60640562" lon="2.76583355"><ele>1308.489</ele><time>2026-09-22T12:40:02Z</time><speed>1.090</speed><sat>24</sat></trkpt>
  <trkpt lat="45.60643951" lon="2.76583541"><ele>1308.145</ele><time>2026-09-22T12:40:05Z</time><speed>1.110</speed><sat>22</sat></trkpt>
  <trkpt lat="45.60647218" lon="2.76583987"><ele>1308.792</ele><time>2026-09-22T12:40:08Z</time><speed>1.080</speed><sat>23</sat></trkpt>
  <trkpt lat="45.60650272" lon="2.76584653"><ele>1307.960</ele><time>2026-09-22T12:40:11Z</time><speed>1.240</speed><sat>25</sat></trkpt>
  <trkpt lat="45.60653623" lon="2.76584729"><ele>1307.312</ele><time>2026-09-22T12:40:14Z</time><speed>1.280</speed><sat>23</sat></trkpt>
  <trkpt lat="45.60656609" lon="2.76586319"><ele>1308.110</ele><time>2026-09-22T12:40:17Z</time><speed>1.090</speed><sat>23</sat></trkpt>
  <trkpt lat="45.60659961" lon="2.76586197"><ele>1308.044</ele><time>2026-09-22T12:40:20Z</time><speed>1.070</speed><sat>23</sat></trkpt>
  <trkpt lat="45.60663546" lon="2.76585356"><ele>1308.225</ele><time>2026-09-22T12:40:23Z</time><speed>1.030</speed><sat>24</sat></trkpt>
  <trkpt lat="45.60667158" lon="2.76585636"><ele>1307.422</ele><time>2026-09-22T12:40:26Z</time><speed>1.070</speed><sat>23</sat></trkpt>
  <trkpt lat="45.60670760" lon="2.76585311"><ele>1307.308</ele><time>2026-09-22T12:40:29Z</time><speed>1.070</speed><sat>21</sat></trkpt>
  <trkpt lat="45.60674112" lon="2.76586337"><ele>1308.873</ele><time>2026-09-22T12:40:32Z</time><speed>1.080</speed><sat>22</sat></trkpt>
  <trkpt lat="45.60677267" lon="2.76588140"><ele>1308.981</ele><time>2026-09-22T12:40:35Z</time><speed>1.080</speed><sat>22</sat></trkpt>
  <trkpt lat="45.60680844" lon="2.76589599"><ele>1309.036</ele><time>2026-09-22T12:40:38Z</time><speed>1.400</speed><sat>21</sat></trkpt>
  <trkpt lat="45.60684269" lon="2.76590246"><ele>1308.665</ele><time>2026-09-22T12:40:41Z</time><speed>1.100</speed><sat>20</sat></trkpt>
  <trkpt lat="45.60687897" lon="2.76590636"><ele>1307.825</ele><time>2026-09-22T12:40:44Z</time><speed>1.120</speed><sat>21</sat></trkpt>
  <trkpt lat="45.60691433" lon="2.76589477"><ele>1308.226</ele><time>2026-09-22T12:40:47Z</time><speed>1.140</speed><sat>22</sat></trkpt>
  <trkpt lat="45.60694759" lon="2.76590054"><ele>1306.641</ele><time>2026-09-22T12:40:50Z</time><speed>1.130</speed><sat>21</sat></trkpt>
  <trkpt lat="45.60698343" lon="2.76591241"><ele>1307.870</ele><time>2026-09-22T12:40:53Z</time><speed>1.460</speed><sat>20</sat></trkpt>
  <trkpt lat="45.60703193" lon="2.76589219"><ele>1305.305</ele><time>2026-09-22T12:40:56Z</time><speed>1.290</speed><sat>21</sat></trkpt>
  <trkpt lat="45.60706311" lon="2.76589804"><ele>1304.887</ele><time>2026-09-22T12:40:59Z</time><speed>1.250</speed><sat>21</sat></trkpt>
  <trkpt lat="45.60709386" lon="2.76591058"><ele>1305.109</ele><time>2026-09-22T12:41:02Z</time><speed>1.200</speed><sat>20</sat></trkpt>
  <trkpt lat="45.60712847" lon="2.76592250"><ele>1305.255</ele><time>2026-09-22T12:41:05Z</time><speed>1.260</speed><sat>20</sat></trkpt>
  <trkpt lat="45.60715993" lon="2.76593585"><ele>1304.111</ele><time>2026-09-22T12:41:08Z</time><speed>1.300</speed><sat>20</sat></trkpt>
  <trkpt lat="45.60718976" lon="2.76594869"><ele>1302.380</ele><time>2026-09-22T12:41:11Z</time><speed>1.290</speed><sat>20</sat></trkpt>
  <trkpt lat="45.60722043" lon="2.76595524"><ele>1301.544</ele><time>2026-09-22T12:41:14Z</time><speed>1.160</speed><sat>20</sat></trkpt>
  <trkpt lat="45.60725030" lon="2.76596767"><ele>1300.314</ele><time>2026-09-22T12:41:17Z</time><speed>1.120</speed><sat>20</sat></trkpt>
  <trkpt lat="45.60728381" lon="2.76597744"><ele>1300.897</ele><time>2026-09-22T12:41:20Z</time><speed>1.210</speed><sat>22</sat></trkpt>
  <trkpt lat="45.60731329" lon="2.76598364"><ele>1299.740</ele><time>2026-09-22T12:41:23Z</time><speed>1.110</speed><sat>22</sat></trkpt>
  <trkpt lat="45.60734289" lon="2.76599491"><ele>1300.817</ele><time>2026-09-22T12:41:26Z</time><speed>1.170</speed><sat>21</sat></trkpt>
  <trkpt lat="45.60737569" lon="2.76600463"><ele>1301.435</ele><time>2026-09-22T12:41:29Z</time><speed>1.120</speed><sat>22</sat></trkpt>
  <trkpt lat="45.60740713" lon="2.76601275"><ele>1301.208</ele><time>2026-09-22T12:41:32Z</time><speed>1.120</speed><sat>22</sat></trkpt>
  <trkpt lat="45.60743781" lon="2.76602655"><ele>1301.084</ele><time>2026-09-22T12:41:35Z</time><speed>1.130</speed><sat>21</sat></trkpt>
  <trkpt lat="45.60746717" lon="2.76604300"><ele>1300.959</ele><time>2026-09-22T12:41:38Z</time><speed>1.100</speed><sat>21</sat></trkpt>
  <trkpt lat="45.60749839" lon="2.76606026"><ele>1300.813</ele><time>2026-09-22T12:41:41Z</time><speed>1.130</speed><sat>20</sat></trkpt>
  <trkpt lat="45.60752811" lon="2.76607573"><ele>1301.269</ele><time>2026-09-22T12:41:44Z</time><speed>0.930</speed><sat>21</sat></trkpt>
  <trkpt lat="45.60756278" lon="2.76609080"><ele>1301.393</ele><time>2026-09-22T12:41:47Z</time><speed>1.300</speed><sat>21</sat></trkpt>
  <trkpt lat="45.60759195" lon="2.76611092"><ele>1301.588</ele><time>2026-09-22T12:41:50Z</time><speed>0.990</speed><sat>21</sat></trkpt>
  <trkpt lat="45.60762505" lon="2.76613375"><ele>1301.312</ele><time>2026-09-22T12:41:53Z</time><speed>1.170</speed><sat>21</sat></trkpt>
  <trkpt lat="45.60765838" lon="2.76615379"><ele>1301.255</ele><time>2026-09-22T12:41:56Z</time><speed>1.090</speed><sat>20</sat></trkpt>
  <trkpt lat="45.60768689" lon="2.76617517"><ele>1300.463</ele><time>2026-09-22T12:41:59Z</time><speed>1.260</speed><sat>22</sat></trkpt>
  <trkpt lat="45.60771665" lon="2.76620061"><ele>1300.044</ele><time>2026-09-22T12:42:02Z</time><speed>1.170</speed><sat>22</sat></trkpt>
  <trkpt lat="45.60775264" lon="2.76621578"><ele>1300.371</ele><time>2026-09-22T12:42:05Z</time><speed>1.220</speed><sat>22</sat></trkpt>
  <trkpt lat="45.60777886" lon="2.76624454"><ele>1300.924</ele><time>2026-09-22T12:42:08Z</time><speed>1.200</speed><sat>22</sat></trkpt>
  <trkpt lat="45.60780642" lon="2.76627295"><ele>1301.236</ele><time>2026-09-22T12:42:11Z</time><speed>1.190</speed><sat>22</sat></trkpt>
  <trkpt lat="45.60783524" lon="2.76629633"><ele>1300.102</ele><time>2026-09-22T12:42:14Z</time><speed>1.080</speed><sat>22</sat></trkpt>
  <trkpt lat="45.60785929" lon="2.76633154"><ele>1298.345</ele><time>2026-09-22T12:42:17Z</time><speed>1.250</speed><sat>21</sat></trkpt>
  <trkpt lat="45.60788500" lon="2.76636643"><ele>1298.985</ele><time>2026-09-22T12:42:20Z</time><speed>1.190</speed><sat>21</sat></trkpt>
  <trkpt lat="45.60792092" lon="2.76639682"><ele>1299.380</ele><time>2026-09-22T12:42:23Z</time><speed>1.630</speed><sat>21</sat></trkpt>
  <trkpt lat="45.60794521" lon="2.76642991"><ele>1298.486</ele><time>2026-09-22T12:42:26Z</time><speed>1.160</speed><sat>21</sat></trkpt>
  <trkpt lat="45.60796813" lon="2.76646364"><ele>1297.662</ele><time>2026-09-22T12:42:29Z</time><speed>1.150</speed><sat>22</sat></trkpt>
  <trkpt lat="45.60799424" lon="2.76650246"><ele>1297.326</ele><time>2026-09-22T12:42:32Z</time><speed>1.340</speed><sat>22</sat></trkpt>
  <trkpt lat="45.60802765" lon="2.76652251"><ele>1296.536</ele><time>2026-09-22T12:42:35Z</time><speed>1.230</speed><sat>22</sat></trkpt>
  <trkpt lat="45.60804732" lon="2.76656000"><ele>1295.521</ele><time>2026-09-22T12:42:38Z</time><speed>1.080</speed><sat>22</sat></trkpt>
  <trkpt lat="45.60806192" lon="2.76659887"><ele>1295.656</ele><time>2026-09-22T12:42:41Z</time><speed>1.290</speed><sat>22</sat></trkpt>
  <trkpt lat="45.60808452" lon="2.76662505"><ele>1295.397</ele><time>2026-09-22T12:42:44Z</time><speed>0.850</speed><sat>22</sat></trkpt>
  <trkpt lat="45.60808842" lon="2.76662855"><ele>1295.249</ele><time>2026-09-22T12:42:47Z</time><speed>0.320</speed><sat>23</sat></trkpt>
  <trkpt lat="45.60808796" lon="2.76663053"><ele>1295.236</ele><time>2026-09-22T12:42:50Z</time><speed>0.000</speed><sat>23</sat></trkpt>
  <trkpt lat="45.60808815" lon="2.76663093"><ele>1295.242</ele><time>2026-09-22T12:42:53Z</time><speed>0.000</speed><sat>23</sat></trkpt>
  <trkpt lat="45.60808821" lon="2.76663127"><ele>1295.234</ele><time>2026-09-22T12:42:56Z</time><speed>0.000</speed><sat>22</sat></trkpt>
  <trkpt lat="45.60808809" lon="2.76663143"><ele>1295.263</ele><time>2026-09-22T12:42:59Z</time><speed>0.000</speed><sat>22</sat></trkpt>
  <trkpt lat="45.60808741" lon="2.76663447"><ele>1295.452</ele><time>2026-09-22T12:43:02Z</time><speed>0.000</speed><sat>22</sat></trkpt>
  <trkpt lat="45.60808614" lon="2.76663549"><ele>1295.843</ele><time>2026-09-22T12:43:05Z</time><speed>0.000</speed><sat>22</sat></trkpt>
  <trkpt lat="45.60808579" lon="2.76663583"><ele>1295.830</ele><time>2026-09-22T12:43:08Z</time><speed>0.000</speed><sat>22</sat></trkpt>
  <trkpt lat="45.60808601" lon="2.76663546"><ele>1295.823</ele><time>2026-09-22T12:43:11Z</time><speed>0.000</speed><sat>22</sat></trkpt>
  <trkpt lat="45.60808396" lon="2.76663716"><ele>1295.843</ele><time>2026-09-22T12:43:14Z</time><speed>0.000</speed><sat>22</sat></trkpt>
  <trkpt lat="45.60808276" lon="2.76664007"><ele>1296.111</ele><time>2026-09-22T12:43:17Z</time><speed>0.210</speed><sat>22</sat></trkpt>
  <trkpt lat="45.60808436" lon="2.76664828"><ele>1296.189</ele><time>2026-09-22T12:43:20Z</time><speed>0.000</speed><sat>22</sat></trkpt>
  <trkpt lat="45.60808389" lon="2.76664877"><ele>1296.205</ele><time>2026-09-22T12:43:23Z</time><speed>0.000</speed><sat>22</sat></trkpt>
  <trkpt lat="45.60809265" lon="2.76665892"><ele>1296.037</ele><time>2026-09-22T12:43:26Z</time><speed>0.520</speed><sat>22</sat></trkpt>
  <trkpt lat="45.60810467" lon="2.76667095"><ele>1297.291</ele><time>2026-09-22T12:43:29Z</time><speed>0.000</speed><sat>22</sat></trkpt>
  <trkpt lat="45.60810665" lon="2.76667003"><ele>1297.331</ele><time>2026-09-22T12:43:32Z</time><speed>0.000</speed><sat>23</sat></trkpt>
  <trkpt lat="45.60810669" lon="2.76667000"><ele>1297.339</ele><time>2026-09-22T12:43:35Z</time><speed>0.000</speed><sat>23</sat></trkpt>
  <trkpt lat="45.60810668" lon="2.76666995"><ele>1297.345</ele><time>2026-09-22T12:43:38Z</time><speed>0.000</speed><sat>23</sat></trkpt>
  <trkpt lat="45.60810671" lon="2.76666955"><ele>1297.297</ele><time>2026-09-22T12:43:41Z</time><speed>0.000</speed><sat>22</sat></trkpt>
  <trkpt lat="45.60810668" lon="2.76666939"><ele>1297.280</ele><time>2026-09-22T12:43:44Z</time><speed>0.000</speed><sat>21</sat></trkpt>
  <trkpt lat="45.60810669" lon="2.76666930"><ele>1297.268</ele><time>2026-09-22T12:43:47Z</time><speed>0.000</speed><sat>19</sat></trkpt>
  <trkpt lat="45.60810675" lon="2.76666937"><ele>1297.272</ele><time>2026-09-22T12:43:50Z</time><speed>0.000</speed><sat>20</sat></trkpt>
  <trkpt lat="45.60810677" lon="2.76666972"><ele>1297.332</ele><time>2026-09-22T12:43:53Z</time><speed>0.000</speed><sat>21</sat></trkpt>
  <trkpt lat="45.60810675" lon="2.76666986"><ele>1297.349</ele><time>2026-09-22T12:43:56Z</time><speed>0.000</speed><sat>22</sat></trkpt>
  <trkpt lat="45.60810677" lon="2.76666981"><ele>1297.352</ele><time>2026-09-22T12:43:59Z</time><speed>0.000</speed><sat>21</sat></trkpt>
  <trkpt lat="45.60810689" lon="2.76666988"><ele>1297.405</ele><time>2026-09-22T12:44:02Z</time><speed>0.000</speed><sat>22</sat></trkpt>
  <trkpt lat="45.60810709" lon="2.76666916"><ele>1297.352</ele><time>2026-09-22T12:44:05Z</time><speed>0.000</speed><sat>23</sat></trkpt>
  <trkpt lat="45.60810718" lon="2.76666920"><ele>1297.359</ele><time>2026-09-22T12:44:08Z</time><speed>0.000</speed><sat>22</sat></trkpt>
  <trkpt lat="45.60810723" lon="2.76666895"><ele>1297.357</ele><time>2026-09-22T12:44:11Z</time><speed>0.000</speed><sat>22</sat></trkpt>
  <trkpt lat="45.60810720" lon="2.76666901"><ele>1297.318</ele><time>2026-09-22T12:44:14Z</time><speed>0.000</speed><sat>23</sat></trkpt>
  <trkpt lat="45.60810703" lon="2.76666833"><ele>1297.300</ele><time>2026-09-22T12:44:17Z</time><speed>0.000</speed><sat>23</sat></trkpt>
  <trkpt lat="45.60810697" lon="2.76666807"><ele>1297.263</ele><time>2026-09-22T12:44:20Z</time><speed>0.000</speed><sat>23</sat></trkpt>
  <trkpt lat="45.60810691" lon="2.76666836"><ele>1297.324</ele><time>2026-09-22T12:44:23Z</time><speed>0.000</speed><sat>23</sat></trkpt>
  <trkpt lat="45.60810713" lon="2.76667218"><ele>1297.532</ele><time>2026-09-22T12:44:26Z</time><speed>0.000</speed><sat>23</sat></trkpt>
  <trkpt lat="45.60810726" lon="2.76667263"><ele>1297.539</ele><time>2026-09-22T12:44:29Z</time><speed>0.000</speed><sat>23</sat></trkpt>
  <trkpt lat="45.60810919" lon="2.76667507"><ele>1298.789</ele><time>2026-09-22T12:44:32Z</time><speed>0.240</speed><sat>23</sat></trkpt>
  <trkpt lat="45.60811138" lon="2.76666569"><ele>1298.317</ele><time>2026-09-22T12:44:35Z</time><speed>0.000</speed><sat>23</sat></trkpt>
  <trkpt lat="45.60811079" lon="2.76666076"><ele>1298.337</ele><time>2026-09-22T12:44:38Z</time><speed>0.000</speed><sat>23</sat></trkpt>
  <trkpt lat="45.60811109" lon="2.76665993"><ele>1298.314</ele><time>2026-09-22T12:44:41Z</time><speed>0.000</speed><sat>23</sat></trkpt>
  <trkpt lat="45.60811115" lon="2.76665962"><ele>1298.317</ele><time>2026-09-22T12:44:44Z</time><speed>0.000</speed><sat>21</sat></trkpt>
  <trkpt lat="45.60811127" lon="2.76665940"><ele>1298.321</ele><time>2026-09-22T12:44:47Z</time><speed>0.000</speed><sat>22</sat></trkpt>
  <trkpt lat="45.60811122" lon="2.76665940"><ele>1298.317</ele><time>2026-09-22T12:44:50Z</time><speed>0.000</speed><sat>23</sat></trkpt>
  <trkpt lat="45.60811107" lon="2.76665945"><ele>1298.306</ele><time>2026-09-22T12:44:53Z</time><speed>0.000</speed><sat>22</sat></trkpt>
  <trkpt lat="45.60811111" lon="2.76665935"><ele>1298.305</ele><time>2026-09-22T12:44:56Z</time><speed>0.000</speed><sat>22</sat></trkpt>
  <trkpt lat="45.60811118" lon="2.76665928"><ele>1298.306</ele><time>2026-09-22T12:44:59Z</time><speed>0.000</speed><sat>20</sat></trkpt>
  <trkpt lat="45.60811135" lon="2.76665909"><ele>1298.277</ele><time>2026-09-22T12:45:02Z</time><speed>0.000</speed><sat>21</sat></trkpt>
  <trkpt lat="45.60811138" lon="2.76665900"><ele>1298.278</ele><time>2026-09-22T12:45:05Z</time><speed>0.000</speed><sat>21</sat></trkpt>
  <trkpt lat="45.60811145" lon="2.76665884"><ele>1298.277</ele><time>2026-09-22T12:45:08Z</time><speed>0.000</speed><sat>20</sat></trkpt>
  <trkpt lat="45.60811158" lon="2.76665902"><ele>1298.339</ele><time>2026-09-22T12:45:11Z</time><speed>0.000</speed><sat>19</sat></trkpt>
  <trkpt lat="45.60811155" lon="2.76665900"><ele>1298.329</ele><time>2026-09-22T12:45:14Z</time><speed>0.000</speed><sat>22</sat></trkpt>
  <trkpt lat="45.60811149" lon="2.76665955"><ele>1298.415</ele><time>2026-09-22T12:45:17Z</time><speed>0.000</speed><sat>21</sat></trkpt>
  <trkpt lat="45.60811155" lon="2.76665964"><ele>1298.448</ele><time>2026-09-22T12:45:20Z</time><speed>0.000</speed><sat>22</sat></trkpt>
  <trkpt lat="45.60811168" lon="2.76665964"><ele>1298.467</ele><time>2026-09-22T12:45:23Z</time><speed>0.000</speed><sat>22</sat></trkpt>
  <trkpt lat="45.60811171" lon="2.76665963"><ele>1298.454</ele><time>2026-09-22T12:45:26Z</time><speed>0.000</speed><sat>22</sat></trkpt>
  <trkpt lat="45.60811169" lon="2.76665959"><ele>1298.482</ele><time>2026-09-22T12:45:29Z</time><speed>0.000</speed><sat>22</sat></trkpt>
  <trkpt lat="45.60811163" lon="2.76665975"><ele>1298.491</ele><time>2026-09-22T12:45:32Z</time><speed>0.000</speed><sat>22</sat></trkpt>
  <trkpt lat="45.60811151" lon="2.76665969"><ele>1298.489</ele><time>2026-09-22T12:45:35Z</time><speed>0.000</speed><sat>20</sat></trkpt>
  <trkpt lat="45.60811146" lon="2.76665973"><ele>1298.492</ele><time>2026-09-22T12:45:38Z</time><speed>0.000</speed><sat>20</sat></trkpt>
  <trkpt lat="45.60811131" lon="2.76665968"><ele>1298.484</ele><time>2026-09-22T12:45:41Z</time><speed>0.000</speed><sat>21</sat></trkpt>
  <trkpt lat="45.60811113" lon="2.76665978"><ele>1298.505</ele><time>2026-09-22T12:45:44Z</time><speed>0.000</speed><sat>21</sat></trkpt>
  <trkpt lat="45.60811114" lon="2.76665982"><ele>1298.510</ele><time>2026-09-22T12:45:47Z</time><speed>0.000</speed><sat>20</sat></trkpt>
  <trkpt lat="45.60811110" lon="2.76665949"><ele>1298.473</ele><time>2026-09-22T12:45:50Z</time><speed>0.000</speed><sat>22</sat></trkpt>
  <trkpt lat="45.60811121" lon="2.76665952"><ele>1298.515</ele><time>2026-09-22T12:45:53Z</time><speed>0.000</speed><sat>21</sat></trkpt>
  <trkpt lat="45.60811144" lon="2.76665928"><ele>1298.546</ele><time>2026-09-22T12:45:56Z</time><speed>0.000</speed><sat>22</sat></trkpt>
  <trkpt lat="45.60811166" lon="2.76665889"><ele>1298.496</ele><time>2026-09-22T12:45:59Z</time><speed>0.000</speed><sat>21</sat></trkpt>
  <trkpt lat="45.60811162" lon="2.76665876"><ele>1298.469</ele><time>2026-09-22T12:46:02Z</time><speed>0.000</speed><sat>22</sat></trkpt>
  <trkpt lat="45.60811161" lon="2.76665804"><ele>1298.396</ele><time>2026-09-22T12:46:05Z</time><speed>0.000</speed><sat>22</sat></trkpt>
  <trkpt lat="45.60811151" lon="2.76665727"><ele>1298.330</ele><time>2026-09-22T12:46:08Z</time><speed>0.000</speed><sat>21</sat></trkpt>
  <trkpt lat="45.60811148" lon="2.76665647"><ele>1298.255</ele><time>2026-09-22T12:46:11Z</time><speed>0.000</speed><sat>21</sat></trkpt>
  <trkpt lat="45.60811128" lon="2.76665646"><ele>1298.252</ele><time>2026-09-22T12:46:14Z</time><speed>0.000</speed><sat>21</sat></trkpt>
  <trkpt lat="45.60810811" lon="2.76666377"><ele>1298.722</ele><time>2026-09-22T12:46:17Z</time><speed>0.580</speed><sat>22</sat></trkpt>
  <trkpt lat="45.60810880" lon="2.76666882"><ele>1298.577</ele><time>2026-09-22T12:46:20Z</time><speed>0.000</speed><sat>22</sat></trkpt>
  <trkpt lat="45.60810820" lon="2.76666961"><ele>1298.666</ele><time>2026-09-22T12:46:23Z</time><speed>0.000</speed><sat>22</sat></trkpt>
  <trkpt lat="45.60810800" lon="2.76667023"><ele>1298.730</ele><time>2026-09-22T12:46:26Z</time><speed>0.000</speed><sat>22</sat></trkpt>
  <trkpt lat="45.60810808" lon="2.76667069"><ele>1298.798</ele><time>2026-09-22T12:46:29Z</time><speed>0.000</speed><sat>22</sat></trkpt>
  <trkpt lat="45.60810804" lon="2.76667058"><ele>1298.787</ele><time>2026-09-22T12:46:32Z</time><speed>0.000</speed><sat>22</sat></trkpt>
  <trkpt lat="45.60810795" lon="2.76667053"><ele>1298.773</ele><time>2026-09-22T12:46:35Z</time><speed>0.000</speed><sat>21</sat></trkpt>
  <trkpt lat="45.60810790" lon="2.76667052"><ele>1298.782</ele><time>2026-09-22T12:46:38Z</time><speed>0.000</speed><sat>22</sat></trkpt>
  <trkpt lat="45.60810786" lon="2.76667053"><ele>1298.795</ele><time>2026-09-22T12:46:41Z</time><speed>0.000</speed><sat>22</sat></trkpt>
  <trkpt lat="45.60810787" lon="2.76667047"><ele>1298.795</ele><time>2026-09-22T12:46:44Z</time><speed>0.000</speed><sat>21</sat></trkpt>
  <trkpt lat="45.60810868" lon="2.76667086"><ele>1298.840</ele><time>2026-09-22T12:46:47Z</time><speed>0.000</speed><sat>22</sat></trkpt>
  <trkpt lat="45.60810764" lon="2.76666449"><ele>1298.931</ele><time>2026-09-22T12:46:50Z</time><speed>0.000</speed><sat>22</sat></trkpt>
  <trkpt lat="45.60810793" lon="2.76666331"><ele>1298.910</ele><time>2026-09-22T12:46:53Z</time><speed>0.000</speed><sat>22</sat></trkpt>
  <trkpt lat="45.60810876" lon="2.76666156"><ele>1298.944</ele><time>2026-09-22T12:46:56Z</time><speed>0.000</speed><sat>22</sat></trkpt>
  <trkpt lat="45.60810885" lon="2.76666138"><ele>1298.915</ele><time>2026-09-22T12:46:59Z</time><speed>0.000</speed><sat>20</sat></trkpt>
  <trkpt lat="45.60810887" lon="2.76666070"><ele>1298.849</ele><time>2026-09-22T12:47:02Z</time><speed>0.000</speed><sat>21</sat></trkpt>
  <trkpt lat="45.60810825" lon="2.76666042"><ele>1298.961</ele><time>2026-09-22T12:47:05Z</time><speed>0.180</speed><sat>21</sat></trkpt>
  <trkpt lat="45.60810244" lon="2.76667298"><ele>1299.485</ele><time>2026-09-22T12:47:08Z</time><speed>0.000</speed><sat>21</sat></trkpt>
  <trkpt lat="45.60810034" lon="2.76667865"><ele>1299.648</ele><time>2026-09-22T12:47:11Z</time><speed>0.000</speed><sat>21</sat></trkpt>
  <trkpt lat="45.60809547" lon="2.76670599"><ele>1300.158</ele><time>2026-09-22T12:47:14Z</time><speed>0.410</speed><sat>22</sat></trkpt>
  <trkpt lat="45.60809149" lon="2.76673811"><ele>1300.148</ele><time>2026-09-22T12:47:17Z</time><speed>0.650</speed><sat>22</sat></trkpt>
  <trkpt lat="45.60808664" lon="2.76677387"><ele>1300.497</ele><time>2026-09-22T12:47:20Z</time><speed>0.950</speed><sat>22</sat></trkpt>
  <trkpt lat="45.60808049" lon="2.76681028"><ele>1300.136</ele><time>2026-09-22T12:47:23Z</time><speed>0.780</speed><sat>22</sat></trkpt>
  <trkpt lat="45.60807804" lon="2.76685763"><ele>1299.590</ele><time>2026-09-22T12:47:26Z</time><speed>0.900</speed><sat>22</sat></trkpt>
  <trkpt lat="45.60807464" lon="2.76690019"><ele>1298.451</ele><time>2026-09-22T12:47:29Z</time><speed>1.040</speed><sat>22</sat></trkpt>
  <trkpt lat="45.60807158" lon="2.76694119"><ele>1299.172</ele><time>2026-09-22T12:47:32Z</time><speed>1.030</speed><sat>22</sat></trkpt>
  <trkpt lat="45.60807117" lon="2.76698365"><ele>1298.523</ele><time>2026-09-22T12:47:35Z</time><speed>0.970</speed><sat>21</sat></trkpt>
  <trkpt lat="45.60807345" lon="2.76702259"><ele>1298.462</ele><time>2026-09-22T12:47:38Z</time><speed>1.080</speed><sat>21</sat></trkpt>
  <trkpt lat="45.60808484" lon="2.76707049"><ele>1298.984</ele><time>2026-09-22T12:47:41Z</time><speed>0.860</speed><sat>22</sat></trkpt>
  <trkpt lat="45.60809296" lon="2.76712157"><ele>1299.891</ele><time>2026-09-22T12:47:44Z</time><speed>1.080</speed><sat>22</sat></trkpt>
  <trkpt lat="45.60810348" lon="2.76716600"><ele>1300.033</ele><time>2026-09-22T12:47:47Z</time><speed>1.020</speed><sat>23</sat></trkpt>
  <trkpt lat="45.60810987" lon="2.76720739"><ele>1299.461</ele><time>2026-09-22T12:47:50Z</time><speed>0.820</speed><sat>23</sat></trkpt>
  <trkpt lat="45.60811608" lon="2.76725672"><ele>1299.207</ele><time>2026-09-22T12:47:53Z</time><speed>1.050</speed><sat>23</sat></trkpt>
  <trkpt lat="45.60812540" lon="2.76730424"><ele>1299.550</ele><time>2026-09-22T12:47:56Z</time><speed>1.050</speed><sat>23</sat></trkpt>
  <trkpt lat="45.60813438" lon="2.76734751"><ele>1299.827</ele><time>2026-09-22T12:47:59Z</time><speed>1.320</speed><sat>23</sat></trkpt>
  <trkpt lat="45.60814124" lon="2.76739273"><ele>1300.029</ele><time>2026-09-22T12:48:02Z</time><speed>1.030</speed><sat>23</sat></trkpt>
  <trkpt lat="45.60814476" lon="2.76744620"><ele>1300.360</ele><time>2026-09-22T12:48:05Z</time><speed>1.230</speed><sat>23</sat></trkpt>
  <trkpt lat="45.60814918" lon="2.76749149"><ele>1300.720</ele><time>2026-09-22T12:48:08Z</time><speed>1.410</speed><sat>22</sat></trkpt>
  <trkpt lat="45.60815477" lon="2.76753472"><ele>1301.039</ele><time>2026-09-22T12:48:11Z</time><speed>0.950</speed><sat>22</sat></trkpt>
  <trkpt lat="45.60815622" lon="2.76757871"><ele>1301.140</ele><time>2026-09-22T12:48:14Z</time><speed>0.890</speed><sat>23</sat></trkpt>
  <trkpt lat="45.60815885" lon="2.76762013"><ele>1301.120</ele><time>2026-09-22T12:48:17Z</time><speed>1.000</speed><sat>23</sat></trkpt>
  <trkpt lat="45.60816176" lon="2.76765884"><ele>1300.945</ele><time>2026-09-22T12:48:20Z</time><speed>0.960</speed><sat>22</sat></trkpt>
  <trkpt lat="45.60816485" lon="2.76770243"><ele>1301.099</ele><time>2026-09-22T12:48:23Z</time><speed>0.970</speed><sat>20</sat></trkpt>
  <trkpt lat="45.60816557" lon="2.76774852"><ele>1301.345</ele><time>2026-09-22T12:48:26Z</time><speed>0.840</speed><sat>20</sat></trkpt>
  <trkpt lat="45.60816288" lon="2.76779821"><ele>1301.175</ele><time>2026-09-22T12:48:29Z</time><speed>1.040</speed><sat>21</sat></trkpt>
  <trkpt lat="45.60816213" lon="2.76783888"><ele>1300.990</ele><time>2026-09-22T12:48:32Z</time><speed>0.940</speed><sat>21</sat></trkpt>
  <trkpt lat="45.60815964" lon="2.76787826"><ele>1301.531</ele><time>2026-09-22T12:48:35Z</time><speed>0.990</speed><sat>22</sat></trkpt>
  <trkpt lat="45.60815901" lon="2.76791676"><ele>1301.738</ele><time>2026-09-22T12:48:38Z</time><speed>0.830</speed><sat>22</sat></trkpt>
  <trkpt lat="45.60816189" lon="2.76797168"><ele>1301.051</ele><time>2026-09-22T12:48:41Z</time><speed>1.000</speed><sat>22</sat></trkpt>
  <trkpt lat="45.60815902" lon="2.76801012"><ele>1300.939</ele><time>2026-09-22T12:48:44Z</time><speed>0.950</speed><sat>21</sat></trkpt>
  <trkpt lat="45.60816149" lon="2.76804841"><ele>1300.763</ele><time>2026-09-22T12:48:47Z</time><speed>0.940</speed><sat>22</sat></trkpt>
  <trkpt lat="45.60816105" lon="2.76808668"><ele>1301.162</ele><time>2026-09-22T12:48:50Z</time><speed>0.950</speed><sat>21</sat></trkpt>
  <trkpt lat="45.60816280" lon="2.76812946"><ele>1301.787</ele><time>2026-09-22T12:48:53Z</time><speed>0.880</speed><sat>22</sat></trkpt>
  <trkpt lat="45.60816224" lon="2.76817084"><ele>1303.436</ele><time>2026-09-22T12:48:56Z</time><speed>0.930</speed><sat>23</sat></trkpt>
  <trkpt lat="45.60816420" lon="2.76821323"><ele>1303.724</ele><time>2026-09-22T12:48:59Z</time><speed>0.890</speed><sat>23</sat></trkpt>
  <trkpt lat="45.60816982" lon="2.76825500"><ele>1303.488</ele><time>2026-09-22T12:49:02Z</time><speed>1.030</speed><sat>22</sat></trkpt>
  <trkpt lat="45.60817401" lon="2.76829704"><ele>1304.555</ele><time>2026-09-22T12:49:05Z</time><speed>0.970</speed><sat>23</sat></trkpt>
  <trkpt lat="45.60817251" lon="2.76833655"><ele>1305.891</ele><time>2026-09-22T12:49:08Z</time><speed>1.010</speed><sat>23</sat></trkpt>
  <trkpt lat="45.60817513" lon="2.76837624"><ele>1305.996</ele><time>2026-09-22T12:49:11Z</time><speed>0.890</speed><sat>23</sat></trkpt>
  <trkpt lat="45.60818330" lon="2.76841658"><ele>1305.983</ele><time>2026-09-22T12:49:14Z</time><speed>0.720</speed><sat>23</sat></trkpt>
  <trkpt lat="45.60818889" lon="2.76845602"><ele>1306.746</ele><time>2026-09-22T12:49:17Z</time><speed>0.870</speed><sat>23</sat></trkpt>
  <trkpt lat="45.60818905" lon="2.76850005"><ele>1307.509</ele><time>2026-09-22T12:49:20Z</time><speed>1.050</speed><sat>22</sat></trkpt>
  <trkpt lat="45.60818080" lon="2.76853873"><ele>1306.938</ele><time>2026-09-22T12:49:23Z</time><speed>0.870</speed><sat>23</sat></trkpt>
  <trkpt lat="45.60817209" lon="2.76857407"><ele>1306.404</ele><time>2026-09-22T12:49:26Z</time><speed>1.020</speed><sat>23</sat></trkpt>
  <trkpt lat="45.60816683" lon="2.76861222"><ele>1305.888</ele><time>2026-09-22T12:49:29Z</time><speed>0.900</speed><sat>23</sat></trkpt>
  <trkpt lat="45.60815788" lon="2.76865408"><ele>1306.879</ele><time>2026-09-22T12:49:32Z</time><speed>0.990</speed><sat>23</sat></trkpt>
  <trkpt lat="45.60815307" lon="2.76869634"><ele>1308.318</ele><time>2026-09-22T12:49:35Z</time><speed>0.970</speed><sat>24</sat></trkpt>
  <trkpt lat="45.60815149" lon="2.76874549"><ele>1308.355</ele><time>2026-09-22T12:49:38Z</time><speed>0.950</speed><sat>24</sat></trkpt>
  <trkpt lat="45.60814644" lon="2.76879471"><ele>1308.325</ele><time>2026-09-22T12:49:41Z</time><speed>1.000</speed><sat>23</sat></trkpt>
  <trkpt lat="45.60813900" lon="2.76883708"><ele>1307.776</ele><time>2026-09-22T12:49:44Z</time><speed>1.020</speed><sat>23</sat></trkpt>
  <trkpt lat="45.60813788" lon="2.76887772"><ele>1308.098</ele><time>2026-09-22T12:49:47Z</time><speed>0.910</speed><sat>23</sat></trkpt>
  <trkpt lat="45.60812925" lon="2.76892394"><ele>1307.470</ele><time>2026-09-22T12:49:50Z</time><speed>1.010</speed><sat>23</sat></trkpt>
  <trkpt lat="45.60812544" lon="2.76897706"><ele>1308.420</ele><time>2026-09-22T12:49:53Z</time><speed>1.010</speed><sat>24</sat></trkpt>
  <trkpt lat="45.60811263" lon="2.76902670"><ele>1308.567</ele><time>2026-09-22T12:49:56Z</time><speed>1.090</speed><sat>24</sat></trkpt>
  <trkpt lat="45.60809976" lon="2.76907578"><ele>1309.080</ele><time>2026-09-22T12:49:59Z</time><speed>1.080</speed><sat>23</sat></trkpt>
  <trkpt lat="45.60809053" lon="2.76913235"><ele>1308.508</ele><time>2026-09-22T12:50:02Z</time><speed>1.110</speed><sat>25</sat></trkpt>
  <trkpt lat="45.60808188" lon="2.76918413"><ele>1308.035</ele><time>2026-09-22T12:50:05Z</time><speed>1.110</speed><sat>25</sat></trkpt>
  <trkpt lat="45.60806281" lon="2.76922640"><ele>1308.027</ele><time>2026-09-22T12:50:08Z</time><speed>1.170</speed><sat>25</sat></trkpt>
  <trkpt lat="45.60804725" lon="2.76926271"><ele>1308.895</ele><time>2026-09-22T12:50:11Z</time><speed>1.140</speed><sat>26</sat></trkpt>
  <trkpt lat="45.60802548" lon="2.76930225"><ele>1308.504</ele><time>2026-09-22T12:50:14Z</time><speed>1.120</speed><sat>25</sat></trkpt>
  <trkpt lat="45.60800846" lon="2.76934369"><ele>1307.935</ele><time>2026-09-22T12:50:17Z</time><speed>1.150</speed><sat>28</sat></trkpt>
  <trkpt lat="45.60798701" lon="2.76938031"><ele>1307.061</ele><time>2026-09-22T12:50:20Z</time><speed>1.130</speed><sat>28</sat></trkpt>
  <trkpt lat="45.60796729" lon="2.76941671"><ele>1305.996</ele><time>2026-09-22T12:50:23Z</time><speed>1.150</speed><sat>26</sat></trkpt>
  <trkpt lat="45.60794093" lon="2.76944286"><ele>1306.886</ele><time>2026-09-22T12:50:26Z</time><speed>1.110</speed><sat>27</sat></trkpt>
  <trkpt lat="45.60791481" lon="2.76946818"><ele>1307.955</ele><time>2026-09-22T12:50:29Z</time><speed>1.160</speed><sat>26</sat></trkpt>
  <trkpt lat="45.60789166" lon="2.76949881"><ele>1308.480</ele><time>2026-09-22T12:50:32Z</time><speed>1.140</speed><sat>27</sat></trkpt>
  <trkpt lat="45.60787038" lon="2.76953885"><ele>1308.986</ele><time>2026-09-22T12:50:35Z</time><speed>1.150</speed><sat>28</sat></trkpt>
  <trkpt lat="45.60785859" lon="2.76959412"><ele>1307.160</ele><time>2026-09-22T12:50:38Z</time><speed>1.160</speed><sat>28</sat></trkpt>
  <trkpt lat="45.60784342" lon="2.76964010"><ele>1308.367</ele><time>2026-09-22T12:50:41Z</time><speed>1.220</speed><sat>28</sat></trkpt>
  <trkpt lat="45.60782863" lon="2.76969065"><ele>1307.094</ele><time>2026-09-22T12:50:44Z</time><speed>1.160</speed><sat>29</sat></trkpt>
  <trkpt lat="45.60781699" lon="2.76973945"><ele>1307.161</ele><time>2026-09-22T12:50:47Z</time><speed>1.150</speed><sat>30</sat></trkpt>
  <trkpt lat="45.60781253" lon="2.76978775"><ele>1306.677</ele><time>2026-09-22T12:50:50Z</time><speed>1.150</speed><sat>27</sat></trkpt>
  <trkpt lat="45.60781108" lon="2.76983888"><ele>1307.258</ele><time>2026-09-22T12:50:53Z</time><speed>1.120</speed><sat>25</sat></trkpt>
  <trkpt lat="45.60780883" lon="2.76988692"><ele>1307.302</ele><time>2026-09-22T12:50:56Z</time><speed>1.220</speed><sat>24</sat></trkpt>
  <trkpt lat="45.60780886" lon="2.76993108"><ele>1306.218</ele><time>2026-09-22T12:50:59Z</time><speed>1.120</speed><sat>24</sat></trkpt>
  <trkpt lat="45.60781046" lon="2.76997995"><ele>1303.805</ele><time>2026-09-22T12:51:02Z</time><speed>1.090</speed><sat>24</sat></trkpt>
  <trkpt lat="45.60781216" lon="2.77003034"><ele>1304.044</ele><time>2026-09-22T12:51:05Z</time><speed>1.130</speed><sat>24</sat></trkpt>
  <trkpt lat="45.60780985" lon="2.77007600"><ele>1303.226</ele><time>2026-09-22T12:51:08Z</time><speed>1.110</speed><sat>23</sat></trkpt>
  <trkpt lat="45.60780567" lon="2.77012352"><ele>1304.388</ele><time>2026-09-22T12:51:11Z</time><speed>1.070</speed><sat>22</sat></trkpt>
  <trkpt lat="45.60780444" lon="2.77017022"><ele>1304.033</ele><time>2026-09-22T12:51:14Z</time><speed>1.090</speed><sat>24</sat></trkpt>
  <trkpt lat="45.60779741" lon="2.77021683"><ele>1304.415</ele><time>2026-09-22T12:51:17Z</time><speed>1.120</speed><sat>23</sat></trkpt>
  <trkpt lat="45.60779736" lon="2.77026249"><ele>1303.673</ele><time>2026-09-22T12:51:20Z</time><speed>1.060</speed><sat>23</sat></trkpt>
  <trkpt lat="45.60779122" lon="2.77030876"><ele>1303.826</ele><time>2026-09-22T12:51:23Z</time><speed>1.120</speed><sat>21</sat></trkpt>
  <trkpt lat="45.60778896" lon="2.77035750"><ele>1303.094</ele><time>2026-09-22T12:51:26Z</time><speed>1.090</speed><sat>24</sat></trkpt>
  <trkpt lat="45.60778221" lon="2.77040451"><ele>1304.434</ele><time>2026-09-22T12:51:29Z</time><speed>1.080</speed><sat>23</sat></trkpt>
  <trkpt lat="45.60777367" lon="2.77045129"><ele>1304.872</ele><time>2026-09-22T12:51:32Z</time><speed>1.060</speed><sat>23</sat></trkpt>
  <trkpt lat="45.60777545" lon="2.77049224"><ele>1304.252</ele><time>2026-09-22T12:51:35Z</time><speed>1.080</speed><sat>24</sat></trkpt>
  <trkpt lat="45.60777261" lon="2.77053640"><ele>1304.320</ele><time>2026-09-22T12:51:38Z</time><speed>0.930</speed><sat>23</sat></trkpt>
  <trkpt lat="45.60776968" lon="2.77058160"><ele>1303.592</ele><time>2026-09-22T12:51:41Z</time><speed>1.080</speed><sat>21</sat></trkpt>
  <trkpt lat="45.60777455" lon="2.77062547"><ele>1304.476</ele><time>2026-09-22T12:51:44Z</time><speed>1.120</speed><sat>23</sat></trkpt>
  <trkpt lat="45.60777542" lon="2.77066816"><ele>1303.900</ele><time>2026-09-22T12:51:47Z</time><speed>1.030</speed><sat>24</sat></trkpt>
  <trkpt lat="45.60777872" lon="2.77070722"><ele>1303.822</ele><time>2026-09-22T12:51:50Z</time><speed>0.990</speed><sat>23</sat></trkpt>
  <trkpt lat="45.60777818" lon="2.77074285"><ele>1302.796</ele><time>2026-09-22T12:51:53Z</time><speed>0.950</speed><sat>21</sat></trkpt>
  <trkpt lat="45.60778065" lon="2.77078711"><ele>1303.608</ele><time>2026-09-22T12:51:56Z</time><speed>0.990</speed><sat>22</sat></trkpt>
  <trkpt lat="45.60778118" lon="2.77083925"><ele>1304.621</ele><time>2026-09-22T12:51:59Z</time><speed>0.990</speed><sat>24</sat></trkpt>
  <trkpt lat="45.60778079" lon="2.77088351"><ele>1303.860</ele><time>2026-09-22T12:52:02Z</time><speed>0.960</speed><sat>23</sat></trkpt>
  <trkpt lat="45.60777917" lon="2.77092381"><ele>1302.922</ele><time>2026-09-22T12:52:05Z</time><speed>1.020</speed><sat>23</sat></trkpt>
  <trkpt lat="45.60777636" lon="2.77097094"><ele>1303.257</ele><time>2026-09-22T12:52:08Z</time><speed>1.040</speed><sat>22</sat></trkpt>
  <trkpt lat="45.60777512" lon="2.77101184"><ele>1303.243</ele><time>2026-09-22T12:52:11Z</time><speed>0.950</speed><sat>23</sat></trkpt>
  <trkpt lat="45.60777231" lon="2.77105359"><ele>1301.450</ele><time>2026-09-22T12:52:14Z</time><speed>0.960</speed><sat>22</sat></trkpt>
  <trkpt lat="45.60776807" lon="2.77110186"><ele>1300.649</ele><time>2026-09-22T12:52:17Z</time><speed>0.980</speed><sat>21</sat></trkpt>
  <trkpt lat="45.60776221" lon="2.77114574"><ele>1300.497</ele><time>2026-09-22T12:52:20Z</time><speed>1.140</speed><sat>21</sat></trkpt>
  <trkpt lat="45.60775563" lon="2.77118489"><ele>1300.765</ele><time>2026-09-22T12:52:23Z</time><speed>0.860</speed><sat>22</sat></trkpt>
  <trkpt lat="45.60774680" lon="2.77123090"><ele>1301.825</ele><time>2026-09-22T12:52:26Z</time><speed>1.110</speed><sat>21</sat></trkpt>
  <trkpt lat="45.60774257" lon="2.77127748"><ele>1302.308</ele><time>2026-09-22T12:52:29Z</time><speed>1.120</speed><sat>22</sat></trkpt>
  <trkpt lat="45.60774402" lon="2.77132025"><ele>1303.018</ele><time>2026-09-22T12:52:32Z</time><speed>0.940</speed><sat>22</sat></trkpt>
  <trkpt lat="45.60774110" lon="2.77136608"><ele>1303.631</ele><time>2026-09-22T12:52:35Z</time><speed>1.010</speed><sat>22</sat></trkpt>
  <trkpt lat="45.60774070" lon="2.77141063"><ele>1304.762</ele><time>2026-09-22T12:52:38Z</time><speed>0.950</speed><sat>23</sat></trkpt>
  <trkpt lat="45.60774130" lon="2.77145822"><ele>1304.067</ele><time>2026-09-22T12:52:41Z</time><speed>0.980</speed><sat>22</sat></trkpt>
  <trkpt lat="45.60774685" lon="2.77150420"><ele>1303.906</ele><time>2026-09-22T12:52:44Z</time><speed>1.020</speed><sat>22</sat></trkpt>
  <trkpt lat="45.60774603" lon="2.77154791"><ele>1303.801</ele><time>2026-09-22T12:52:47Z</time><speed>1.040</speed><sat>23</sat></trkpt>
  <trkpt lat="45.60775446" lon="2.77159239"><ele>1303.505</ele><time>2026-09-22T12:52:50Z</time><speed>0.990</speed><sat>22</sat></trkpt>
  <trkpt lat="45.60776237" lon="2.77164048"><ele>1303.245</ele><time>2026-09-22T12:52:53Z</time><speed>0.890</speed><sat>21</sat></trkpt>
  <trkpt lat="45.60776775" lon="2.77168735"><ele>1304.254</ele><time>2026-09-22T12:52:56Z</time><speed>1.000</speed><sat>22</sat></trkpt>
  <trkpt lat="45.60777361" lon="2.77172956"><ele>1303.972</ele><time>2026-09-22T12:52:59Z</time><speed>1.010</speed><sat>22</sat></trkpt>
  <trkpt lat="45.60778353" lon="2.77177304"><ele>1304.797</ele><time>2026-09-22T12:53:02Z</time><speed>1.030</speed><sat>22</sat></trkpt>
  <trkpt lat="45.60779109" lon="2.77182092"><ele>1304.316</ele><time>2026-09-22T12:53:05Z</time><speed>0.980</speed><sat>23</sat></trkpt>
  <trkpt lat="45.60779689" lon="2.77186829"><ele>1305.691</ele><time>2026-09-22T12:53:08Z</time><speed>1.000</speed><sat>23</sat></trkpt>
  <trkpt lat="45.60780059" lon="2.77191743"><ele>1306.850</ele><time>2026-09-22T12:53:11Z</time><speed>0.990</speed><sat>24</sat></trkpt>
  <trkpt lat="45.60780190" lon="2.77196736"><ele>1307.358</ele><time>2026-09-22T12:53:14Z</time><speed>1.010</speed><sat>24</sat></trkpt>
  <trkpt lat="45.60780615" lon="2.77201267"><ele>1308.089</ele><time>2026-09-22T12:53:17Z</time><speed>1.040</speed><sat>22</sat></trkpt>
  <trkpt lat="45.60781100" lon="2.77206193"><ele>1309.676</ele><time>2026-09-22T12:53:20Z</time><speed>1.050</speed><sat>24</sat></trkpt>
  <trkpt lat="45.60780939" lon="2.77211253"><ele>1310.802</ele><time>2026-09-22T12:53:23Z</time><speed>1.070</speed><sat>25</sat></trkpt>
  <trkpt lat="45.60781453" lon="2.77216236"><ele>1311.029</ele><time>2026-09-22T12:53:26Z</time><speed>1.040</speed><sat>24</sat></trkpt>
  <trkpt lat="45.60781680" lon="2.77221093"><ele>1311.677</ele><time>2026-09-22T12:53:29Z</time><speed>1.030</speed><sat>23</sat></trkpt>
  <trkpt lat="45.60781758" lon="2.77225774"><ele>1313.160</ele><time>2026-09-22T12:53:32Z</time><speed>1.070</speed><sat>22</sat></trkpt>
  <trkpt lat="45.60781097" lon="2.77230774"><ele>1314.316</ele><time>2026-09-22T12:53:35Z</time><speed>1.050</speed><sat>23</sat></trkpt>
  <trkpt lat="45.60780305" lon="2.77234435"><ele>1314.969</ele><time>2026-09-22T12:53:38Z</time><speed>0.960</speed><sat>22</sat></trkpt>
  <trkpt lat="45.60779911" lon="2.77238738"><ele>1314.477</ele><time>2026-09-22T12:53:41Z</time><speed>0.950</speed><sat>22</sat></trkpt>
  <trkpt lat="45.60778423" lon="2.77242710"><ele>1315.259</ele><time>2026-09-22T12:53:44Z</time><speed>0.920</speed><sat>23</sat></trkpt>
  <trkpt lat="45.60777478" lon="2.77246861"><ele>1314.779</ele><time>2026-09-22T12:53:47Z</time><speed>0.900</speed><sat>24</sat></trkpt>
  <trkpt lat="45.60776085" lon="2.77249793"><ele>1315.805</ele><time>2026-09-22T12:53:50Z</time><speed>0.890</speed><sat>24</sat></trkpt>
  <trkpt lat="45.60774678" lon="2.77252866"><ele>1318.008</ele><time>2026-09-22T12:53:53Z</time><speed>0.830</speed><sat>25</sat></trkpt>
  <trkpt lat="45.60773402" lon="2.77256527"><ele>1319.486</ele><time>2026-09-22T12:53:56Z</time><speed>0.890</speed><sat>23</sat></trkpt>
  <trkpt lat="45.60771781" lon="2.77260326"><ele>1320.405</ele><time>2026-09-22T12:53:59Z</time><speed>1.090</speed><sat>23</sat></trkpt>
  <trkpt lat="45.60770180" lon="2.77264999"><ele>1319.535</ele><time>2026-09-22T12:54:02Z</time><speed>1.150</speed><sat>24</sat></trkpt>
  <trkpt lat="45.60769656" lon="2.77269131"><ele>1319.267</ele><time>2026-09-22T12:54:05Z</time><speed>0.930</speed><sat>24</sat></trkpt>
  <trkpt lat="45.60768603" lon="2.77273681"><ele>1317.702</ele><time>2026-09-22T12:54:08Z</time><speed>1.050</speed><sat>25</sat></trkpt>
  <trkpt lat="45.60767477" lon="2.77278681"><ele>1316.537</ele><time>2026-09-22T12:54:11Z</time><speed>1.060</speed><sat>27</sat></trkpt>
  <trkpt lat="45.60766920" lon="2.77284324"><ele>1317.542</ele><time>2026-09-22T12:54:14Z</time><speed>1.500</speed><sat>24</sat></trkpt>
  <trkpt lat="45.60766239" lon="2.77288852"><ele>1317.838</ele><time>2026-09-22T12:54:17Z</time><speed>0.930</speed><sat>24</sat></trkpt>
  <trkpt lat="45.60765651" lon="2.77292972"><ele>1318.653</ele><time>2026-09-22T12:54:20Z</time><speed>0.930</speed><sat>24</sat></trkpt>
  <trkpt lat="45.60765400" lon="2.77296925"><ele>1318.639</ele><time>2026-09-22T12:54:23Z</time><speed>1.050</speed><sat>23</sat></trkpt>
  <trkpt lat="45.60765861" lon="2.77300830"><ele>1318.454</ele><time>2026-09-22T12:54:26Z</time><speed>0.950</speed><sat>23</sat></trkpt>
  <trkpt lat="45.60766109" lon="2.77305148"><ele>1315.708</ele><time>2026-09-22T12:54:29Z</time><speed>0.910</speed><sat>23</sat></trkpt>
  <trkpt lat="45.60766529" lon="2.77309722"><ele>1314.806</ele><time>2026-09-22T12:54:32Z</time><speed>1.050</speed><sat>23</sat></trkpt>
  <trkpt lat="45.60767005" lon="2.77313892"><ele>1313.832</ele><time>2026-09-22T12:54:35Z</time><speed>1.090</speed><sat>23</sat></trkpt>
  <trkpt lat="45.60767357" lon="2.77318019"><ele>1315.723</ele><time>2026-09-22T12:54:38Z</time><speed>0.960</speed><sat>24</sat></trkpt>
  <trkpt lat="45.60767586" lon="2.77323037"><ele>1316.760</ele><time>2026-09-22T12:54:41Z</time><speed>1.030</speed><sat>25</sat></trkpt>
  <trkpt lat="45.60767853" lon="2.77327656"><ele>1315.983</ele><time>2026-09-22T12:54:44Z</time><speed>1.000</speed><sat>22</sat></trkpt>
  <trkpt lat="45.60767874" lon="2.77332613"><ele>1314.515</ele><time>2026-09-22T12:54:47Z</time><speed>1.010</speed><sat>22</sat></trkpt>
  <trkpt lat="45.60767858" lon="2.77337606"><ele>1313.915</ele><time>2026-09-22T12:54:50Z</time><speed>1.100</speed><sat>23</sat></trkpt>
  <trkpt lat="45.60767774" lon="2.77342524"><ele>1314.409</ele><time>2026-09-22T12:54:53Z</time><speed>1.150</speed><sat>24</sat></trkpt>
  <trkpt lat="45.60767890" lon="2.77347734"><ele>1314.477</ele><time>2026-09-22T12:54:56Z</time><speed>1.370</speed><sat>23</sat></trkpt>
  <trkpt lat="45.60768105" lon="2.77352392"><ele>1313.475</ele><time>2026-09-22T12:54:59Z</time><speed>1.060</speed><sat>24</sat></trkpt>
  <trkpt lat="45.60767426" lon="2.77356744"><ele>1313.373</ele><time>2026-09-22T12:55:02Z</time><speed>1.090</speed><sat>24</sat></trkpt>
  <trkpt lat="45.60767123" lon="2.77360932"><ele>1313.019</ele><time>2026-09-22T12:55:05Z</time><speed>1.220</speed><sat>24</sat></trkpt>
  <trkpt lat="45.60765975" lon="2.77365310"><ele>1313.227</ele><time>2026-09-22T12:55:08Z</time><speed>1.120</speed><sat>25</sat></trkpt>
  <trkpt lat="45.60764525" lon="2.77369606"><ele>1313.511</ele><time>2026-09-22T12:55:11Z</time><speed>1.180</speed><sat>24</sat></trkpt>
  <trkpt lat="45.60763124" lon="2.77373718"><ele>1313.869</ele><time>2026-09-22T12:55:14Z</time><speed>1.130</speed><sat>24</sat></trkpt>
  <trkpt lat="45.60762401" lon="2.77378623"><ele>1314.265</ele><time>2026-09-22T12:55:17Z</time><speed>1.130</speed><sat>23</sat></trkpt>
  <trkpt lat="45.60760961" lon="2.77382593"><ele>1316.956</ele><time>2026-09-22T12:55:20Z</time><speed>1.110</speed><sat>25</sat></trkpt>
  <trkpt lat="45.60760190" lon="2.77387257"><ele>1315.535</ele><time>2026-09-22T12:55:23Z</time><speed>1.100</speed><sat>25</sat></trkpt>
  <trkpt lat="45.60759548" lon="2.77392397"><ele>1315.416</ele><time>2026-09-22T12:55:26Z</time><speed>1.120</speed><sat>23</sat></trkpt>
  <trkpt lat="45.60758247" lon="2.77397706"><ele>1315.673</ele><time>2026-09-22T12:55:29Z</time><speed>1.090</speed><sat>26</sat></trkpt>
  <trkpt lat="45.60757666" lon="2.77402656"><ele>1314.993</ele><time>2026-09-22T12:55:32Z</time><speed>1.150</speed><sat>25</sat></trkpt>
  <trkpt lat="45.60757480" lon="2.77407815"><ele>1314.310</ele><time>2026-09-22T12:55:35Z</time><speed>1.150</speed><sat>24</sat></trkpt>
  <trkpt lat="45.60758137" lon="2.77413230"><ele>1312.720</ele><time>2026-09-22T12:55:38Z</time><speed>1.160</speed><sat>25</sat></trkpt>
  <trkpt lat="45.60757842" lon="2.77418200"><ele>1313.149</ele><time>2026-09-22T12:55:41Z</time><speed>1.190</speed><sat>25</sat></trkpt>
  <trkpt lat="45.60756691" lon="2.77422732"><ele>1314.120</ele><time>2026-09-22T12:55:44Z</time><speed>1.160</speed><sat>24</sat></trkpt>
  <trkpt lat="45.60755671" lon="2.77427886"><ele>1312.363</ele><time>2026-09-22T12:55:47Z</time><speed>1.230</speed><sat>23</sat></trkpt>
  <trkpt lat="45.60754743" lon="2.77433299"><ele>1310.643</ele><time>2026-09-22T12:55:50Z</time><speed>1.180</speed><sat>24</sat></trkpt>
  <trkpt lat="45.60753956" lon="2.77438277"><ele>1311.338</ele><time>2026-09-22T12:55:53Z</time><speed>1.240</speed><sat>23</sat></trkpt>
  <trkpt lat="45.60752494" lon="2.77443007"><ele>1311.010</ele><time>2026-09-22T12:55:56Z</time><speed>1.170</speed><sat>22</sat></trkpt>
  <trkpt lat="45.60752208" lon="2.77447761"><ele>1310.292</ele><time>2026-09-22T12:55:59Z</time><speed>1.200</speed><sat>23</sat></trkpt>
  <trkpt lat="45.60751859" lon="2.77453500"><ele>1309.087</ele><time>2026-09-22T12:56:02Z</time><speed>1.210</speed><sat>23</sat></trkpt>
  <trkpt lat="45.60751883" lon="2.77459298"><ele>1308.588</ele><time>2026-09-22T12:56:05Z</time><speed>1.190</speed><sat>21</sat></trkpt>
  <trkpt lat="45.60752000" lon="2.77464958"><ele>1308.208</ele><time>2026-09-22T12:56:08Z</time><speed>1.350</speed><sat>22</sat></trkpt>
  <trkpt lat="45.60751972" lon="2.77470460"><ele>1307.944</ele><time>2026-09-22T12:56:11Z</time><speed>1.260</speed><sat>21</sat></trkpt>
  <trkpt lat="45.60751632" lon="2.77475772"><ele>1307.831</ele><time>2026-09-22T12:56:14Z</time><speed>1.250</speed><sat>21</sat></trkpt>
  <trkpt lat="45.60750837" lon="2.77480811"><ele>1306.240</ele><time>2026-09-22T12:56:17Z</time><speed>1.210</speed><sat>21</sat></trkpt>
  <trkpt lat="45.60749547" lon="2.77485442"><ele>1305.732</ele><time>2026-09-22T12:56:20Z</time><speed>1.140</speed><sat>21</sat></trkpt>
  <trkpt lat="45.60747503" lon="2.77490021"><ele>1306.000</ele><time>2026-09-22T12:56:23Z</time><speed>1.250</speed><sat>22</sat></trkpt>
  <trkpt lat="45.60744760" lon="2.77493284"><ele>1307.057</ele><time>2026-09-22T12:56:26Z</time><speed>1.190</speed><sat>23</sat></trkpt>
  <trkpt lat="45.60741737" lon="2.77495928"><ele>1308.662</ele><time>2026-09-22T12:56:29Z</time><speed>1.190</speed><sat>24</sat></trkpt>
  <trkpt lat="45.60738720" lon="2.77497876"><ele>1309.505</ele><time>2026-09-22T12:56:32Z</time><speed>1.190</speed><sat>24</sat></trkpt>
  <trkpt lat="45.60735268" lon="2.77499708"><ele>1309.981</ele><time>2026-09-22T12:56:35Z</time><speed>1.210</speed><sat>22</sat></trkpt>
  <trkpt lat="45.60731856" lon="2.77500222"><ele>1310.823</ele><time>2026-09-22T12:56:38Z</time><speed>1.200</speed><sat>21</sat></trkpt>
  <trkpt lat="45.60728477" lon="2.77500704"><ele>1311.617</ele><time>2026-09-22T12:56:41Z</time><speed>1.130</speed><sat>25</sat></trkpt>
  <trkpt lat="45.60725057" lon="2.77500321"><ele>1312.112</ele><time>2026-09-22T12:56:44Z</time><speed>1.380</speed><sat>25</sat></trkpt>
  <trkpt lat="45.60722023" lon="2.77498441"><ele>1313.547</ele><time>2026-09-22T12:56:47Z</time><speed>1.150</speed><sat>23</sat></trkpt>
  <trkpt lat="45.60719499" lon="2.77495722"><ele>1314.520</ele><time>2026-09-22T12:56:50Z</time><speed>1.160</speed><sat>23</sat></trkpt>
  <trkpt lat="45.60716779" lon="2.77493305"><ele>1315.310</ele><time>2026-09-22T12:56:53Z</time><speed>1.170</speed><sat>22</sat></trkpt>
  <trkpt lat="45.60714050" lon="2.77490109"><ele>1315.423</ele><time>2026-09-22T12:56:56Z</time><speed>1.150</speed><sat>22</sat></trkpt>
  <trkpt lat="45.60711279" lon="2.77487112"><ele>1316.259</ele><time>2026-09-22T12:56:59Z</time><speed>1.130</speed><sat>24</sat></trkpt>
  <trkpt lat="45.60709163" lon="2.77483488"><ele>1317.887</ele><time>2026-09-22T12:57:02Z</time><speed>1.170</speed><sat>24</sat></trkpt>
  <trkpt lat="45.60706605" lon="2.77480871"><ele>1318.234</ele><time>2026-09-22T12:57:05Z</time><speed>1.060</speed><sat>25</sat></trkpt>
  <trkpt lat="45.60703450" lon="2.77478747"><ele>1318.170</ele><time>2026-09-22T12:57:08Z</time><speed>1.170</speed><sat>25</sat></trkpt>
  <trkpt lat="45.60700447" lon="2.77476458"><ele>1317.151</ele><time>2026-09-22T12:57:11Z</time><speed>1.130</speed><sat>24</sat></trkpt>
  <trkpt lat="45.60697357" lon="2.77474750"><ele>1316.587</ele><time>2026-09-22T12:57:14Z</time><speed>1.080</speed><sat>25</sat></trkpt>
  <trkpt lat="45.60694593" lon="2.77472069"><ele>1316.020</ele><time>2026-09-22T12:57:17Z</time><speed>1.080</speed><sat>25</sat></trkpt>
  <trkpt lat="45.60691951" lon="2.77469439"><ele>1315.837</ele><time>2026-09-22T12:57:20Z</time><speed>1.210</speed><sat>24</sat></trkpt>
  <trkpt lat="45.60688752" lon="2.77466907"><ele>1316.402</ele><time>2026-09-22T12:57:23Z</time><speed>1.110</speed><sat>24</sat></trkpt>
  <trkpt lat="45.60685615" lon="2.77464487"><ele>1316.732</ele><time>2026-09-22T12:57:26Z</time><speed>1.110</speed><sat>24</sat></trkpt>
  <trkpt lat="45.60682895" lon="2.77461673"><ele>1317.260</ele><time>2026-09-22T12:57:29Z</time><speed>1.140</speed><sat>24</sat></trkpt>
  <trkpt lat="45.60679826" lon="2.77460177"><ele>1317.402</ele><time>2026-09-22T12:57:32Z</time><speed>0.970</speed><sat>24</sat></trkpt>
  <trkpt lat="45.60676862" lon="2.77457708"><ele>1317.797</ele><time>2026-09-22T12:57:35Z</time><speed>1.050</speed><sat>24</sat></trkpt>
  <trkpt lat="45.60674263" lon="2.77455131"><ele>1318.810</ele><time>2026-09-22T12:57:38Z</time><speed>1.070</speed><sat>21</sat></trkpt>
  <trkpt lat="45.60671622" lon="2.77453198"><ele>1318.273</ele><time>2026-09-22T12:57:41Z</time><speed>1.050</speed><sat>23</sat></trkpt>
  <trkpt lat="45.60668414" lon="2.77451452"><ele>1319.441</ele><time>2026-09-22T12:57:44Z</time><speed>1.030</speed><sat>24</sat></trkpt>
  <trkpt lat="45.60665622" lon="2.77449089"><ele>1320.167</ele><time>2026-09-22T12:57:47Z</time><speed>1.130</speed><sat>24</sat></trkpt>
  <trkpt lat="45.60663054" lon="2.77446814"><ele>1320.517</ele><time>2026-09-22T12:57:50Z</time><speed>1.060</speed><sat>24</sat></trkpt>
  <trkpt lat="45.60660470" lon="2.77443258"><ele>1323.185</ele><time>2026-09-22T12:57:53Z</time><speed>1.110</speed><sat>24</sat></trkpt>
  <trkpt lat="45.60657973" lon="2.77440629"><ele>1323.407</ele><time>2026-09-22T12:57:56Z</time><speed>1.070</speed><sat>23</sat></trkpt>
  <trkpt lat="45.60655181" lon="2.77438826"><ele>1323.703</ele><time>2026-09-22T12:57:59Z</time><speed>1.040</speed><sat>25</sat></trkpt>
  <trkpt lat="45.60652403" lon="2.77436779"><ele>1323.192</ele><time>2026-09-22T12:58:02Z</time><speed>0.940</speed><sat>26</sat></trkpt>
  <trkpt lat="45.60649618" lon="2.77434446"><ele>1323.794</ele><time>2026-09-22T12:58:05Z</time><speed>0.980</speed><sat>27</sat></trkpt>
  <trkpt lat="45.60646680" lon="2.77432119"><ele>1324.722</ele><time>2026-09-22T12:58:08Z</time><speed>1.090</speed><sat>24</sat></trkpt>
  <trkpt lat="45.60644135" lon="2.77429515"><ele>1325.912</ele><time>2026-09-22T12:58:11Z</time><speed>1.000</speed><sat>22</sat></trkpt>
  <trkpt lat="45.60641712" lon="2.77426878"><ele>1326.806</ele><time>2026-09-22T12:58:14Z</time><speed>0.980</speed><sat>24</sat></trkpt>
  <trkpt lat="45.60638781" lon="2.77425338"><ele>1326.428</ele><time>2026-09-22T12:58:17Z</time><speed>0.900</speed><sat>26</sat></trkpt>
  <trkpt lat="45.60634761" lon="2.77422508"><ele>1328.151</ele><time>2026-09-22T12:58:20Z</time><speed>1.580</speed><sat>26</sat></trkpt>
  <trkpt lat="45.60630928" lon="2.77419880"><ele>1327.642</ele><time>2026-09-22T12:58:23Z</time><speed>1.560</speed><sat>25</sat></trkpt>
  <trkpt lat="45.60628366" lon="2.77418307"><ele>1326.615</ele><time>2026-09-22T12:58:26Z</time><speed>1.050</speed><sat>26</sat></trkpt>
  <trkpt lat="45.60626325" lon="2.77415781"><ele>1327.956</ele><time>2026-09-22T12:58:29Z</time><speed>1.120</speed><sat>27</sat></trkpt>
  <trkpt lat="45.60623984" lon="2.77413386"><ele>1328.388</ele><time>2026-09-22T12:58:32Z</time><speed>1.170</speed><sat>29</sat></trkpt>
  <trkpt lat="45.60621310" lon="2.77412039"><ele>1328.696</ele><time>2026-09-22T12:58:35Z</time><speed>1.080</speed><sat>27</sat></trkpt>
  <trkpt lat="45.60618567" lon="2.77409508"><ele>1329.577</ele><time>2026-09-22T12:58:38Z</time><speed>1.100</speed><sat>27</sat></trkpt>
  <trkpt lat="45.60615665" lon="2.77407014"><ele>1329.986</ele><time>2026-09-22T12:58:41Z</time><speed>1.080</speed><sat>28</sat></trkpt>
  <trkpt lat="45.60612753" lon="2.77405356"><ele>1329.952</ele><time>2026-09-22T12:58:44Z</time><speed>1.100</speed><sat>27</sat></trkpt>
  <trkpt lat="45.60609218" lon="2.77404160"><ele>1328.871</ele><time>2026-09-22T12:58:47Z</time><speed>1.120</speed><sat>23</sat></trkpt>
  <trkpt lat="45.60605984" lon="2.77402150"><ele>1329.265</ele><time>2026-09-22T12:58:50Z</time><speed>1.130</speed><sat>28</sat></trkpt>
  <trkpt lat="45.60602660" lon="2.77400071"><ele>1330.127</ele><time>2026-09-22T12:58:53Z</time><speed>1.290</speed><sat>27</sat></trkpt>
  <trkpt lat="45.60599930" lon="2.77397372"><ele>1332.159</ele><time>2026-09-22T12:58:56Z</time><speed>1.170</speed><sat>25</sat></trkpt>
  <trkpt lat="45.60597054" lon="2.77394657"><ele>1332.834</ele><time>2026-09-22T12:58:59Z</time><speed>1.250</speed><sat>24</sat></trkpt>
  <trkpt lat="45.60594088" lon="2.77391597"><ele>1331.954</ele><time>2026-09-22T12:59:02Z</time><speed>1.270</speed><sat>25</sat></trkpt>
  <trkpt lat="45.60591146" lon="2.77388558"><ele>1331.986</ele><time>2026-09-22T12:59:05Z</time><speed>1.330</speed><sat>28</sat></trkpt>
  <trkpt lat="45.60587858" lon="2.77385856"><ele>1331.873</ele><time>2026-09-22T12:59:08Z</time><speed>1.160</speed><sat>28</sat></trkpt>
  <trkpt lat="45.60584813" lon="2.77382878"><ele>1332.347</ele><time>2026-09-22T12:59:11Z</time><speed>1.300</speed><sat>26</sat></trkpt>
  <trkpt lat="45.60581715" lon="2.77379877"><ele>1332.179</ele><time>2026-09-22T12:59:14Z</time><speed>1.240</speed><sat>26</sat></trkpt>
  <trkpt lat="45.60578668" lon="2.77376809"><ele>1332.174</ele><time>2026-09-22T12:59:17Z</time><speed>1.220</speed><sat>28</sat></trkpt>
  <trkpt lat="45.60575759" lon="2.77373656"><ele>1333.532</ele><time>2026-09-22T12:59:20Z</time><speed>1.220</speed><sat>28</sat></trkpt>
  <trkpt lat="45.60572448" lon="2.77370933"><ele>1333.507</ele><time>2026-09-22T12:59:23Z</time><speed>1.230</speed><sat>27</sat></trkpt>
  <trkpt lat="45.60568981" lon="2.77368125"><ele>1334.231</ele><time>2026-09-22T12:59:26Z</time><speed>1.290</speed><sat>27</sat></trkpt>
  <trkpt lat="45.60565875" lon="2.77365124"><ele>1334.317</ele><time>2026-09-22T12:59:29Z</time><speed>1.240</speed><sat>26</sat></trkpt>
  <trkpt lat="45.60562223" lon="2.77362823"><ele>1334.453</ele><time>2026-09-22T12:59:32Z</time><speed>1.240</speed><sat>27</sat></trkpt>
  <trkpt lat="45.60558989" lon="2.77360172"><ele>1335.215</ele><time>2026-09-22T12:59:35Z</time><speed>1.310</speed><sat>26</sat></trkpt>
  <trkpt lat="45.60556018" lon="2.77357689"><ele>1335.439</ele><time>2026-09-22T12:59:38Z</time><speed>1.200</speed><sat>25</sat></trkpt>
  <trkpt lat="45.60553441" lon="2.77354275"><ele>1335.967</ele><time>2026-09-22T12:59:41Z</time><speed>1.210</speed><sat>26</sat></trkpt>
  <trkpt lat="45.60550286" lon="2.77351476"><ele>1336.510</ele><time>2026-09-22T12:59:44Z</time><speed>1.240</speed><sat>26</sat></trkpt>
  <trkpt lat="45.60547722" lon="2.77348063"><ele>1335.917</ele><time>2026-09-22T12:59:47Z</time><speed>1.200</speed><sat>27</sat></trkpt>
  <trkpt lat="45.60544276" lon="2.77345963"><ele>1335.208</ele><time>2026-09-22T12:59:50Z</time><speed>1.160</speed><sat>28</sat></trkpt>
  <trkpt lat="45.60541005" lon="2.77343896"><ele>1335.585</ele><time>2026-09-22T12:59:53Z</time><speed>1.170</speed><sat>27</sat></trkpt>
  <trkpt lat="45.60536746" lon="2.77342562"><ele>1334.290</ele><time>2026-09-22T12:59:56Z</time><speed>1.190</speed><sat>25</sat></trkpt>
  <trkpt lat="45.60533229" lon="2.77340523"><ele>1334.143</ele><time>2026-09-22T12:59:59Z</time><speed>1.170</speed><sat>25</sat></trkpt>
  <trkpt lat="45.60529807" lon="2.77339242"><ele>1334.183</ele><time>2026-09-22T13:00:02Z</time><speed>1.150</speed><sat>25</sat></trkpt>
  <trkpt lat="45.60526179" lon="2.77337744"><ele>1333.250</ele><time>2026-09-22T13:00:05Z</time><speed>1.160</speed><sat>26</sat></trkpt>
  <trkpt lat="45.60522452" lon="2.77336647"><ele>1334.453</ele><time>2026-09-22T13:00:08Z</time><speed>1.180</speed><sat>28</sat></trkpt>
  <trkpt lat="45.60519225" lon="2.77334677"><ele>1335.416</ele><time>2026-09-22T13:00:11Z</time><speed>1.230</speed><sat>28</sat></trkpt>
  <trkpt lat="45.60515591" lon="2.77333382"><ele>1334.843</ele><time>2026-09-22T13:00:14Z</time><speed>1.190</speed><sat>24</sat></trkpt>
  <trkpt lat="45.60511980" lon="2.77331454"><ele>1335.559</ele><time>2026-09-22T13:00:17Z</time><speed>1.410</speed><sat>24</sat></trkpt>
  <trkpt lat="45.60506757" lon="2.77330214"><ele>1335.391</ele><time>2026-09-22T13:00:20Z</time><speed>1.560</speed><sat>25</sat></trkpt>
  <trkpt lat="45.60503450" lon="2.77329388"><ele>1335.744</ele><time>2026-09-22T13:00:23Z</time><speed>1.150</speed><sat>25</sat></trkpt>
  <trkpt lat="45.60500300" lon="2.77328387"><ele>1337.331</ele><time>2026-09-22T13:00:26Z</time><speed>1.170</speed><sat>24</sat></trkpt>
  <trkpt lat="45.60496824" lon="2.77326996"><ele>1337.786</ele><time>2026-09-22T13:00:29Z</time><speed>1.130</speed><sat>26</sat></trkpt>
  <trkpt lat="45.60493861" lon="2.77324776"><ele>1338.683</ele><time>2026-09-22T13:00:32Z</time><speed>1.140</speed><sat>27</sat></trkpt>
  <trkpt lat="45.60490923" lon="2.77323710"><ele>1339.501</ele><time>2026-09-22T13:00:35Z</time><speed>1.120</speed><sat>25</sat></trkpt>
  <trkpt lat="45.60487877" lon="2.77321901"><ele>1340.484</ele><time>2026-09-22T13:00:38Z</time><speed>1.170</speed><sat>24</sat></trkpt>
  <trkpt lat="45.60484546" lon="2.77320450"><ele>1341.552</ele><time>2026-09-22T13:00:41Z</time><speed>1.140</speed><sat>26</sat></trkpt>
  <trkpt lat="45.60481264" lon="2.77318195"><ele>1342.376</ele><time>2026-09-22T13:00:44Z</time><speed>1.220</speed><sat>27</sat></trkpt>
  <trkpt lat="45.60477896" lon="2.77316631"><ele>1341.987</ele><time>2026-09-22T13:00:47Z</time><speed>1.180</speed><sat>27</sat></trkpt>
  <trkpt lat="45.60474715" lon="2.77314797"><ele>1342.085</ele><time>2026-09-22T13:00:50Z</time><speed>1.160</speed><sat>26</sat></trkpt>
  <trkpt lat="45.60471691" lon="2.77313026"><ele>1342.887</ele><time>2026-09-22T13:00:53Z</time><speed>1.230</speed><sat>26</sat></trkpt>
  <trkpt lat="45.60466968" lon="2.77308990"><ele>1345.035</ele><time>2026-09-22T13:00:56Z</time><speed>3.020</speed><sat>27</sat></trkpt>
  <trkpt lat="45.60460883" lon="2.77304112"><ele>1345.077</ele><time>2026-09-22T13:00:59Z</time><speed>2.350</speed><sat>28</sat></trkpt>
  <trkpt lat="45.60457166" lon="2.77302808"><ele>1344.157</ele><time>2026-09-22T13:01:02Z</time><speed>1.080</speed><sat>28</sat></trkpt>
  <trkpt lat="45.60455286" lon="2.77302383"><ele>1343.557</ele><time>2026-09-22T13:01:05Z</time><speed>1.100</speed><sat>27</sat></trkpt>
  <trkpt lat="45.60452935" lon="2.77301037"><ele>1343.852</ele><time>2026-09-22T13:01:08Z</time><speed>1.080</speed><sat>27</sat></trkpt>
  <trkpt lat="45.60450526" lon="2.77300578"><ele>1343.133</ele><time>2026-09-22T13:01:11Z</time><speed>1.100</speed><sat>28</sat></trkpt>
  <trkpt lat="45.60448029" lon="2.77298951"><ele>1344.717</ele><time>2026-09-22T13:01:14Z</time><speed>1.090</speed><sat>28</sat></trkpt>
  <trkpt lat="45.60444581" lon="2.77297481"><ele>1344.380</ele><time>2026-09-22T13:01:17Z</time><speed>1.280</speed><sat>28</sat></trkpt>
  <trkpt lat="45.60441626" lon="2.77295980"><ele>1345.318</ele><time>2026-09-22T13:01:20Z</time><speed>1.130</speed><sat>29</sat></trkpt>
  <trkpt lat="45.60439223" lon="2.77293604"><ele>1345.965</ele><time>2026-09-22T13:01:23Z</time><speed>1.090</speed><sat>29</sat></trkpt>
  <trkpt lat="45.60437061" lon="2.77290790"><ele>1345.834</ele><time>2026-09-22T13:01:26Z</time><speed>1.180</speed><sat>29</sat></trkpt>
  <trkpt lat="45.60434781" lon="2.77288758"><ele>1345.454</ele><time>2026-09-22T13:01:29Z</time><speed>1.090</speed><sat>29</sat></trkpt>
  <trkpt lat="45.60431871" lon="2.77287721"><ele>1345.778</ele><time>2026-09-22T13:01:32Z</time><speed>1.200</speed><sat>29</sat></trkpt>
  <trkpt lat="45.60428794" lon="2.77287008"><ele>1345.899</ele><time>2026-09-22T13:01:35Z</time><speed>1.080</speed><sat>29</sat></trkpt>
  <trkpt lat="45.60425982" lon="2.77287071"><ele>1345.193</ele><time>2026-09-22T13:01:38Z</time><speed>0.980</speed><sat>29</sat></trkpt>
  <trkpt lat="45.60422959" lon="2.77286938"><ele>1345.987</ele><time>2026-09-22T13:01:41Z</time><speed>1.040</speed><sat>30</sat></trkpt>
  <trkpt lat="45.60419915" lon="2.77287977"><ele>1345.947</ele><time>2026-09-22T13:01:44Z</time><speed>1.270</speed><sat>31</sat></trkpt>
  <trkpt lat="45.60416959" lon="2.77288854"><ele>1345.587</ele><time>2026-09-22T13:01:47Z</time><speed>1.070</speed><sat>30</sat></trkpt>
  <trkpt lat="45.60413589" lon="2.77291364"><ele>1344.969</ele><time>2026-09-22T13:01:50Z</time><speed>1.190</speed><sat>29</sat></trkpt>
  <trkpt lat="45.60410410" lon="2.77293502"><ele>1344.645</ele><time>2026-09-22T13:01:53Z</time><speed>1.460</speed><sat>29</sat></trkpt>
  <trkpt lat="45.60407298" lon="2.77295653"><ele>1344.852</ele><time>2026-09-22T13:01:56Z</time><speed>1.100</speed><sat>30</sat></trkpt>
  <trkpt lat="45.60404182" lon="2.77298772"><ele>1344.997</ele><time>2026-09-22T13:01:59Z</time><speed>1.180</speed><sat>30</sat></trkpt>
  <trkpt lat="45.60400952" lon="2.77301390"><ele>1345.399</ele><time>2026-09-22T13:02:02Z</time><speed>1.530</speed><sat>30</sat></trkpt>
  <trkpt lat="45.60398120" lon="2.77303819"><ele>1345.728</ele><time>2026-09-22T13:02:05Z</time><speed>1.160</speed><sat>31</sat></trkpt>
  <trkpt lat="45.60395375" lon="2.77306101"><ele>1346.319</ele><time>2026-09-22T13:02:08Z</time><speed>0.770</speed><sat>31</sat></trkpt>
  <trkpt lat="45.60393557" lon="2.77305626"><ele>1345.816</ele><time>2026-09-22T13:02:11Z</time><speed>0.390</speed><sat>31</sat></trkpt>
  <trkpt lat="45.60392746" lon="2.77304877"><ele>1346.124</ele><time>2026-09-22T13:02:14Z</time><speed>0.000</speed><sat>31</sat></trkpt>
  <trkpt lat="45.60391495" lon="2.77307153"><ele>1346.465</ele><time>2026-09-22T13:02:17Z</time><speed>1.100</speed><sat>31</sat></trkpt>
  <trkpt lat="45.60389695" lon="2.77310940"><ele>1346.661</ele><time>2026-09-22T13:02:20Z</time><speed>1.490</speed><sat>31</sat></trkpt>
  <trkpt lat="45.60388055" lon="2.77314222"><ele>1346.882</ele><time>2026-09-22T13:02:23Z</time><speed>0.990</speed><sat>31</sat></trkpt>
  <trkpt lat="45.60385325" lon="2.77318008"><ele>1347.167</ele><time>2026-09-22T13:02:26Z</time><speed>1.190</speed><sat>31</sat></trkpt>
  <trkpt lat="45.60382916" lon="2.77322453"><ele>1347.143</ele><time>2026-09-22T13:02:29Z</time><speed>1.690</speed><sat>29</sat></trkpt>
  <trkpt lat="45.60380285" lon="2.77326433"><ele>1346.018</ele><time>2026-09-22T13:02:32Z</time><speed>1.580</speed><sat>30</sat></trkpt>
  <trkpt lat="45.60377700" lon="2.77330117"><ele>1347.168</ele><time>2026-09-22T13:02:35Z</time><speed>1.160</speed><sat>31</sat></trkpt>
  <trkpt lat="45.60375588" lon="2.77333031"><ele>1347.172</ele><time>2026-09-22T13:02:38Z</time><speed>1.450</speed><sat>30</sat></trkpt>
  <trkpt lat="45.60373375" lon="2.77336346"><ele>1346.684</ele><time>2026-09-22T13:02:41Z</time><speed>1.080</speed><sat>30</sat></trkpt>
  <trkpt lat="45.60371708" lon="2.77340164"><ele>1347.279</ele><time>2026-09-22T13:02:44Z</time><speed>1.110</speed><sat>31</sat></trkpt>
  <trkpt lat="45.60369775" lon="2.77344206"><ele>1347.187</ele><time>2026-09-22T13:02:47Z</time><speed>1.380</speed><sat>31</sat></trkpt>
  <trkpt lat="45.60368064" lon="2.77347782"><ele>1347.285</ele><time>2026-09-22T13:02:50Z</time><speed>0.950</speed><sat>29</sat></trkpt>
  <trkpt lat="45.60366092" lon="2.77352222"><ele>1347.891</ele><time>2026-09-22T13:02:53Z</time><speed>1.510</speed><sat>30</sat></trkpt>
  <trkpt lat="45.60365019" lon="2.77355152"><ele>1347.024</ele><time>2026-09-22T13:02:56Z</time><speed>0.970</speed><sat>31</sat></trkpt>
  <trkpt lat="45.60364106" lon="2.77354203"><ele>1347.955</ele><time>2026-09-22T13:02:59Z</time><speed>0.000</speed><sat>31</sat></trkpt>
  <trkpt lat="45.60364010" lon="2.77354018"><ele>1348.013</ele><time>2026-09-22T13:03:02Z</time><speed>0.000</speed><sat>31</sat></trkpt>
  <trkpt lat="45.60363970" lon="2.77353961"><ele>1347.998</ele><time>2026-09-22T13:03:05Z</time><speed>0.000</speed><sat>31</sat></trkpt>
  <trkpt lat="45.60365173" lon="2.77353630"><ele>1347.993</ele><time>2026-09-22T13:03:08Z</time><speed>0.380</speed><sat>31</sat></trkpt>
  <trkpt lat="45.60365627" lon="2.77353113"><ele>1348.021</ele><time>2026-09-22T13:03:11Z</time><speed>0.000</speed><sat>31</sat></trkpt>
  <trkpt lat="45.60365643" lon="2.77353111"><ele>1348.016</ele><time>2026-09-22T13:03:14Z</time><speed>0.000</speed><sat>30</sat></trkpt>
  <trkpt lat="45.60365668" lon="2.77353124"><ele>1348.011</ele><time>2026-09-22T13:03:17Z</time><speed>0.000</speed><sat>30</sat></trkpt>
  <trkpt lat="45.60365842" lon="2.77353037"><ele>1348.114</ele><time>2026-09-22T13:03:20Z</time><speed>0.180</speed><sat>29</sat></trkpt>
  <trkpt lat="45.60365973" lon="2.77353119"><ele>1348.107</ele><time>2026-09-22T13:03:23Z</time><speed>0.000</speed><sat>30</sat></trkpt>
  <trkpt lat="45.60365964" lon="2.77353049"><ele>1348.126</ele><time>2026-09-22T13:03:26Z</time><speed>0.000</speed><sat>30</sat></trkpt>
  <trkpt lat="45.60365969" lon="2.77353020"><ele>1348.142</ele><time>2026-09-22T13:03:29Z</time><speed>0.000</speed><sat>30</sat></trkpt>
  <trkpt lat="45.60366406" lon="2.77352573"><ele>1348.085</ele><time>2026-09-22T13:03:32Z</time><speed>0.000</speed><sat>31</sat></trkpt>
  <trkpt lat="45.60366829" lon="2.77350760"><ele>1347.829</ele><time>2026-09-22T13:03:35Z</time><speed>0.800</speed><sat>31</sat></trkpt>
  <trkpt lat="45.60366390" lon="2.77347425"><ele>1346.841</ele><time>2026-09-22T13:03:38Z</time><speed>1.210</speed><sat>31</sat></trkpt>
  <trkpt lat="45.60367116" lon="2.77345044"><ele>1346.462</ele><time>2026-09-22T13:03:41Z</time><speed>0.000</speed><sat>30</sat></trkpt>
  <trkpt lat="45.60367297" lon="2.77344918"><ele>1346.463</ele><time>2026-09-22T13:03:44Z</time><speed>0.000</speed><sat>31</sat></trkpt>
  <trkpt lat="45.60367335" lon="2.77344911"><ele>1346.493</ele><time>2026-09-22T13:03:47Z</time><speed>0.000</speed><sat>31</sat></trkpt>
  <trkpt lat="45.60367450" lon="2.77344935"><ele>1346.488</ele><time>2026-09-22T13:03:50Z</time><speed>0.000</speed><sat>30</sat></trkpt>
  <trkpt lat="45.60367625" lon="2.77345001"><ele>1346.486</ele><time>2026-09-22T13:03:53Z</time><speed>0.000</speed><sat>29</sat></trkpt>
  <trkpt lat="45.60367614" lon="2.77344999"><ele>1346.486</ele><time>2026-09-22T13:03:56Z</time><speed>0.000</speed><sat>30</sat></trkpt>
  <trkpt lat="45.60367598" lon="2.77344984"><ele>1346.477</ele><time>2026-09-22T13:03:59Z</time><speed>0.000</speed><sat>31</sat></trkpt>
  <trkpt lat="45.60367610" lon="2.77344995"><ele>1346.456</ele><time>2026-09-22T13:04:02Z</time><speed>0.000</speed><sat>30</sat></trkpt>
  <trkpt lat="45.60367620" lon="2.77345003"><ele>1346.451</ele><time>2026-09-22T13:04:05Z</time><speed>0.000</speed><sat>30</sat></trkpt>
  <trkpt lat="45.60367634" lon="2.77345007"><ele>1346.478</ele><time>2026-09-22T13:04:08Z</time><speed>0.000</speed><sat>32</sat></trkpt>
  <trkpt lat="45.60367649" lon="2.77345000"><ele>1346.501</ele><time>2026-09-22T13:04:11Z</time><speed>0.000</speed><sat>32</sat></trkpt>
  <trkpt lat="45.60367683" lon="2.77344938"><ele>1346.538</ele><time>2026-09-22T13:04:14Z</time><speed>0.000</speed><sat>32</sat></trkpt>
  <trkpt lat="45.60367713" lon="2.77344877"><ele>1346.583</ele><time>2026-09-22T13:04:17Z</time><speed>0.000</speed><sat>32</sat></trkpt>
  <trkpt lat="45.60367718" lon="2.77344759"><ele>1346.637</ele><time>2026-09-22T13:04:20Z</time><speed>0.000</speed><sat>32</sat></trkpt>
  <trkpt lat="45.60367727" lon="2.77344776"><ele>1346.673</ele><time>2026-09-22T13:04:23Z</time><speed>0.000</speed><sat>32</sat></trkpt>
  <trkpt lat="45.60367717" lon="2.77344800"><ele>1346.650</ele><time>2026-09-22T13:04:26Z</time><speed>0.000</speed><sat>32</sat></trkpt>
  <trkpt lat="45.60367737" lon="2.77344815"><ele>1346.657</ele><time>2026-09-22T13:04:29Z</time><speed>0.000</speed><sat>32</sat></trkpt>
  <trkpt lat="45.60367735" lon="2.77344837"><ele>1346.668</ele><time>2026-09-22T13:04:32Z</time><speed>0.000</speed><sat>32</sat></trkpt>
  <trkpt lat="45.60367787" lon="2.77344825"><ele>1346.675</ele><time>2026-09-22T13:04:35Z</time><speed>0.000</speed><sat>32</sat></trkpt>
  <trkpt lat="45.60367797" lon="2.77344825"><ele>1346.672</ele><time>2026-09-22T13:04:38Z</time><speed>0.000</speed><sat>32</sat></trkpt>
  <trkpt lat="45.60367818" lon="2.77344825"><ele>1346.681</ele><time>2026-09-22T13:04:41Z</time><speed>0.000</speed><sat>32</sat></trkpt>
  <trkpt lat="45.60367833" lon="2.77344826"><ele>1346.689</ele><time>2026-09-22T13:04:44Z</time><speed>0.000</speed><sat>32</sat></trkpt>
  <trkpt lat="45.60367807" lon="2.77344768"><ele>1346.625</ele><time>2026-09-22T13:04:47Z</time><speed>0.000</speed><sat>32</sat></trkpt>
  <trkpt lat="45.60367792" lon="2.77344796"><ele>1346.603</ele><time>2026-09-22T13:04:50Z</time><speed>0.000</speed><sat>31</sat></trkpt>
  <trkpt lat="45.60367542" lon="2.77345336"><ele>1346.758</ele><time>2026-09-22T13:04:53Z</time><speed>0.490</speed><sat>32</sat></trkpt>
  <trkpt lat="45.60367435" lon="2.77345548"><ele>1346.796</ele><time>2026-09-22T13:04:56Z</time><speed>0.000</speed><sat>32</sat></trkpt>
  <trkpt lat="45.60367417" lon="2.77345596"><ele>1346.813</ele><time>2026-09-22T13:04:59Z</time><speed>0.000</speed><sat>31</sat></trkpt>
  <trkpt lat="45.60367433" lon="2.77345543"><ele>1346.743</ele><time>2026-09-22T13:05:02Z</time><speed>0.000</speed><sat>30</sat></trkpt>
  <trkpt lat="45.60367208" lon="2.77346208"><ele>1346.976</ele><time>2026-09-22T13:05:05Z</time><speed>0.300</speed><sat>29</sat></trkpt>
  <trkpt lat="45.60367292" lon="2.77347407"><ele>1347.095</ele><time>2026-09-22T13:05:08Z</time><speed>0.300</speed><sat>30</sat></trkpt>
  <trkpt lat="45.60367392" lon="2.77348012"><ele>1346.752</ele><time>2026-09-22T13:05:11Z</time><speed>0.000</speed><sat>30</sat></trkpt>
  <trkpt lat="45.60367417" lon="2.77348079"><ele>1346.759</ele><time>2026-09-22T13:05:14Z</time><speed>0.000</speed><sat>31</sat></trkpt>
  <trkpt lat="45.60367413" lon="2.77348101"><ele>1346.773</ele><time>2026-09-22T13:05:17Z</time><speed>0.000</speed><sat>31</sat></trkpt>
  <trkpt lat="45.60367429" lon="2.77348144"><ele>1346.743</ele><time>2026-09-22T13:05:20Z</time><speed>0.000</speed><sat>31</sat></trkpt>
  <trkpt lat="45.60367440" lon="2.77348165"><ele>1346.727</ele><time>2026-09-22T13:05:23Z</time><speed>0.000</speed><sat>31</sat></trkpt>
  <trkpt lat="45.60367430" lon="2.77348181"><ele>1346.737</ele><time>2026-09-22T13:05:26Z</time><speed>0.000</speed><sat>30</sat></trkpt>
  <trkpt lat="45.60367428" lon="2.77348187"><ele>1346.745</ele><time>2026-09-22T13:05:29Z</time><speed>0.000</speed><sat>31</sat></trkpt>
  <trkpt lat="45.60367421" lon="2.77348154"><ele>1346.746</ele><time>2026-09-22T13:05:32Z</time><speed>0.000</speed><sat>31</sat></trkpt>
  <trkpt lat="45.60367424" lon="2.77348164"><ele>1346.743</ele><time>2026-09-22T13:05:35Z</time><speed>0.000</speed><sat>31</sat></trkpt>
  <trkpt lat="45.60367430" lon="2.77348176"><ele>1346.727</ele><time>2026-09-22T13:05:38Z</time><speed>0.000</speed><sat>31</sat></trkpt>
  <trkpt lat="45.60367441" lon="2.77348216"><ele>1346.718</ele><time>2026-09-22T13:05:41Z</time><speed>0.000</speed><sat>30</sat></trkpt>
  <trkpt lat="45.60367433" lon="2.77348237"><ele>1346.711</ele><time>2026-09-22T13:05:44Z</time><speed>0.000</speed><sat>31</sat></trkpt>
  <trkpt lat="45.60367428" lon="2.77348230"><ele>1346.715</ele><time>2026-09-22T13:05:47Z</time><speed>0.000</speed><sat>32</sat></trkpt>
  <trkpt lat="45.60367442" lon="2.77348237"><ele>1346.715</ele><time>2026-09-22T13:05:50Z</time><speed>0.000</speed><sat>31</sat></trkpt>
  <trkpt lat="45.60367464" lon="2.77348259"><ele>1346.709</ele><time>2026-09-22T13:05:53Z</time><speed>0.000</speed><sat>31</sat></trkpt>
  <trkpt lat="45.60367471" lon="2.77348250"><ele>1346.713</ele><time>2026-09-22T13:05:56Z</time><speed>0.000</speed><sat>30</sat></trkpt>
  <trkpt lat="45.60367465" lon="2.77348239"><ele>1346.712</ele><time>2026-09-22T13:05:59Z</time><speed>0.000</speed><sat>30</sat></trkpt>
  <trkpt lat="45.60367472" lon="2.77348228"><ele>1346.720</ele><time>2026-09-22T13:06:02Z</time><speed>0.000</speed><sat>30</sat></trkpt>
  <trkpt lat="45.60367486" lon="2.77348229"><ele>1346.724</ele><time>2026-09-22T13:06:05Z</time><speed>0.000</speed><sat>30</sat></trkpt>
  <trkpt lat="45.60367532" lon="2.77348296"><ele>1346.689</ele><time>2026-09-22T13:06:08Z</time><speed>0.000</speed><sat>29</sat></trkpt>
  <trkpt lat="45.60367535" lon="2.77348302"><ele>1346.695</ele><time>2026-09-22T13:06:11Z</time><speed>0.000</speed><sat>32</sat></trkpt>
  <trkpt lat="45.60367511" lon="2.77348274"><ele>1346.714</ele><time>2026-09-22T13:06:14Z</time><speed>0.000</speed><sat>30</sat></trkpt>
  <trkpt lat="45.60367515" lon="2.77348264"><ele>1346.718</ele><time>2026-09-22T13:06:17Z</time><speed>0.000</speed><sat>32</sat></trkpt>
  <trkpt lat="45.60367534" lon="2.77348247"><ele>1346.716</ele><time>2026-09-22T13:06:20Z</time><speed>0.000</speed><sat>32</sat></trkpt>
  <trkpt lat="45.60367577" lon="2.77348276"><ele>1346.707</ele><time>2026-09-22T13:06:23Z</time><speed>0.000</speed><sat>32</sat></trkpt>
  <trkpt lat="45.60367640" lon="2.77348316"><ele>1346.656</ele><time>2026-09-22T13:06:26Z</time><speed>0.000</speed><sat>32</sat></trkpt>
  <trkpt lat="45.60367635" lon="2.77348322"><ele>1346.657</ele><time>2026-09-22T13:06:29Z</time><speed>0.000</speed><sat>31</sat></trkpt>
  <trkpt lat="45.60367670" lon="2.77348365"><ele>1346.644</ele><time>2026-09-22T13:06:32Z</time><speed>0.000</speed><sat>32</sat></trkpt>
  <trkpt lat="45.60367686" lon="2.77348350"><ele>1346.661</ele><time>2026-09-22T13:06:35Z</time><speed>0.000</speed><sat>32</sat></trkpt>
  <trkpt lat="45.60367678" lon="2.77348338"><ele>1346.668</ele><time>2026-09-22T13:06:38Z</time><speed>0.000</speed><sat>32</sat></trkpt>
  <trkpt lat="45.60367682" lon="2.77348344"><ele>1346.665</ele><time>2026-09-22T13:06:41Z</time><speed>0.000</speed><sat>32</sat></trkpt>
  <trkpt lat="45.60367704" lon="2.77348365"><ele>1346.654</ele><time>2026-09-22T13:06:44Z</time><speed>0.000</speed><sat>31</sat></trkpt>
  <trkpt lat="45.60367722" lon="2.77348385"><ele>1346.648</ele><time>2026-09-22T13:06:47Z</time><speed>0.000</speed><sat>31</sat></trkpt>
  <trkpt lat="45.60367752" lon="2.77348416"><ele>1346.631</ele><time>2026-09-22T13:06:50Z</time><speed>0.000</speed><sat>32</sat></trkpt>
  <trkpt lat="45.60367764" lon="2.77348421"><ele>1346.637</ele><time>2026-09-22T13:06:53Z</time><speed>0.000</speed><sat>31</sat></trkpt>
  <trkpt lat="45.60367764" lon="2.77348407"><ele>1346.653</ele><time>2026-09-22T13:06:56Z</time><speed>0.000</speed><sat>30</sat></trkpt>
  <trkpt lat="45.60367781" lon="2.77348427"><ele>1346.642</ele><time>2026-09-22T13:06:59Z</time><speed>0.000</speed><sat>30</sat></trkpt>
  <trkpt lat="45.60367848" lon="2.77348474"><ele>1346.637</ele><time>2026-09-22T13:07:02Z</time><speed>0.000</speed><sat>30</sat></trkpt>
  <trkpt lat="45.60367841" lon="2.77348515"><ele>1346.637</ele><time>2026-09-22T13:07:05Z</time><speed>0.000</speed><sat>32</sat></trkpt>
  <trkpt lat="45.60367861" lon="2.77348542"><ele>1346.628</ele><time>2026-09-22T13:07:08Z</time><speed>0.000</speed><sat>31</sat></trkpt>
  <trkpt lat="45.60367890" lon="2.77348571"><ele>1346.628</ele><time>2026-09-22T13:07:11Z</time><speed>0.000</speed><sat>32</sat></trkpt>
  <trkpt lat="45.60367899" lon="2.77348590"><ele>1346.629</ele><time>2026-09-22T13:07:14Z</time><speed>0.000</speed><sat>32</sat></trkpt>
  <trkpt lat="45.60367900" lon="2.77348595"><ele>1346.627</ele><time>2026-09-22T13:07:17Z</time><speed>0.000</speed><sat>32</sat></trkpt>
  <trkpt lat="45.60367890" lon="2.77348594"><ele>1346.625</ele><time>2026-09-22T13:07:20Z</time><speed>0.000</speed><sat>31</sat></trkpt>
  <trkpt lat="45.60367894" lon="2.77348560"><ele>1346.668</ele><time>2026-09-22T13:07:23Z</time><speed>0.000</speed><sat>31</sat></trkpt>
  <trkpt lat="45.60367869" lon="2.77349022"><ele>1346.829</ele><time>2026-09-22T13:07:26Z</time><speed>0.000</speed><sat>32</sat></trkpt>
  <trkpt lat="45.60367885" lon="2.77349146"><ele>1346.814</ele><time>2026-09-22T13:07:29Z</time><speed>0.000</speed><sat>32</sat></trkpt>
  <trkpt lat="45.60367881" lon="2.77349136"><ele>1346.819</ele><time>2026-09-22T13:07:32Z</time><speed>0.000</speed><sat>32</sat></trkpt>
  <trkpt lat="45.60367874" lon="2.77349089"><ele>1346.852</ele><time>2026-09-22T13:07:35Z</time><speed>0.000</speed><sat>31</sat></trkpt>
  <trkpt lat="45.60367848" lon="2.77349106"><ele>1346.851</ele><time>2026-09-22T13:07:38Z</time><speed>0.000</speed><sat>30</sat></trkpt>
  <trkpt lat="45.60367693" lon="2.77349564"><ele>1346.854</ele><time>2026-09-22T13:07:41Z</time><speed>0.000</speed><sat>31</sat></trkpt>
  <trkpt lat="45.60367693" lon="2.77349587"><ele>1346.819</ele><time>2026-09-22T13:07:44Z</time><speed>0.000</speed><sat>32</sat></trkpt>
  <trkpt lat="45.60367726" lon="2.77349625"><ele>1346.782</ele><time>2026-09-22T13:07:47Z</time><speed>0.000</speed><sat>31</sat></trkpt>
  <trkpt lat="45.60367743" lon="2.77349658"><ele>1346.793</ele><time>2026-09-22T13:07:50Z</time><speed>0.000</speed><sat>29</sat></trkpt>
  <trkpt lat="45.60367751" lon="2.77349675"><ele>1346.789</ele><time>2026-09-22T13:07:53Z</time><speed>0.000</speed><sat>27</sat></trkpt>
  <trkpt lat="45.60367777" lon="2.77349733"><ele>1346.966</ele><time>2026-09-22T13:07:56Z</time><speed>0.000</speed><sat>25</sat></trkpt>
  <trkpt lat="45.60367788" lon="2.77349792"><ele>1347.025</ele><time>2026-09-22T13:07:59Z</time><speed>0.000</speed><sat>32</sat></trkpt>
  <trkpt lat="45.60367828" lon="2.77349952"><ele>1347.012</ele><time>2026-09-22T13:08:02Z</time><speed>0.000</speed><sat>32</sat></trkpt>
  <trkpt lat="45.60367841" lon="2.77349988"><ele>1347.005</ele><time>2026-09-22T13:08:05Z</time><speed>0.000</speed><sat>32</sat></trkpt>
  <trkpt lat="45.60367871" lon="2.77350031"><ele>1346.999</ele><time>2026-09-22T13:08:08Z</time><speed>0.000</speed><sat>32</sat></trkpt>
  <trkpt lat="45.60367852" lon="2.77350032"><ele>1347.011</ele><time>2026-09-22T13:08:11Z</time><speed>0.000</speed><sat>31</sat></trkpt>
  <trkpt lat="45.60367830" lon="2.77350031"><ele>1347.003</ele><time>2026-09-22T13:08:14Z</time><speed>0.000</speed><sat>30</sat></trkpt>
  <trkpt lat="45.60367843" lon="2.77350065"><ele>1346.981</ele><time>2026-09-22T13:08:17Z</time><speed>0.000</speed><sat>30</sat></trkpt>
  <trkpt lat="45.60367073" lon="2.77351746"><ele>1347.171</ele><time>2026-09-22T13:08:20Z</time><speed>0.870</speed><sat>32</sat></trkpt>
  <trkpt lat="45.60365370" lon="2.77355473"><ele>1348.597</ele><time>2026-09-22T13:08:23Z</time><speed>1.170</speed><sat>32</sat></trkpt>
  <trkpt lat="45.60363573" lon="2.77359687"><ele>1348.802</ele><time>2026-09-22T13:08:26Z</time><speed>1.250</speed><sat>32</sat></trkpt>
  <trkpt lat="45.60361646" lon="2.77362385"><ele>1349.541</ele><time>2026-09-22T13:08:29Z</time><speed>1.290</speed><sat>32</sat></trkpt>
  <trkpt lat="45.60360058" lon="2.77365637"><ele>1349.934</ele><time>2026-09-22T13:08:32Z</time><speed>1.070</speed><sat>31</sat></trkpt>
  <trkpt lat="45.60358294" lon="2.77368720"><ele>1350.191</ele><time>2026-09-22T13:08:35Z</time><speed>0.940</speed><sat>30</sat></trkpt>
  <trkpt lat="45.60355556" lon="2.77372319"><ele>1350.920</ele><time>2026-09-22T13:08:38Z</time><speed>1.400</speed><sat>30</sat></trkpt>
  <trkpt lat="45.60353579" lon="2.77375393"><ele>1351.396</ele><time>2026-09-22T13:08:41Z</time><speed>1.110</speed><sat>30</sat></trkpt>
  <trkpt lat="45.60351073" lon="2.77379116"><ele>1352.261</ele><time>2026-09-22T13:08:44Z</time><speed>1.250</speed><sat>31</sat></trkpt>
  <trkpt lat="45.60348847" lon="2.77383105"><ele>1352.567</ele><time>2026-09-22T13:08:47Z</time><speed>1.400</speed><sat>31</sat></trkpt>
  <trkpt lat="45.60346846" lon="2.77386459"><ele>1352.998</ele><time>2026-09-22T13:08:50Z</time><speed>1.030</speed><sat>30</sat></trkpt>
  <trkpt lat="45.60344983" lon="2.77390349"><ele>1352.700</ele><time>2026-09-22T13:08:53Z</time><speed>0.940</speed><sat>31</sat></trkpt>
  <trkpt lat="45.60343186" lon="2.77394381"><ele>1353.119</ele><time>2026-09-22T13:08:56Z</time><speed>1.090</speed><sat>30</sat></trkpt>
  <trkpt lat="45.60341353" lon="2.77397858"><ele>1353.452</ele><time>2026-09-22T13:08:59Z</time><speed>1.360</speed><sat>31</sat></trkpt>
  <trkpt lat="45.60339393" lon="2.77402046"><ele>1353.790</ele><time>2026-09-22T13:09:02Z</time><speed>1.580</speed><sat>31</sat></trkpt>
  <trkpt lat="45.60337975" lon="2.77406875"><ele>1353.926</ele><time>2026-09-22T13:09:05Z</time><speed>1.640</speed><sat>30</sat></trkpt>
  <trkpt lat="45.60335197" lon="2.77412788"><ele>1354.944</ele><time>2026-09-22T13:09:08Z</time><speed>1.950</speed><sat>30</sat></trkpt>
  <trkpt lat="45.60332408" lon="2.77416682"><ele>1356.570</ele><time>2026-09-22T13:09:11Z</time><speed>2.220</speed><sat>29</sat></trkpt>
  <trkpt lat="45.60329766" lon="2.77422067"><ele>1357.682</ele><time>2026-09-22T13:09:14Z</time><speed>2.150</speed><sat>30</sat></trkpt>
  <trkpt lat="45.60326454" lon="2.77426208"><ele>1359.130</ele><time>2026-09-22T13:09:17Z</time><speed>1.510</speed><sat>30</sat></trkpt>
  <trkpt lat="45.60324659" lon="2.77431782"><ele>1358.666</ele><time>2026-09-22T13:09:20Z</time><speed>2.250</speed><sat>31</sat></trkpt>
  <trkpt lat="45.60324140" lon="2.77436129"><ele>1358.617</ele><time>2026-09-22T13:09:23Z</time><speed>2.070</speed><sat>32</sat></trkpt>
  <trkpt lat="45.60321375" lon="2.77440998"><ele>1360.065</ele><time>2026-09-22T13:09:26Z</time><speed>2.110</speed><sat>31</sat></trkpt>
  <trkpt lat="45.60319897" lon="2.77446062"><ele>1360.834</ele><time>2026-09-22T13:09:29Z</time><speed>1.420</speed><sat>32</sat></trkpt>
  <trkpt lat="45.60319834" lon="2.77448392"><ele>1360.781</ele><time>2026-09-22T13:09:32Z</time><speed>1.090</speed><sat>32</sat></trkpt>
  <trkpt lat="45.60319967" lon="2.77451071"><ele>1362.038</ele><time>2026-09-22T13:09:35Z</time><speed>0.920</speed><sat>31</sat></trkpt>
  <trkpt lat="45.60320010" lon="2.77454703"><ele>1362.100</ele><time>2026-09-22T13:09:38Z</time><speed>1.010</speed><sat>32</sat></trkpt>
  <trkpt lat="45.60319807" lon="2.77458742"><ele>1362.408</ele><time>2026-09-22T13:09:41Z</time><speed>1.240</speed><sat>32</sat></trkpt>
  <trkpt lat="45.60319460" lon="2.77462479"><ele>1362.972</ele><time>2026-09-22T13:09:44Z</time><speed>1.500</speed><sat>31</sat></trkpt>
  <trkpt lat="45.60318666" lon="2.77466558"><ele>1363.098</ele><time>2026-09-22T13:09:47Z</time><speed>1.240</speed><sat>31</sat></trkpt>
  <trkpt lat="45.60318560" lon="2.77470566"><ele>1363.190</ele><time>2026-09-22T13:09:50Z</time><speed>0.770</speed><sat>31</sat></trkpt>
  <trkpt lat="45.60319420" lon="2.77474443"><ele>1362.819</ele><time>2026-09-22T13:09:53Z</time><speed>1.120</speed><sat>31</sat></trkpt>
  <trkpt lat="45.60320085" lon="2.77478952"><ele>1362.765</ele><time>2026-09-22T13:09:56Z</time><speed>1.510</speed><sat>31</sat></trkpt>
  <trkpt lat="45.60320031" lon="2.77484487"><ele>1363.181</ele><time>2026-09-22T13:09:59Z</time><speed>1.550</speed><sat>30</sat></trkpt>
  <trkpt lat="45.60319653" lon="2.77490810"><ele>1362.635</ele><time>2026-09-22T13:10:02Z</time><speed>1.730</speed><sat>30</sat></trkpt>
  <trkpt lat="45.60318169" lon="2.77497314"><ele>1363.237</ele><time>2026-09-22T13:10:05Z</time><speed>1.760</speed><sat>31</sat></trkpt>
  <trkpt lat="45.60315547" lon="2.77502673"><ele>1364.675</ele><time>2026-09-22T13:10:08Z</time><speed>2.280</speed><sat>31</sat></trkpt>
  <trkpt lat="45.60312770" lon="2.77508842"><ele>1367.597</ele><time>2026-09-22T13:10:11Z</time><speed>2.260</speed><sat>31</sat></trkpt>
  <trkpt lat="45.60310302" lon="2.77513756"><ele>1369.610</ele><time>2026-09-22T13:10:14Z</time><speed>2.370</speed><sat>32</sat></trkpt>
  <trkpt lat="45.60310223" lon="2.77520125"><ele>1371.769</ele><time>2026-09-22T13:10:17Z</time><speed>2.340</speed><sat>32</sat></trkpt>
  <trkpt lat="45.60311624" lon="2.77527093"><ele>1372.223</ele><time>2026-09-22T13:10:20Z</time><speed>2.420</speed><sat>32</sat></trkpt>
  <trkpt lat="45.60308865" lon="2.77533956"><ele>1376.145</ele><time>2026-09-22T13:10:23Z</time><speed>2.420</speed><sat>31</sat></trkpt>
  <trkpt lat="45.60308590" lon="2.77541848"><ele>1375.698</ele><time>2026-09-22T13:10:26Z</time><speed>2.910</speed><sat>31</sat></trkpt>
  <trkpt lat="45.60307237" lon="2.77545074"><ele>1375.405</ele><time>2026-09-22T13:10:29Z</time><speed>1.430</speed><sat>31</sat></trkpt>
  <trkpt lat="45.60307818" lon="2.77544940"><ele>1374.014</ele><time>2026-09-22T13:10:32Z</time><speed>1.230</speed><sat>31</sat></trkpt>
  <trkpt lat="45.60307971" lon="2.77546978"><ele>1374.364</ele><time>2026-09-22T13:10:35Z</time><speed>0.760</speed><sat>30</sat></trkpt>
  <trkpt lat="45.60309380" lon="2.77549912"><ele>1373.100</ele><time>2026-09-22T13:10:38Z</time><speed>1.010</speed><sat>31</sat></trkpt>
  <trkpt lat="45.60311920" lon="2.77551465"><ele>1371.065</ele><time>2026-09-22T13:10:41Z</time><speed>1.330</speed><sat>32</sat></trkpt>
  <trkpt lat="45.60312231" lon="2.77553756"><ele>1371.593</ele><time>2026-09-22T13:10:44Z</time><speed>1.070</speed><sat>31</sat></trkpt>
  <trkpt lat="45.60311818" lon="2.77557072"><ele>1372.142</ele><time>2026-09-22T13:10:47Z</time><speed>0.670</speed><sat>31</sat></trkpt>
  <trkpt lat="45.60311741" lon="2.77560322"><ele>1372.658</ele><time>2026-09-22T13:10:50Z</time><speed>0.450</speed><sat>32</sat></trkpt>
  <trkpt lat="45.60313806" lon="2.77562121"><ele>1370.344</ele><time>2026-09-22T13:10:53Z</time><speed>0.960</speed><sat>32</sat></trkpt>
  <trkpt lat="45.60314033" lon="2.77565212"><ele>1371.149</ele><time>2026-09-22T13:10:56Z</time><speed>1.110</speed><sat>31</sat></trkpt>
  <trkpt lat="45.60313917" lon="2.77568493"><ele>1370.806</ele><time>2026-09-22T13:10:59Z</time><speed>1.370</speed><sat>31</sat></trkpt>
  <trkpt lat="45.60314455" lon="2.77571428"><ele>1370.353</ele><time>2026-09-22T13:11:02Z</time><speed>0.960</speed><sat>31</sat></trkpt>
  <trkpt lat="45.60314696" lon="2.77574585"><ele>1370.267</ele><time>2026-09-22T13:11:05Z</time><speed>0.780</speed><sat>31</sat></trkpt>
  <trkpt lat="45.60314708" lon="2.77578277"><ele>1370.717</ele><time>2026-09-22T13:11:08Z</time><speed>0.940</speed><sat>31</sat></trkpt>
  <trkpt lat="45.60314619" lon="2.77582004"><ele>1370.994</ele><time>2026-09-22T13:11:11Z</time><speed>0.970</speed><sat>31</sat></trkpt>
  <trkpt lat="45.60314481" lon="2.77586138"><ele>1371.292</ele><time>2026-09-22T13:11:14Z</time><speed>1.140</speed><sat>31</sat></trkpt>
  <trkpt lat="45.60314555" lon="2.77590122"><ele>1371.736</ele><time>2026-09-22T13:11:17Z</time><speed>0.710</speed><sat>31</sat></trkpt>
  <trkpt lat="45.60314741" lon="2.77594910"><ele>1371.891</ele><time>2026-09-22T13:11:20Z</time><speed>1.000</speed><sat>31</sat></trkpt>
  <trkpt lat="45.60314873" lon="2.77599108"><ele>1372.197</ele><time>2026-09-22T13:11:23Z</time><speed>1.290</speed><sat>30</sat></trkpt>
  <trkpt lat="45.60314981" lon="2.77603137"><ele>1372.463</ele><time>2026-09-22T13:11:26Z</time><speed>1.280</speed><sat>30</sat></trkpt>
  <trkpt lat="45.60314942" lon="2.77607195"><ele>1372.817</ele><time>2026-09-22T13:11:29Z</time><speed>0.730</speed><sat>31</sat></trkpt>
  <trkpt lat="45.60314979" lon="2.77611352"><ele>1373.182</ele><time>2026-09-22T13:11:32Z</time><speed>0.820</speed><sat>30</sat></trkpt>
  <trkpt lat="45.60314953" lon="2.77615402"><ele>1373.323</ele><time>2026-09-22T13:11:35Z</time><speed>1.030</speed><sat>30</sat></trkpt>
  <trkpt lat="45.60314653" lon="2.77618896"><ele>1373.190</ele><time>2026-09-22T13:11:38Z</time><speed>0.950</speed><sat>31</sat></trkpt>
  <trkpt lat="45.60314729" lon="2.77623190"><ele>1373.063</ele><time>2026-09-22T13:11:41Z</time><speed>1.220</speed><sat>32</sat></trkpt>
  <trkpt lat="45.60314676" lon="2.77627844"><ele>1373.536</ele><time>2026-09-22T13:11:44Z</time><speed>0.810</speed><sat>31</sat></trkpt>
  <trkpt lat="45.60315219" lon="2.77633444"><ele>1374.065</ele><time>2026-09-22T13:11:47Z</time><speed>1.630</speed><sat>30</sat></trkpt>
  <trkpt lat="45.60315105" lon="2.77638854"><ele>1374.430</ele><time>2026-09-22T13:11:50Z</time><speed>1.150</speed><sat>32</sat></trkpt>
  <trkpt lat="45.60315010" lon="2.77644402"><ele>1375.053</ele><time>2026-09-22T13:11:53Z</time><speed>1.470</speed><sat>32</sat></trkpt>
  <trkpt lat="45.60314540" lon="2.77647642"><ele>1375.321</ele><time>2026-09-22T13:11:56Z</time><speed>1.190</speed><sat>31</sat></trkpt>
  <trkpt lat="45.60315707" lon="2.77650925"><ele>1374.663</ele><time>2026-09-22T13:11:59Z</time><speed>0.720</speed><sat>32</sat></trkpt>
  <trkpt lat="45.60315919" lon="2.77654106"><ele>1375.096</ele><time>2026-09-22T13:12:02Z</time><speed>0.880</speed><sat>32</sat></trkpt>
  <trkpt lat="45.60315984" lon="2.77658088"><ele>1375.276</ele><time>2026-09-22T13:12:05Z</time><speed>1.070</speed><sat>32</sat></trkpt>
  <trkpt lat="45.60316657" lon="2.77662388"><ele>1376.034</ele><time>2026-09-22T13:12:08Z</time><speed>1.280</speed><sat>31</sat></trkpt>
  <trkpt lat="45.60317067" lon="2.77666195"><ele>1375.888</ele><time>2026-09-22T13:12:11Z</time><speed>0.990</speed><sat>31</sat></trkpt>
  <trkpt lat="45.60317420" lon="2.77670351"><ele>1375.994</ele><time>2026-09-22T13:12:14Z</time><speed>0.820</speed><sat>32</sat></trkpt>
  <trkpt lat="45.60317750" lon="2.77674813"><ele>1376.684</ele><time>2026-09-22T13:12:17Z</time><speed>1.210</speed><sat>32</sat></trkpt>
  <trkpt lat="45.60318567" lon="2.77679558"><ele>1377.742</ele><time>2026-09-22T13:12:20Z</time><speed>1.360</speed><sat>32</sat></trkpt>
  <trkpt lat="45.60320271" lon="2.77683636"><ele>1377.510</ele><time>2026-09-22T13:12:23Z</time><speed>1.040</speed><sat>32</sat></trkpt>
  <trkpt lat="45.60320772" lon="2.77687532"><ele>1378.425</ele><time>2026-09-22T13:12:26Z</time><speed>0.840</speed><sat>32</sat></trkpt>
  <trkpt lat="45.60321607" lon="2.77691186"><ele>1379.065</ele><time>2026-09-22T13:12:29Z</time><speed>1.040</speed><sat>32</sat></trkpt>
  <trkpt lat="45.60322502" lon="2.77694708"><ele>1379.312</ele><time>2026-09-22T13:12:32Z</time><speed>1.250</speed><sat>32</sat></trkpt>
  <trkpt lat="45.60323515" lon="2.77698386"><ele>1379.607</ele><time>2026-09-22T13:12:35Z</time><speed>0.890</speed><sat>31</sat></trkpt>
  <trkpt lat="45.60324623" lon="2.77701783"><ele>1379.443</ele><time>2026-09-22T13:12:38Z</time><speed>0.860</speed><sat>31</sat></trkpt>
  <trkpt lat="45.60325161" lon="2.77703853"><ele>1377.954</ele><time>2026-09-22T13:12:41Z</time><speed>0.330</speed><sat>31</sat></trkpt>
  <trkpt lat="45.60324098" lon="2.77704583"><ele>1377.534</ele><time>2026-09-22T13:12:44Z</time><speed>0.000</speed><sat>32</sat></trkpt>
  <trkpt lat="45.60323995" lon="2.77704541"><ele>1377.497</ele><time>2026-09-22T13:12:47Z</time><speed>0.000</speed><sat>32</sat></trkpt>
  <trkpt lat="45.60323964" lon="2.77704491"><ele>1377.434</ele><time>2026-09-22T13:12:50Z</time><speed>0.000</speed><sat>32</sat></trkpt>
  <trkpt lat="45.60323966" lon="2.77704446"><ele>1377.424</ele><time>2026-09-22T13:12:53Z</time><speed>0.000</speed><sat>32</sat></trkpt>
  <trkpt lat="45.60323926" lon="2.77704399"><ele>1377.330</ele><time>2026-09-22T13:12:56Z</time><speed>0.000</speed><sat>32</sat></trkpt>
  <trkpt lat="45.60323914" lon="2.77704335"><ele>1377.286</ele><time>2026-09-22T13:12:59Z</time><speed>0.000</speed><sat>32</sat></trkpt>
  <trkpt lat="45.60323916" lon="2.77704309"><ele>1377.247</ele><time>2026-09-22T13:13:02Z</time><speed>0.000</speed><sat>32</sat></trkpt>
  <trkpt lat="45.60323934" lon="2.77704323"><ele>1377.228</ele><time>2026-09-22T13:13:05Z</time><speed>0.000</speed><sat>32</sat></trkpt>
  <trkpt lat="45.60323931" lon="2.77704305"><ele>1377.195</ele><time>2026-09-22T13:13:08Z</time><speed>0.000</speed><sat>31</sat></trkpt>
  <trkpt lat="45.60323933" lon="2.77704275"><ele>1377.188</ele><time>2026-09-22T13:13:11Z</time><speed>0.000</speed><sat>32</sat></trkpt>
  <trkpt lat="45.60323919" lon="2.77704294"><ele>1377.165</ele><time>2026-09-22T13:13:14Z</time><speed>0.000</speed><sat>32</sat></trkpt>
  <trkpt lat="45.60323910" lon="2.77704286"><ele>1377.126</ele><time>2026-09-22T13:13:17Z</time><speed>0.000</speed><sat>31</sat></trkpt>
  <trkpt lat="45.60323935" lon="2.77704258"><ele>1377.119</ele><time>2026-09-22T13:13:20Z</time><speed>0.000</speed><sat>31</sat></trkpt>
  <trkpt lat="45.60323927" lon="2.77704246"><ele>1377.114</ele><time>2026-09-22T13:13:23Z</time><speed>0.000</speed><sat>31</sat></trkpt>
  <trkpt lat="45.60323914" lon="2.77704241"><ele>1377.115</ele><time>2026-09-22T13:13:26Z</time><speed>0.000</speed><sat>32</sat></trkpt>
  <trkpt lat="45.60323908" lon="2.77704224"><ele>1377.105</ele><time>2026-09-22T13:13:29Z</time><speed>0.000</speed><sat>32</sat></trkpt>
  <trkpt lat="45.60323921" lon="2.77704205"><ele>1377.073</ele><time>2026-09-22T13:13:32Z</time><speed>0.000</speed><sat>31</sat></trkpt>
  <trkpt lat="45.60323925" lon="2.77704181"><ele>1377.048</ele><time>2026-09-22T13:13:35Z</time><speed>0.000</speed><sat>31</sat></trkpt>
  <trkpt lat="45.60323914" lon="2.77704151"><ele>1377.033</ele><time>2026-09-22T13:13:38Z</time><speed>0.000</speed><sat>31</sat></trkpt>
  <trkpt lat="45.60323910" lon="2.77704129"><ele>1377.024</ele><time>2026-09-22T13:13:41Z</time><speed>0.000</speed><sat>31</sat></trkpt>
  <trkpt lat="45.60323919" lon="2.77704098"><ele>1376.991</ele><time>2026-09-22T13:13:44Z</time><speed>0.000</speed><sat>31</sat></trkpt>
  <trkpt lat="45.60323920" lon="2.77704042"><ele>1376.963</ele><time>2026-09-22T13:13:47Z</time><speed>0.000</speed><sat>31</sat></trkpt>
  <trkpt lat="45.60323925" lon="2.77703988"><ele>1376.936</ele><time>2026-09-22T13:13:50Z</time><speed>0.000</speed><sat>30</sat></trkpt>
  <trkpt lat="45.60323914" lon="2.77703978"><ele>1376.950</ele><time>2026-09-22T13:13:53Z</time><speed>0.000</speed><sat>31</sat></trkpt>
  <trkpt lat="45.60323904" lon="2.77703918"><ele>1376.918</ele><time>2026-09-22T13:13:56Z</time><speed>0.000</speed><sat>31</sat></trkpt>
  <trkpt lat="45.60323951" lon="2.77703901"><ele>1376.888</ele><time>2026-09-22T13:13:59Z</time><speed>0.000</speed><sat>32</sat></trkpt>
  <trkpt lat="45.60323965" lon="2.77703894"><ele>1376.842</ele><time>2026-09-22T13:14:02Z</time><speed>0.000</speed><sat>32</sat></trkpt>
  <trkpt lat="45.60323979" lon="2.77703863"><ele>1376.839</ele><time>2026-09-22T13:14:05Z</time><speed>0.000</speed><sat>31</sat></trkpt>
  <trkpt lat="45.60323963" lon="2.77703821"><ele>1376.883</ele><time>2026-09-22T13:14:08Z</time><speed>0.000</speed><sat>31</sat></trkpt>
  <trkpt lat="45.60323954" lon="2.77703807"><ele>1376.880</ele><time>2026-09-22T13:14:11Z</time><speed>0.000</speed><sat>31</sat></trkpt>
  <trkpt lat="45.60323955" lon="2.77703801"><ele>1376.856</ele><time>2026-09-22T13:14:14Z</time><speed>0.000</speed><sat>31</sat></trkpt>
  <trkpt lat="45.60323964" lon="2.77703791"><ele>1376.833</ele><time>2026-09-22T13:14:17Z</time><speed>0.000</speed><sat>31</sat></trkpt>
  <trkpt lat="45.60323997" lon="2.77703770"><ele>1376.808</ele><time>2026-09-22T13:14:20Z</time><speed>0.000</speed><sat>31</sat></trkpt>
  <trkpt lat="45.60324002" lon="2.77703764"><ele>1376.791</ele><time>2026-09-22T13:14:23Z</time><speed>0.000</speed><sat>31</sat></trkpt>
  <trkpt lat="45.60324035" lon="2.77703756"><ele>1376.741</ele><time>2026-09-22T13:14:26Z</time><speed>0.000</speed><sat>32</sat></trkpt>
  <trkpt lat="45.60324043" lon="2.77703736"><ele>1376.723</ele><time>2026-09-22T13:14:29Z</time><speed>0.000</speed><sat>32</sat></trkpt>
  <trkpt lat="45.60324036" lon="2.77703719"><ele>1376.705</ele><time>2026-09-22T13:14:32Z</time><speed>0.000</speed><sat>32</sat></trkpt>
  <trkpt lat="45.60324034" lon="2.77703711"><ele>1376.688</ele><time>2026-09-22T13:14:35Z</time><speed>0.000</speed><sat>32</sat></trkpt>
  <trkpt lat="45.60324016" lon="2.77703715"><ele>1376.701</ele><time>2026-09-22T13:14:38Z</time><speed>0.000</speed><sat>32</sat></trkpt>
  <trkpt lat="45.60324028" lon="2.77703707"><ele>1376.717</ele><time>2026-09-22T13:14:41Z</time><speed>0.000</speed><sat>31</sat></trkpt>
  <trkpt lat="45.60324040" lon="2.77703668"><ele>1376.717</ele><time>2026-09-22T13:14:44Z</time><speed>0.000</speed><sat>33</sat></trkpt>
  <trkpt lat="45.60324025" lon="2.77703584"><ele>1376.690</ele><time>2026-09-22T13:14:47Z</time><speed>0.000</speed><sat>33</sat></trkpt>
  <trkpt lat="45.60324038" lon="2.77703571"><ele>1376.673</ele><time>2026-09-22T13:14:50Z</time><speed>0.000</speed><sat>33</sat></trkpt>
  <trkpt lat="45.60324049" lon="2.77703576"><ele>1376.658</ele><time>2026-09-22T13:14:53Z</time><speed>0.000</speed><sat>32</sat></trkpt>
  <trkpt lat="45.60324071" lon="2.77703576"><ele>1376.661</ele><time>2026-09-22T13:14:56Z</time><speed>0.000</speed><sat>33</sat></trkpt>
  <trkpt lat="45.60324083" lon="2.77703540"><ele>1376.644</ele><time>2026-09-22T13:14:59Z</time><speed>0.000</speed><sat>32</sat></trkpt>
  <trkpt lat="45.60324087" lon="2.77703527"><ele>1376.632</ele><time>2026-09-22T13:15:02Z</time><speed>0.000</speed><sat>31</sat></trkpt>
  <trkpt lat="45.60324079" lon="2.77703472"><ele>1376.635</ele><time>2026-09-22T13:15:05Z</time><speed>0.000</speed><sat>32</sat></trkpt>
  <trkpt lat="45.60324084" lon="2.77703444"><ele>1376.656</ele><time>2026-09-22T13:15:08Z</time><speed>0.000</speed><sat>32</sat></trkpt>
  <trkpt lat="45.60324080" lon="2.77703439"><ele>1376.652</ele><time>2026-09-22T13:15:11Z</time><speed>0.000</speed><sat>32</sat></trkpt>
  <trkpt lat="45.60324093" lon="2.77703434"><ele>1376.633</ele><time>2026-09-22T13:15:14Z</time><speed>0.000</speed><sat>31</sat></trkpt>
  <trkpt lat="45.60324071" lon="2.77703426"><ele>1376.622</ele><time>2026-09-22T13:15:17Z</time><speed>0.000</speed><sat>31</sat></trkpt>
  <trkpt lat="45.60324055" lon="2.77703423"><ele>1376.624</ele><time>2026-09-22T13:15:20Z</time><speed>0.000</speed><sat>31</sat></trkpt>
  <trkpt lat="45.60324048" lon="2.77703421"><ele>1376.620</ele><time>2026-09-22T13:15:23Z</time><speed>0.000</speed><sat>33</sat></trkpt>
  <trkpt lat="45.60324060" lon="2.77703412"><ele>1376.578</ele><time>2026-09-22T13:15:26Z</time><speed>0.000</speed><sat>33</sat></trkpt>
  <trkpt lat="45.60324039" lon="2.77703972"><ele>1376.640</ele><time>2026-09-22T13:15:29Z</time><speed>0.460</speed><sat>33</sat></trkpt>
  <trkpt lat="45.60324342" lon="2.77705047"><ele>1377.226</ele><time>2026-09-22T13:15:32Z</time><speed>0.000</speed><sat>33</sat></trkpt>
  <trkpt lat="45.60325626" lon="2.77708677"><ele>1377.166</ele><time>2026-09-22T13:15:35Z</time><speed>0.820</speed><sat>34</sat></trkpt>
  <trkpt lat="45.60326669" lon="2.77713629"><ele>1378.337</ele><time>2026-09-22T13:15:38Z</time><speed>1.280</speed><sat>34</sat></trkpt>
  <trkpt lat="45.60327601" lon="2.77718011"><ele>1378.726</ele><time>2026-09-22T13:15:41Z</time><speed>1.270</speed><sat>32</sat></trkpt>
  <trkpt lat="45.60328311" lon="2.77721998"><ele>1379.565</ele><time>2026-09-22T13:15:44Z</time><speed>0.960</speed><sat>32</sat></trkpt>
  <trkpt lat="45.60330396" lon="2.77726955"><ele>1380.006</ele><time>2026-09-22T13:15:47Z</time><speed>1.410</speed><sat>32</sat></trkpt>
  <trkpt lat="45.60331517" lon="2.77733078"><ele>1381.598</ele><time>2026-09-22T13:15:50Z</time><speed>1.830</speed><sat>32</sat></trkpt>
  <trkpt lat="45.60332935" lon="2.77738373"><ele>1382.668</ele><time>2026-09-22T13:15:53Z</time><speed>1.420</speed><sat>32</sat></trkpt>
  <trkpt lat="45.60333272" lon="2.77741391"><ele>1382.267</ele><time>2026-09-22T13:15:56Z</time><speed>0.770</speed><sat>31</sat></trkpt>
  <trkpt lat="45.60334509" lon="2.77744714"><ele>1382.080</ele><time>2026-09-22T13:15:59Z</time><speed>1.220</speed><sat>31</sat></trkpt>
  <trkpt lat="45.60335600" lon="2.77747484"><ele>1382.190</ele><time>2026-09-22T13:16:02Z</time><speed>0.520</speed><sat>30</sat></trkpt>
  <trkpt lat="45.60336066" lon="2.77748972"><ele>1382.706</ele><time>2026-09-22T13:16:05Z</time><speed>1.070</speed><sat>30</sat></trkpt>
  <trkpt lat="45.60337596" lon="2.77751072"><ele>1382.718</ele><time>2026-09-22T13:16:08Z</time><speed>1.040</speed><sat>31</sat></trkpt>
  <trkpt lat="45.60339751" lon="2.77752386"><ele>1382.532</ele><time>2026-09-22T13:16:11Z</time><speed>0.760</speed><sat>32</sat></trkpt>
  <trkpt lat="45.60343056" lon="2.77751923"><ele>1382.615</ele><time>2026-09-22T13:16:14Z</time><speed>0.670</speed><sat>32</sat></trkpt>
  <trkpt lat="45.60344134" lon="2.77754135"><ele>1382.829</ele><time>2026-09-22T13:16:17Z</time><speed>0.940</speed><sat>31</sat></trkpt>
  <trkpt lat="45.60345485" lon="2.77755932"><ele>1382.603</ele><time>2026-09-22T13:16:20Z</time><speed>0.910</speed><sat>32</sat></trkpt>
  <trkpt lat="45.60346499" lon="2.77758209"><ele>1382.151</ele><time>2026-09-22T13:16:23Z</time><speed>0.820</speed><sat>32</sat></trkpt>
  <trkpt lat="45.60347964" lon="2.77760713"><ele>1381.640</ele><time>2026-09-22T13:16:26Z</time><speed>0.830</speed><sat>31</sat></trkpt>
  <trkpt lat="45.60348362" lon="2.77763796"><ele>1380.074</ele><time>2026-09-22T13:16:29Z</time><speed>0.000</speed><sat>31</sat></trkpt>
  <trkpt lat="45.60348118" lon="2.77763885"><ele>1380.051</ele><time>2026-09-22T13:16:32Z</time><speed>0.000</speed><sat>31</sat></trkpt>
  <trkpt lat="45.60348371" lon="2.77764438"><ele>1380.236</ele><time>2026-09-22T13:16:35Z</time><speed>0.000</speed><sat>30</sat></trkpt>
  <trkpt lat="45.60348411" lon="2.77764409"><ele>1380.269</ele><time>2026-09-22T13:16:38Z</time><speed>0.000</speed><sat>30</sat></trkpt>
  <trkpt lat="45.60348360" lon="2.77764338"><ele>1380.286</ele><time>2026-09-22T13:16:41Z</time><speed>0.000</speed><sat>30</sat></trkpt>
  <trkpt lat="45.60349059" lon="2.77765468"><ele>1380.023</ele><time>2026-09-22T13:16:44Z</time><speed>0.800</speed><sat>30</sat></trkpt>
  <trkpt lat="45.60350062" lon="2.77766953"><ele>1380.180</ele><time>2026-09-22T13:16:47Z</time><speed>0.820</speed><sat>30</sat></trkpt>
  <trkpt lat="45.60351360" lon="2.77768901"><ele>1379.765</ele><time>2026-09-22T13:16:50Z</time><speed>0.840</speed><sat>30</sat></trkpt>
  <trkpt lat="45.60352677" lon="2.77771058"><ele>1379.928</ele><time>2026-09-22T13:16:53Z</time><speed>0.970</speed><sat>30</sat></trkpt>
  <trkpt lat="45.60353735" lon="2.77773362"><ele>1380.947</ele><time>2026-09-22T13:16:56Z</time><speed>0.780</speed><sat>30</sat></trkpt>
  <trkpt lat="45.60355104" lon="2.77775728"><ele>1380.842</ele><time>2026-09-22T13:16:59Z</time><speed>0.750</speed><sat>29</sat></trkpt>
  <trkpt lat="45.60357115" lon="2.77779609"><ele>1381.562</ele><time>2026-09-22T13:17:02Z</time><speed>1.060</speed><sat>29</sat></trkpt>
  <trkpt lat="45.60358731" lon="2.77781856"><ele>1381.952</ele><time>2026-09-22T13:17:05Z</time><speed>0.860</speed><sat>28</sat></trkpt>
  <trkpt lat="45.60360307" lon="2.77784275"><ele>1381.694</ele><time>2026-09-22T13:17:08Z</time><speed>0.870</speed><sat>28</sat></trkpt>
  <trkpt lat="45.60362220" lon="2.77787228"><ele>1382.437</ele><time>2026-09-22T13:17:11Z</time><speed>1.140</speed><sat>28</sat></trkpt>
  <trkpt lat="45.60363796" lon="2.77790039"><ele>1382.926</ele><time>2026-09-22T13:17:14Z</time><speed>1.170</speed><sat>28</sat></trkpt>
  <trkpt lat="45.60365805" lon="2.77793745"><ele>1383.802</ele><time>2026-09-22T13:17:17Z</time><speed>0.830</speed><sat>28</sat></trkpt>
  <trkpt lat="45.60367741" lon="2.77797585"><ele>1384.152</ele><time>2026-09-22T13:17:20Z</time><speed>1.160</speed><sat>28</sat></trkpt>
  <trkpt lat="45.60369893" lon="2.77801583"><ele>1383.908</ele><time>2026-09-22T13:17:23Z</time><speed>1.310</speed><sat>28</sat></trkpt>
  <trkpt lat="45.60371900" lon="2.77805845"><ele>1384.032</ele><time>2026-09-22T13:17:26Z</time><speed>1.150</speed><sat>27</sat></trkpt>
  <trkpt lat="45.60373995" lon="2.77810062"><ele>1384.738</ele><time>2026-09-22T13:17:29Z</time><speed>1.370</speed><sat>28</sat></trkpt>
  <trkpt lat="45.60375734" lon="2.77813052"><ele>1385.143</ele><time>2026-09-22T13:17:32Z</time><speed>0.860</speed><sat>28</sat></trkpt>
  <trkpt lat="45.60377490" lon="2.77816284"><ele>1385.397</ele><time>2026-09-22T13:17:35Z</time><speed>1.090</speed><sat>28</sat></trkpt>
  <trkpt lat="45.60379074" lon="2.77819418"><ele>1385.555</ele><time>2026-09-22T13:17:38Z</time><speed>1.050</speed><sat>28</sat></trkpt>
  <trkpt lat="45.60381154" lon="2.77822216"><ele>1386.212</ele><time>2026-09-22T13:17:41Z</time><speed>0.840</speed><sat>29</sat></trkpt>
  <trkpt lat="45.60382837" lon="2.77824264"><ele>1386.614</ele><time>2026-09-22T13:17:44Z</time><speed>0.460</speed><sat>29</sat></trkpt>
  <trkpt lat="45.60385099" lon="2.77825835"><ele>1387.489</ele><time>2026-09-22T13:17:47Z</time><speed>1.670</speed><sat>28</sat></trkpt>
  <trkpt lat="45.60386957" lon="2.77828278"><ele>1387.395</ele><time>2026-09-22T13:17:50Z</time><speed>0.990</speed><sat>29</sat></trkpt>
  <trkpt lat="45.60387960" lon="2.77831166"><ele>1387.965</ele><time>2026-09-22T13:17:53Z</time><speed>0.840</speed><sat>28</sat></trkpt>
  <trkpt lat="45.60389220" lon="2.77834093"><ele>1387.961</ele><time>2026-09-22T13:17:56Z</time><speed>0.980</speed><sat>27</sat></trkpt>
  <trkpt lat="45.60390482" lon="2.77836699"><ele>1387.822</ele><time>2026-09-22T13:17:59Z</time><speed>0.750</speed><sat>26</sat></trkpt>
  <trkpt lat="45.60391589" lon="2.77839423"><ele>1387.568</ele><time>2026-09-22T13:18:02Z</time><speed>0.590</speed><sat>25</sat></trkpt>
  <trkpt lat="45.60393250" lon="2.77841748"><ele>1387.467</ele><time>2026-09-22T13:18:05Z</time><speed>0.860</speed><sat>25</sat></trkpt>
  <trkpt lat="45.60393726" lon="2.77844789"><ele>1387.404</ele><time>2026-09-22T13:18:08Z</time><speed>0.000</speed><sat>25</sat></trkpt>
  <trkpt lat="45.60393926" lon="2.77845869"><ele>1387.337</ele><time>2026-09-22T13:18:11Z</time><speed>0.330</speed><sat>26</sat></trkpt>
  <trkpt lat="45.60395213" lon="2.77847751"><ele>1387.323</ele><time>2026-09-22T13:18:14Z</time><speed>0.580</speed><sat>26</sat></trkpt>
  <trkpt lat="45.60396555" lon="2.77848971"><ele>1387.720</ele><time>2026-09-22T13:18:17Z</time><speed>0.640</speed><sat>25</sat></trkpt>
  <trkpt lat="45.60397509" lon="2.77850142"><ele>1388.120</ele><time>2026-09-22T13:18:20Z</time><speed>0.580</speed><sat>25</sat></trkpt>
  <trkpt lat="45.60398287" lon="2.77850627"><ele>1387.780</ele><time>2026-09-22T13:18:23Z</time><speed>0.200</speed><sat>27</sat></trkpt>
  <trkpt lat="45.60398632" lon="2.77851179"><ele>1388.184</ele><time>2026-09-22T13:18:26Z</time><speed>0.000</speed><sat>27</sat></trkpt>
  <trkpt lat="45.60399029" lon="2.77851404"><ele>1388.098</ele><time>2026-09-22T13:18:29Z</time><speed>0.610</speed><sat>26</sat></trkpt>
  <trkpt lat="45.60399241" lon="2.77851253"><ele>1388.688</ele><time>2026-09-22T13:18:32Z</time><speed>0.000</speed><sat>27</sat></trkpt>
  <trkpt lat="45.60399532" lon="2.77850889"><ele>1388.936</ele><time>2026-09-22T13:18:35Z</time><speed>0.170</speed><sat>28</sat></trkpt>
  <trkpt lat="45.60400380" lon="2.77850861"><ele>1389.108</ele><time>2026-09-22T13:18:38Z</time><speed>0.340</speed><sat>27</sat></trkpt>
  <trkpt lat="45.60400616" lon="2.77850678"><ele>1389.105</ele><time>2026-09-22T13:18:41Z</time><speed>0.000</speed><sat>27</sat></trkpt>
  <trkpt lat="45.60401020" lon="2.77850702"><ele>1389.087</ele><time>2026-09-22T13:18:44Z</time><speed>0.400</speed><sat>27</sat></trkpt>
  <trkpt lat="45.60403075" lon="2.77850122"><ele>1389.466</ele><time>2026-09-22T13:18:47Z</time><speed>0.970</speed><sat>26</sat></trkpt>
  <trkpt lat="45.60405100" lon="2.77851569"><ele>1389.971</ele><time>2026-09-22T13:18:50Z</time><speed>0.980</speed><sat>26</sat></trkpt>
  <trkpt lat="45.60407209" lon="2.77852584"><ele>1390.274</ele><time>2026-09-22T13:18:53Z</time><speed>1.110</speed><sat>27</sat></trkpt>
  <trkpt lat="45.60409318" lon="2.77853300"><ele>1390.178</ele><time>2026-09-22T13:18:56Z</time><speed>1.100</speed><sat>26</sat></trkpt>
  <trkpt lat="45.60411116" lon="2.77853181"><ele>1390.134</ele><time>2026-09-22T13:18:59Z</time><speed>0.660</speed><sat>27</sat></trkpt>
  <trkpt lat="45.60413295" lon="2.77853822"><ele>1390.531</ele><time>2026-09-22T13:19:02Z</time><speed>0.660</speed><sat>27</sat></trkpt>
  <trkpt lat="45.60415350" lon="2.77854795"><ele>1391.272</ele><time>2026-09-22T13:19:05Z</time><speed>0.720</speed><sat>25</sat></trkpt>
  <trkpt lat="45.60417848" lon="2.77855277"><ele>1391.924</ele><time>2026-09-22T13:19:08Z</time><speed>0.950</speed><sat>25</sat></trkpt>
  <trkpt lat="45.60420361" lon="2.77854536"><ele>1392.559</ele><time>2026-09-22T13:19:11Z</time><speed>0.880</speed><sat>25</sat></trkpt>
  <trkpt lat="45.60422440" lon="2.77854008"><ele>1393.389</ele><time>2026-09-22T13:19:14Z</time><speed>0.820</speed><sat>25</sat></trkpt>
  <trkpt lat="45.60424428" lon="2.77853204"><ele>1393.429</ele><time>2026-09-22T13:19:17Z</time><speed>0.900</speed><sat>26</sat></trkpt>
  <trkpt lat="45.60426535" lon="2.77852608"><ele>1394.080</ele><time>2026-09-22T13:19:20Z</time><speed>0.800</speed><sat>25</sat></trkpt>
  <trkpt lat="45.60427885" lon="2.77853465"><ele>1393.617</ele><time>2026-09-22T13:19:23Z</time><speed>0.780</speed><sat>24</sat></trkpt>
  <trkpt lat="45.60429426" lon="2.77854444"><ele>1393.783</ele><time>2026-09-22T13:19:26Z</time><speed>0.550</speed><sat>23</sat></trkpt>
  <trkpt lat="45.60430674" lon="2.77855475"><ele>1394.041</ele><time>2026-09-22T13:19:29Z</time><speed>0.380</speed><sat>22</sat></trkpt>
  <trkpt lat="45.60432909" lon="2.77855046"><ele>1394.588</ele><time>2026-09-22T13:19:32Z</time><speed>1.040</speed><sat>23</sat></trkpt>
  <trkpt lat="45.60434811" lon="2.77852127"><ele>1394.925</ele><time>2026-09-22T13:19:35Z</time><speed>1.010</speed><sat>25</sat></trkpt>
  <trkpt lat="45.60436306" lon="2.77851076"><ele>1395.734</ele><time>2026-09-22T13:19:38Z</time><speed>0.850</speed><sat>24</sat></trkpt>
  <trkpt lat="45.60437878" lon="2.77850288"><ele>1395.438</ele><time>2026-09-22T13:19:41Z</time><speed>0.920</speed><sat>23</sat></trkpt>
  <trkpt lat="45.60439725" lon="2.77851295"><ele>1395.027</ele><time>2026-09-22T13:19:44Z</time><speed>0.810</speed><sat>22</sat></trkpt>
  <trkpt lat="45.60441107" lon="2.77853576"><ele>1395.841</ele><time>2026-09-22T13:19:47Z</time><speed>0.990</speed><sat>22</sat></trkpt>
  <trkpt lat="45.60442549" lon="2.77855192"><ele>1396.732</ele><time>2026-09-22T13:19:50Z</time><speed>0.760</speed><sat>23</sat></trkpt>
  <trkpt lat="45.60444221" lon="2.77854365"><ele>1397.167</ele><time>2026-09-22T13:19:53Z</time><speed>0.660</speed><sat>24</sat></trkpt>
  <trkpt lat="45.60446054" lon="2.77851775"><ele>1396.440</ele><time>2026-09-22T13:19:56Z</time><speed>0.860</speed><sat>26</sat></trkpt>
  <trkpt lat="45.60447802" lon="2.77850515"><ele>1397.059</ele><time>2026-09-22T13:19:59Z</time><speed>0.840</speed><sat>26</sat></trkpt>
  <trkpt lat="45.60449878" lon="2.77849164"><ele>1396.806</ele><time>2026-09-22T13:20:02Z</time><speed>0.790</speed><sat>24</sat></trkpt>
  <trkpt lat="45.60451313" lon="2.77848140"><ele>1396.741</ele><time>2026-09-22T13:20:05Z</time><speed>0.900</speed><sat>25</sat></trkpt>
  <trkpt lat="45.60451925" lon="2.77848107"><ele>1398.255</ele><time>2026-09-22T13:20:08Z</time><speed>0.700</speed><sat>25</sat></trkpt>
  <trkpt lat="45.60453537" lon="2.77847403"><ele>1399.069</ele><time>2026-09-22T13:20:11Z</time><speed>0.770</speed><sat>24</sat></trkpt>
  <trkpt lat="45.60454756" lon="2.77847010"><ele>1399.839</ele><time>2026-09-22T13:20:14Z</time><speed>0.630</speed><sat>26</sat></trkpt>
  <trkpt lat="45.60456488" lon="2.77846348"><ele>1399.838</ele><time>2026-09-22T13:20:17Z</time><speed>0.710</speed><sat>26</sat></trkpt>
  <trkpt lat="45.60457736" lon="2.77847557"><ele>1401.296</ele><time>2026-09-22T13:20:20Z</time><speed>0.410</speed><sat>25</sat></trkpt>
  <trkpt lat="45.60459216" lon="2.77847984"><ele>1402.625</ele><time>2026-09-22T13:20:23Z</time><speed>0.970</speed><sat>25</sat></trkpt>
  <trkpt lat="45.60460852" lon="2.77847759"><ele>1403.497</ele><time>2026-09-22T13:20:26Z</time><speed>0.920</speed><sat>24</sat></trkpt>
  <trkpt lat="45.60462388" lon="2.77848180"><ele>1404.328</ele><time>2026-09-22T13:20:29Z</time><speed>0.880</speed><sat>25</sat></trkpt>
  <trkpt lat="45.60463780" lon="2.77848866"><ele>1405.000</ele><time>2026-09-22T13:20:32Z</time><speed>0.700</speed><sat>25</sat></trkpt>
  <trkpt lat="45.60465503" lon="2.77848934"><ele>1405.909</ele><time>2026-09-22T13:20:35Z</time><speed>0.880</speed><sat>24</sat></trkpt>
  <trkpt lat="45.60466727" lon="2.77848841"><ele>1406.601</ele><time>2026-09-22T13:20:38Z</time><speed>0.310</speed><sat>24</sat></trkpt>
  <trkpt lat="45.60468220" lon="2.77848533"><ele>1407.274</ele><time>2026-09-22T13:20:41Z</time><speed>0.560</speed><sat>24</sat></trkpt>
  <trkpt lat="45.60469562" lon="2.77848554"><ele>1407.552</ele><time>2026-09-22T13:20:44Z</time><speed>0.880</speed><sat>24</sat></trkpt>
  <trkpt lat="45.60470974" lon="2.77848885"><ele>1407.823</ele><time>2026-09-22T13:20:47Z</time><speed>0.390</speed><sat>24</sat></trkpt>
  <trkpt lat="45.60472246" lon="2.77848103"><ele>1407.728</ele><time>2026-09-22T13:20:50Z</time><speed>0.420</speed><sat>24</sat></trkpt>
  <trkpt lat="45.60473222" lon="2.77846431"><ele>1407.988</ele><time>2026-09-22T13:20:53Z</time><speed>0.390</speed><sat>25</sat></trkpt>
  <trkpt lat="45.60474731" lon="2.77847941"><ele>1408.333</ele><time>2026-09-22T13:20:56Z</time><speed>0.610</speed><sat>26</sat></trkpt>
  <trkpt lat="45.60476389" lon="2.77849339"><ele>1409.141</ele><time>2026-09-22T13:20:59Z</time><speed>0.590</speed><sat>25</sat></trkpt>
  <trkpt lat="45.60477432" lon="2.77851333"><ele>1410.467</ele><time>2026-09-22T13:21:02Z</time><speed>0.460</speed><sat>24</sat></trkpt>
  <trkpt lat="45.60479580" lon="2.77852175"><ele>1411.141</ele><time>2026-09-22T13:21:05Z</time><speed>0.420</speed><sat>24</sat></trkpt>
  <trkpt lat="45.60481105" lon="2.77854105"><ele>1412.309</ele><time>2026-09-22T13:21:08Z</time><speed>0.910</speed><sat>24</sat></trkpt>
  <trkpt lat="45.60482582" lon="2.77855454"><ele>1413.352</ele><time>2026-09-22T13:21:11Z</time><speed>0.880</speed><sat>24</sat></trkpt>
  <trkpt lat="45.60484044" lon="2.77856648"><ele>1413.922</ele><time>2026-09-22T13:21:14Z</time><speed>0.700</speed><sat>25</sat></trkpt>
  <trkpt lat="45.60485595" lon="2.77857845"><ele>1414.151</ele><time>2026-09-22T13:21:17Z</time><speed>0.300</speed><sat>26</sat></trkpt>
  <trkpt lat="45.60486459" lon="2.77858923"><ele>1415.158</ele><time>2026-09-22T13:21:20Z</time><speed>0.000</speed><sat>26</sat></trkpt>
  <trkpt lat="45.60488030" lon="2.77860420"><ele>1415.031</ele><time>2026-09-22T13:21:23Z</time><speed>0.410</speed><sat>28</sat></trkpt>
  <trkpt lat="45.60489299" lon="2.77862239"><ele>1415.681</ele><time>2026-09-22T13:21:26Z</time><speed>0.470</speed><sat>28</sat></trkpt>
  <trkpt lat="45.60490098" lon="2.77864492"><ele>1416.023</ele><time>2026-09-22T13:21:29Z</time><speed>0.680</speed><sat>28</sat></trkpt>
  <trkpt lat="45.60491030" lon="2.77866946"><ele>1416.878</ele><time>2026-09-22T13:21:32Z</time><speed>1.130</speed><sat>29</sat></trkpt>
  <trkpt lat="45.60491497" lon="2.77869426"><ele>1417.927</ele><time>2026-09-22T13:21:35Z</time><speed>0.890</speed><sat>29</sat></trkpt>
  <trkpt lat="45.60492989" lon="2.77870741"><ele>1418.589</ele><time>2026-09-22T13:21:38Z</time><speed>0.710</speed><sat>29</sat></trkpt>
  <trkpt lat="45.60494502" lon="2.77871600"><ele>1418.696</ele><time>2026-09-22T13:21:41Z</time><speed>0.460</speed><sat>29</sat></trkpt>
  <trkpt lat="45.60495971" lon="2.77872889"><ele>1419.023</ele><time>2026-09-22T13:21:44Z</time><speed>0.470</speed><sat>30</sat></trkpt>
  <trkpt lat="45.60497721" lon="2.77874738"><ele>1420.615</ele><time>2026-09-22T13:21:47Z</time><speed>0.820</speed><sat>29</sat></trkpt>
  <trkpt lat="45.60499655" lon="2.77875210"><ele>1421.162</ele><time>2026-09-22T13:21:50Z</time><speed>0.730</speed><sat>30</sat></trkpt>
  <trkpt lat="45.60501619" lon="2.77875277"><ele>1421.258</ele><time>2026-09-22T13:21:53Z</time><speed>0.460</speed><sat>30</sat></trkpt>
  <trkpt lat="45.60503791" lon="2.77875173"><ele>1421.615</ele><time>2026-09-22T13:21:56Z</time><speed>0.460</speed><sat>30</sat></trkpt>
  <trkpt lat="45.60505305" lon="2.77874434"><ele>1422.341</ele><time>2026-09-22T13:21:59Z</time><speed>0.640</speed><sat>29</sat></trkpt>
  <trkpt lat="45.60505854" lon="2.77873488"><ele>1421.883</ele><time>2026-09-22T13:22:02Z</time><speed>0.000</speed><sat>30</sat></trkpt>
  <trkpt lat="45.60507021" lon="2.77871879"><ele>1421.947</ele><time>2026-09-22T13:22:05Z</time><speed>0.940</speed><sat>30</sat></trkpt>
  <trkpt lat="45.60508693" lon="2.77870655"><ele>1421.726</ele><time>2026-09-22T13:22:08Z</time><speed>0.490</speed><sat>30</sat></trkpt>
  <trkpt lat="45.60510296" lon="2.77871003"><ele>1422.069</ele><time>2026-09-22T13:22:11Z</time><speed>0.680</speed><sat>30</sat></trkpt>
  <trkpt lat="45.60512062" lon="2.77871687"><ele>1422.315</ele><time>2026-09-22T13:22:14Z</time><speed>0.840</speed><sat>30</sat></trkpt>
  <trkpt lat="45.60513678" lon="2.77872283"><ele>1422.632</ele><time>2026-09-22T13:22:17Z</time><speed>0.790</speed><sat>30</sat></trkpt>
  <trkpt lat="45.60514832" lon="2.77873042"><ele>1423.141</ele><time>2026-09-22T13:22:20Z</time><speed>0.320</speed><sat>29</sat></trkpt>
  <trkpt lat="45.60516681" lon="2.77873933"><ele>1423.607</ele><time>2026-09-22T13:22:23Z</time><speed>0.600</speed><sat>30</sat></trkpt>
  <trkpt lat="45.60518212" lon="2.77874496"><ele>1424.265</ele><time>2026-09-22T13:22:26Z</time><speed>0.380</speed><sat>29</sat></trkpt>
  <trkpt lat="45.60519751" lon="2.77873395"><ele>1424.678</ele><time>2026-09-22T13:22:29Z</time><speed>0.840</speed><sat>31</sat></trkpt>
  <trkpt lat="45.60521379" lon="2.77872688"><ele>1425.356</ele><time>2026-09-22T13:22:32Z</time><speed>0.630</speed><sat>31</sat></trkpt>
  <trkpt lat="45.60522814" lon="2.77871670"><ele>1426.032</ele><time>2026-09-22T13:22:35Z</time><speed>0.530</speed><sat>31</sat></trkpt>
  <trkpt lat="45.60524204" lon="2.77870494"><ele>1426.619</ele><time>2026-09-22T13:22:38Z</time><speed>0.510</speed><sat>31</sat></trkpt>
  <trkpt lat="45.60525694" lon="2.77869908"><ele>1427.568</ele><time>2026-09-22T13:22:41Z</time><speed>0.980</speed><sat>30</sat></trkpt>
  <trkpt lat="45.60527410" lon="2.77869459"><ele>1428.143</ele><time>2026-09-22T13:22:44Z</time><speed>0.650</speed><sat>32</sat></trkpt>
  <trkpt lat="45.60529360" lon="2.77869783"><ele>1428.901</ele><time>2026-09-22T13:22:47Z</time><speed>0.780</speed><sat>32</sat></trkpt>
  <trkpt lat="45.60531508" lon="2.77870134"><ele>1429.620</ele><time>2026-09-22T13:22:50Z</time><speed>0.900</speed><sat>32</sat></trkpt>
  <trkpt lat="45.60533403" lon="2.77869393"><ele>1430.128</ele><time>2026-09-22T13:22:53Z</time><speed>0.850</speed><sat>31</sat></trkpt>
  <trkpt lat="45.60535365" lon="2.77868908"><ele>1431.016</ele><time>2026-09-22T13:22:56Z</time><speed>0.880</speed><sat>32</sat></trkpt>
  <trkpt lat="45.60537312" lon="2.77868135"><ele>1431.558</ele><time>2026-09-22T13:22:59Z</time><speed>0.900</speed><sat>32</sat></trkpt>
  <trkpt lat="45.60538632" lon="2.77866442"><ele>1432.063</ele><time>2026-09-22T13:23:02Z</time><speed>0.610</speed><sat>31</sat></trkpt>
  <trkpt lat="45.60540194" lon="2.77864644"><ele>1432.331</ele><time>2026-09-22T13:23:05Z</time><speed>0.730</speed><sat>32</sat></trkpt>
  <trkpt lat="45.60541878" lon="2.77863287"><ele>1432.986</ele><time>2026-09-22T13:23:08Z</time><speed>0.850</speed><sat>32</sat></trkpt>
  <trkpt lat="45.60544001" lon="2.77862398"><ele>1433.720</ele><time>2026-09-22T13:23:11Z</time><speed>0.850</speed><sat>32</sat></trkpt>
  <trkpt lat="45.60545937" lon="2.77862100"><ele>1434.737</ele><time>2026-09-22T13:23:14Z</time><speed>0.820</speed><sat>30</sat></trkpt>
  <trkpt lat="45.60547893" lon="2.77861617"><ele>1435.495</ele><time>2026-09-22T13:23:17Z</time><speed>0.900</speed><sat>30</sat></trkpt>
  <trkpt lat="45.60549656" lon="2.77860868"><ele>1435.368</ele><time>2026-09-22T13:23:20Z</time><speed>0.540</speed><sat>29</sat></trkpt>
  <trkpt lat="45.60551696" lon="2.77861063"><ele>1436.339</ele><time>2026-09-22T13:23:23Z</time><speed>0.400</speed><sat>29</sat></trkpt>
  <trkpt lat="45.60553864" lon="2.77861270"><ele>1437.029</ele><time>2026-09-22T13:23:26Z</time><speed>0.950</speed><sat>30</sat></trkpt>
  <trkpt lat="45.60555664" lon="2.77861131"><ele>1437.664</ele><time>2026-09-22T13:23:29Z</time><speed>0.990</speed><sat>29</sat></trkpt>
  <trkpt lat="45.60557374" lon="2.77860335"><ele>1437.580</ele><time>2026-09-22T13:23:32Z</time><speed>0.570</speed><sat>29</sat></trkpt>
  <trkpt lat="45.60559225" lon="2.77859738"><ele>1438.205</ele><time>2026-09-22T13:23:35Z</time><speed>0.620</speed><sat>29</sat></trkpt>
  <trkpt lat="45.60560783" lon="2.77859167"><ele>1438.875</ele><time>2026-09-22T13:23:38Z</time><speed>0.650</speed><sat>30</sat></trkpt>
  <trkpt lat="45.60562560" lon="2.77858189"><ele>1439.578</ele><time>2026-09-22T13:23:41Z</time><speed>0.880</speed><sat>29</sat></trkpt>
  <trkpt lat="45.60564558" lon="2.77858130"><ele>1439.973</ele><time>2026-09-22T13:23:44Z</time><speed>0.870</speed><sat>30</sat></trkpt>
  <trkpt lat="45.60566338" lon="2.77857429"><ele>1440.250</ele><time>2026-09-22T13:23:47Z</time><speed>0.810</speed><sat>31</sat></trkpt>
  <trkpt lat="45.60568153" lon="2.77856463"><ele>1440.250</ele><time>2026-09-22T13:23:50Z</time><speed>0.710</speed><sat>31</sat></trkpt>
  <trkpt lat="45.60570187" lon="2.77855156"><ele>1440.859</ele><time>2026-09-22T13:23:53Z</time><speed>0.950</speed><sat>32</sat></trkpt>
  <trkpt lat="45.60572412" lon="2.77854607"><ele>1441.074</ele><time>2026-09-22T13:23:56Z</time><speed>1.130</speed><sat>31</sat></trkpt>
  <trkpt lat="45.60574344" lon="2.77853395"><ele>1441.249</ele><time>2026-09-22T13:23:59Z</time><speed>0.800</speed><sat>30</sat></trkpt>
  <trkpt lat="45.60576028" lon="2.77852083"><ele>1440.750</ele><time>2026-09-22T13:24:02Z</time><speed>0.700</speed><sat>30</sat></trkpt>
  <trkpt lat="45.60577842" lon="2.77851452"><ele>1441.209</ele><time>2026-09-22T13:24:05Z</time><speed>0.490</speed><sat>30</sat></trkpt>
  <trkpt lat="45.60579806" lon="2.77851249"><ele>1441.462</ele><time>2026-09-22T13:24:08Z</time><speed>0.700</speed><sat>29</sat></trkpt>
  <trkpt lat="45.60581506" lon="2.77850239"><ele>1442.307</ele><time>2026-09-22T13:24:11Z</time><speed>0.580</speed><sat>30</sat></trkpt>
  <trkpt lat="45.60582819" lon="2.77848063"><ele>1442.728</ele><time>2026-09-22T13:24:14Z</time><speed>0.640</speed><sat>29</sat></trkpt>
  <trkpt lat="45.60584170" lon="2.77845681"><ele>1443.506</ele><time>2026-09-22T13:24:17Z</time><speed>0.650</speed><sat>29</sat></trkpt>
  <trkpt lat="45.60585056" lon="2.77843548"><ele>1445.122</ele><time>2026-09-22T13:24:20Z</time><speed>0.790</speed><sat>30</sat></trkpt>
  <trkpt lat="45.60585588" lon="2.77840759"><ele>1445.510</ele><time>2026-09-22T13:24:23Z</time><speed>0.790</speed><sat>31</sat></trkpt>
  <trkpt lat="45.60586338" lon="2.77837713"><ele>1444.139</ele><time>2026-09-22T13:24:26Z</time><speed>0.820</speed><sat>32</sat></trkpt>
  <trkpt lat="45.60587114" lon="2.77835261"><ele>1443.659</ele><time>2026-09-22T13:24:29Z</time><speed>0.700</speed><sat>33</sat></trkpt>
  <trkpt lat="45.60588869" lon="2.77834454"><ele>1444.935</ele><time>2026-09-22T13:24:32Z</time><speed>0.450</speed><sat>32</sat></trkpt>
  <trkpt lat="45.60590760" lon="2.77834465"><ele>1445.276</ele><time>2026-09-22T13:24:35Z</time><speed>0.860</speed><sat>32</sat></trkpt>
  <trkpt lat="45.60591386" lon="2.77834960"><ele>1445.280</ele><time>2026-09-22T13:24:38Z</time><speed>0.000</speed><sat>33</sat></trkpt>
  <trkpt lat="45.60592477" lon="2.77835628"><ele>1445.748</ele><time>2026-09-22T13:24:41Z</time><speed>0.360</speed><sat>33</sat></trkpt>
  <trkpt lat="45.60592609" lon="2.77835741"><ele>1445.711</ele><time>2026-09-22T13:24:44Z</time><speed>0.000</speed><sat>33</sat></trkpt>
  <trkpt lat="45.60592941" lon="2.77836002"><ele>1446.011</ele><time>2026-09-22T13:24:47Z</time><speed>0.450</speed><sat>32</sat></trkpt>
  <trkpt lat="45.60593280" lon="2.77836134"><ele>1446.187</ele><time>2026-09-22T13:24:50Z</time><speed>0.000</speed><sat>33</sat></trkpt>
  <trkpt lat="45.60593351" lon="2.77836145"><ele>1446.175</ele><time>2026-09-22T13:24:53Z</time><speed>0.000</speed><sat>33</sat></trkpt>
  <trkpt lat="45.60593379" lon="2.77836153"><ele>1446.163</ele><time>2026-09-22T13:24:56Z</time><speed>0.000</speed><sat>32</sat></trkpt>
  <trkpt lat="45.60594005" lon="2.77836749"><ele>1446.310</ele><time>2026-09-22T13:24:59Z</time><speed>0.360</speed><sat>31</sat></trkpt>
  <trkpt lat="45.60594067" lon="2.77836691"><ele>1446.365</ele><time>2026-09-22T13:25:02Z</time><speed>0.000</speed><sat>33</sat></trkpt>
  <trkpt lat="45.60594065" lon="2.77836264"><ele>1446.232</ele><time>2026-09-22T13:25:05Z</time><speed>0.330</speed><sat>33</sat></trkpt>
  <trkpt lat="45.60593782" lon="2.77835722"><ele>1446.173</ele><time>2026-09-22T13:25:08Z</time><speed>0.000</speed><sat>33</sat></trkpt>
  <trkpt lat="45.60593701" lon="2.77835716"><ele>1446.028</ele><time>2026-09-22T13:25:11Z</time><speed>0.000</speed><sat>33</sat></trkpt>
  <trkpt lat="45.60593658" lon="2.77835667"><ele>1445.987</ele><time>2026-09-22T13:25:14Z</time><speed>0.000</speed><sat>33</sat></trkpt>
  <trkpt lat="45.60593658" lon="2.77835649"><ele>1446.037</ele><time>2026-09-22T13:25:17Z</time><speed>0.000</speed><sat>32</sat></trkpt>
  <trkpt lat="45.60593650" lon="2.77835685"><ele>1446.070</ele><time>2026-09-22T13:25:20Z</time><speed>0.000</speed><sat>32</sat></trkpt>
  <trkpt lat="45.60593654" lon="2.77835682"><ele>1446.119</ele><time>2026-09-22T13:25:23Z</time><speed>0.000</speed><sat>33</sat></trkpt>
  <trkpt lat="45.60593675" lon="2.77835751"><ele>1446.178</ele><time>2026-09-22T13:25:26Z</time><speed>0.000</speed><sat>33</sat></trkpt>
  <trkpt lat="45.60593688" lon="2.77835767"><ele>1446.237</ele><time>2026-09-22T13:25:29Z</time><speed>0.000</speed><sat>31</sat></trkpt>
  <trkpt lat="45.60593681" lon="2.77835766"><ele>1446.229</ele><time>2026-09-22T13:25:32Z</time><speed>0.000</speed><sat>31</sat></trkpt>
  <trkpt lat="45.60593663" lon="2.77835764"><ele>1446.222</ele><time>2026-09-22T13:25:35Z</time><speed>0.000</speed><sat>32</sat></trkpt>
  <trkpt lat="45.60593665" lon="2.77835673"><ele>1446.074</ele><time>2026-09-22T13:25:38Z</time><speed>0.000</speed><sat>33</sat></trkpt>
  <trkpt lat="45.60593668" lon="2.77835709"><ele>1446.091</ele><time>2026-09-22T13:25:41Z</time><speed>0.000</speed><sat>33</sat></trkpt>
  <trkpt lat="45.60593659" lon="2.77835717"><ele>1446.119</ele><time>2026-09-22T13:25:44Z</time><speed>0.000</speed><sat>34</sat></trkpt>
  <trkpt lat="45.60593665" lon="2.77835746"><ele>1446.124</ele><time>2026-09-22T13:25:47Z</time><speed>0.000</speed><sat>34</sat></trkpt>
  <trkpt lat="45.60593650" lon="2.77835753"><ele>1446.115</ele><time>2026-09-22T13:25:50Z</time><speed>0.000</speed><sat>34</sat></trkpt>
  <trkpt lat="45.60593656" lon="2.77835736"><ele>1446.109</ele><time>2026-09-22T13:25:53Z</time><speed>0.000</speed><sat>34</sat></trkpt>
  <trkpt lat="45.60593662" lon="2.77835725"><ele>1446.109</ele><time>2026-09-22T13:25:56Z</time><speed>0.000</speed><sat>33</sat></trkpt>
  <trkpt lat="45.60593612" lon="2.77835948"><ele>1446.148</ele><time>2026-09-22T13:25:59Z</time><speed>0.000</speed><sat>33</sat></trkpt>
  <trkpt lat="45.60593591" lon="2.77836004"><ele>1446.145</ele><time>2026-09-22T13:26:02Z</time><speed>0.000</speed><sat>33</sat></trkpt>
  <trkpt lat="45.60593595" lon="2.77836036"><ele>1446.172</ele><time>2026-09-22T13:26:05Z</time><speed>0.000</speed><sat>33</sat></trkpt>
  <trkpt lat="45.60593592" lon="2.77836079"><ele>1446.218</ele><time>2026-09-22T13:26:08Z</time><speed>0.000</speed><sat>32</sat></trkpt>
  <trkpt lat="45.60593564" lon="2.77836094"><ele>1446.228</ele><time>2026-09-22T13:26:11Z</time><speed>0.000</speed><sat>31</sat></trkpt>
  <trkpt lat="45.60593531" lon="2.77836111"><ele>1446.161</ele><time>2026-09-22T13:26:14Z</time><speed>0.000</speed><sat>32</sat></trkpt>
  <trkpt lat="45.60593490" lon="2.77836092"><ele>1446.126</ele><time>2026-09-22T13:26:17Z</time><speed>0.000</speed><sat>32</sat></trkpt>
  <trkpt lat="45.60593466" lon="2.77836077"><ele>1446.047</ele><time>2026-09-22T13:26:20Z</time><speed>0.000</speed><sat>30</sat></trkpt>
  <trkpt lat="45.60593461" lon="2.77836071"><ele>1446.021</ele><time>2026-09-22T13:26:23Z</time><speed>0.000</speed><sat>31</sat></trkpt>
  <trkpt lat="45.60593461" lon="2.77836053"><ele>1445.982</ele><time>2026-09-22T13:26:26Z</time><speed>0.000</speed><sat>32</sat></trkpt>
  <trkpt lat="45.60593449" lon="2.77836059"><ele>1445.966</ele><time>2026-09-22T13:26:29Z</time><speed>0.000</speed><sat>31</sat></trkpt>
  <trkpt lat="45.60593442" lon="2.77836061"><ele>1445.951</ele><time>2026-09-22T13:26:32Z</time><speed>0.000</speed><sat>32</sat></trkpt>
  <trkpt lat="45.60593437" lon="2.77836033"><ele>1445.930</ele><time>2026-09-22T13:26:35Z</time><speed>0.000</speed><sat>29</sat></trkpt>
  <trkpt lat="45.60593429" lon="2.77836019"><ele>1445.911</ele><time>2026-09-22T13:26:38Z</time><speed>0.000</speed><sat>31</sat></trkpt>
  <trkpt lat="45.60593424" lon="2.77836026"><ele>1445.911</ele><time>2026-09-22T13:26:41Z</time><speed>0.000</speed><sat>31</sat></trkpt>
  <trkpt lat="45.60593415" lon="2.77836035"><ele>1445.905</ele><time>2026-09-22T13:26:44Z</time><speed>0.000</speed><sat>32</sat></trkpt>
  <trkpt lat="45.60593415" lon="2.77836036"><ele>1445.910</ele><time>2026-09-22T13:26:47Z</time><speed>0.000</speed><sat>32</sat></trkpt>
  <trkpt lat="45.60593407" lon="2.77836057"><ele>1445.898</ele><time>2026-09-22T13:26:50Z</time><speed>0.000</speed><sat>28</sat></trkpt>
  <trkpt lat="45.60593414" lon="2.77836084"><ele>1445.933</ele><time>2026-09-22T13:26:53Z</time><speed>0.000</speed><sat>30</sat></trkpt>
  <trkpt lat="45.60593393" lon="2.77836145"><ele>1445.973</ele><time>2026-09-22T13:26:56Z</time><speed>0.000</speed><sat>28</sat></trkpt>
  <trkpt lat="45.60593392" lon="2.77836157"><ele>1445.983</ele><time>2026-09-22T13:26:59Z</time><speed>0.000</speed><sat>27</sat></trkpt>
  <trkpt lat="45.60593381" lon="2.77836171"><ele>1445.984</ele><time>2026-09-22T13:27:02Z</time><speed>0.000</speed><sat>31</sat></trkpt>
  <trkpt lat="45.60593375" lon="2.77836163"><ele>1445.959</ele><time>2026-09-22T13:27:05Z</time><speed>0.000</speed><sat>30</sat></trkpt>
  <trkpt lat="45.60593376" lon="2.77836400"><ele>1445.878</ele><time>2026-09-22T13:27:08Z</time><speed>0.210</speed><sat>29</sat></trkpt>
  <trkpt lat="45.60593369" lon="2.77836453"><ele>1445.863</ele><time>2026-09-22T13:27:11Z</time><speed>0.000</speed><sat>30</sat></trkpt>
  <trkpt lat="45.60593371" lon="2.77836495"><ele>1445.904</ele><time>2026-09-22T13:27:14Z</time><speed>0.000</speed><sat>31</sat></trkpt>
  <trkpt lat="45.60593383" lon="2.77836480"><ele>1445.935</ele><time>2026-09-22T13:27:17Z</time><speed>0.000</speed><sat>28</sat></trkpt>
  <trkpt lat="45.60593373" lon="2.77836494"><ele>1445.918</ele><time>2026-09-22T13:27:20Z</time><speed>0.000</speed><sat>29</sat></trkpt>
  <trkpt lat="45.60593374" lon="2.77836503"><ele>1445.911</ele><time>2026-09-22T13:27:23Z</time><speed>0.000</speed><sat>28</sat></trkpt>
  <trkpt lat="45.60593340" lon="2.77836550"><ele>1445.875</ele><time>2026-09-22T13:27:26Z</time><speed>0.000</speed><sat>27</sat></trkpt>
  <trkpt lat="45.60593319" lon="2.77836590"><ele>1445.853</ele><time>2026-09-22T13:27:29Z</time><speed>0.000</speed><sat>29</sat></trkpt>
  <trkpt lat="45.60593290" lon="2.77836613"><ele>1445.850</ele><time>2026-09-22T13:27:32Z</time><speed>0.000</speed><sat>31</sat></trkpt>
  <trkpt lat="45.60593286" lon="2.77836637"><ele>1445.873</ele><time>2026-09-22T13:27:35Z</time><speed>0.000</speed><sat>31</sat></trkpt>
  <trkpt lat="45.60593277" lon="2.77836666"><ele>1445.878</ele><time>2026-09-22T13:27:38Z</time><speed>0.000</speed><sat>30</sat></trkpt>
  <trkpt lat="45.60593291" lon="2.77836677"><ele>1445.896</ele><time>2026-09-22T13:27:41Z</time><speed>0.000</speed><sat>29</sat></trkpt>
  <trkpt lat="45.60593355" lon="2.77837084"><ele>1445.947</ele><time>2026-09-22T13:27:44Z</time><speed>0.000</speed><sat>32</sat></trkpt>
  <trkpt lat="45.60593716" lon="2.77837543"><ele>1445.811</ele><time>2026-09-22T13:27:47Z</time><speed>0.000</speed><sat>32</sat></trkpt>
  <trkpt lat="45.60594922" lon="2.77838195"><ele>1446.242</ele><time>2026-09-22T13:27:50Z</time><speed>0.500</speed><sat>33</sat></trkpt>
  <trkpt lat="45.60594990" lon="2.77837996"><ele>1446.236</ele><time>2026-09-22T13:27:53Z</time><speed>0.000</speed><sat>33</sat></trkpt>
  <trkpt lat="45.60594967" lon="2.77838016"><ele>1446.270</ele><time>2026-09-22T13:27:56Z</time><speed>0.000</speed><sat>34</sat></trkpt>
  <trkpt lat="45.60594955" lon="2.77838016"><ele>1446.293</ele><time>2026-09-22T13:27:59Z</time><speed>0.000</speed><sat>33</sat></trkpt>
  <trkpt lat="45.60595318" lon="2.77837609"><ele>1446.347</ele><time>2026-09-22T13:28:02Z</time><speed>0.000</speed><sat>31</sat></trkpt>
  <trkpt lat="45.60595285" lon="2.77837764"><ele>1446.372</ele><time>2026-09-22T13:28:05Z</time><speed>0.000</speed><sat>33</sat></trkpt>
  <trkpt lat="45.60595299" lon="2.77837759"><ele>1446.367</ele><time>2026-09-22T13:28:08Z</time><speed>0.000</speed><sat>33</sat></trkpt>
  <trkpt lat="45.60595300" lon="2.77837742"><ele>1446.379</ele><time>2026-09-22T13:28:11Z</time><speed>0.000</speed><sat>31</sat></trkpt>
  <trkpt lat="45.60595315" lon="2.77837740"><ele>1446.365</ele><time>2026-09-22T13:28:14Z</time><speed>0.000</speed><sat>31</sat></trkpt>
  <trkpt lat="45.60595319" lon="2.77837737"><ele>1446.365</ele><time>2026-09-22T13:28:17Z</time><speed>0.000</speed><sat>31</sat></trkpt>
  <trkpt lat="45.60595326" lon="2.77837740"><ele>1446.372</ele><time>2026-09-22T13:28:20Z</time><speed>0.000</speed><sat>29</sat></trkpt>
  <trkpt lat="45.60595341" lon="2.77837746"><ele>1446.390</ele><time>2026-09-22T13:28:23Z</time><speed>0.000</speed><sat>29</sat></trkpt>
  <trkpt lat="45.60595309" lon="2.77837804"><ele>1446.349</ele><time>2026-09-22T13:28:26Z</time><speed>0.000</speed><sat>33</sat></trkpt>
  <trkpt lat="45.60595270" lon="2.77837793"><ele>1446.343</ele><time>2026-09-22T13:28:29Z</time><speed>0.000</speed><sat>33</sat></trkpt>
  <trkpt lat="45.60595281" lon="2.77837776"><ele>1446.359</ele><time>2026-09-22T13:28:32Z</time><speed>0.000</speed><sat>33</sat></trkpt>
  <trkpt lat="45.60595251" lon="2.77837778"><ele>1446.327</ele><time>2026-09-22T13:28:35Z</time><speed>0.000</speed><sat>33</sat></trkpt>
  <trkpt lat="45.60595230" lon="2.77837789"><ele>1446.318</ele><time>2026-09-22T13:28:38Z</time><speed>0.000</speed><sat>33</sat></trkpt>
  <trkpt lat="45.60595220" lon="2.77837791"><ele>1446.305</ele><time>2026-09-22T13:28:41Z</time><speed>0.000</speed><sat>32</sat></trkpt>
  <trkpt lat="45.60595171" lon="2.77837807"><ele>1446.256</ele><time>2026-09-22T13:28:44Z</time><speed>0.000</speed><sat>32</sat></trkpt>
  <trkpt lat="45.60595141" lon="2.77837815"><ele>1446.256</ele><time>2026-09-22T13:28:47Z</time><speed>0.000</speed><sat>32</sat></trkpt>
  <trkpt lat="45.60595132" lon="2.77837840"><ele>1446.283</ele><time>2026-09-22T13:28:50Z</time><speed>0.000</speed><sat>33</sat></trkpt>
  <trkpt lat="45.60595118" lon="2.77837850"><ele>1446.274</ele><time>2026-09-22T13:28:53Z</time><speed>0.000</speed><sat>33</sat></trkpt>
  <trkpt lat="45.60595111" lon="2.77837829"><ele>1446.268</ele><time>2026-09-22T13:28:56Z</time><speed>0.000</speed><sat>33</sat></trkpt>
  <trkpt lat="45.60595161" lon="2.77837814"><ele>1446.314</ele><time>2026-09-22T13:28:59Z</time><speed>0.000</speed><sat>33</sat></trkpt>
  <trkpt lat="45.60595182" lon="2.77837773"><ele>1446.305</ele><time>2026-09-22T13:29:02Z</time><speed>0.000</speed><sat>33</sat></trkpt>
  <trkpt lat="45.60595212" lon="2.77837764"><ele>1446.334</ele><time>2026-09-22T13:29:05Z</time><speed>0.000</speed><sat>33</sat></trkpt>
  <trkpt lat="45.60595245" lon="2.77837773"><ele>1446.378</ele><time>2026-09-22T13:29:08Z</time><speed>0.000</speed><sat>33</sat></trkpt>
  <trkpt lat="45.60595272" lon="2.77837781"><ele>1446.412</ele><time>2026-09-22T13:29:11Z</time><speed>0.000</speed><sat>33</sat></trkpt>
  <trkpt lat="45.60595271" lon="2.77837801"><ele>1446.433</ele><time>2026-09-22T13:29:14Z</time><speed>0.000</speed><sat>33</sat></trkpt>
  <trkpt lat="45.60595259" lon="2.77837783"><ele>1446.430</ele><time>2026-09-22T13:29:17Z</time><speed>0.000</speed><sat>32</sat></trkpt>
  <trkpt lat="45.60595283" lon="2.77837774"><ele>1446.427</ele><time>2026-09-22T13:29:20Z</time><speed>0.000</speed><sat>32</sat></trkpt>
  <trkpt lat="45.60595286" lon="2.77837758"><ele>1446.421</ele><time>2026-09-22T13:29:23Z</time><speed>0.000</speed><sat>32</sat></trkpt>
  <trkpt lat="45.60595304" lon="2.77837763"><ele>1446.452</ele><time>2026-09-22T13:29:26Z</time><speed>0.000</speed><sat>33</sat></trkpt>
  <trkpt lat="45.60595287" lon="2.77837782"><ele>1446.445</ele><time>2026-09-22T13:29:29Z</time><speed>0.000</speed><sat>33</sat></trkpt>
  <trkpt lat="45.60595288" lon="2.77837748"><ele>1446.434</ele><time>2026-09-22T13:29:32Z</time><speed>0.000</speed><sat>33</sat></trkpt>
  <trkpt lat="45.60595279" lon="2.77837776"><ele>1446.445</ele><time>2026-09-22T13:29:35Z</time><speed>0.000</speed><sat>33</sat></trkpt>
  <trkpt lat="45.60595264" lon="2.77837778"><ele>1446.442</ele><time>2026-09-22T13:29:38Z</time><speed>0.000</speed><sat>33</sat></trkpt>
  <trkpt lat="45.60595298" lon="2.77837803"><ele>1446.457</ele><time>2026-09-22T13:29:41Z</time><speed>0.000</speed><sat>33</sat></trkpt>
  <trkpt lat="45.60595325" lon="2.77837799"><ele>1446.468</ele><time>2026-09-22T13:29:44Z</time><speed>0.000</speed><sat>33</sat></trkpt>
  <trkpt lat="45.60595340" lon="2.77837823"><ele>1446.469</ele><time>2026-09-22T13:29:47Z</time><speed>0.000</speed><sat>33</sat></trkpt>
  <trkpt lat="45.60595365" lon="2.77837831"><ele>1446.494</ele><time>2026-09-22T13:29:50Z</time><speed>0.000</speed><sat>33</sat></trkpt>
  <trkpt lat="45.60595373" lon="2.77837850"><ele>1446.503</ele><time>2026-09-22T13:29:53Z</time><speed>0.000</speed><sat>32</sat></trkpt>
  <trkpt lat="45.60595401" lon="2.77837860"><ele>1446.504</ele><time>2026-09-22T13:29:56Z</time><speed>0.000</speed><sat>29</sat></trkpt>
  <trkpt lat="45.60595426" lon="2.77837866"><ele>1446.517</ele><time>2026-09-22T13:29:59Z</time><speed>0.000</speed><sat>31</sat></trkpt>
  <trkpt lat="45.60595436" lon="2.77837865"><ele>1446.511</ele><time>2026-09-22T13:30:02Z</time><speed>0.000</speed><sat>31</sat></trkpt>
  <trkpt lat="45.60595458" lon="2.77837869"><ele>1446.524</ele><time>2026-09-22T13:30:05Z</time><speed>0.000</speed><sat>30</sat></trkpt>
  <trkpt lat="45.60595458" lon="2.77837868"><ele>1446.523</ele><time>2026-09-22T13:30:08Z</time><speed>0.000</speed><sat>27</sat></trkpt>
  <trkpt lat="45.60595448" lon="2.77837861"><ele>1446.520</ele><time>2026-09-22T13:30:11Z</time><speed>0.000</speed><sat>28</sat></trkpt>
  <trkpt lat="45.60595436" lon="2.77837852"><ele>1446.524</ele><time>2026-09-22T13:30:14Z</time><speed>0.000</speed><sat>29</sat></trkpt>
  <trkpt lat="45.60595459" lon="2.77837868"><ele>1446.537</ele><time>2026-09-22T13:30:17Z</time><speed>0.000</speed><sat>28</sat></trkpt>
  <trkpt lat="45.60595440" lon="2.77837855"><ele>1446.537</ele><time>2026-09-22T13:30:20Z</time><speed>0.000</speed><sat>30</sat></trkpt>
  <trkpt lat="45.60595533" lon="2.77837947"><ele>1446.566</ele><time>2026-09-22T13:30:23Z</time><speed>0.000</speed><sat>30</sat></trkpt>
  <trkpt lat="45.60595534" lon="2.77838008"><ele>1446.585</ele><time>2026-09-22T13:30:26Z</time><speed>0.000</speed><sat>31</sat></trkpt>
  <trkpt lat="45.60595531" lon="2.77838017"><ele>1446.600</ele><time>2026-09-22T13:30:29Z</time><speed>0.000</speed><sat>30</sat></trkpt>
  <trkpt lat="45.60595569" lon="2.77838031"><ele>1446.601</ele><time>2026-09-22T13:30:32Z</time><speed>0.000</speed><sat>26</sat></trkpt>
  <trkpt lat="45.60595832" lon="2.77838361"><ele>1446.650</ele><time>2026-09-22T13:30:35Z</time><speed>0.000</speed><sat>28</sat></trkpt>
  <trkpt lat="45.60595898" lon="2.77838409"><ele>1446.663</ele><time>2026-09-22T13:30:38Z</time><speed>0.000</speed><sat>28</sat></trkpt>
  <trkpt lat="45.60595948" lon="2.77838447"><ele>1446.662</ele><time>2026-09-22T13:30:41Z</time><speed>0.000</speed><sat>29</sat></trkpt>
  <trkpt lat="45.60595991" lon="2.77838464"><ele>1446.660</ele><time>2026-09-22T13:30:44Z</time><speed>0.000</speed><sat>26</sat></trkpt>
  <trkpt lat="45.60596376" lon="2.77839186"><ele>1447.079</ele><time>2026-09-22T13:30:47Z</time><speed>0.740</speed><sat>27</sat></trkpt>
  <trkpt lat="45.60596568" lon="2.77839374"><ele>1447.085</ele><time>2026-09-22T13:30:50Z</time><speed>0.000</speed><sat>30</sat></trkpt>
  <trkpt lat="45.60596282" lon="2.77839126"><ele>1446.850</ele><time>2026-09-22T13:30:53Z</time><speed>0.000</speed><sat>30</sat></trkpt>
  <trkpt lat="45.60596217" lon="2.77839147"><ele>1446.864</ele><time>2026-09-22T13:30:56Z</time><speed>0.000</speed><sat>32</sat></trkpt>
  <trkpt lat="45.60595989" lon="2.77839255"><ele>1447.181</ele><time>2026-09-22T13:30:59Z</time><speed>0.000</speed><sat>33</sat></trkpt>
  <trkpt lat="45.60596011" lon="2.77839456"><ele>1447.222</ele><time>2026-09-22T13:31:02Z</time><speed>0.000</speed><sat>32</sat></trkpt>
  <trkpt lat="45.60596037" lon="2.77839477"><ele>1447.221</ele><time>2026-09-22T13:31:05Z</time><speed>0.000</speed><sat>30</sat></trkpt>
  <trkpt lat="45.60596039" lon="2.77839478"><ele>1447.229</ele><time>2026-09-22T13:31:08Z</time><speed>0.000</speed><sat>31</sat></trkpt>
  <trkpt lat="45.60596030" lon="2.77839464"><ele>1447.214</ele><time>2026-09-22T13:31:11Z</time><speed>0.000</speed><sat>30</sat></trkpt>
  <trkpt lat="45.60595995" lon="2.77839446"><ele>1447.208</ele><time>2026-09-22T13:31:14Z</time><speed>0.000</speed><sat>30</sat></trkpt>
  <trkpt lat="45.60596002" lon="2.77839449"><ele>1447.219</ele><time>2026-09-22T13:31:17Z</time><speed>0.000</speed><sat>30</sat></trkpt>
  <trkpt lat="45.60596046" lon="2.77839253"><ele>1447.051</ele><time>2026-09-22T13:31:20Z</time><speed>0.000</speed><sat>29</sat></trkpt>
  <trkpt lat="45.60596119" lon="2.77839117"><ele>1447.022</ele><time>2026-09-22T13:31:23Z</time><speed>0.000</speed><sat>33</sat></trkpt>
  <trkpt lat="45.60596104" lon="2.77839106"><ele>1446.989</ele><time>2026-09-22T13:31:26Z</time><speed>0.000</speed><sat>33</sat></trkpt>
  <trkpt lat="45.60596121" lon="2.77839093"><ele>1446.965</ele><time>2026-09-22T13:31:29Z</time><speed>0.000</speed><sat>33</sat></trkpt>
  <trkpt lat="45.60596106" lon="2.77839094"><ele>1446.953</ele><time>2026-09-22T13:31:32Z</time><speed>0.000</speed><sat>33</sat></trkpt>
  <trkpt lat="45.60596085" lon="2.77839137"><ele>1446.955</ele><time>2026-09-22T13:31:35Z</time><speed>0.000</speed><sat>33</sat></trkpt>
  <trkpt lat="45.60596081" lon="2.77839133"><ele>1446.953</ele><time>2026-09-22T13:31:38Z</time><speed>0.000</speed><sat>33</sat></trkpt>
  <trkpt lat="45.60596077" lon="2.77839118"><ele>1446.961</ele><time>2026-09-22T13:31:41Z</time><speed>0.000</speed><sat>33</sat></trkpt>
  <trkpt lat="45.60596036" lon="2.77839123"><ele>1446.896</ele><time>2026-09-22T13:31:44Z</time><speed>0.000</speed><sat>31</sat></trkpt>
  <trkpt lat="45.60596041" lon="2.77839113"><ele>1446.907</ele><time>2026-09-22T13:31:47Z</time><speed>0.000</speed><sat>33</sat></trkpt>
  <trkpt lat="45.60596014" lon="2.77839070"><ele>1446.846</ele><time>2026-09-22T13:31:50Z</time><speed>0.000</speed><sat>31</sat></trkpt>
  <trkpt lat="45.60595999" lon="2.77839043"><ele>1446.812</ele><time>2026-09-22T13:31:53Z</time><speed>0.000</speed><sat>32</sat></trkpt>
  <trkpt lat="45.60595989" lon="2.77839043"><ele>1446.792</ele><time>2026-09-22T13:31:56Z</time><speed>0.000</speed><sat>31</sat></trkpt>
  <trkpt lat="45.60595966" lon="2.77839049"><ele>1446.774</ele><time>2026-09-22T13:31:59Z</time><speed>0.000</speed><sat>33</sat></trkpt>
  <trkpt lat="45.60595972" lon="2.77839028"><ele>1446.774</ele><time>2026-09-22T13:32:02Z</time><speed>0.000</speed><sat>33</sat></trkpt>
  <trkpt lat="45.60595963" lon="2.77839023"><ele>1446.767</ele><time>2026-09-22T13:32:05Z</time><speed>0.000</speed><sat>33</sat></trkpt>
  <trkpt lat="45.60595965" lon="2.77839001"><ele>1446.763</ele><time>2026-09-22T13:32:08Z</time><speed>0.000</speed><sat>33</sat></trkpt>
  <trkpt lat="45.60595950" lon="2.77839011"><ele>1446.772</ele><time>2026-09-22T13:32:11Z</time><speed>0.000</speed><sat>33</sat></trkpt>
  <trkpt lat="45.60595953" lon="2.77838988"><ele>1446.763</ele><time>2026-09-22T13:32:14Z</time><speed>0.000</speed><sat>33</sat></trkpt>
  <trkpt lat="45.60595929" lon="2.77838948"><ele>1446.740</ele><time>2026-09-22T13:32:17Z</time><speed>0.000</speed><sat>33</sat></trkpt>
  <trkpt lat="45.60595917" lon="2.77838930"><ele>1446.596</ele><time>2026-09-22T13:32:20Z</time><speed>0.000</speed><sat>33</sat></trkpt>
  <trkpt lat="45.60595835" lon="2.77838901"><ele>1446.617</ele><time>2026-09-22T13:32:23Z</time><speed>0.000</speed><sat>33</sat></trkpt>
  <trkpt lat="45.60595836" lon="2.77838853"><ele>1446.587</ele><time>2026-09-22T13:32:26Z</time><speed>0.000</speed><sat>33</sat></trkpt>
  <trkpt lat="45.60595810" lon="2.77838847"><ele>1446.550</ele><time>2026-09-22T13:32:29Z</time><speed>0.000</speed><sat>33</sat></trkpt>
  <trkpt lat="45.60595809" lon="2.77838861"><ele>1446.601</ele><time>2026-09-22T13:32:32Z</time><speed>0.000</speed><sat>32</sat></trkpt>
  <trkpt lat="45.60595815" lon="2.77838857"><ele>1446.582</ele><time>2026-09-22T13:32:35Z</time><speed>0.000</speed><sat>33</sat></trkpt>
  <trkpt lat="45.60595821" lon="2.77838861"><ele>1446.560</ele><time>2026-09-22T13:32:38Z</time><speed>0.000</speed><sat>33</sat></trkpt>
  <trkpt lat="45.60595799" lon="2.77838883"><ele>1446.544</ele><time>2026-09-22T13:32:41Z</time><speed>0.000</speed><sat>33</sat></trkpt>
  <trkpt lat="45.60595822" lon="2.77838860"><ele>1446.533</ele><time>2026-09-22T13:32:44Z</time><speed>0.000</speed><sat>33</sat></trkpt>
  <trkpt lat="45.60595811" lon="2.77838866"><ele>1446.541</ele><time>2026-09-22T13:32:47Z</time><speed>0.000</speed><sat>33</sat></trkpt>
  <trkpt lat="45.60595798" lon="2.77838815"><ele>1446.520</ele><time>2026-09-22T13:32:50Z</time><speed>0.000</speed><sat>33</sat></trkpt>
  <trkpt lat="45.60595712" lon="2.77839438"><ele>1446.411</ele><time>2026-09-22T13:32:53Z</time><speed>0.300</speed><sat>33</sat></trkpt>
  <trkpt lat="45.60596366" lon="2.77842340"><ele>1447.053</ele><time>2026-09-22T13:32:56Z</time><speed>1.230</speed><sat>33</sat></trkpt>
  <trkpt lat="45.60595001" lon="2.77848312"><ele>1447.626</ele><time>2026-09-22T13:32:59Z</time><speed>1.630</speed><sat>33</sat></trkpt>
  <trkpt lat="45.60597244" lon="2.77850019"><ele>1447.919</ele><time>2026-09-22T13:33:02Z</time><speed>0.930</speed><sat>33</sat></trkpt>
  <trkpt lat="45.60599756" lon="2.77851503"><ele>1448.894</ele><time>2026-09-22T13:33:05Z</time><speed>0.970</speed><sat>33</sat></trkpt>
  <trkpt lat="45.60606770" lon="2.77844921"><ele>1446.425</ele><time>2026-09-22T13:33:08Z</time><speed>1.160</speed><sat>33</sat></trkpt>
  <trkpt lat="45.60609417" lon="2.77846511"><ele>1446.683</ele><time>2026-09-22T13:33:11Z</time><speed>1.190</speed><sat>31</sat></trkpt>
  <trkpt lat="45.60611263" lon="2.77849127"><ele>1446.982</ele><time>2026-09-22T13:33:14Z</time><speed>0.640</speed><sat>33</sat></trkpt>
  <trkpt lat="45.60613314" lon="2.77852145"><ele>1447.364</ele><time>2026-09-22T13:33:17Z</time><speed>0.760</speed><sat>33</sat></trkpt>
  <trkpt lat="45.60615252" lon="2.77854813"><ele>1448.147</ele><time>2026-09-22T13:33:20Z</time><speed>1.190</speed><sat>33</sat></trkpt>
  <trkpt lat="45.60616858" lon="2.77857621"><ele>1448.404</ele><time>2026-09-22T13:33:23Z</time><speed>0.980</speed><sat>33</sat></trkpt>
  <trkpt lat="45.60618769" lon="2.77860671"><ele>1449.104</ele><time>2026-09-22T13:33:26Z</time><speed>1.140</speed><sat>32</sat></trkpt>
  <trkpt lat="45.60620366" lon="2.77863604"><ele>1449.587</ele><time>2026-09-22T13:33:29Z</time><speed>1.080</speed><sat>31</sat></trkpt>
  <trkpt lat="45.60622034" lon="2.77866217"><ele>1449.722</ele><time>2026-09-22T13:33:32Z</time><speed>1.100</speed><sat>31</sat></trkpt>
  <trkpt lat="45.60623857" lon="2.77868762"><ele>1450.168</ele><time>2026-09-22T13:33:35Z</time><speed>1.120</speed><sat>31</sat></trkpt>
  <trkpt lat="45.60625701" lon="2.77871052"><ele>1450.365</ele><time>2026-09-22T13:33:38Z</time><speed>1.060</speed><sat>31</sat></trkpt>
  <trkpt lat="45.60627789" lon="2.77873382"><ele>1450.703</ele><time>2026-09-22T13:33:41Z</time><speed>1.140</speed><sat>31</sat></trkpt>
  <trkpt lat="45.60629417" lon="2.77875973"><ele>1450.974</ele><time>2026-09-22T13:33:44Z</time><speed>0.860</speed><sat>32</sat></trkpt>
  <trkpt lat="45.60631141" lon="2.77878674"><ele>1451.635</ele><time>2026-09-22T13:33:47Z</time><speed>0.840</speed><sat>32</sat></trkpt>
  <trkpt lat="45.60633070" lon="2.77881114"><ele>1452.552</ele><time>2026-09-22T13:33:50Z</time><speed>0.830</speed><sat>32</sat></trkpt>
  <trkpt lat="45.60634865" lon="2.77883830"><ele>1453.650</ele><time>2026-09-22T13:33:53Z</time><speed>0.820</speed><sat>32</sat></trkpt>
  <trkpt lat="45.60636790" lon="2.77886124"><ele>1453.894</ele><time>2026-09-22T13:33:56Z</time><speed>0.970</speed><sat>32</sat></trkpt>
  <trkpt lat="45.60638793" lon="2.77888585"><ele>1454.545</ele><time>2026-09-22T13:33:59Z</time><speed>1.090</speed><sat>32</sat></trkpt>
  <trkpt lat="45.60640779" lon="2.77891028"><ele>1455.260</ele><time>2026-09-22T13:34:02Z</time><speed>1.180</speed><sat>32</sat></trkpt>
  <trkpt lat="45.60642667" lon="2.77893169"><ele>1455.864</ele><time>2026-09-22T13:34:05Z</time><speed>0.990</speed><sat>32</sat></trkpt>
  <trkpt lat="45.60644567" lon="2.77895541"><ele>1456.283</ele><time>2026-09-22T13:34:08Z</time><speed>0.720</speed><sat>32</sat></trkpt>
  <trkpt lat="45.60646894" lon="2.77898092"><ele>1456.589</ele><time>2026-09-22T13:34:11Z</time><speed>0.760</speed><sat>32</sat></trkpt>
  <trkpt lat="45.60648982" lon="2.77900730"><ele>1457.257</ele><time>2026-09-22T13:34:14Z</time><speed>1.040</speed><sat>30</sat></trkpt>
  <trkpt lat="45.60650563" lon="2.77903177"><ele>1458.019</ele><time>2026-09-22T13:34:17Z</time><speed>1.240</speed><sat>30</sat></trkpt>
  <trkpt lat="45.60652401" lon="2.77905812"><ele>1458.303</ele><time>2026-09-22T13:34:20Z</time><speed>1.140</speed><sat>29</sat></trkpt>
  <trkpt lat="45.60654067" lon="2.77908792"><ele>1458.495</ele><time>2026-09-22T13:34:23Z</time><speed>1.380</speed><sat>30</sat></trkpt>
  <trkpt lat="45.60655524" lon="2.77911318"><ele>1458.702</ele><time>2026-09-22T13:34:26Z</time><speed>0.600</speed><sat>31</sat></trkpt>
  <trkpt lat="45.60657231" lon="2.77914243"><ele>1459.662</ele><time>2026-09-22T13:34:29Z</time><speed>0.630</speed><sat>31</sat></trkpt>
  <trkpt lat="45.60659551" lon="2.77916937"><ele>1460.646</ele><time>2026-09-22T13:34:32Z</time><speed>1.160</speed><sat>30</sat></trkpt>
  <trkpt lat="45.60661021" lon="2.77919390"><ele>1461.520</ele><time>2026-09-22T13:34:35Z</time><speed>1.230</speed><sat>30</sat></trkpt>
  <trkpt lat="45.60662703" lon="2.77922097"><ele>1461.924</ele><time>2026-09-22T13:34:38Z</time><speed>1.130</speed><sat>31</sat></trkpt>
  <trkpt lat="45.60665151" lon="2.77924195"><ele>1461.928</ele><time>2026-09-22T13:34:41Z</time><speed>0.680</speed><sat>31</sat></trkpt>
  <trkpt lat="45.60667618" lon="2.77926776"><ele>1462.544</ele><time>2026-09-22T13:34:44Z</time><speed>0.970</speed><sat>30</sat></trkpt>
  <trkpt lat="45.60669650" lon="2.77929462"><ele>1462.648</ele><time>2026-09-22T13:34:47Z</time><speed>1.060</speed><sat>29</sat></trkpt>
  <trkpt lat="45.60671449" lon="2.77931594"><ele>1463.066</ele><time>2026-09-22T13:34:50Z</time><speed>1.120</speed><sat>31</sat></trkpt>
  <trkpt lat="45.60673672" lon="2.77933429"><ele>1463.199</ele><time>2026-09-22T13:34:53Z</time><speed>1.020</speed><sat>31</sat></trkpt>
  <trkpt lat="45.60675917" lon="2.77935851"><ele>1464.057</ele><time>2026-09-22T13:34:56Z</time><speed>1.110</speed><sat>33</sat></trkpt>
  <trkpt lat="45.60678377" lon="2.77936857"><ele>1464.265</ele><time>2026-09-22T13:34:59Z</time><speed>1.000</speed><sat>33</sat></trkpt>
  <trkpt lat="45.60680591" lon="2.77937657"><ele>1464.414</ele><time>2026-09-22T13:35:02Z</time><speed>0.910</speed><sat>32</sat></trkpt>
  <trkpt lat="45.60683468" lon="2.77938719"><ele>1464.707</ele><time>2026-09-22T13:35:05Z</time><speed>0.900</speed><sat>30</sat></trkpt>
  <trkpt lat="45.60685884" lon="2.77940685"><ele>1465.209</ele><time>2026-09-22T13:35:08Z</time><speed>0.960</speed><sat>30</sat></trkpt>
  <trkpt lat="45.60688558" lon="2.77941945"><ele>1466.197</ele><time>2026-09-22T13:35:11Z</time><speed>1.220</speed><sat>30</sat></trkpt>
  <trkpt lat="45.60690900" lon="2.77943523"><ele>1466.822</ele><time>2026-09-22T13:35:14Z</time><speed>1.080</speed><sat>31</sat></trkpt>
  <trkpt lat="45.60693920" lon="2.77943975"><ele>1466.540</ele><time>2026-09-22T13:35:17Z</time><speed>0.890</speed><sat>31</sat></trkpt>
  <trkpt lat="45.60697399" lon="2.77945788"><ele>1466.443</ele><time>2026-09-22T13:35:20Z</time><speed>1.160</speed><sat>30</sat></trkpt>
  <trkpt lat="45.60700293" lon="2.77947020"><ele>1466.053</ele><time>2026-09-22T13:35:23Z</time><speed>1.010</speed><sat>32</sat></trkpt>
  <trkpt lat="45.60703600" lon="2.77947913"><ele>1465.456</ele><time>2026-09-22T13:35:26Z</time><speed>1.190</speed><sat>33</sat></trkpt>
  <trkpt lat="45.60707084" lon="2.77948769"><ele>1465.008</ele><time>2026-09-22T13:35:29Z</time><speed>1.020</speed><sat>33</sat></trkpt>
  <trkpt lat="45.60710443" lon="2.77950493"><ele>1465.357</ele><time>2026-09-22T13:35:32Z</time><speed>1.320</speed><sat>33</sat></trkpt>
  <trkpt lat="45.60713624" lon="2.77952253"><ele>1464.699</ele><time>2026-09-22T13:35:35Z</time><speed>1.270</speed><sat>32</sat></trkpt>
  <trkpt lat="45.60716802" lon="2.77954841"><ele>1464.354</ele><time>2026-09-22T13:35:38Z</time><speed>1.270</speed><sat>32</sat></trkpt>
  <trkpt lat="45.60719566" lon="2.77957035"><ele>1464.244</ele><time>2026-09-22T13:35:41Z</time><speed>1.230</speed><sat>33</sat></trkpt>
  <trkpt lat="45.60723108" lon="2.77958975"><ele>1464.285</ele><time>2026-09-22T13:35:44Z</time><speed>1.470</speed><sat>33</sat></trkpt>
  <trkpt lat="45.60726713" lon="2.77961200"><ele>1463.881</ele><time>2026-09-22T13:35:47Z</time><speed>1.400</speed><sat>33</sat></trkpt>
  <trkpt lat="45.60730877" lon="2.77963294"><ele>1463.759</ele><time>2026-09-22T13:35:50Z</time><speed>1.310</speed><sat>33</sat></trkpt>
  <trkpt lat="45.60733725" lon="2.77964019"><ele>1464.430</ele><time>2026-09-22T13:35:53Z</time><speed>0.960</speed><sat>33</sat></trkpt>
  <trkpt lat="45.60737102" lon="2.77966583"><ele>1463.978</ele><time>2026-09-22T13:35:56Z</time><speed>1.250</speed><sat>33</sat></trkpt>
  <trkpt lat="45.60739785" lon="2.77968562"><ele>1463.912</ele><time>2026-09-22T13:35:59Z</time><speed>0.940</speed><sat>33</sat></trkpt>
  <trkpt lat="45.60742670" lon="2.77970618"><ele>1463.283</ele><time>2026-09-22T13:36:02Z</time><speed>1.210</speed><sat>33</sat></trkpt>
  <trkpt lat="45.60745516" lon="2.77972121"><ele>1463.083</ele><time>2026-09-22T13:36:05Z</time><speed>1.120</speed><sat>32</sat></trkpt>
  <trkpt lat="45.60748318" lon="2.77973871"><ele>1462.427</ele><time>2026-09-22T13:36:08Z</time><speed>1.150</speed><sat>33</sat></trkpt>
  <trkpt lat="45.60751039" lon="2.77976186"><ele>1462.120</ele><time>2026-09-22T13:36:11Z</time><speed>1.250</speed><sat>33</sat></trkpt>
  <trkpt lat="45.60754157" lon="2.77977585"><ele>1461.982</ele><time>2026-09-22T13:36:14Z</time><speed>0.970</speed><sat>32</sat></trkpt>
  <trkpt lat="45.60756777" lon="2.77979364"><ele>1460.916</ele><time>2026-09-22T13:36:17Z</time><speed>0.960</speed><sat>33</sat></trkpt>
  <trkpt lat="45.60759269" lon="2.77980663"><ele>1459.777</ele><time>2026-09-22T13:36:20Z</time><speed>0.880</speed><sat>33</sat></trkpt>
  <trkpt lat="45.60762373" lon="2.77981551"><ele>1459.304</ele><time>2026-09-22T13:36:23Z</time><speed>1.160</speed><sat>33</sat></trkpt>
  <trkpt lat="45.60765239" lon="2.77983699"><ele>1458.929</ele><time>2026-09-22T13:36:26Z</time><speed>1.010</speed><sat>33</sat></trkpt>
  <trkpt lat="45.60767817" lon="2.77984722"><ele>1458.750</ele><time>2026-09-22T13:36:29Z</time><speed>0.810</speed><sat>33</sat></trkpt>
  <trkpt lat="45.60770633" lon="2.77986457"><ele>1458.064</ele><time>2026-09-22T13:36:32Z</time><speed>0.980</speed><sat>33</sat></trkpt>
  <trkpt lat="45.60773057" lon="2.77988799"><ele>1457.813</ele><time>2026-09-22T13:36:35Z</time><speed>1.240</speed><sat>33</sat></trkpt>
  <trkpt lat="45.60775911" lon="2.77991399"><ele>1458.286</ele><time>2026-09-22T13:36:38Z</time><speed>1.130</speed><sat>33</sat></trkpt>
  <trkpt lat="45.60778235" lon="2.77994229"><ele>1458.158</ele><time>2026-09-22T13:36:41Z</time><speed>1.060</speed><sat>33</sat></trkpt>
  <trkpt lat="45.60781101" lon="2.77994487"><ele>1457.909</ele><time>2026-09-22T13:36:44Z</time><speed>1.200</speed><sat>33</sat></trkpt>
  <trkpt lat="45.60783738" lon="2.77993619"><ele>1457.240</ele><time>2026-09-22T13:36:47Z</time><speed>1.020</speed><sat>33</sat></trkpt>
  <trkpt lat="45.60786119" lon="2.77991414"><ele>1457.953</ele><time>2026-09-22T13:36:50Z</time><speed>1.070</speed><sat>32</sat></trkpt>
  <trkpt lat="45.60787953" lon="2.77988300"><ele>1457.418</ele><time>2026-09-22T13:36:53Z</time><speed>1.070</speed><sat>31</sat></trkpt>
  <trkpt lat="45.60789621" lon="2.77987048"><ele>1457.260</ele><time>2026-09-22T13:36:56Z</time><speed>0.630</speed><sat>31</sat></trkpt>
  <trkpt lat="45.60790505" lon="2.77984916"><ele>1458.379</ele><time>2026-09-22T13:36:59Z</time><speed>0.000</speed><sat>32</sat></trkpt>
  <trkpt lat="45.60790055" lon="2.77983437"><ele>1458.742</ele><time>2026-09-22T13:37:02Z</time><speed>0.000</speed><sat>33</sat></trkpt>
  <trkpt lat="45.60789948" lon="2.77983285"><ele>1458.594</ele><time>2026-09-22T13:37:05Z</time><speed>0.000</speed><sat>33</sat></trkpt>
  <trkpt lat="45.60789878" lon="2.77983229"><ele>1458.550</ele><time>2026-09-22T13:37:08Z</time><speed>0.000</speed><sat>29</sat></trkpt>
  <trkpt lat="45.60790350" lon="2.77982661"><ele>1457.766</ele><time>2026-09-22T13:37:11Z</time><speed>0.690</speed><sat>30</sat></trkpt>
  <trkpt lat="45.60791995" lon="2.77981910"><ele>1456.436</ele><time>2026-09-22T13:37:14Z</time><speed>0.920</speed><sat>33</sat></trkpt>
  <trkpt lat="45.60794293" lon="2.77980872"><ele>1455.984</ele><time>2026-09-22T13:37:17Z</time><speed>0.800</speed><sat>33</sat></trkpt>
  <trkpt lat="45.60796796" lon="2.77979406"><ele>1456.048</ele><time>2026-09-22T13:37:20Z</time><speed>1.020</speed><sat>33</sat></trkpt>
  <trkpt lat="45.60798921" lon="2.77978431"><ele>1456.575</ele><time>2026-09-22T13:37:23Z</time><speed>1.270</speed><sat>33</sat></trkpt>
  <trkpt lat="45.60800206" lon="2.77977089"><ele>1456.619</ele><time>2026-09-22T13:37:26Z</time><speed>0.720</speed><sat>33</sat></trkpt>
  <trkpt lat="45.60800749" lon="2.77976891"><ele>1456.529</ele><time>2026-09-22T13:37:29Z</time><speed>0.000</speed><sat>33</sat></trkpt>
  <trkpt lat="45.60800769" lon="2.77976823"><ele>1456.476</ele><time>2026-09-22T13:37:32Z</time><speed>0.000</speed><sat>31</sat></trkpt>
  <trkpt lat="45.60800762" lon="2.77976758"><ele>1456.434</ele><time>2026-09-22T13:37:35Z</time><speed>0.000</speed><sat>31</sat></trkpt>
  <trkpt lat="45.60800728" lon="2.77976926"><ele>1456.459</ele><time>2026-09-22T13:37:38Z</time><speed>0.000</speed><sat>30</sat></trkpt>
  <trkpt lat="45.60800744" lon="2.77976885"><ele>1456.443</ele><time>2026-09-22T13:37:41Z</time><speed>0.000</speed><sat>31</sat></trkpt>
  <trkpt lat="45.60800744" lon="2.77976858"><ele>1456.429</ele><time>2026-09-22T13:37:44Z</time><speed>0.000</speed><sat>30</sat></trkpt>
  <trkpt lat="45.60800734" lon="2.77976511"><ele>1456.318</ele><time>2026-09-22T13:37:47Z</time><speed>0.000</speed><sat>29</sat></trkpt>
  <trkpt lat="45.60800727" lon="2.77976411"><ele>1456.271</ele><time>2026-09-22T13:37:50Z</time><speed>0.000</speed><sat>30</sat></trkpt>
  <trkpt lat="45.60800741" lon="2.77976342"><ele>1456.215</ele><time>2026-09-22T13:37:53Z</time><speed>0.000</speed><sat>30</sat></trkpt>
  <trkpt lat="45.60801009" lon="2.77976064"><ele>1456.117</ele><time>2026-09-22T13:37:56Z</time><speed>0.000</speed><sat>29</sat></trkpt>
  <trkpt lat="45.60801005" lon="2.77975968"><ele>1456.076</ele><time>2026-09-22T13:37:59Z</time><speed>0.000</speed><sat>30</sat></trkpt>
  <trkpt lat="45.60800661" lon="2.77975618"><ele>1455.906</ele><time>2026-09-22T13:38:02Z</time><speed>0.000</speed><sat>31</sat></trkpt>
  <trkpt lat="45.60800689" lon="2.77975716"><ele>1455.671</ele><time>2026-09-22T13:38:05Z</time><speed>0.000</speed><sat>29</sat></trkpt>
  <trkpt lat="45.60800726" lon="2.77975738"><ele>1455.667</ele><time>2026-09-22T13:38:08Z</time><speed>0.000</speed><sat>30</sat></trkpt>
  <trkpt lat="45.60801344" lon="2.77974877"><ele>1455.166</ele><time>2026-09-22T13:38:11Z</time><speed>0.730</speed><sat>31</sat></trkpt>
  <trkpt lat="45.60802890" lon="2.77974015"><ele>1454.876</ele><time>2026-09-22T13:38:14Z</time><speed>1.000</speed><sat>31</sat></trkpt>
  <trkpt lat="45.60804760" lon="2.77972861"><ele>1455.130</ele><time>2026-09-22T13:38:17Z</time><speed>0.370</speed><sat>32</sat></trkpt>
  <trkpt lat="45.60806339" lon="2.77971214"><ele>1454.886</ele><time>2026-09-22T13:38:20Z</time><speed>0.830</speed><sat>31</sat></trkpt>
  <trkpt lat="45.60807153" lon="2.77970147"><ele>1453.911</ele><time>2026-09-22T13:38:23Z</time><speed>0.580</speed><sat>31</sat></trkpt>
  <trkpt lat="45.60808794" lon="2.77968595"><ele>1453.274</ele><time>2026-09-22T13:38:26Z</time><speed>1.020</speed><sat>32</sat></trkpt>
  <trkpt lat="45.60810324" lon="2.77967331"><ele>1453.481</ele><time>2026-09-22T13:38:29Z</time><speed>0.590</speed><sat>32</sat></trkpt>
  <trkpt lat="45.60811927" lon="2.77965223"><ele>1453.081</ele><time>2026-09-22T13:38:32Z</time><speed>0.910</speed><sat>31</sat></trkpt>
  <trkpt lat="45.60813533" lon="2.77964131"><ele>1452.428</ele><time>2026-09-22T13:38:35Z</time><speed>0.760</speed><sat>31</sat></trkpt>
  <trkpt lat="45.60814343" lon="2.77962076"><ele>1451.147</ele><time>2026-09-22T13:38:38Z</time><speed>0.780</speed><sat>31</sat></trkpt>
  <trkpt lat="45.60815282" lon="2.77960512"><ele>1450.405</ele><time>2026-09-22T13:38:41Z</time><speed>0.870</speed><sat>31</sat></trkpt>
  <trkpt lat="45.60817285" lon="2.77957632"><ele>1449.172</ele><time>2026-09-22T13:38:44Z</time><speed>1.400</speed><sat>31</sat></trkpt>
  <trkpt lat="45.60818902" lon="2.77953936"><ele>1447.595</ele><time>2026-09-22T13:38:47Z</time><speed>0.970</speed><sat>30</sat></trkpt>
  <trkpt lat="45.60821248" lon="2.77951172"><ele>1446.686</ele><time>2026-09-22T13:38:50Z</time><speed>1.750</speed><sat>30</sat></trkpt>
  <trkpt lat="45.60824290" lon="2.77948869"><ele>1444.367</ele><time>2026-09-22T13:38:53Z</time><speed>1.750</speed><sat>30</sat></trkpt>
  <trkpt lat="45.60826558" lon="2.77946510"><ele>1445.637</ele><time>2026-09-22T13:38:56Z</time><speed>1.690</speed><sat>30</sat></trkpt>
  <trkpt lat="45.60827942" lon="2.77943979"><ele>1446.307</ele><time>2026-09-22T13:38:59Z</time><speed>1.560</speed><sat>30</sat></trkpt>
  <trkpt lat="45.60828887" lon="2.77943978"><ele>1446.605</ele><time>2026-09-22T13:39:02Z</time><speed>1.250</speed><sat>30</sat></trkpt>
  <trkpt lat="45.60829956" lon="2.77942007"><ele>1447.423</ele><time>2026-09-22T13:39:05Z</time><speed>1.140</speed><sat>30</sat></trkpt>
  <trkpt lat="45.60831590" lon="2.77939121"><ele>1447.294</ele><time>2026-09-22T13:39:08Z</time><speed>0.950</speed><sat>30</sat></trkpt>
  <trkpt lat="45.60832648" lon="2.77937293"><ele>1446.856</ele><time>2026-09-22T13:39:11Z</time><speed>1.120</speed><sat>31</sat></trkpt>
  <trkpt lat="45.60834565" lon="2.77935158"><ele>1445.421</ele><time>2026-09-22T13:39:14Z</time><speed>1.090</speed><sat>31</sat></trkpt>
  <trkpt lat="45.60836373" lon="2.77932699"><ele>1444.734</ele><time>2026-09-22T13:39:17Z</time><speed>1.030</speed><sat>32</sat></trkpt>
  <trkpt lat="45.60837821" lon="2.77930457"><ele>1442.937</ele><time>2026-09-22T13:39:20Z</time><speed>1.010</speed><sat>32</sat></trkpt>
  <trkpt lat="45.60839059" lon="2.77928597"><ele>1441.429</ele><time>2026-09-22T13:39:23Z</time><speed>1.040</speed><sat>33</sat></trkpt>
  <trkpt lat="45.60841074" lon="2.77929904"><ele>1440.484</ele><time>2026-09-22T13:39:26Z</time><speed>1.010</speed><sat>33</sat></trkpt>
  <trkpt lat="45.60842749" lon="2.77929037"><ele>1440.799</ele><time>2026-09-22T13:39:29Z</time><speed>1.010</speed><sat>33</sat></trkpt>
  <trkpt lat="45.60843658" lon="2.77927318"><ele>1441.097</ele><time>2026-09-22T13:39:32Z</time><speed>0.990</speed><sat>32</sat></trkpt>
  <trkpt lat="45.60845303" lon="2.77925835"><ele>1441.165</ele><time>2026-09-22T13:39:35Z</time><speed>0.870</speed><sat>32</sat></trkpt>
  <trkpt lat="45.60846920" lon="2.77923836"><ele>1440.736</ele><time>2026-09-22T13:39:38Z</time><speed>1.030</speed><sat>31</sat></trkpt>
  <trkpt lat="45.60848385" lon="2.77921629"><ele>1440.600</ele><time>2026-09-22T13:39:41Z</time><speed>0.990</speed><sat>32</sat></trkpt>
  <trkpt lat="45.60850791" lon="2.77919731"><ele>1440.248</ele><time>2026-09-22T13:39:44Z</time><speed>1.090</speed><sat>32</sat></trkpt>
  <trkpt lat="45.60852624" lon="2.77917225"><ele>1439.975</ele><time>2026-09-22T13:39:47Z</time><speed>0.960</speed><sat>32</sat></trkpt>
  <trkpt lat="45.60854771" lon="2.77914608"><ele>1439.315</ele><time>2026-09-22T13:39:50Z</time><speed>1.200</speed><sat>32</sat></trkpt>
  <trkpt lat="45.60856820" lon="2.77911989"><ele>1438.568</ele><time>2026-09-22T13:39:53Z</time><speed>1.060</speed><sat>32</sat></trkpt>
  <trkpt lat="45.60859151" lon="2.77909049"><ele>1437.894</ele><time>2026-09-22T13:39:56Z</time><speed>1.120</speed><sat>32</sat></trkpt>
  <trkpt lat="45.60862248" lon="2.77907346"><ele>1438.199</ele><time>2026-09-22T13:39:59Z</time><speed>1.350</speed><sat>32</sat></trkpt>
  <trkpt lat="45.60864772" lon="2.77904691"><ele>1438.800</ele><time>2026-09-22T13:40:02Z</time><speed>1.170</speed><sat>32</sat></trkpt>
  <trkpt lat="45.60867123" lon="2.77902369"><ele>1438.434</ele><time>2026-09-22T13:40:05Z</time><speed>1.020</speed><sat>32</sat></trkpt>
  <trkpt lat="45.60869521" lon="2.77900269"><ele>1438.795</ele><time>2026-09-22T13:40:08Z</time><speed>1.040</speed><sat>32</sat></trkpt>
  <trkpt lat="45.60871434" lon="2.77897555"><ele>1438.196</ele><time>2026-09-22T13:40:11Z</time><speed>1.000</speed><sat>32</sat></trkpt>
  <trkpt lat="45.60874015" lon="2.77895391"><ele>1438.254</ele><time>2026-09-22T13:40:14Z</time><speed>1.160</speed><sat>32</sat></trkpt>
  <trkpt lat="45.60876298" lon="2.77892040"><ele>1437.123</ele><time>2026-09-22T13:40:17Z</time><speed>0.990</speed><sat>32</sat></trkpt>
  <trkpt lat="45.60879043" lon="2.77889731"><ele>1437.555</ele><time>2026-09-22T13:40:20Z</time><speed>1.090</speed><sat>31</sat></trkpt>
  <trkpt lat="45.60881454" lon="2.77886712"><ele>1436.889</ele><time>2026-09-22T13:40:23Z</time><speed>1.020</speed><sat>31</sat></trkpt>
  <trkpt lat="45.60884070" lon="2.77884328"><ele>1437.542</ele><time>2026-09-22T13:40:26Z</time><speed>0.990</speed><sat>31</sat></trkpt>
  <trkpt lat="45.60885982" lon="2.77881185"><ele>1437.003</ele><time>2026-09-22T13:40:29Z</time><speed>0.990</speed><sat>31</sat></trkpt>
  <trkpt lat="45.60888634" lon="2.77877708"><ele>1436.828</ele><time>2026-09-22T13:40:32Z</time><speed>0.990</speed><sat>31</sat></trkpt>
  <trkpt lat="45.60890847" lon="2.77874192"><ele>1436.331</ele><time>2026-09-22T13:40:35Z</time><speed>1.060</speed><sat>31</sat></trkpt>
  <trkpt lat="45.60893161" lon="2.77870735"><ele>1436.011</ele><time>2026-09-22T13:40:38Z</time><speed>0.920</speed><sat>32</sat></trkpt>
  <trkpt lat="45.60895096" lon="2.77867413"><ele>1435.690</ele><time>2026-09-22T13:40:41Z</time><speed>0.880</speed><sat>31</sat></trkpt>
  <trkpt lat="45.60895724" lon="2.77862884"><ele>1437.074</ele><time>2026-09-22T13:40:44Z</time><speed>0.000</speed><sat>32</sat></trkpt>
  <trkpt lat="45.60895518" lon="2.77862742"><ele>1437.097</ele><time>2026-09-22T13:40:47Z</time><speed>0.000</speed><sat>32</sat></trkpt>
  <trkpt lat="45.60895483" lon="2.77862648"><ele>1437.065</ele><time>2026-09-22T13:40:50Z</time><speed>0.000</speed><sat>31</sat></trkpt>
  <trkpt lat="45.60895486" lon="2.77862598"><ele>1437.070</ele><time>2026-09-22T13:40:53Z</time><speed>0.000</speed><sat>29</sat></trkpt>
  <trkpt lat="45.60895400" lon="2.77862547"><ele>1437.036</ele><time>2026-09-22T13:40:56Z</time><speed>0.000</speed><sat>29</sat></trkpt>
  <trkpt lat="45.60895301" lon="2.77862491"><ele>1436.976</ele><time>2026-09-22T13:40:59Z</time><speed>0.000</speed><sat>29</sat></trkpt>
  <trkpt lat="45.60895199" lon="2.77862446"><ele>1436.936</ele><time>2026-09-22T13:41:02Z</time><speed>0.000</speed><sat>29</sat></trkpt>
  <trkpt lat="45.60895185" lon="2.77862425"><ele>1436.957</ele><time>2026-09-22T13:41:05Z</time><speed>0.000</speed><sat>29</sat></trkpt>
  <trkpt lat="45.60895170" lon="2.77862399"><ele>1436.966</ele><time>2026-09-22T13:41:08Z</time><speed>0.000</speed><sat>29</sat></trkpt>
  <trkpt lat="45.60895189" lon="2.77862393"><ele>1436.996</ele><time>2026-09-22T13:41:11Z</time><speed>0.000</speed><sat>29</sat></trkpt>
  <trkpt lat="45.60895201" lon="2.77862379"><ele>1437.020</ele><time>2026-09-22T13:41:14Z</time><speed>0.000</speed><sat>28</sat></trkpt>
  <trkpt lat="45.60895183" lon="2.77862342"><ele>1436.959</ele><time>2026-09-22T13:41:17Z</time><speed>0.000</speed><sat>30</sat></trkpt>
  <trkpt lat="45.60895200" lon="2.77862294"><ele>1436.937</ele><time>2026-09-22T13:41:20Z</time><speed>0.000</speed><sat>30</sat></trkpt>
  <trkpt lat="45.60895148" lon="2.77862260"><ele>1436.888</ele><time>2026-09-22T13:41:23Z</time><speed>0.000</speed><sat>30</sat></trkpt>
  <trkpt lat="45.60895149" lon="2.77862209"><ele>1436.816</ele><time>2026-09-22T13:41:26Z</time><speed>0.000</speed><sat>29</sat></trkpt>
  <trkpt lat="45.60895169" lon="2.77862183"><ele>1436.823</ele><time>2026-09-22T13:41:29Z</time><speed>0.000</speed><sat>30</sat></trkpt>
  <trkpt lat="45.60895177" lon="2.77862161"><ele>1436.819</ele><time>2026-09-22T13:41:32Z</time><speed>0.000</speed><sat>30</sat></trkpt>
  <trkpt lat="45.60895105" lon="2.77862098"><ele>1436.787</ele><time>2026-09-22T13:41:35Z</time><speed>0.000</speed><sat>27</sat></trkpt>
  <trkpt lat="45.60894849" lon="2.77861713"><ele>1436.903</ele><time>2026-09-22T13:41:38Z</time><speed>0.000</speed><sat>26</sat></trkpt>
  <trkpt lat="45.60894821" lon="2.77861634"><ele>1436.884</ele><time>2026-09-22T13:41:41Z</time><speed>0.000</speed><sat>29</sat></trkpt>
  <trkpt lat="45.60894797" lon="2.77861599"><ele>1436.853</ele><time>2026-09-22T13:41:44Z</time><speed>0.000</speed><sat>29</sat></trkpt>
  <trkpt lat="45.60895009" lon="2.77862223"><ele>1436.877</ele><time>2026-09-22T13:41:47Z</time><speed>0.000</speed><sat>27</sat></trkpt>
  <trkpt lat="45.60895015" lon="2.77862029"><ele>1437.199</ele><time>2026-09-22T13:41:50Z</time><speed>0.000</speed><sat>31</sat></trkpt>
  <trkpt lat="45.60895006" lon="2.77862048"><ele>1437.230</ele><time>2026-09-22T13:41:53Z</time><speed>0.000</speed><sat>31</sat></trkpt>
  <trkpt lat="45.60894962" lon="2.77862042"><ele>1437.185</ele><time>2026-09-22T13:41:56Z</time><speed>0.000</speed><sat>31</sat></trkpt>
  <trkpt lat="45.60894925" lon="2.77862017"><ele>1437.141</ele><time>2026-09-22T13:41:59Z</time><speed>0.000</speed><sat>32</sat></trkpt>
  <trkpt lat="45.60894879" lon="2.77861988"><ele>1437.100</ele><time>2026-09-22T13:42:02Z</time><speed>0.000</speed><sat>32</sat></trkpt>
  <trkpt lat="45.60894897" lon="2.77861970"><ele>1437.078</ele><time>2026-09-22T13:42:05Z</time><speed>0.000</speed><sat>29</sat></trkpt>
  <trkpt lat="45.60894822" lon="2.77861943"><ele>1437.028</ele><time>2026-09-22T13:42:08Z</time><speed>0.000</speed><sat>29</sat></trkpt>
  <trkpt lat="45.60894730" lon="2.77861901"><ele>1436.969</ele><time>2026-09-22T13:42:11Z</time><speed>0.000</speed><sat>30</sat></trkpt>
  <trkpt lat="45.60894730" lon="2.77861894"><ele>1436.948</ele><time>2026-09-22T13:42:14Z</time><speed>0.000</speed><sat>30</sat></trkpt>
  <trkpt lat="45.60894756" lon="2.77861902"><ele>1436.922</ele><time>2026-09-22T13:42:17Z</time><speed>0.000</speed><sat>30</sat></trkpt>
  <trkpt lat="45.60894727" lon="2.77861852"><ele>1436.816</ele><time>2026-09-22T13:42:20Z</time><speed>0.000</speed><sat>31</sat></trkpt>
  <trkpt lat="45.60894683" lon="2.77861793"><ele>1436.784</ele><time>2026-09-22T13:42:23Z</time><speed>0.000</speed><sat>31</sat></trkpt>
  <trkpt lat="45.60894668" lon="2.77861742"><ele>1436.681</ele><time>2026-09-22T13:42:26Z</time><speed>0.000</speed><sat>30</sat></trkpt>
  <trkpt lat="45.60894661" lon="2.77861697"><ele>1436.565</ele><time>2026-09-22T13:42:29Z</time><speed>0.000</speed><sat>28</sat></trkpt>
  <trkpt lat="45.60894688" lon="2.77861680"><ele>1436.513</ele><time>2026-09-22T13:42:32Z</time><speed>0.000</speed><sat>30</sat></trkpt>
  <trkpt lat="45.60894700" lon="2.77861671"><ele>1436.503</ele><time>2026-09-22T13:42:35Z</time><speed>0.000</speed><sat>30</sat></trkpt>
  <trkpt lat="45.60894687" lon="2.77861664"><ele>1436.526</ele><time>2026-09-22T13:42:38Z</time><speed>0.000</speed><sat>30</sat></trkpt>
  <trkpt lat="45.60894639" lon="2.77861631"><ele>1436.475</ele><time>2026-09-22T13:42:41Z</time><speed>0.000</speed><sat>31</sat></trkpt>
  <trkpt lat="45.60894639" lon="2.77861611"><ele>1436.422</ele><time>2026-09-22T13:42:44Z</time><speed>0.000</speed><sat>31</sat></trkpt>
  <trkpt lat="45.60894669" lon="2.77861638"><ele>1436.448</ele><time>2026-09-22T13:42:47Z</time><speed>0.000</speed><sat>30</sat></trkpt>
  <trkpt lat="45.60894726" lon="2.77861660"><ele>1436.428</ele><time>2026-09-22T13:42:50Z</time><speed>0.000</speed><sat>29</sat></trkpt>
  <trkpt lat="45.60894708" lon="2.77861637"><ele>1436.414</ele><time>2026-09-22T13:42:53Z</time><speed>0.000</speed><sat>31</sat></trkpt>
  <trkpt lat="45.60894704" lon="2.77861627"><ele>1436.435</ele><time>2026-09-22T13:42:56Z</time><speed>0.000</speed><sat>32</sat></trkpt>
  <trkpt lat="45.60894723" lon="2.77861640"><ele>1436.448</ele><time>2026-09-22T13:42:59Z</time><speed>0.000</speed><sat>29</sat></trkpt>
  <trkpt lat="45.60894749" lon="2.77861639"><ele>1436.463</ele><time>2026-09-22T13:43:02Z</time><speed>0.000</speed><sat>28</sat></trkpt>
  <trkpt lat="45.60894749" lon="2.77861637"><ele>1436.453</ele><time>2026-09-22T13:43:05Z</time><speed>0.000</speed><sat>29</sat></trkpt>
  <trkpt lat="45.60894769" lon="2.77861631"><ele>1436.478</ele><time>2026-09-22T13:43:08Z</time><speed>0.000</speed><sat>30</sat></trkpt>
  <trkpt lat="45.60894769" lon="2.77861612"><ele>1436.496</ele><time>2026-09-22T13:43:11Z</time><speed>0.000</speed><sat>30</sat></trkpt>
  <trkpt lat="45.60894765" lon="2.77861597"><ele>1436.518</ele><time>2026-09-22T13:43:14Z</time><speed>0.000</speed><sat>30</sat></trkpt>
  <trkpt lat="45.60894790" lon="2.77861592"><ele>1436.527</ele><time>2026-09-22T13:43:17Z</time><speed>0.000</speed><sat>30</sat></trkpt>
  <trkpt lat="45.60894616" lon="2.77861403"><ele>1436.363</ele><time>2026-09-22T13:43:20Z</time><speed>0.000</speed><sat>28</sat></trkpt>
  <trkpt lat="45.60894561" lon="2.77861354"><ele>1436.354</ele><time>2026-09-22T13:43:23Z</time><speed>0.000</speed><sat>32</sat></trkpt>
  <trkpt lat="45.60894555" lon="2.77861326"><ele>1436.348</ele><time>2026-09-22T13:43:26Z</time><speed>0.000</speed><sat>31</sat></trkpt>
  <trkpt lat="45.60894505" lon="2.77861329"><ele>1436.335</ele><time>2026-09-22T13:43:29Z</time><speed>0.000</speed><sat>24</sat></trkpt>
  <trkpt lat="45.60894520" lon="2.77861268"><ele>1436.376</ele><time>2026-09-22T13:43:32Z</time><speed>0.000</speed><sat>24</sat></trkpt>
  <trkpt lat="45.60894479" lon="2.77861255"><ele>1436.403</ele><time>2026-09-22T13:43:35Z</time><speed>0.000</speed><sat>23</sat></trkpt>
  <trkpt lat="45.60894443" lon="2.77861296"><ele>1436.362</ele><time>2026-09-22T13:43:38Z</time><speed>0.000</speed><sat>23</sat></trkpt>
  <trkpt lat="45.60894405" lon="2.77861342"><ele>1436.322</ele><time>2026-09-22T13:43:41Z</time><speed>0.000</speed><sat>23</sat></trkpt>
  <trkpt lat="45.60894297" lon="2.77861392"><ele>1436.260</ele><time>2026-09-22T13:43:44Z</time><speed>0.000</speed><sat>23</sat></trkpt>
  <trkpt lat="45.60894262" lon="2.77861359"><ele>1436.269</ele><time>2026-09-22T13:43:47Z</time><speed>0.000</speed><sat>23</sat></trkpt>
  <trkpt lat="45.60894233" lon="2.77861389"><ele>1436.236</ele><time>2026-09-22T13:43:50Z</time><speed>0.000</speed><sat>25</sat></trkpt>
  <trkpt lat="45.60894259" lon="2.77861366"><ele>1436.252</ele><time>2026-09-22T13:43:53Z</time><speed>0.000</speed><sat>24</sat></trkpt>
  <trkpt lat="45.60894198" lon="2.77861345"><ele>1436.263</ele><time>2026-09-22T13:43:56Z</time><speed>0.000</speed><sat>23</sat></trkpt>
  <trkpt lat="45.60894123" lon="2.77861353"><ele>1436.242</ele><time>2026-09-22T13:43:59Z</time><speed>0.000</speed><sat>23</sat></trkpt>
  <trkpt lat="45.60894144" lon="2.77861317"><ele>1436.263</ele><time>2026-09-22T13:44:02Z</time><speed>0.000</speed><sat>23</sat></trkpt>
  <trkpt lat="45.60894132" lon="2.77861302"><ele>1436.263</ele><time>2026-09-22T13:44:05Z</time><speed>0.000</speed><sat>23</sat></trkpt>
  <trkpt lat="45.60894116" lon="2.77861316"><ele>1436.262</ele><time>2026-09-22T13:44:08Z</time><speed>0.000</speed><sat>24</sat></trkpt>
  <trkpt lat="45.60894092" lon="2.77861328"><ele>1436.274</ele><time>2026-09-22T13:44:11Z</time><speed>0.000</speed><sat>23</sat></trkpt>
  <trkpt lat="45.60894087" lon="2.77861292"><ele>1436.267</ele><time>2026-09-22T13:44:14Z</time><speed>0.000</speed><sat>24</sat></trkpt>
  <trkpt lat="45.60894093" lon="2.77861282"><ele>1436.270</ele><time>2026-09-22T13:44:17Z</time><speed>0.000</speed><sat>24</sat></trkpt>
  <trkpt lat="45.60894129" lon="2.77861287"><ele>1436.280</ele><time>2026-09-22T13:44:20Z</time><speed>0.000</speed><sat>23</sat></trkpt>
  <trkpt lat="45.60894090" lon="2.77861265"><ele>1436.261</ele><time>2026-09-22T13:44:23Z</time><speed>0.000</speed><sat>24</sat></trkpt>
  <trkpt lat="45.60894053" lon="2.77861272"><ele>1436.245</ele><time>2026-09-22T13:44:26Z</time><speed>0.000</speed><sat>23</sat></trkpt>
  <trkpt lat="45.60894068" lon="2.77861301"><ele>1436.260</ele><time>2026-09-22T13:44:29Z</time><speed>0.000</speed><sat>23</sat></trkpt>
  <trkpt lat="45.60894083" lon="2.77861312"><ele>1436.278</ele><time>2026-09-22T13:44:32Z</time><speed>0.000</speed><sat>24</sat></trkpt>
  <trkpt lat="45.60894057" lon="2.77861297"><ele>1436.285</ele><time>2026-09-22T13:44:35Z</time><speed>0.000</speed><sat>26</sat></trkpt>
  <trkpt lat="45.60894048" lon="2.77861323"><ele>1436.310</ele><time>2026-09-22T13:44:38Z</time><speed>0.000</speed><sat>25</sat></trkpt>
  <trkpt lat="45.60894068" lon="2.77861324"><ele>1436.327</ele><time>2026-09-22T13:44:41Z</time><speed>0.000</speed><sat>23</sat></trkpt>
  <trkpt lat="45.60894044" lon="2.77861344"><ele>1436.328</ele><time>2026-09-22T13:44:44Z</time><speed>0.000</speed><sat>23</sat></trkpt>
  <trkpt lat="45.60894053" lon="2.77861333"><ele>1436.366</ele><time>2026-09-22T13:44:47Z</time><speed>0.000</speed><sat>23</sat></trkpt>
  <trkpt lat="45.60894035" lon="2.77861337"><ele>1436.378</ele><time>2026-09-22T13:44:50Z</time><speed>0.000</speed><sat>23</sat></trkpt>
  <trkpt lat="45.60894012" lon="2.77861352"><ele>1436.358</ele><time>2026-09-22T13:44:53Z</time><speed>0.000</speed><sat>23</sat></trkpt>
  <trkpt lat="45.60893996" lon="2.77861345"><ele>1436.366</ele><time>2026-09-22T13:44:56Z</time><speed>0.000</speed><sat>22</sat></trkpt>
  <trkpt lat="45.60893993" lon="2.77861322"><ele>1436.364</ele><time>2026-09-22T13:44:59Z</time><speed>0.000</speed><sat>22</sat></trkpt>
  <trkpt lat="45.60893992" lon="2.77861297"><ele>1436.346</ele><time>2026-09-22T13:45:02Z</time><speed>0.000</speed><sat>23</sat></trkpt>
  <trkpt lat="45.60894011" lon="2.77861309"><ele>1436.356</ele><time>2026-09-22T13:45:05Z</time><speed>0.000</speed><sat>23</sat></trkpt>
  <trkpt lat="45.60893986" lon="2.77861289"><ele>1436.352</ele><time>2026-09-22T13:45:08Z</time><speed>0.000</speed><sat>23</sat></trkpt>
  <trkpt lat="45.60893891" lon="2.77861283"><ele>1436.351</ele><time>2026-09-22T13:45:11Z</time><speed>0.000</speed><sat>23</sat></trkpt>
  <trkpt lat="45.60893898" lon="2.77861291"><ele>1436.343</ele><time>2026-09-22T13:45:14Z</time><speed>0.000</speed><sat>23</sat></trkpt>
  <trkpt lat="45.60893920" lon="2.77861308"><ele>1436.356</ele><time>2026-09-22T13:45:17Z</time><speed>0.000</speed><sat>23</sat></trkpt>
  <trkpt lat="45.60893901" lon="2.77861298"><ele>1436.354</ele><time>2026-09-22T13:45:20Z</time><speed>0.000</speed><sat>23</sat></trkpt>
  <trkpt lat="45.60893839" lon="2.77861290"><ele>1436.340</ele><time>2026-09-22T13:45:23Z</time><speed>0.000</speed><sat>23</sat></trkpt>
  <trkpt lat="45.60893860" lon="2.77861287"><ele>1436.361</ele><time>2026-09-22T13:45:26Z</time><speed>0.000</speed><sat>23</sat></trkpt>
  <trkpt lat="45.60893892" lon="2.77861275"><ele>1436.361</ele><time>2026-09-22T13:45:29Z</time><speed>0.000</speed><sat>23</sat></trkpt>
  <trkpt lat="45.60893889" lon="2.77861257"><ele>1436.363</ele><time>2026-09-22T13:45:32Z</time><speed>0.000</speed><sat>22</sat></trkpt>
  <trkpt lat="45.60893880" lon="2.77861238"><ele>1436.347</ele><time>2026-09-22T13:45:35Z</time><speed>0.000</speed><sat>22</sat></trkpt>
  <trkpt lat="45.60893896" lon="2.77861249"><ele>1436.357</ele><time>2026-09-22T13:45:38Z</time><speed>0.000</speed><sat>23</sat></trkpt>
  <trkpt lat="45.60893931" lon="2.77861250"><ele>1436.359</ele><time>2026-09-22T13:45:41Z</time><speed>0.000</speed><sat>23</sat></trkpt>
  <trkpt lat="45.60893903" lon="2.77861224"><ele>1436.343</ele><time>2026-09-22T13:45:44Z</time><speed>0.000</speed><sat>24</sat></trkpt>
  <trkpt lat="45.60893879" lon="2.77861209"><ele>1436.335</ele><time>2026-09-22T13:45:47Z</time><speed>0.000</speed><sat>22</sat></trkpt>
  <trkpt lat="45.60894367" lon="2.77861463"><ele>1436.221</ele><time>2026-09-22T13:45:50Z</time><speed>0.000</speed><sat>21</sat></trkpt>
  <trkpt lat="45.60898117" lon="2.77860855"><ele>1438.093</ele><time>2026-09-22T13:45:53Z</time><speed>1.210</speed><sat>30</sat></trkpt>
  <trkpt lat="45.60900553" lon="2.77858248"><ele>1437.775</ele><time>2026-09-22T13:45:56Z</time><speed>1.050</speed><sat>31</sat></trkpt>
  <trkpt lat="45.60903444" lon="2.77855397"><ele>1438.026</ele><time>2026-09-22T13:45:59Z</time><speed>1.520</speed><sat>28</sat></trkpt>
  <trkpt lat="45.60905602" lon="2.77852588"><ele>1437.618</ele><time>2026-09-22T13:46:02Z</time><speed>1.030</speed><sat>29</sat></trkpt>
  <trkpt lat="45.60908049" lon="2.77850171"><ele>1437.678</ele><time>2026-09-22T13:46:05Z</time><speed>1.230</speed><sat>30</sat></trkpt>
  <trkpt lat="45.60910510" lon="2.77847452"><ele>1437.399</ele><time>2026-09-22T13:46:08Z</time><speed>1.090</speed><sat>30</sat></trkpt>
  <trkpt lat="45.60913042" lon="2.77845653"><ele>1437.032</ele><time>2026-09-22T13:46:11Z</time><speed>1.260</speed><sat>30</sat></trkpt>
  <trkpt lat="45.60915288" lon="2.77843679"><ele>1436.939</ele><time>2026-09-22T13:46:14Z</time><speed>0.970</speed><sat>30</sat></trkpt>
  <trkpt lat="45.60918092" lon="2.77840783"><ele>1436.574</ele><time>2026-09-22T13:46:17Z</time><speed>1.160</speed><sat>30</sat></trkpt>
  <trkpt lat="45.60920500" lon="2.77837908"><ele>1436.162</ele><time>2026-09-22T13:46:20Z</time><speed>1.130</speed><sat>30</sat></trkpt>
  <trkpt lat="45.60922963" lon="2.77834715"><ele>1435.304</ele><time>2026-09-22T13:46:23Z</time><speed>1.170</speed><sat>30</sat></trkpt>
  <trkpt lat="45.60925241" lon="2.77831453"><ele>1434.783</ele><time>2026-09-22T13:46:26Z</time><speed>1.270</speed><sat>30</sat></trkpt>
  <trkpt lat="45.60928211" lon="2.77828962"><ele>1434.682</ele><time>2026-09-22T13:46:29Z</time><speed>1.250</speed><sat>30</sat></trkpt>
  <trkpt lat="45.60930671" lon="2.77825960"><ele>1434.195</ele><time>2026-09-22T13:46:32Z</time><speed>1.310</speed><sat>30</sat></trkpt>
  <trkpt lat="45.60933711" lon="2.77823830"><ele>1433.991</ele><time>2026-09-22T13:46:35Z</time><speed>1.270</speed><sat>30</sat></trkpt>
  <trkpt lat="45.60936090" lon="2.77821717"><ele>1434.539</ele><time>2026-09-22T13:46:38Z</time><speed>1.150</speed><sat>30</sat></trkpt>
  <trkpt lat="45.60938356" lon="2.77819433"><ele>1434.333</ele><time>2026-09-22T13:46:41Z</time><speed>1.160</speed><sat>30</sat></trkpt>
  <trkpt lat="45.60940683" lon="2.77816665"><ele>1433.463</ele><time>2026-09-22T13:46:44Z</time><speed>1.090</speed><sat>30</sat></trkpt>
  <trkpt lat="45.60943020" lon="2.77814786"><ele>1433.320</ele><time>2026-09-22T13:46:47Z</time><speed>1.110</speed><sat>30</sat></trkpt>
  <trkpt lat="45.60944859" lon="2.77812327"><ele>1432.300</ele><time>2026-09-22T13:46:50Z</time><speed>0.940</speed><sat>30</sat></trkpt>
  <trkpt lat="45.60946591" lon="2.77809676"><ele>1432.654</ele><time>2026-09-22T13:46:53Z</time><speed>1.040</speed><sat>30</sat></trkpt>
  <trkpt lat="45.60948751" lon="2.77806725"><ele>1431.970</ele><time>2026-09-22T13:46:56Z</time><speed>1.090</speed><sat>29</sat></trkpt>
  <trkpt lat="45.60950663" lon="2.77803903"><ele>1430.599</ele><time>2026-09-22T13:46:59Z</time><speed>1.080</speed><sat>29</sat></trkpt>
  <trkpt lat="45.60953138" lon="2.77801142"><ele>1430.508</ele><time>2026-09-22T13:47:02Z</time><speed>1.090</speed><sat>28</sat></trkpt>
  <trkpt lat="45.60955105" lon="2.77798542"><ele>1429.286</ele><time>2026-09-22T13:47:05Z</time><speed>0.940</speed><sat>28</sat></trkpt>
  <trkpt lat="45.60957173" lon="2.77796401"><ele>1428.042</ele><time>2026-09-22T13:47:08Z</time><speed>0.950</speed><sat>28</sat></trkpt>
  <trkpt lat="45.60959654" lon="2.77794278"><ele>1428.139</ele><time>2026-09-22T13:47:11Z</time><speed>1.260</speed><sat>28</sat></trkpt>
  <trkpt lat="45.60962019" lon="2.77792270"><ele>1428.206</ele><time>2026-09-22T13:47:14Z</time><speed>1.050</speed><sat>28</sat></trkpt>
  <trkpt lat="45.60964096" lon="2.77789817"><ele>1428.021</ele><time>2026-09-22T13:47:17Z</time><speed>1.080</speed><sat>28</sat></trkpt>
  <trkpt lat="45.60966208" lon="2.77787309"><ele>1427.947</ele><time>2026-09-22T13:47:20Z</time><speed>1.080</speed><sat>28</sat></trkpt>
  <trkpt lat="45.60968854" lon="2.77785378"><ele>1428.256</ele><time>2026-09-22T13:47:23Z</time><speed>1.090</speed><sat>29</sat></trkpt>
  <trkpt lat="45.60970907" lon="2.77782360"><ele>1428.183</ele><time>2026-09-22T13:47:26Z</time><speed>1.100</speed><sat>29</sat></trkpt>
  <trkpt lat="45.60973443" lon="2.77780205"><ele>1428.026</ele><time>2026-09-22T13:47:29Z</time><speed>1.160</speed><sat>29</sat></trkpt>
  <trkpt lat="45.60975872" lon="2.77778122"><ele>1428.475</ele><time>2026-09-22T13:47:32Z</time><speed>1.110</speed><sat>29</sat></trkpt>
  <trkpt lat="45.60977973" lon="2.77775746"><ele>1428.071</ele><time>2026-09-22T13:47:35Z</time><speed>1.090</speed><sat>29</sat></trkpt>
  <trkpt lat="45.60980379" lon="2.77772956"><ele>1427.557</ele><time>2026-09-22T13:47:38Z</time><speed>1.210</speed><sat>29</sat></trkpt>
  <trkpt lat="45.60983071" lon="2.77769407"><ele>1427.304</ele><time>2026-09-22T13:47:41Z</time><speed>1.170</speed><sat>29</sat></trkpt>
  <trkpt lat="45.60985683" lon="2.77766501"><ele>1427.135</ele><time>2026-09-22T13:47:44Z</time><speed>1.080</speed><sat>29</sat></trkpt>
  <trkpt lat="45.60988202" lon="2.77763658"><ele>1426.773</ele><time>2026-09-22T13:47:47Z</time><speed>1.230</speed><sat>29</sat></trkpt>
  <trkpt lat="45.60990772" lon="2.77760832"><ele>1427.029</ele><time>2026-09-22T13:47:50Z</time><speed>1.140</speed><sat>29</sat></trkpt>
  <trkpt lat="45.60993334" lon="2.77757994"><ele>1426.789</ele><time>2026-09-22T13:47:53Z</time><speed>1.190</speed><sat>29</sat></trkpt>
  <trkpt lat="45.60995958" lon="2.77755419"><ele>1426.577</ele><time>2026-09-22T13:47:56Z</time><speed>1.310</speed><sat>29</sat></trkpt>
  <trkpt lat="45.60998699" lon="2.77752332"><ele>1426.483</ele><time>2026-09-22T13:47:59Z</time><speed>1.140</speed><sat>29</sat></trkpt>
  <trkpt lat="45.61001052" lon="2.77749351"><ele>1426.277</ele><time>2026-09-22T13:48:02Z</time><speed>1.100</speed><sat>28</sat></trkpt>
  <trkpt lat="45.61003625" lon="2.77746431"><ele>1426.831</ele><time>2026-09-22T13:48:05Z</time><speed>1.230</speed><sat>29</sat></trkpt>
  <trkpt lat="45.61006338" lon="2.77743786"><ele>1427.210</ele><time>2026-09-22T13:48:08Z</time><speed>1.160</speed><sat>30</sat></trkpt>
  <trkpt lat="45.61009152" lon="2.77741425"><ele>1426.997</ele><time>2026-09-22T13:48:11Z</time><speed>1.150</speed><sat>30</sat></trkpt>
  <trkpt lat="45.61011663" lon="2.77739475"><ele>1426.692</ele><time>2026-09-22T13:48:14Z</time><speed>1.160</speed><sat>29</sat></trkpt>
  <trkpt lat="45.61014202" lon="2.77737073"><ele>1426.832</ele><time>2026-09-22T13:48:17Z</time><speed>1.120</speed><sat>29</sat></trkpt>
  <trkpt lat="45.61017096" lon="2.77735108"><ele>1427.725</ele><time>2026-09-22T13:48:20Z</time><speed>1.140</speed><sat>28</sat></trkpt>
  <trkpt lat="45.61019782" lon="2.77732330"><ele>1427.961</ele><time>2026-09-22T13:48:23Z</time><speed>1.150</speed><sat>29</sat></trkpt>
  <trkpt lat="45.61022604" lon="2.77729478"><ele>1428.591</ele><time>2026-09-22T13:48:26Z</time><speed>1.090</speed><sat>29</sat></trkpt>
  <trkpt lat="45.61025463" lon="2.77725940"><ele>1427.808</ele><time>2026-09-22T13:48:29Z</time><speed>1.230</speed><sat>29</sat></trkpt>
  <trkpt lat="45.61027843" lon="2.77722811"><ele>1428.063</ele><time>2026-09-22T13:48:32Z</time><speed>1.050</speed><sat>29</sat></trkpt>
  <trkpt lat="45.61030424" lon="2.77719887"><ele>1428.426</ele><time>2026-09-22T13:48:35Z</time><speed>1.080</speed><sat>29</sat></trkpt>
  <trkpt lat="45.61032484" lon="2.77716451"><ele>1428.486</ele><time>2026-09-22T13:48:38Z</time><speed>1.080</speed><sat>29</sat></trkpt>
  <trkpt lat="45.61035118" lon="2.77714274"><ele>1429.167</ele><time>2026-09-22T13:48:41Z</time><speed>1.020</speed><sat>29</sat></trkpt>
  <trkpt lat="45.61037178" lon="2.77711124"><ele>1428.733</ele><time>2026-09-22T13:48:44Z</time><speed>1.000</speed><sat>29</sat></trkpt>
  <trkpt lat="45.61038571" lon="2.77707395"><ele>1428.651</ele><time>2026-09-22T13:48:47Z</time><speed>0.980</speed><sat>29</sat></trkpt>
  <trkpt lat="45.61040307" lon="2.77704028"><ele>1428.534</ele><time>2026-09-22T13:48:50Z</time><speed>0.910</speed><sat>29</sat></trkpt>
  <trkpt lat="45.61042408" lon="2.77700345"><ele>1428.585</ele><time>2026-09-22T13:48:53Z</time><speed>0.710</speed><sat>30</sat></trkpt>
  <trkpt lat="45.61044308" lon="2.77697251"><ele>1429.422</ele><time>2026-09-22T13:48:56Z</time><speed>0.950</speed><sat>30</sat></trkpt>
  <trkpt lat="45.61045963" lon="2.77693766"><ele>1429.772</ele><time>2026-09-22T13:48:59Z</time><speed>0.980</speed><sat>30</sat></trkpt>
  <trkpt lat="45.61048118" lon="2.77691217"><ele>1428.915</ele><time>2026-09-22T13:49:02Z</time><speed>0.970</speed><sat>30</sat></trkpt>
  <trkpt lat="45.61049926" lon="2.77689803"><ele>1429.679</ele><time>2026-09-22T13:49:05Z</time><speed>0.510</speed><sat>30</sat></trkpt>
  <trkpt lat="45.61051656" lon="2.77686818"><ele>1430.238</ele><time>2026-09-22T13:49:08Z</time><speed>0.770</speed><sat>30</sat></trkpt>
  <trkpt lat="45.61053103" lon="2.77681891"><ele>1428.938</ele><time>2026-09-22T13:49:11Z</time><speed>1.500</speed><sat>30</sat></trkpt>
  <trkpt lat="45.61055053" lon="2.77678921"><ele>1428.552</ele><time>2026-09-22T13:49:14Z</time><speed>0.610</speed><sat>30</sat></trkpt>
  <trkpt lat="45.61057171" lon="2.77674673"><ele>1428.121</ele><time>2026-09-22T13:49:17Z</time><speed>1.400</speed><sat>30</sat></trkpt>
  <trkpt lat="45.61058803" lon="2.77671067"><ele>1426.609</ele><time>2026-09-22T13:49:20Z</time><speed>1.230</speed><sat>30</sat></trkpt>
  <trkpt lat="45.61061305" lon="2.77670580"><ele>1426.333</ele><time>2026-09-22T13:49:23Z</time><speed>1.130</speed><sat>29</sat></trkpt>
  <trkpt lat="45.61062865" lon="2.77668877"><ele>1426.412</ele><time>2026-09-22T13:49:26Z</time><speed>1.070</speed><sat>29</sat></trkpt>
  <trkpt lat="45.61064024" lon="2.77668916"><ele>1428.425</ele><time>2026-09-22T13:49:29Z</time><speed>0.870</speed><sat>29</sat></trkpt>
  <trkpt lat="45.61065522" lon="2.77668113"><ele>1429.354</ele><time>2026-09-22T13:49:32Z</time><speed>1.030</speed><sat>30</sat></trkpt>
  <trkpt lat="45.61066876" lon="2.77666436"><ele>1429.979</ele><time>2026-09-22T13:49:35Z</time><speed>0.910</speed><sat>30</sat></trkpt>
  <trkpt lat="45.61068275" lon="2.77665893"><ele>1432.325</ele><time>2026-09-22T13:49:38Z</time><speed>1.060</speed><sat>30</sat></trkpt>
  <trkpt lat="45.61069459" lon="2.77664851"><ele>1433.199</ele><time>2026-09-22T13:49:41Z</time><speed>0.790</speed><sat>29</sat></trkpt>
  <trkpt lat="45.61070602" lon="2.77663435"><ele>1433.309</ele><time>2026-09-22T13:49:44Z</time><speed>0.680</speed><sat>30</sat></trkpt>
  <trkpt lat="45.61072297" lon="2.77662619"><ele>1434.288</ele><time>2026-09-22T13:49:47Z</time><speed>0.710</speed><sat>29</sat></trkpt>
  <trkpt lat="45.61073692" lon="2.77661166"><ele>1435.056</ele><time>2026-09-22T13:49:50Z</time><speed>0.810</speed><sat>29</sat></trkpt>
  <trkpt lat="45.61074798" lon="2.77659087"><ele>1434.521</ele><time>2026-09-22T13:49:53Z</time><speed>0.640</speed><sat>30</sat></trkpt>
  <trkpt lat="45.61076184" lon="2.77658176"><ele>1435.138</ele><time>2026-09-22T13:49:56Z</time><speed>0.660</speed><sat>30</sat></trkpt>
  <trkpt lat="45.61077399" lon="2.77656524"><ele>1435.445</ele><time>2026-09-22T13:49:59Z</time><speed>0.730</speed><sat>30</sat></trkpt>
  <trkpt lat="45.61079034" lon="2.77655181"><ele>1436.229</ele><time>2026-09-22T13:50:02Z</time><speed>0.720</speed><sat>30</sat></trkpt>
  <trkpt lat="45.61080623" lon="2.77654366"><ele>1437.459</ele><time>2026-09-22T13:50:05Z</time><speed>0.640</speed><sat>30</sat></trkpt>
  <trkpt lat="45.61081938" lon="2.77652321"><ele>1437.904</ele><time>2026-09-22T13:50:08Z</time><speed>0.790</speed><sat>30</sat></trkpt>
  <trkpt lat="45.61083794" lon="2.77650959"><ele>1439.070</ele><time>2026-09-22T13:50:11Z</time><speed>0.800</speed><sat>29</sat></trkpt>
  <trkpt lat="45.61085381" lon="2.77649315"><ele>1439.824</ele><time>2026-09-22T13:50:14Z</time><speed>0.790</speed><sat>29</sat></trkpt>
  <trkpt lat="45.61086705" lon="2.77647050"><ele>1439.313</ele><time>2026-09-22T13:50:17Z</time><speed>0.880</speed><sat>29</sat></trkpt>
  <trkpt lat="45.61088729" lon="2.77645245"><ele>1440.086</ele><time>2026-09-22T13:50:20Z</time><speed>0.880</speed><sat>29</sat></trkpt>
  <trkpt lat="45.61090799" lon="2.77643664"><ele>1440.609</ele><time>2026-09-22T13:50:23Z</time><speed>0.760</speed><sat>28</sat></trkpt>
  <trkpt lat="45.61092247" lon="2.77641982"><ele>1441.327</ele><time>2026-09-22T13:50:26Z</time><speed>0.540</speed><sat>29</sat></trkpt>
  <trkpt lat="45.61093974" lon="2.77640493"><ele>1441.773</ele><time>2026-09-22T13:50:29Z</time><speed>0.750</speed><sat>29</sat></trkpt>
  <trkpt lat="45.61095606" lon="2.77638861"><ele>1442.188</ele><time>2026-09-22T13:50:32Z</time><speed>0.860</speed><sat>29</sat></trkpt>
  <trkpt lat="45.61097538" lon="2.77637569"><ele>1442.455</ele><time>2026-09-22T13:50:35Z</time><speed>0.800</speed><sat>29</sat></trkpt>
  <trkpt lat="45.61099179" lon="2.77636561"><ele>1443.036</ele><time>2026-09-22T13:50:38Z</time><speed>0.840</speed><sat>30</sat></trkpt>
  <trkpt lat="45.61100868" lon="2.77635410"><ele>1444.212</ele><time>2026-09-22T13:50:41Z</time><speed>0.950</speed><sat>30</sat></trkpt>
  <trkpt lat="45.61102658" lon="2.77633979"><ele>1445.149</ele><time>2026-09-22T13:50:44Z</time><speed>0.820</speed><sat>29</sat></trkpt>
  <trkpt lat="45.61104532" lon="2.77633343"><ele>1445.434</ele><time>2026-09-22T13:50:47Z</time><speed>0.620</speed><sat>30</sat></trkpt>
  <trkpt lat="45.61105995" lon="2.77634383"><ele>1445.923</ele><time>2026-09-22T13:50:50Z</time><speed>0.370</speed><sat>30</sat></trkpt>
  <trkpt lat="45.61107287" lon="2.77636644"><ele>1446.661</ele><time>2026-09-22T13:50:53Z</time><speed>0.600</speed><sat>30</sat></trkpt>
  <trkpt lat="45.61109171" lon="2.77638389"><ele>1447.174</ele><time>2026-09-22T13:50:56Z</time><speed>0.800</speed><sat>30</sat></trkpt>
  <trkpt lat="45.61111021" lon="2.77637586"><ele>1447.677</ele><time>2026-09-22T13:50:59Z</time><speed>0.820</speed><sat>29</sat></trkpt>
  <trkpt lat="45.61113102" lon="2.77636598"><ele>1448.267</ele><time>2026-09-22T13:51:02Z</time><speed>0.760</speed><sat>30</sat></trkpt>
  <trkpt lat="45.61114914" lon="2.77636340"><ele>1448.053</ele><time>2026-09-22T13:51:05Z</time><speed>0.610</speed><sat>30</sat></trkpt>
  <trkpt lat="45.61116504" lon="2.77637200"><ele>1448.479</ele><time>2026-09-22T13:51:08Z</time><speed>1.280</speed><sat>30</sat></trkpt>
  <trkpt lat="45.61115925" lon="2.77639830"><ele>1448.044</ele><time>2026-09-22T13:51:11Z</time><speed>0.000</speed><sat>29</sat></trkpt>
  <trkpt lat="45.61115891" lon="2.77639773"><ele>1448.110</ele><time>2026-09-22T13:51:14Z</time><speed>0.000</speed><sat>30</sat></trkpt>
  <trkpt lat="45.61116147" lon="2.77640375"><ele>1448.552</ele><time>2026-09-22T13:51:17Z</time><speed>0.480</speed><sat>30</sat></trkpt>
  <trkpt lat="45.61116177" lon="2.77643070"><ele>1450.315</ele><time>2026-09-22T13:51:20Z</time><speed>0.860</speed><sat>30</sat></trkpt>
  <trkpt lat="45.61117058" lon="2.77643583"><ele>1451.029</ele><time>2026-09-22T13:51:23Z</time><speed>0.000</speed><sat>30</sat></trkpt>
  <trkpt lat="45.61117373" lon="2.77645424"><ele>1449.351</ele><time>2026-09-22T13:51:26Z</time><speed>0.540</speed><sat>30</sat></trkpt>
  <trkpt lat="45.61114968" lon="2.77643106"><ele>1448.227</ele><time>2026-09-22T13:51:29Z</time><speed>0.000</speed><sat>29</sat></trkpt>
  <trkpt lat="45.61115091" lon="2.77642580"><ele>1447.954</ele><time>2026-09-22T13:51:32Z</time><speed>0.000</speed><sat>30</sat></trkpt>
  <trkpt lat="45.61115207" lon="2.77642363"><ele>1447.760</ele><time>2026-09-22T13:51:35Z</time><speed>0.000</speed><sat>30</sat></trkpt>
  <trkpt lat="45.61115272" lon="2.77642208"><ele>1447.745</ele><time>2026-09-22T13:51:38Z</time><speed>0.000</speed><sat>29</sat></trkpt>
  <trkpt lat="45.61115316" lon="2.77642099"><ele>1447.738</ele><time>2026-09-22T13:51:41Z</time><speed>0.000</speed><sat>30</sat></trkpt>
  <trkpt lat="45.61115352" lon="2.77642012"><ele>1447.699</ele><time>2026-09-22T13:51:44Z</time><speed>0.000</speed><sat>29</sat></trkpt>
  <trkpt lat="45.61115403" lon="2.77641922"><ele>1447.589</ele><time>2026-09-22T13:51:47Z</time><speed>0.000</speed><sat>29</sat></trkpt>
  <trkpt lat="45.61115560" lon="2.77642054"><ele>1447.705</ele><time>2026-09-22T13:51:50Z</time><speed>0.000</speed><sat>30</sat></trkpt>
  <trkpt lat="45.61117891" lon="2.77638494"><ele>1449.291</ele><time>2026-09-22T13:51:53Z</time><speed>2.730</speed><sat>30</sat></trkpt>
  <trkpt lat="45.61118870" lon="2.77636832"><ele>1450.698</ele><time>2026-09-22T13:51:56Z</time><speed>1.050</speed><sat>30</sat></trkpt>
  <trkpt lat="45.61121690" lon="2.77637234"><ele>1451.036</ele><time>2026-09-22T13:51:59Z</time><speed>0.810</speed><sat>30</sat></trkpt>
  <trkpt lat="45.61124311" lon="2.77638833"><ele>1451.769</ele><time>2026-09-22T13:52:02Z</time><speed>0.650</speed><sat>30</sat></trkpt>
  <trkpt lat="45.61126356" lon="2.77640040"><ele>1452.466</ele><time>2026-09-22T13:52:05Z</time><speed>0.420</speed><sat>30</sat></trkpt>
  <trkpt lat="45.61128419" lon="2.77641018"><ele>1452.974</ele><time>2026-09-22T13:52:08Z</time><speed>0.450</speed><sat>30</sat></trkpt>
  <trkpt lat="45.61130720" lon="2.77642737"><ele>1453.637</ele><time>2026-09-22T13:52:11Z</time><speed>0.770</speed><sat>30</sat></trkpt>
  <trkpt lat="45.61132599" lon="2.77642958"><ele>1454.550</ele><time>2026-09-22T13:52:14Z</time><speed>0.660</speed><sat>30</sat></trkpt>
  <trkpt lat="45.61135026" lon="2.77643535"><ele>1455.490</ele><time>2026-09-22T13:52:17Z</time><speed>0.530</speed><sat>30</sat></trkpt>
  <trkpt lat="45.61137141" lon="2.77644305"><ele>1456.155</ele><time>2026-09-22T13:52:20Z</time><speed>0.670</speed><sat>30</sat></trkpt>
  <trkpt lat="45.61139300" lon="2.77645361"><ele>1457.074</ele><time>2026-09-22T13:52:23Z</time><speed>0.600</speed><sat>30</sat></trkpt>
  <trkpt lat="45.61141455" lon="2.77646534"><ele>1458.327</ele><time>2026-09-22T13:52:26Z</time><speed>0.940</speed><sat>30</sat></trkpt>
  <trkpt lat="45.61143615" lon="2.77646904"><ele>1458.923</ele><time>2026-09-22T13:52:29Z</time><speed>1.030</speed><sat>30</sat></trkpt>
  <trkpt lat="45.61145858" lon="2.77647061"><ele>1459.583</ele><time>2026-09-22T13:52:32Z</time><speed>0.870</speed><sat>30</sat></trkpt>
  <trkpt lat="45.61148069" lon="2.77648234"><ele>1460.425</ele><time>2026-09-22T13:52:35Z</time><speed>0.650</speed><sat>30</sat></trkpt>
  <trkpt lat="45.61150480" lon="2.77649419"><ele>1461.349</ele><time>2026-09-22T13:52:38Z</time><speed>1.010</speed><sat>30</sat></trkpt>
  <trkpt lat="45.61152620" lon="2.77649974"><ele>1461.953</ele><time>2026-09-22T13:52:41Z</time><speed>1.160</speed><sat>29</sat></trkpt>
  <trkpt lat="45.61154737" lon="2.77650806"><ele>1461.702</ele><time>2026-09-22T13:52:44Z</time><speed>0.840</speed><sat>29</sat></trkpt>
  <trkpt lat="45.61156254" lon="2.77651450"><ele>1462.100</ele><time>2026-09-22T13:52:47Z</time><speed>0.770</speed><sat>30</sat></trkpt>
  <trkpt lat="45.61157114" lon="2.77652235"><ele>1462.131</ele><time>2026-09-22T13:52:50Z</time><speed>0.000</speed><sat>30</sat></trkpt>
  <trkpt lat="45.61158075" lon="2.77652469"><ele>1462.102</ele><time>2026-09-22T13:52:53Z</time><speed>0.350</speed><sat>30</sat></trkpt>
  <trkpt lat="45.61159235" lon="2.77653270"><ele>1462.692</ele><time>2026-09-22T13:52:56Z</time><speed>0.580</speed><sat>30</sat></trkpt>
  <trkpt lat="45.61161112" lon="2.77652933"><ele>1463.116</ele><time>2026-09-22T13:52:59Z</time><speed>0.720</speed><sat>30</sat></trkpt>
  <trkpt lat="45.61163049" lon="2.77652303"><ele>1464.045</ele><time>2026-09-22T13:53:02Z</time><speed>0.620</speed><sat>30</sat></trkpt>
  <trkpt lat="45.61164860" lon="2.77652130"><ele>1464.930</ele><time>2026-09-22T13:53:05Z</time><speed>0.540</speed><sat>30</sat></trkpt>
  <trkpt lat="45.61165563" lon="2.77654195"><ele>1465.372</ele><time>2026-09-22T13:53:08Z</time><speed>0.420</speed><sat>30</sat></trkpt>
  <trkpt lat="45.61167171" lon="2.77654856"><ele>1466.045</ele><time>2026-09-22T13:53:11Z</time><speed>0.640</speed><sat>30</sat></trkpt>
  <trkpt lat="45.61168848" lon="2.77653652"><ele>1466.771</ele><time>2026-09-22T13:53:14Z</time><speed>0.550</speed><sat>30</sat></trkpt>
  <trkpt lat="45.61170669" lon="2.77653144"><ele>1467.192</ele><time>2026-09-22T13:53:17Z</time><speed>0.470</speed><sat>29</sat></trkpt>
  <trkpt lat="45.61172340" lon="2.77655590"><ele>1467.692</ele><time>2026-09-22T13:53:20Z</time><speed>0.560</speed><sat>29</sat></trkpt>
  <trkpt lat="45.61173621" lon="2.77657875"><ele>1468.554</ele><time>2026-09-22T13:53:23Z</time><speed>0.540</speed><sat>29</sat></trkpt>
  <trkpt lat="45.61176034" lon="2.77657946"><ele>1469.214</ele><time>2026-09-22T13:53:26Z</time><speed>1.100</speed><sat>30</sat></trkpt>
  <trkpt lat="45.61178239" lon="2.77655767"><ele>1469.465</ele><time>2026-09-22T13:53:29Z</time><speed>1.020</speed><sat>30</sat></trkpt>
  <trkpt lat="45.61179837" lon="2.77655435"><ele>1470.328</ele><time>2026-09-22T13:53:32Z</time><speed>0.770</speed><sat>30</sat></trkpt>
  <trkpt lat="45.61180631" lon="2.77656761"><ele>1470.387</ele><time>2026-09-22T13:53:35Z</time><speed>0.520</speed><sat>30</sat></trkpt>
  <trkpt lat="45.61181582" lon="2.77659154"><ele>1471.440</ele><time>2026-09-22T13:53:38Z</time><speed>0.580</speed><sat>30</sat></trkpt>
  <trkpt lat="45.61182781" lon="2.77661168"><ele>1472.303</ele><time>2026-09-22T13:53:41Z</time><speed>0.860</speed><sat>29</sat></trkpt>
  <trkpt lat="45.61184460" lon="2.77660406"><ele>1473.035</ele><time>2026-09-22T13:53:44Z</time><speed>0.790</speed><sat>30</sat></trkpt>
  <trkpt lat="45.61185958" lon="2.77658694"><ele>1473.566</ele><time>2026-09-22T13:53:47Z</time><speed>0.790</speed><sat>30</sat></trkpt>
  <trkpt lat="45.61187348" lon="2.77659220"><ele>1474.077</ele><time>2026-09-22T13:53:50Z</time><speed>0.960</speed><sat>31</sat></trkpt>
  <trkpt lat="45.61188088" lon="2.77662121"><ele>1474.862</ele><time>2026-09-22T13:53:53Z</time><speed>0.800</speed><sat>31</sat></trkpt>
  <trkpt lat="45.61189830" lon="2.77662374"><ele>1475.318</ele><time>2026-09-22T13:53:56Z</time><speed>0.630</speed><sat>31</sat></trkpt>
  <trkpt lat="45.61191117" lon="2.77660450"><ele>1475.506</ele><time>2026-09-22T13:53:59Z</time><speed>0.870</speed><sat>31</sat></trkpt>
  <trkpt lat="45.61192207" lon="2.77659073"><ele>1475.517</ele><time>2026-09-22T13:54:02Z</time><speed>0.720</speed><sat>31</sat></trkpt>
  <trkpt lat="45.61193819" lon="2.77659213"><ele>1475.543</ele><time>2026-09-22T13:54:05Z</time><speed>0.980</speed><sat>31</sat></trkpt>
  <trkpt lat="45.61195052" lon="2.77661077"><ele>1476.091</ele><time>2026-09-22T13:54:08Z</time><speed>0.710</speed><sat>31</sat></trkpt>
  <trkpt lat="45.61196130" lon="2.77662693"><ele>1476.899</ele><time>2026-09-22T13:54:11Z</time><speed>0.610</speed><sat>31</sat></trkpt>
  <trkpt lat="45.61197459" lon="2.77663967"><ele>1477.651</ele><time>2026-09-22T13:54:14Z</time><speed>0.670</speed><sat>30</sat></trkpt>
  <trkpt lat="45.61199113" lon="2.77664803"><ele>1478.285</ele><time>2026-09-22T13:54:17Z</time><speed>0.780</speed><sat>31</sat></trkpt>
  <trkpt lat="45.61200500" lon="2.77663957"><ele>1478.666</ele><time>2026-09-22T13:54:20Z</time><speed>0.860</speed><sat>31</sat></trkpt>
  <trkpt lat="45.61201923" lon="2.77662851"><ele>1479.237</ele><time>2026-09-22T13:54:23Z</time><speed>0.840</speed><sat>31</sat></trkpt>
  <trkpt lat="45.61204060" lon="2.77662983"><ele>1479.338</ele><time>2026-09-22T13:54:26Z</time><speed>0.820</speed><sat>31</sat></trkpt>
  <trkpt lat="45.61205453" lon="2.77663918"><ele>1480.130</ele><time>2026-09-22T13:54:29Z</time><speed>1.030</speed><sat>31</sat></trkpt>
  <trkpt lat="45.61207069" lon="2.77665017"><ele>1480.559</ele><time>2026-09-22T13:54:32Z</time><speed>0.850</speed><sat>31</sat></trkpt>
  <trkpt lat="45.61208692" lon="2.77665436"><ele>1481.174</ele><time>2026-09-22T13:54:35Z</time><speed>0.710</speed><sat>31</sat></trkpt>
  <trkpt lat="45.61210646" lon="2.77666095"><ele>1481.565</ele><time>2026-09-22T13:54:38Z</time><speed>0.730</speed><sat>31</sat></trkpt>
  <trkpt lat="45.61212373" lon="2.77666807"><ele>1482.398</ele><time>2026-09-22T13:54:41Z</time><speed>0.410</speed><sat>31</sat></trkpt>
  <trkpt lat="45.61214030" lon="2.77667715"><ele>1483.147</ele><time>2026-09-22T13:54:44Z</time><speed>0.440</speed><sat>31</sat></trkpt>
  <trkpt lat="45.61215533" lon="2.77669348"><ele>1483.916</ele><time>2026-09-22T13:54:47Z</time><speed>0.600</speed><sat>31</sat></trkpt>
  <trkpt lat="45.61217590" lon="2.77670159"><ele>1484.861</ele><time>2026-09-22T13:54:50Z</time><speed>0.820</speed><sat>31</sat></trkpt>
  <trkpt lat="45.61219535" lon="2.77670620"><ele>1485.808</ele><time>2026-09-22T13:54:53Z</time><speed>0.500</speed><sat>32</sat></trkpt>
  <trkpt lat="45.61221376" lon="2.77671375"><ele>1486.305</ele><time>2026-09-22T13:54:56Z</time><speed>0.490</speed><sat>31</sat></trkpt>
  <trkpt lat="45.61223393" lon="2.77672105"><ele>1487.610</ele><time>2026-09-22T13:54:59Z</time><speed>0.590</speed><sat>31</sat></trkpt>
  <trkpt lat="45.61224942" lon="2.77673722"><ele>1489.213</ele><time>2026-09-22T13:55:02Z</time><speed>0.660</speed><sat>31</sat></trkpt>
  <trkpt lat="45.61226493" lon="2.77673745"><ele>1489.608</ele><time>2026-09-22T13:55:05Z</time><speed>0.700</speed><sat>31</sat></trkpt>
  <trkpt lat="45.61229054" lon="2.77674426"><ele>1490.149</ele><time>2026-09-22T13:55:08Z</time><speed>1.040</speed><sat>31</sat></trkpt>
  <trkpt lat="45.61231209" lon="2.77674430"><ele>1490.297</ele><time>2026-09-22T13:55:11Z</time><speed>0.970</speed><sat>31</sat></trkpt>
  <trkpt lat="45.61233288" lon="2.77675098"><ele>1490.456</ele><time>2026-09-22T13:55:14Z</time><speed>0.800</speed><sat>32</sat></trkpt>
  <trkpt lat="45.61235461" lon="2.77675979"><ele>1491.573</ele><time>2026-09-22T13:55:17Z</time><speed>0.840</speed><sat>31</sat></trkpt>
  <trkpt lat="45.61237261" lon="2.77676364"><ele>1492.311</ele><time>2026-09-22T13:55:20Z</time><speed>0.890</speed><sat>32</sat></trkpt>
  <trkpt lat="45.61238909" lon="2.77676602"><ele>1493.099</ele><time>2026-09-22T13:55:23Z</time><speed>0.940</speed><sat>32</sat></trkpt>
  <trkpt lat="45.61240534" lon="2.77677107"><ele>1493.470</ele><time>2026-09-22T13:55:26Z</time><speed>0.630</speed><sat>31</sat></trkpt>
  <trkpt lat="45.61242484" lon="2.77677462"><ele>1493.909</ele><time>2026-09-22T13:55:29Z</time><speed>0.520</speed><sat>32</sat></trkpt>
  <trkpt lat="45.61245099" lon="2.77677939"><ele>1494.254</ele><time>2026-09-22T13:55:32Z</time><speed>0.880</speed><sat>32</sat></trkpt>
  <trkpt lat="45.61247396" lon="2.77678615"><ele>1494.600</ele><time>2026-09-22T13:55:35Z</time><speed>0.740</speed><sat>32</sat></trkpt>
  <trkpt lat="45.61249893" lon="2.77678893"><ele>1494.993</ele><time>2026-09-22T13:55:38Z</time><speed>1.230</speed><sat>32</sat></trkpt>
  <trkpt lat="45.61252136" lon="2.77678699"><ele>1494.934</ele><time>2026-09-22T13:55:41Z</time><speed>0.890</speed><sat>31</sat></trkpt>
  <trkpt lat="45.61254713" lon="2.77677775"><ele>1495.623</ele><time>2026-09-22T13:55:44Z</time><speed>0.660</speed><sat>31</sat></trkpt>
  <trkpt lat="45.61257466" lon="2.77678102"><ele>1496.067</ele><time>2026-09-22T13:55:47Z</time><speed>0.680</speed><sat>31</sat></trkpt>
  <trkpt lat="45.61259798" lon="2.77678176"><ele>1496.520</ele><time>2026-09-22T13:55:50Z</time><speed>0.700</speed><sat>32</sat></trkpt>
  <trkpt lat="45.61262314" lon="2.77677934"><ele>1496.557</ele><time>2026-09-22T13:55:53Z</time><speed>0.750</speed><sat>32</sat></trkpt>
  <trkpt lat="45.61264823" lon="2.77678666"><ele>1497.484</ele><time>2026-09-22T13:55:56Z</time><speed>0.630</speed><sat>32</sat></trkpt>
  <trkpt lat="45.61267311" lon="2.77679056"><ele>1497.978</ele><time>2026-09-22T13:55:59Z</time><speed>0.640</speed><sat>32</sat></trkpt>
  <trkpt lat="45.61269626" lon="2.77679788"><ele>1498.523</ele><time>2026-09-22T13:56:02Z</time><speed>0.800</speed><sat>32</sat></trkpt>
  <trkpt lat="45.61272658" lon="2.77680190"><ele>1499.212</ele><time>2026-09-22T13:56:05Z</time><speed>0.960</speed><sat>32</sat></trkpt>
  <trkpt lat="45.61275133" lon="2.77680665"><ele>1499.500</ele><time>2026-09-22T13:56:08Z</time><speed>0.690</speed><sat>32</sat></trkpt>
  <trkpt lat="45.61277654" lon="2.77681482"><ele>1499.947</ele><time>2026-09-22T13:56:11Z</time><speed>0.990</speed><sat>32</sat></trkpt>
  <trkpt lat="45.61280372" lon="2.77681825"><ele>1500.738</ele><time>2026-09-22T13:56:14Z</time><speed>0.980</speed><sat>32</sat></trkpt>
  <trkpt lat="45.61282750" lon="2.77680640"><ele>1500.755</ele><time>2026-09-22T13:56:17Z</time><speed>0.710</speed><sat>33</sat></trkpt>
  <trkpt lat="45.61284902" lon="2.77679001"><ele>1501.156</ele><time>2026-09-22T13:56:20Z</time><speed>0.910</speed><sat>34</sat></trkpt>
  <trkpt lat="45.61286178" lon="2.77677694"><ele>1501.315</ele><time>2026-09-22T13:56:23Z</time><speed>0.000</speed><sat>34</sat></trkpt>
  <trkpt lat="45.61287015" lon="2.77677623"><ele>1501.672</ele><time>2026-09-22T13:56:26Z</time><speed>0.790</speed><sat>34</sat></trkpt>
  <trkpt lat="45.61288994" lon="2.77677301"><ele>1502.151</ele><time>2026-09-22T13:56:29Z</time><speed>0.320</speed><sat>35</sat></trkpt>
  <trkpt lat="45.61289400" lon="2.77677462"><ele>1502.210</ele><time>2026-09-22T13:56:32Z</time><speed>0.000</speed><sat>35</sat></trkpt>
  <trkpt lat="45.61289412" lon="2.77677405"><ele>1502.203</ele><time>2026-09-22T13:56:35Z</time><speed>0.000</speed><sat>34</sat></trkpt>
  <trkpt lat="45.61289754" lon="2.77677139"><ele>1502.200</ele><time>2026-09-22T13:56:38Z</time><speed>0.000</speed><sat>35</sat></trkpt>
  <trkpt lat="45.61291582" lon="2.77676966"><ele>1501.990</ele><time>2026-09-22T13:56:41Z</time><speed>0.000</speed><sat>34</sat></trkpt>
  <trkpt lat="45.61294292" lon="2.77679642"><ele>1500.939</ele><time>2026-09-22T13:56:44Z</time><speed>1.900</speed><sat>34</sat></trkpt>
  <trkpt lat="45.61295288" lon="2.77684667"><ele>1500.923</ele><time>2026-09-22T13:56:47Z</time><speed>1.740</speed><sat>34</sat></trkpt>
  <trkpt lat="45.61295269" lon="2.77683975"><ele>1500.930</ele><time>2026-09-22T13:56:50Z</time><speed>0.000</speed><sat>34</sat></trkpt>
  <trkpt lat="45.61295322" lon="2.77683334"><ele>1500.758</ele><time>2026-09-22T13:56:53Z</time><speed>0.000</speed><sat>33</sat></trkpt>
  <trkpt lat="45.61295322" lon="2.77683235"><ele>1500.755</ele><time>2026-09-22T13:56:56Z</time><speed>0.000</speed><sat>35</sat></trkpt>
  <trkpt lat="45.61295261" lon="2.77683090"><ele>1500.748</ele><time>2026-09-22T13:56:59Z</time><speed>0.000</speed><sat>34</sat></trkpt>
  <trkpt lat="45.61295249" lon="2.77682968"><ele>1500.762</ele><time>2026-09-22T13:57:02Z</time><speed>0.000</speed><sat>35</sat></trkpt>
  <trkpt lat="45.61295218" lon="2.77682873"><ele>1500.765</ele><time>2026-09-22T13:57:05Z</time><speed>0.000</speed><sat>35</sat></trkpt>
  <trkpt lat="45.61295205" lon="2.77682772"><ele>1500.796</ele><time>2026-09-22T13:57:08Z</time><speed>0.000</speed><sat>34</sat></trkpt>
  <trkpt lat="45.61295180" lon="2.77682638"><ele>1500.772</ele><time>2026-09-22T13:57:11Z</time><speed>0.000</speed><sat>34</sat></trkpt>
  <trkpt lat="45.61295153" lon="2.77682569"><ele>1500.792</ele><time>2026-09-22T13:57:14Z</time><speed>0.000</speed><sat>34</sat></trkpt>
  <trkpt lat="45.61294966" lon="2.77681946"><ele>1500.694</ele><time>2026-09-22T13:57:17Z</time><speed>0.180</speed><sat>35</sat></trkpt>
  <trkpt lat="45.61294736" lon="2.77681458"><ele>1500.691</ele><time>2026-09-22T13:57:20Z</time><speed>0.000</speed><sat>35</sat></trkpt>
  <trkpt lat="45.61294733" lon="2.77681327"><ele>1500.726</ele><time>2026-09-22T13:57:23Z</time><speed>0.000</speed><sat>34</sat></trkpt>
  <trkpt lat="45.61294892" lon="2.77681121"><ele>1500.891</ele><time>2026-09-22T13:57:26Z</time><speed>0.420</speed><sat>34</sat></trkpt>
  <trkpt lat="45.61294698" lon="2.77680536"><ele>1500.953</ele><time>2026-09-22T13:57:29Z</time><speed>0.320</speed><sat>35</sat></trkpt>
  <trkpt lat="45.61296796" lon="2.77684490"><ele>1501.742</ele><time>2026-09-22T13:57:32Z</time><speed>2.570</speed><sat>35</sat></trkpt>
  <trkpt lat="45.61297076" lon="2.77682064"><ele>1502.121</ele><time>2026-09-22T13:57:35Z</time><speed>1.920</speed><sat>34</sat></trkpt>
  <trkpt lat="45.61298477" lon="2.77679690"><ele>1502.508</ele><time>2026-09-22T13:57:38Z</time><speed>0.000</speed><sat>33</sat></trkpt>
  <trkpt lat="45.61298382" lon="2.77679963"><ele>1502.505</ele><time>2026-09-22T13:57:41Z</time><speed>0.000</speed><sat>33</sat></trkpt>
  <trkpt lat="45.61298342" lon="2.77679951"><ele>1502.551</ele><time>2026-09-22T13:57:44Z</time><speed>0.000</speed><sat>35</sat></trkpt>
  <trkpt lat="45.61298315" lon="2.77679910"><ele>1502.563</ele><time>2026-09-22T13:57:47Z</time><speed>0.000</speed><sat>35</sat></trkpt>
  <trkpt lat="45.61298081" lon="2.77679765"><ele>1502.760</ele><time>2026-09-22T13:57:50Z</time><speed>0.000</speed><sat>35</sat></trkpt>
  <trkpt lat="45.61297858" lon="2.77679507"><ele>1502.750</ele><time>2026-09-22T13:57:53Z</time><speed>0.190</speed><sat>36</sat></trkpt>
  <trkpt lat="45.61297819" lon="2.77679449"><ele>1502.759</ele><time>2026-09-22T13:57:56Z</time><speed>0.000</speed><sat>35</sat></trkpt>
  <trkpt lat="45.61297821" lon="2.77679412"><ele>1502.761</ele><time>2026-09-22T13:57:59Z</time><speed>0.000</speed><sat>36</sat></trkpt>
  <trkpt lat="45.61297807" lon="2.77679389"><ele>1502.801</ele><time>2026-09-22T13:58:02Z</time><speed>0.000</speed><sat>35</sat></trkpt>
  <trkpt lat="45.61297795" lon="2.77679370"><ele>1502.800</ele><time>2026-09-22T13:58:05Z</time><speed>0.000</speed><sat>35</sat></trkpt>
  <trkpt lat="45.61297785" lon="2.77679353"><ele>1502.797</ele><time>2026-09-22T13:58:08Z</time><speed>0.000</speed><sat>36</sat></trkpt>
  <trkpt lat="45.61297775" lon="2.77679317"><ele>1502.794</ele><time>2026-09-22T13:58:11Z</time><speed>0.000</speed><sat>35</sat></trkpt>
  <trkpt lat="45.61297760" lon="2.77679298"><ele>1502.805</ele><time>2026-09-22T13:58:14Z</time><speed>0.000</speed><sat>34</sat></trkpt>
  <trkpt lat="45.61297749" lon="2.77679231"><ele>1502.745</ele><time>2026-09-22T13:58:17Z</time><speed>0.000</speed><sat>33</sat></trkpt>
  <trkpt lat="45.61297738" lon="2.77679216"><ele>1502.762</ele><time>2026-09-22T13:58:20Z</time><speed>0.000</speed><sat>34</sat></trkpt>
  <trkpt lat="45.61297728" lon="2.77679212"><ele>1502.769</ele><time>2026-09-22T13:58:23Z</time><speed>0.000</speed><sat>35</sat></trkpt>
  <trkpt lat="45.61297718" lon="2.77679204"><ele>1502.776</ele><time>2026-09-22T13:58:26Z</time><speed>0.000</speed><sat>35</sat></trkpt>
  <trkpt lat="45.61297709" lon="2.77679195"><ele>1502.775</ele><time>2026-09-22T13:58:29Z</time><speed>0.000</speed><sat>35</sat></trkpt>
  <trkpt lat="45.61297695" lon="2.77679197"><ele>1502.806</ele><time>2026-09-22T13:58:32Z</time><speed>0.000</speed><sat>33</sat></trkpt>
  <trkpt lat="45.61297684" lon="2.77679169"><ele>1502.789</ele><time>2026-09-22T13:58:35Z</time><speed>0.000</speed><sat>35</sat></trkpt>
  <trkpt lat="45.61297685" lon="2.77679152"><ele>1502.793</ele><time>2026-09-22T13:58:38Z</time><speed>0.000</speed><sat>35</sat></trkpt>
  <trkpt lat="45.61297659" lon="2.77679135"><ele>1502.807</ele><time>2026-09-22T13:58:41Z</time><speed>0.000</speed><sat>35</sat></trkpt>
  <trkpt lat="45.61297442" lon="2.77678784"><ele>1502.833</ele><time>2026-09-22T13:58:44Z</time><speed>0.000</speed><sat>36</sat></trkpt>
  <trkpt lat="45.61297390" lon="2.77678730"><ele>1502.803</ele><time>2026-09-22T13:58:47Z</time><speed>0.000</speed><sat>36</sat></trkpt>
  <trkpt lat="45.61297344" lon="2.77678683"><ele>1502.775</ele><time>2026-09-22T13:58:50Z</time><speed>0.000</speed><sat>36</sat></trkpt>
  <trkpt lat="45.61297278" lon="2.77678654"><ele>1502.773</ele><time>2026-09-22T13:58:53Z</time><speed>0.000</speed><sat>35</sat></trkpt>
  <trkpt lat="45.61297266" lon="2.77678627"><ele>1502.747</ele><time>2026-09-22T13:58:56Z</time><speed>0.000</speed><sat>35</sat></trkpt>
  <trkpt lat="45.61297232" lon="2.77678624"><ele>1502.743</ele><time>2026-09-22T13:58:59Z</time><speed>0.000</speed><sat>35</sat></trkpt>
  <trkpt lat="45.61297172" lon="2.77678623"><ele>1502.766</ele><time>2026-09-22T13:59:02Z</time><speed>0.000</speed><sat>36</sat></trkpt>
  <trkpt lat="45.61297128" lon="2.77678628"><ele>1502.803</ele><time>2026-09-22T13:59:05Z</time><speed>0.000</speed><sat>35</sat></trkpt>
  <trkpt lat="45.61297085" lon="2.77678609"><ele>1502.803</ele><time>2026-09-22T13:59:08Z</time><speed>0.000</speed><sat>35</sat></trkpt>
  <trkpt lat="45.61297038" lon="2.77678596"><ele>1502.822</ele><time>2026-09-22T13:59:11Z</time><speed>0.000</speed><sat>36</sat></trkpt>
  <trkpt lat="45.61297003" lon="2.77678588"><ele>1502.818</ele><time>2026-09-22T13:59:14Z</time><speed>0.000</speed><sat>36</sat></trkpt>
  <trkpt lat="45.61296952" lon="2.77678610"><ele>1502.877</ele><time>2026-09-22T13:59:17Z</time><speed>0.000</speed><sat>36</sat></trkpt>
  <trkpt lat="45.61296882" lon="2.77678583"><ele>1502.856</ele><time>2026-09-22T13:59:20Z</time><speed>0.000</speed><sat>35</sat></trkpt>
  <trkpt lat="45.61296847" lon="2.77678555"><ele>1502.834</ele><time>2026-09-22T13:59:23Z</time><speed>0.000</speed><sat>35</sat></trkpt>
  <trkpt lat="45.61296829" lon="2.77678506"><ele>1502.807</ele><time>2026-09-22T13:59:26Z</time><speed>0.000</speed><sat>35</sat></trkpt>
  <trkpt lat="45.61296813" lon="2.77678458"><ele>1502.806</ele><time>2026-09-22T13:59:29Z</time><speed>0.000</speed><sat>34</sat></trkpt>
  <trkpt lat="45.61296789" lon="2.77678428"><ele>1502.811</ele><time>2026-09-22T13:59:32Z</time><speed>0.000</speed><sat>34</sat></trkpt>
  <trkpt lat="45.61296753" lon="2.77678434"><ele>1502.869</ele><time>2026-09-22T13:59:35Z</time><speed>0.000</speed><sat>34</sat></trkpt>
  <trkpt lat="45.61295236" lon="2.77676310"><ele>1502.763</ele><time>2026-09-22T13:59:38Z</time><speed>0.000</speed><sat>34</sat></trkpt>
  <trkpt lat="45.61295223" lon="2.77676306"><ele>1502.761</ele><time>2026-09-22T13:59:41Z</time><speed>0.000</speed><sat>34</sat></trkpt>
  <trkpt lat="45.61295133" lon="2.77676032"><ele>1502.827</ele><time>2026-09-22T13:59:44Z</time><speed>0.000</speed><sat>33</sat></trkpt>
  <trkpt lat="45.61295121" lon="2.77675835"><ele>1502.828</ele><time>2026-09-22T13:59:47Z</time><speed>0.000</speed><sat>32</sat></trkpt>
  <trkpt lat="45.61295102" lon="2.77675779"><ele>1502.823</ele><time>2026-09-22T13:59:50Z</time><speed>0.000</speed><sat>33</sat></trkpt>
  <trkpt lat="45.61295098" lon="2.77675759"><ele>1502.807</ele><time>2026-09-22T13:59:53Z</time><speed>0.000</speed><sat>33</sat></trkpt>
  <trkpt lat="45.61295074" lon="2.77675944"><ele>1502.802</ele><time>2026-09-22T13:59:56Z</time><speed>0.000</speed><sat>33</sat></trkpt>
  <trkpt lat="45.61295118" lon="2.77676171"><ele>1502.966</ele><time>2026-09-22T13:59:59Z</time><speed>0.000</speed><sat>32</sat></trkpt>
  <trkpt lat="45.61295018" lon="2.77675357"><ele>1502.814</ele><time>2026-09-22T14:00:02Z</time><speed>0.620</speed><sat>34</sat></trkpt>
  <trkpt lat="45.61294537" lon="2.77672919"><ele>1503.024</ele><time>2026-09-22T14:00:05Z</time><speed>0.000</speed><sat>34</sat></trkpt>
  <trkpt lat="45.61293449" lon="2.77670375"><ele>1503.736</ele><time>2026-09-22T14:00:08Z</time><speed>1.040</speed><sat>34</sat></trkpt>
  <trkpt lat="45.61292173" lon="2.77669377"><ele>1503.901</ele><time>2026-09-22T14:00:11Z</time><speed>0.410</speed><sat>35</sat></trkpt>
  <trkpt lat="45.61291810" lon="2.77669302"><ele>1504.026</ele><time>2026-09-22T14:00:14Z</time><speed>0.000</speed><sat>34</sat></trkpt>
  <trkpt lat="45.61291697" lon="2.77669305"><ele>1504.029</ele><time>2026-09-22T14:00:17Z</time><speed>0.000</speed><sat>34</sat></trkpt>
  <trkpt lat="45.61291576" lon="2.77669339"><ele>1503.991</ele><time>2026-09-22T14:00:20Z</time><speed>0.000</speed><sat>35</sat></trkpt>
  <trkpt lat="45.61291552" lon="2.77669346"><ele>1504.028</ele><time>2026-09-22T14:00:23Z</time><speed>0.000</speed><sat>33</sat></trkpt>
  <trkpt lat="45.61291981" lon="2.77668751"><ele>1503.878</ele><time>2026-09-22T14:00:26Z</time><speed>0.200</speed><sat>33</sat></trkpt>
  <trkpt lat="45.61292091" lon="2.77668806"><ele>1503.862</ele><time>2026-09-22T14:00:29Z</time><speed>0.000</speed><sat>35</sat></trkpt>
  <trkpt lat="45.61292107" lon="2.77668780"><ele>1503.888</ele><time>2026-09-22T14:00:32Z</time><speed>0.000</speed><sat>35</sat></trkpt>
  <trkpt lat="45.61292123" lon="2.77668697"><ele>1503.891</ele><time>2026-09-22T14:00:35Z</time><speed>0.000</speed><sat>33</sat></trkpt>
  <trkpt lat="45.61291742" lon="2.77668537"><ele>1503.975</ele><time>2026-09-22T14:00:38Z</time><speed>0.300</speed><sat>32</sat></trkpt>
  <trkpt lat="45.61291549" lon="2.77668634"><ele>1503.977</ele><time>2026-09-22T14:00:41Z</time><speed>0.000</speed><sat>32</sat></trkpt>
  <trkpt lat="45.61291484" lon="2.77668663"><ele>1503.982</ele><time>2026-09-22T14:00:44Z</time><speed>0.000</speed><sat>33</sat></trkpt>
  <trkpt lat="45.61291399" lon="2.77668668"><ele>1503.975</ele><time>2026-09-22T14:00:47Z</time><speed>0.000</speed><sat>34</sat></trkpt>
  <trkpt lat="45.61291172" lon="2.77668826"><ele>1504.020</ele><time>2026-09-22T14:00:50Z</time><speed>0.000</speed><sat>34</sat></trkpt>
  <trkpt lat="45.61291081" lon="2.77668862"><ele>1503.997</ele><time>2026-09-22T14:00:53Z</time><speed>0.000</speed><sat>34</sat></trkpt>
  <trkpt lat="45.61291045" lon="2.77668863"><ele>1504.008</ele><time>2026-09-22T14:00:56Z</time><speed>0.000</speed><sat>34</sat></trkpt>
  <trkpt lat="45.61290990" lon="2.77668911"><ele>1503.962</ele><time>2026-09-22T14:00:59Z</time><speed>0.000</speed><sat>34</sat></trkpt>
  <trkpt lat="45.61290512" lon="2.77668171"><ele>1504.060</ele><time>2026-09-22T14:01:02Z</time><speed>0.610</speed><sat>34</sat></trkpt>
  <trkpt lat="45.61290243" lon="2.77668307"><ele>1504.096</ele><time>2026-09-22T14:01:05Z</time><speed>0.000</speed><sat>34</sat></trkpt>
  <trkpt lat="45.61290148" lon="2.77668308"><ele>1504.123</ele><time>2026-09-22T14:01:08Z</time><speed>0.000</speed><sat>34</sat></trkpt>
  <trkpt lat="45.61290090" lon="2.77668302"><ele>1504.138</ele><time>2026-09-22T14:01:11Z</time><speed>0.000</speed><sat>34</sat></trkpt>
  <trkpt lat="45.61290037" lon="2.77668369"><ele>1504.153</ele><time>2026-09-22T14:01:14Z</time><speed>0.000</speed><sat>34</sat></trkpt>
  <trkpt lat="45.61289987" lon="2.77668348"><ele>1504.157</ele><time>2026-09-22T14:01:17Z</time><speed>0.000</speed><sat>34</sat></trkpt>
  <trkpt lat="45.61289955" lon="2.77668345"><ele>1504.161</ele><time>2026-09-22T14:01:20Z</time><speed>0.000</speed><sat>34</sat></trkpt>
  <trkpt lat="45.61289909" lon="2.77668325"><ele>1504.166</ele><time>2026-09-22T14:01:23Z</time><speed>0.000</speed><sat>34</sat></trkpt>
  <trkpt lat="45.61289905" lon="2.77668307"><ele>1504.168</ele><time>2026-09-22T14:01:26Z</time><speed>0.000</speed><sat>33</sat></trkpt>
  <trkpt lat="45.61289903" lon="2.77668359"><ele>1504.172</ele><time>2026-09-22T14:01:29Z</time><speed>0.000</speed><sat>34</sat></trkpt>
  <trkpt lat="45.61289992" lon="2.77668506"><ele>1504.121</ele><time>2026-09-22T14:01:32Z</time><speed>0.000</speed><sat>34</sat></trkpt>
  <trkpt lat="45.61289954" lon="2.77668588"><ele>1504.099</ele><time>2026-09-22T14:01:35Z</time><speed>0.000</speed><sat>34</sat></trkpt>
  <trkpt lat="45.61289920" lon="2.77668634"><ele>1504.084</ele><time>2026-09-22T14:01:38Z</time><speed>0.000</speed><sat>33</sat></trkpt>
  <trkpt lat="45.61289900" lon="2.77668674"><ele>1504.082</ele><time>2026-09-22T14:01:41Z</time><speed>0.000</speed><sat>33</sat></trkpt>
  <trkpt lat="45.61289895" lon="2.77668704"><ele>1504.087</ele><time>2026-09-22T14:01:44Z</time><speed>0.000</speed><sat>34</sat></trkpt>
  <trkpt lat="45.61289875" lon="2.77668732"><ele>1504.073</ele><time>2026-09-22T14:01:47Z</time><speed>0.000</speed><sat>33</sat></trkpt>
  <trkpt lat="45.61289863" lon="2.77668754"><ele>1504.053</ele><time>2026-09-22T14:01:50Z</time><speed>0.000</speed><sat>34</sat></trkpt>
  <trkpt lat="45.61289825" lon="2.77668815"><ele>1504.034</ele><time>2026-09-22T14:01:53Z</time><speed>0.000</speed><sat>33</sat></trkpt>
  <trkpt lat="45.61289792" lon="2.77668828"><ele>1504.027</ele><time>2026-09-22T14:01:56Z</time><speed>0.000</speed><sat>34</sat></trkpt>
  <trkpt lat="45.61289764" lon="2.77668871"><ele>1503.995</ele><time>2026-09-22T14:01:59Z</time><speed>0.000</speed><sat>33</sat></trkpt>
  <trkpt lat="45.61289757" lon="2.77668909"><ele>1504.000</ele><time>2026-09-22T14:02:02Z</time><speed>0.000</speed><sat>33</sat></trkpt>
  <trkpt lat="45.61289735" lon="2.77668939"><ele>1503.975</ele><time>2026-09-22T14:02:05Z</time><speed>0.000</speed><sat>33</sat></trkpt>
  <trkpt lat="45.61289724" lon="2.77668943"><ele>1503.971</ele><time>2026-09-22T14:02:08Z</time><speed>0.000</speed><sat>32</sat></trkpt>
  <trkpt lat="45.61289706" lon="2.77668923"><ele>1503.974</ele><time>2026-09-22T14:02:11Z</time><speed>0.000</speed><sat>34</sat></trkpt>
  <trkpt lat="45.61289715" lon="2.77668881"><ele>1503.953</ele><time>2026-09-22T14:02:14Z</time><speed>0.000</speed><sat>33</sat></trkpt>
  <trkpt lat="45.61289696" lon="2.77668846"><ele>1503.913</ele><time>2026-09-22T14:02:17Z</time><speed>0.000</speed><sat>33</sat></trkpt>
  <trkpt lat="45.61289692" lon="2.77668830"><ele>1503.920</ele><time>2026-09-22T14:02:20Z</time><speed>0.000</speed><sat>34</sat></trkpt>
  <trkpt lat="45.61289680" lon="2.77668801"><ele>1503.901</ele><time>2026-09-22T14:02:23Z</time><speed>0.000</speed><sat>34</sat></trkpt>
  <trkpt lat="45.61289674" lon="2.77668789"><ele>1503.876</ele><time>2026-09-22T14:02:26Z</time><speed>0.000</speed><sat>34</sat></trkpt>
  <trkpt lat="45.61289655" lon="2.77668722"><ele>1503.848</ele><time>2026-09-22T14:02:29Z</time><speed>0.000</speed><sat>34</sat></trkpt>
  <trkpt lat="45.61289640" lon="2.77668706"><ele>1503.816</ele><time>2026-09-22T14:02:32Z</time><speed>0.000</speed><sat>33</sat></trkpt>
  <trkpt lat="45.61289620" lon="2.77668694"><ele>1503.805</ele><time>2026-09-22T14:02:35Z</time><speed>0.000</speed><sat>34</sat></trkpt>
  <trkpt lat="45.61289621" lon="2.77668700"><ele>1503.808</ele><time>2026-09-22T14:02:38Z</time><speed>0.000</speed><sat>34</sat></trkpt>
  <trkpt lat="45.61289642" lon="2.77668911"><ele>1503.884</ele><time>2026-09-22T14:02:41Z</time><speed>0.230</speed><sat>33</sat></trkpt>
  <trkpt lat="45.61289646" lon="2.77668941"><ele>1503.911</ele><time>2026-09-22T14:02:44Z</time><speed>0.000</speed><sat>34</sat></trkpt>
  <trkpt lat="45.61289616" lon="2.77668948"><ele>1503.905</ele><time>2026-09-22T14:02:47Z</time><speed>0.000</speed><sat>34</sat></trkpt>
  <trkpt lat="45.61289604" lon="2.77668981"><ele>1503.899</ele><time>2026-09-22T14:02:50Z</time><speed>0.000</speed><sat>34</sat></trkpt>
  <trkpt lat="45.61289548" lon="2.77669005"><ele>1503.884</ele><time>2026-09-22T14:02:53Z</time><speed>0.000</speed><sat>34</sat></trkpt>
  <trkpt lat="45.61289767" lon="2.77668930"><ele>1503.818</ele><time>2026-09-22T14:02:56Z</time><speed>0.000</speed><sat>34</sat></trkpt>
  <trkpt lat="45.61289795" lon="2.77668870"><ele>1503.801</ele><time>2026-09-22T14:02:59Z</time><speed>0.000</speed><sat>34</sat></trkpt>
  <trkpt lat="45.61288361" lon="2.77671136"><ele>1503.488</ele><time>2026-09-22T14:03:02Z</time><speed>2.090</speed><sat>34</sat></trkpt>
  <trkpt lat="45.61288756" lon="2.77669854"><ele>1503.448</ele><time>2026-09-22T14:03:05Z</time><speed>0.420</speed><sat>34</sat></trkpt>
  <trkpt lat="45.61290070" lon="2.77668147"><ele>1503.454</ele><time>2026-09-22T14:03:08Z</time><speed>0.000</speed><sat>34</sat></trkpt>
  <trkpt lat="45.61290083" lon="2.77668100"><ele>1503.444</ele><time>2026-09-22T14:03:11Z</time><speed>0.000</speed><sat>35</sat></trkpt>
  <trkpt lat="45.61290076" lon="2.77668086"><ele>1503.450</ele><time>2026-09-22T14:03:14Z</time><speed>0.000</speed><sat>35</sat></trkpt>
  <trkpt lat="45.61290063" lon="2.77668096"><ele>1503.483</ele><time>2026-09-22T14:03:17Z</time><speed>0.000</speed><sat>34</sat></trkpt>
  <trkpt lat="45.61290061" lon="2.77668110"><ele>1503.491</ele><time>2026-09-22T14:03:20Z</time><speed>0.000</speed><sat>33</sat></trkpt>
  <trkpt lat="45.61290071" lon="2.77668096"><ele>1503.475</ele><time>2026-09-22T14:03:23Z</time><speed>0.000</speed><sat>32</sat></trkpt>
  <trkpt lat="45.61289834" lon="2.77667969"><ele>1503.508</ele><time>2026-09-22T14:03:26Z</time><speed>0.000</speed><sat>33</sat></trkpt>
  <trkpt lat="45.61289787" lon="2.77667992"><ele>1503.518</ele><time>2026-09-22T14:03:29Z</time><speed>0.000</speed><sat>34</sat></trkpt>
  <trkpt lat="45.61289766" lon="2.77667992"><ele>1503.518</ele><time>2026-09-22T14:03:32Z</time><speed>0.000</speed><sat>35</sat></trkpt>
  <trkpt lat="45.61289701" lon="2.77666794"><ele>1503.897</ele><time>2026-09-22T14:03:35Z</time><speed>0.420</speed><sat>34</sat></trkpt>
  <trkpt lat="45.61289648" lon="2.77666464"><ele>1504.084</ele><time>2026-09-22T14:03:38Z</time><speed>0.000</speed><sat>33</sat></trkpt>
  <trkpt lat="45.61289651" lon="2.77666485"><ele>1504.088</ele><time>2026-09-22T14:03:41Z</time><speed>0.000</speed><sat>34</sat></trkpt>
  <trkpt lat="45.61289629" lon="2.77666491"><ele>1504.089</ele><time>2026-09-22T14:03:44Z</time><speed>0.000</speed><sat>34</sat></trkpt>
  <trkpt lat="45.61289618" lon="2.77666515"><ele>1504.118</ele><time>2026-09-22T14:03:47Z</time><speed>0.000</speed><sat>34</sat></trkpt>
  <trkpt lat="45.61289709" lon="2.77666468"><ele>1504.123</ele><time>2026-09-22T14:03:50Z</time><speed>0.000</speed><sat>34</sat></trkpt>
  <trkpt lat="45.61289712" lon="2.77666470"><ele>1504.113</ele><time>2026-09-22T14:03:53Z</time><speed>0.000</speed><sat>35</sat></trkpt>
  <trkpt lat="45.61289703" lon="2.77666464"><ele>1504.114</ele><time>2026-09-22T14:03:56Z</time><speed>0.000</speed><sat>36</sat></trkpt>
  <trkpt lat="45.61290090" lon="2.77666690"><ele>1503.896</ele><time>2026-09-22T14:03:59Z</time><speed>0.160</speed><sat>35</sat></trkpt>
  <trkpt lat="45.61290265" lon="2.77666532"><ele>1503.922</ele><time>2026-09-22T14:04:02Z</time><speed>0.000</speed><sat>35</sat></trkpt>
  <trkpt lat="45.61290285" lon="2.77666528"><ele>1503.920</ele><time>2026-09-22T14:04:05Z</time><speed>0.000</speed><sat>35</sat></trkpt>
  <trkpt lat="45.61290291" lon="2.77666533"><ele>1503.912</ele><time>2026-09-22T14:04:08Z</time><speed>0.000</speed><sat>35</sat></trkpt>
  <trkpt lat="45.61290289" lon="2.77666530"><ele>1503.922</ele><time>2026-09-22T14:04:11Z</time><speed>0.000</speed><sat>35</sat></trkpt>
  <trkpt lat="45.61290286" lon="2.77666519"><ele>1503.936</ele><time>2026-09-22T14:04:14Z</time><speed>0.000</speed><sat>34</sat></trkpt>
  <trkpt lat="45.61290283" lon="2.77666537"><ele>1503.921</ele><time>2026-09-22T14:04:17Z</time><speed>0.000</speed><sat>34</sat></trkpt>
  <trkpt lat="45.61290281" lon="2.77666545"><ele>1503.953</ele><time>2026-09-22T14:04:20Z</time><speed>0.000</speed><sat>35</sat></trkpt>
  <trkpt lat="45.61290268" lon="2.77666535"><ele>1503.965</ele><time>2026-09-22T14:04:23Z</time><speed>0.000</speed><sat>35</sat></trkpt>
  <trkpt lat="45.61290275" lon="2.77666527"><ele>1503.973</ele><time>2026-09-22T14:04:26Z</time><speed>0.000</speed><sat>35</sat></trkpt>
  <trkpt lat="45.61290274" lon="2.77666524"><ele>1503.980</ele><time>2026-09-22T14:04:29Z</time><speed>0.000</speed><sat>34</sat></trkpt>
  <trkpt lat="45.61290280" lon="2.77666520"><ele>1503.972</ele><time>2026-09-22T14:04:32Z</time><speed>0.000</speed><sat>33</sat></trkpt>
  <trkpt lat="45.61290273" lon="2.77666527"><ele>1503.967</ele><time>2026-09-22T14:04:35Z</time><speed>0.000</speed><sat>32</sat></trkpt>
  <trkpt lat="45.61290275" lon="2.77666548"><ele>1503.978</ele><time>2026-09-22T14:04:38Z</time><speed>0.000</speed><sat>33</sat></trkpt>
  <trkpt lat="45.61290288" lon="2.77666539"><ele>1503.984</ele><time>2026-09-22T14:04:41Z</time><speed>0.000</speed><sat>33</sat></trkpt>
  <trkpt lat="45.61290290" lon="2.77666538"><ele>1503.984</ele><time>2026-09-22T14:04:44Z</time><speed>0.000</speed><sat>32</sat></trkpt>
  <trkpt lat="45.61290285" lon="2.77666544"><ele>1503.981</ele><time>2026-09-22T14:04:47Z</time><speed>0.000</speed><sat>33</sat></trkpt>
  <trkpt lat="45.61290301" lon="2.77666545"><ele>1503.983</ele><time>2026-09-22T14:04:50Z</time><speed>0.000</speed><sat>34</sat></trkpt>
  <trkpt lat="45.61290296" lon="2.77666549"><ele>1503.965</ele><time>2026-09-22T14:04:53Z</time><speed>0.000</speed><sat>33</sat></trkpt>
  <trkpt lat="45.61290294" lon="2.77666835"><ele>1504.000</ele><time>2026-09-22T14:04:56Z</time><speed>0.000</speed><sat>32</sat></trkpt>
  <trkpt lat="45.61290241" lon="2.77666910"><ele>1503.989</ele><time>2026-09-22T14:04:59Z</time><speed>0.000</speed><sat>34</sat></trkpt>
  <trkpt lat="45.61290213" lon="2.77666962"><ele>1504.004</ele><time>2026-09-22T14:05:02Z</time><speed>0.000</speed><sat>35</sat></trkpt>
  <trkpt lat="45.61290170" lon="2.77666954"><ele>1504.002</ele><time>2026-09-22T14:05:05Z</time><speed>0.000</speed><sat>35</sat></trkpt>
  <trkpt lat="45.61290118" lon="2.77666988"><ele>1503.989</ele><time>2026-09-22T14:05:08Z</time><speed>0.000</speed><sat>35</sat></trkpt>
  <trkpt lat="45.61290055" lon="2.77667013"><ele>1503.965</ele><time>2026-09-22T14:05:11Z</time><speed>0.000</speed><sat>35</sat></trkpt>
  <trkpt lat="45.61290015" lon="2.77667068"><ele>1503.932</ele><time>2026-09-22T14:05:14Z</time><speed>0.000</speed><sat>35</sat></trkpt>
  <trkpt lat="45.61289996" lon="2.77667085"><ele>1503.894</ele><time>2026-09-22T14:05:17Z</time><speed>0.000</speed><sat>34</sat></trkpt>
  <trkpt lat="45.61289985" lon="2.77667059"><ele>1503.865</ele><time>2026-09-22T14:05:20Z</time><speed>0.000</speed><sat>34</sat></trkpt>
  <trkpt lat="45.61289978" lon="2.77667091"><ele>1503.848</ele><time>2026-09-22T14:05:23Z</time><speed>0.000</speed><sat>34</sat></trkpt>
  <trkpt lat="45.61289920" lon="2.77667097"><ele>1503.864</ele><time>2026-09-22T14:05:26Z</time><speed>0.000</speed><sat>34</sat></trkpt>
  <trkpt lat="45.61289896" lon="2.77667098"><ele>1503.857</ele><time>2026-09-22T14:05:29Z</time><speed>0.000</speed><sat>32</sat></trkpt>
  <trkpt lat="45.61289860" lon="2.77667067"><ele>1503.861</ele><time>2026-09-22T14:05:32Z</time><speed>0.000</speed><sat>34</sat></trkpt>
  <trkpt lat="45.61289851" lon="2.77667047"><ele>1503.872</ele><time>2026-09-22T14:05:35Z</time><speed>0.000</speed><sat>34</sat></trkpt>
  <trkpt lat="45.61290128" lon="2.77666855"><ele>1503.560</ele><time>2026-09-22T14:05:38Z</time><speed>0.000</speed><sat>33</sat></trkpt>
  <trkpt lat="45.61290489" lon="2.77665149"><ele>1503.940</ele><time>2026-09-22T14:05:41Z</time><speed>0.670</speed><sat>34</sat></trkpt>
  <trkpt lat="45.61290217" lon="2.77664854"><ele>1503.998</ele><time>2026-09-22T14:05:44Z</time><speed>0.000</speed><sat>36</sat></trkpt>
  <trkpt lat="45.61290185" lon="2.77664890"><ele>1504.013</ele><time>2026-09-22T14:05:47Z</time><speed>0.000</speed><sat>36</sat></trkpt>
  <trkpt lat="45.61290183" lon="2.77664871"><ele>1504.025</ele><time>2026-09-22T14:05:50Z</time><speed>0.000</speed><sat>36</sat></trkpt>
  <trkpt lat="45.61290173" lon="2.77664848"><ele>1504.042</ele><time>2026-09-22T14:05:53Z</time><speed>0.000</speed><sat>37</sat></trkpt>
  <trkpt lat="45.61290148" lon="2.77664828"><ele>1504.064</ele><time>2026-09-22T14:05:56Z</time><speed>0.000</speed><sat>35</sat></trkpt>
  <trkpt lat="45.61290130" lon="2.77664828"><ele>1504.067</ele><time>2026-09-22T14:05:59Z</time><speed>0.000</speed><sat>36</sat></trkpt>
  <trkpt lat="45.61290067" lon="2.77664782"><ele>1504.131</ele><time>2026-09-22T14:06:02Z</time><speed>0.000</speed><sat>37</sat></trkpt>
  <trkpt lat="45.61290064" lon="2.77664835"><ele>1504.133</ele><time>2026-09-22T14:06:05Z</time><speed>0.000</speed><sat>36</sat></trkpt>
  <trkpt lat="45.61290042" lon="2.77664870"><ele>1504.148</ele><time>2026-09-22T14:06:08Z</time><speed>0.000</speed><sat>36</sat></trkpt>
  <trkpt lat="45.61290220" lon="2.77664379"><ele>1504.098</ele><time>2026-09-22T14:06:11Z</time><speed>0.240</speed><sat>36</sat></trkpt>
  <trkpt lat="45.61290352" lon="2.77661142"><ele>1504.005</ele><time>2026-09-22T14:06:14Z</time><speed>0.880</speed><sat>35</sat></trkpt>
  <trkpt lat="45.61286216" lon="2.77656495"><ele>1503.360</ele><time>2026-09-22T14:06:17Z</time><speed>1.200</speed><sat>34</sat></trkpt>
  <trkpt lat="45.61289859" lon="2.77652610"><ele>1504.344</ele><time>2026-09-22T14:06:20Z</time><speed>1.270</speed><sat>31</sat></trkpt>
  <trkpt lat="45.61288910" lon="2.77649494"><ele>1505.155</ele><time>2026-09-22T14:06:23Z</time><speed>0.580</speed><sat>28</sat></trkpt>
  <trkpt lat="45.61287898" lon="2.77644525"><ele>1506.074</ele><time>2026-09-22T14:06:26Z</time><speed>1.220</speed><sat>30</sat></trkpt>
  <trkpt lat="45.61286337" lon="2.77641001"><ele>1505.789</ele><time>2026-09-22T14:06:29Z</time><speed>1.300</speed><sat>32</sat></trkpt>
  <trkpt lat="45.61284580" lon="2.77636843"><ele>1505.864</ele><time>2026-09-22T14:06:32Z</time><speed>1.030</speed><sat>33</sat></trkpt>
  <trkpt lat="45.61283236" lon="2.77632731"><ele>1505.890</ele><time>2026-09-22T14:06:35Z</time><speed>1.430</speed><sat>32</sat></trkpt>
  <trkpt lat="45.61281652" lon="2.77628792"><ele>1505.971</ele><time>2026-09-22T14:06:38Z</time><speed>1.210</speed><sat>32</sat></trkpt>
  <trkpt lat="45.61279894" lon="2.77625225"><ele>1505.311</ele><time>2026-09-22T14:06:41Z</time><speed>1.320</speed><sat>32</sat></trkpt>
  <trkpt lat="45.61277755" lon="2.77621441"><ele>1504.826</ele><time>2026-09-22T14:06:44Z</time><speed>1.200</speed><sat>34</sat></trkpt>
  <trkpt lat="45.61276116" lon="2.77617159"><ele>1504.343</ele><time>2026-09-22T14:06:47Z</time><speed>1.240</speed><sat>34</sat></trkpt>
  <trkpt lat="45.61274503" lon="2.77613991"><ele>1503.871</ele><time>2026-09-22T14:06:50Z</time><speed>0.890</speed><sat>34</sat></trkpt>
  <trkpt lat="45.61273086" lon="2.77610791"><ele>1503.240</ele><time>2026-09-22T14:06:53Z</time><speed>1.120</speed><sat>34</sat></trkpt>
  <trkpt lat="45.61271159" lon="2.77606787"><ele>1503.000</ele><time>2026-09-22T14:06:56Z</time><speed>1.330</speed><sat>35</sat></trkpt>
  <trkpt lat="45.61269641" lon="2.77603514"><ele>1502.693</ele><time>2026-09-22T14:06:59Z</time><speed>0.930</speed><sat>35</sat></trkpt>
  <trkpt lat="45.61267431" lon="2.77599252"><ele>1502.953</ele><time>2026-09-22T14:07:02Z</time><speed>1.460</speed><sat>33</sat></trkpt>
  <trkpt lat="45.61265633" lon="2.77595314"><ele>1502.838</ele><time>2026-09-22T14:07:05Z</time><speed>1.340</speed><sat>33</sat></trkpt>
  <trkpt lat="45.61264465" lon="2.77591786"><ele>1502.525</ele><time>2026-09-22T14:07:08Z</time><speed>1.270</speed><sat>33</sat></trkpt>
  <trkpt lat="45.61262815" lon="2.77586496"><ele>1502.442</ele><time>2026-09-22T14:07:11Z</time><speed>1.550</speed><sat>33</sat></trkpt>
  <trkpt lat="45.61261557" lon="2.77582893"><ele>1501.785</ele><time>2026-09-22T14:07:14Z</time><speed>1.050</speed><sat>34</sat></trkpt>
  <trkpt lat="45.61260565" lon="2.77578633"><ele>1501.917</ele><time>2026-09-22T14:07:17Z</time><speed>1.240</speed><sat>33</sat></trkpt>
  <trkpt lat="45.61259451" lon="2.77575322"><ele>1502.221</ele><time>2026-09-22T14:07:20Z</time><speed>0.850</speed><sat>31</sat></trkpt>
  <trkpt lat="45.61258982" lon="2.77572798"><ele>1502.233</ele><time>2026-09-22T14:07:23Z</time><speed>0.430</speed><sat>30</sat></trkpt>
  <trkpt lat="45.61257960" lon="2.77569120"><ele>1502.546</ele><time>2026-09-22T14:07:26Z</time><speed>1.460</speed><sat>33</sat></trkpt>
  <trkpt lat="45.61257192" lon="2.77567289"><ele>1502.457</ele><time>2026-09-22T14:07:29Z</time><speed>0.850</speed><sat>34</sat></trkpt>
  <trkpt lat="45.61256468" lon="2.77563273"><ele>1502.664</ele><time>2026-09-22T14:07:32Z</time><speed>1.260</speed><sat>34</sat></trkpt>
  <trkpt lat="45.61255057" lon="2.77559145"><ele>1502.370</ele><time>2026-09-22T14:07:35Z</time><speed>1.230</speed><sat>35</sat></trkpt>
  <trkpt lat="45.61254205" lon="2.77555235"><ele>1502.184</ele><time>2026-09-22T14:07:38Z</time><speed>1.010</speed><sat>32</sat></trkpt>
  <trkpt lat="45.61253100" lon="2.77550929"><ele>1501.853</ele><time>2026-09-22T14:07:41Z</time><speed>1.370</speed><sat>32</sat></trkpt>
  <trkpt lat="45.61251708" lon="2.77547155"><ele>1501.619</ele><time>2026-09-22T14:07:44Z</time><speed>1.090</speed><sat>33</sat></trkpt>
  <trkpt lat="45.61250774" lon="2.77543023"><ele>1501.560</ele><time>2026-09-22T14:07:47Z</time><speed>1.130</speed><sat>35</sat></trkpt>
  <trkpt lat="45.61249956" lon="2.77539068"><ele>1501.692</ele><time>2026-09-22T14:07:50Z</time><speed>1.230</speed><sat>34</sat></trkpt>
  <trkpt lat="45.61249356" lon="2.77534611"><ele>1502.171</ele><time>2026-09-22T14:07:53Z</time><speed>1.060</speed><sat>35</sat></trkpt>
  <trkpt lat="45.61248980" lon="2.77530717"><ele>1502.021</ele><time>2026-09-22T14:07:56Z</time><speed>1.160</speed><sat>34</sat></trkpt>
  <trkpt lat="45.61248611" lon="2.77527275"><ele>1502.357</ele><time>2026-09-22T14:07:59Z</time><speed>0.870</speed><sat>35</sat></trkpt>
  <trkpt lat="45.61248359" lon="2.77522628"><ele>1502.604</ele><time>2026-09-22T14:08:02Z</time><speed>1.410</speed><sat>35</sat></trkpt>
  <trkpt lat="45.61248032" lon="2.77518687"><ele>1503.169</ele><time>2026-09-22T14:08:05Z</time><speed>1.030</speed><sat>35</sat></trkpt>
  <trkpt lat="45.61247450" lon="2.77514574"><ele>1503.401</ele><time>2026-09-22T14:08:08Z</time><speed>0.830</speed><sat>34</sat></trkpt>
  <trkpt lat="45.61246832" lon="2.77510191"><ele>1503.845</ele><time>2026-09-22T14:08:11Z</time><speed>1.000</speed><sat>32</sat></trkpt>
  <trkpt lat="45.61246322" lon="2.77505967"><ele>1504.613</ele><time>2026-09-22T14:08:14Z</time><speed>1.120</speed><sat>33</sat></trkpt>
  <trkpt lat="45.61245739" lon="2.77502246"><ele>1504.245</ele><time>2026-09-22T14:08:17Z</time><speed>1.070</speed><sat>33</sat></trkpt>
  <trkpt lat="45.61244986" lon="2.77498227"><ele>1504.929</ele><time>2026-09-22T14:08:20Z</time><speed>0.800</speed><sat>33</sat></trkpt>
  <trkpt lat="45.61244275" lon="2.77493932"><ele>1505.093</ele><time>2026-09-22T14:08:23Z</time><speed>0.780</speed><sat>33</sat></trkpt>
  <trkpt lat="45.61244531" lon="2.77490154"><ele>1505.305</ele><time>2026-09-22T14:08:26Z</time><speed>0.640</speed><sat>35</sat></trkpt>
  <trkpt lat="45.61244524" lon="2.77485921"><ele>1505.894</ele><time>2026-09-22T14:08:29Z</time><speed>1.000</speed><sat>35</sat></trkpt>
  <trkpt lat="45.61244540" lon="2.77481555"><ele>1505.993</ele><time>2026-09-22T14:08:32Z</time><speed>0.950</speed><sat>32</sat></trkpt>
  <trkpt lat="45.61244382" lon="2.77477888"><ele>1506.388</ele><time>2026-09-22T14:08:35Z</time><speed>0.770</speed><sat>30</sat></trkpt>
  <trkpt lat="45.61244311" lon="2.77476268"><ele>1506.471</ele><time>2026-09-22T14:08:38Z</time><speed>0.000</speed><sat>31</sat></trkpt>
  <trkpt lat="45.61244421" lon="2.77476378"><ele>1507.099</ele><time>2026-09-22T14:08:41Z</time><speed>0.000</speed><sat>31</sat></trkpt>
  <trkpt lat="45.61244405" lon="2.77476390"><ele>1507.108</ele><time>2026-09-22T14:08:44Z</time><speed>0.000</speed><sat>30</sat></trkpt>
  <trkpt lat="45.61244407" lon="2.77476408"><ele>1507.122</ele><time>2026-09-22T14:08:47Z</time><speed>0.000</speed><sat>28</sat></trkpt>
  <trkpt lat="45.61244400" lon="2.77476347"><ele>1507.111</ele><time>2026-09-22T14:08:50Z</time><speed>0.000</speed><sat>29</sat></trkpt>
  <trkpt lat="45.61244400" lon="2.77476416"><ele>1507.112</ele><time>2026-09-22T14:08:53Z</time><speed>0.000</speed><sat>28</sat></trkpt>
  <trkpt lat="45.61244434" lon="2.77476444"><ele>1507.156</ele><time>2026-09-22T14:08:56Z</time><speed>0.000</speed><sat>34</sat></trkpt>
  <trkpt lat="45.61244423" lon="2.77476432"><ele>1507.146</ele><time>2026-09-22T14:08:59Z</time><speed>0.000</speed><sat>34</sat></trkpt>
  <trkpt lat="45.61244414" lon="2.77476407"><ele>1507.155</ele><time>2026-09-22T14:09:02Z</time><speed>0.000</speed><sat>34</sat></trkpt>
  <trkpt lat="45.61244411" lon="2.77476475"><ele>1507.214</ele><time>2026-09-22T14:09:05Z</time><speed>0.000</speed><sat>32</sat></trkpt>
  <trkpt lat="45.61244415" lon="2.77476455"><ele>1507.226</ele><time>2026-09-22T14:09:08Z</time><speed>0.000</speed><sat>33</sat></trkpt>
  <trkpt lat="45.61244461" lon="2.77476342"><ele>1507.272</ele><time>2026-09-22T14:09:11Z</time><speed>0.000</speed><sat>34</sat></trkpt>
  <trkpt lat="45.61244485" lon="2.77476313"><ele>1507.305</ele><time>2026-09-22T14:09:14Z</time><speed>0.000</speed><sat>33</sat></trkpt>
  <trkpt lat="45.61244503" lon="2.77476341"><ele>1507.321</ele><time>2026-09-22T14:09:17Z</time><speed>0.000</speed><sat>33</sat></trkpt>
  <trkpt lat="45.61244516" lon="2.77476340"><ele>1507.319</ele><time>2026-09-22T14:09:20Z</time><speed>0.000</speed><sat>33</sat></trkpt>
  <trkpt lat="45.61244520" lon="2.77476352"><ele>1507.324</ele><time>2026-09-22T14:09:23Z</time><speed>0.000</speed><sat>33</sat></trkpt>
  <trkpt lat="45.61244549" lon="2.77476346"><ele>1507.343</ele><time>2026-09-22T14:09:26Z</time><speed>0.000</speed><sat>33</sat></trkpt>
  <trkpt lat="45.61244584" lon="2.77476343"><ele>1507.386</ele><time>2026-09-22T14:09:29Z</time><speed>0.000</speed><sat>33</sat></trkpt>
  <trkpt lat="45.61244590" lon="2.77476367"><ele>1507.395</ele><time>2026-09-22T14:09:32Z</time><speed>0.000</speed><sat>32</sat></trkpt>
  <trkpt lat="45.61244597" lon="2.77476358"><ele>1507.393</ele><time>2026-09-22T14:09:35Z</time><speed>0.000</speed><sat>33</sat></trkpt>
  <trkpt lat="45.61244604" lon="2.77476293"><ele>1507.457</ele><time>2026-09-22T14:09:38Z</time><speed>0.000</speed><sat>32</sat></trkpt>
  <trkpt lat="45.61244631" lon="2.77476295"><ele>1507.470</ele><time>2026-09-22T14:09:41Z</time><speed>0.000</speed><sat>33</sat></trkpt>
  <trkpt lat="45.61244653" lon="2.77476301"><ele>1507.518</ele><time>2026-09-22T14:09:44Z</time><speed>0.000</speed><sat>33</sat></trkpt>
  <trkpt lat="45.61244686" lon="2.77476322"><ele>1507.515</ele><time>2026-09-22T14:09:47Z</time><speed>0.000</speed><sat>33</sat></trkpt>
  <trkpt lat="45.61244668" lon="2.77476304"><ele>1507.499</ele><time>2026-09-22T14:09:50Z</time><speed>0.000</speed><sat>33</sat></trkpt>
  <trkpt lat="45.61244697" lon="2.77476288"><ele>1507.530</ele><time>2026-09-22T14:09:53Z</time><speed>0.000</speed><sat>34</sat></trkpt>
  <trkpt lat="45.61244690" lon="2.77476281"><ele>1507.533</ele><time>2026-09-22T14:09:56Z</time><speed>0.000</speed><sat>34</sat></trkpt>
  <trkpt lat="45.61244680" lon="2.77476272"><ele>1507.529</ele><time>2026-09-22T14:09:59Z</time><speed>0.000</speed><sat>34</sat></trkpt>
  <trkpt lat="45.61244674" lon="2.77476298"><ele>1507.519</ele><time>2026-09-22T14:10:02Z</time><speed>0.000</speed><sat>34</sat></trkpt>
  <trkpt lat="45.61244683" lon="2.77476312"><ele>1507.503</ele><time>2026-09-22T14:10:05Z</time><speed>0.000</speed><sat>34</sat></trkpt>
  <trkpt lat="45.61244690" lon="2.77476281"><ele>1507.507</ele><time>2026-09-22T14:10:08Z</time><speed>0.000</speed><sat>34</sat></trkpt>
  <trkpt lat="45.61244693" lon="2.77476283"><ele>1507.517</ele><time>2026-09-22T14:10:11Z</time><speed>0.000</speed><sat>34</sat></trkpt>
  <trkpt lat="45.61244707" lon="2.77476268"><ele>1507.533</ele><time>2026-09-22T14:10:14Z</time><speed>0.000</speed><sat>34</sat></trkpt>
  <trkpt lat="45.61244740" lon="2.77476320"><ele>1507.568</ele><time>2026-09-22T14:10:17Z</time><speed>0.000</speed><sat>32</sat></trkpt>
  <trkpt lat="45.61244814" lon="2.77476319"><ele>1507.619</ele><time>2026-09-22T14:10:20Z</time><speed>0.000</speed><sat>32</sat></trkpt>
  <trkpt lat="45.61244822" lon="2.77476236"><ele>1507.590</ele><time>2026-09-22T14:10:23Z</time><speed>0.000</speed><sat>35</sat></trkpt>
  <trkpt lat="45.61244833" lon="2.77476248"><ele>1507.612</ele><time>2026-09-22T14:10:26Z</time><speed>0.000</speed><sat>35</sat></trkpt>
  <trkpt lat="45.61244867" lon="2.77476314"><ele>1507.623</ele><time>2026-09-22T14:10:29Z</time><speed>0.000</speed><sat>34</sat></trkpt>
  <trkpt lat="45.61244855" lon="2.77476530"><ele>1507.223</ele><time>2026-09-22T14:10:32Z</time><speed>0.000</speed><sat>33</sat></trkpt>
  <trkpt lat="45.61244915" lon="2.77476688"><ele>1507.220</ele><time>2026-09-22T14:10:35Z</time><speed>0.000</speed><sat>33</sat></trkpt>
  <trkpt lat="45.61244907" lon="2.77476742"><ele>1507.227</ele><time>2026-09-22T14:10:38Z</time><speed>0.000</speed><sat>33</sat></trkpt>
  <trkpt lat="45.61244912" lon="2.77476783"><ele>1507.233</ele><time>2026-09-22T14:10:41Z</time><speed>0.000</speed><sat>32</sat></trkpt>
  <trkpt lat="45.61243181" lon="2.77475732"><ele>1507.329</ele><time>2026-09-22T14:10:44Z</time><speed>1.000</speed><sat>33</sat></trkpt>
  <trkpt lat="45.61240466" lon="2.77473071"><ele>1507.957</ele><time>2026-09-22T14:10:47Z</time><speed>1.200</speed><sat>34</sat></trkpt>
  <trkpt lat="45.61239126" lon="2.77468584"><ele>1508.649</ele><time>2026-09-22T14:10:50Z</time><speed>1.350</speed><sat>34</sat></trkpt>
  <trkpt lat="45.61238002" lon="2.77464593"><ele>1508.895</ele><time>2026-09-22T14:10:53Z</time><speed>1.290</speed><sat>34</sat></trkpt>
  <trkpt lat="45.61237132" lon="2.77458990"><ele>1509.613</ele><time>2026-09-22T14:10:56Z</time><speed>1.310</speed><sat>32</sat></trkpt>
  <trkpt lat="45.61236276" lon="2.77454936"><ele>1509.449</ele><time>2026-09-22T14:10:59Z</time><speed>1.240</speed><sat>31</sat></trkpt>
  <trkpt lat="45.61234995" lon="2.77448931"><ele>1510.441</ele><time>2026-09-22T14:11:02Z</time><speed>1.360</speed><sat>32</sat></trkpt>
  <trkpt lat="45.61233711" lon="2.77444210"><ele>1510.563</ele><time>2026-09-22T14:11:05Z</time><speed>1.180</speed><sat>32</sat></trkpt>
  <trkpt lat="45.61232223" lon="2.77438333"><ele>1511.127</ele><time>2026-09-22T14:11:08Z</time><speed>1.560</speed><sat>31</sat></trkpt>
  <trkpt lat="45.61231410" lon="2.77434285"><ele>1511.457</ele><time>2026-09-22T14:11:11Z</time><speed>1.070</speed><sat>32</sat></trkpt>
  <trkpt lat="45.61230060" lon="2.77428502"><ele>1512.040</ele><time>2026-09-22T14:11:14Z</time><speed>1.720</speed><sat>32</sat></trkpt>
  <trkpt lat="45.61228953" lon="2.77423315"><ele>1512.709</ele><time>2026-09-22T14:11:17Z</time><speed>1.210</speed><sat>32</sat></trkpt>
  <trkpt lat="45.61227876" lon="2.77418033"><ele>1512.780</ele><time>2026-09-22T14:11:20Z</time><speed>1.740</speed><sat>30</sat></trkpt>
  <trkpt lat="45.61226411" lon="2.77412668"><ele>1512.994</ele><time>2026-09-22T14:11:23Z</time><speed>1.410</speed><sat>30</sat></trkpt>
  <trkpt lat="45.61230457" lon="2.77407668"><ele>1512.557</ele><time>2026-09-22T14:11:26Z</time><speed>2.060</speed><sat>33</sat></trkpt>
  <trkpt lat="45.61228544" lon="2.77404402"><ele>1513.453</ele><time>2026-09-22T14:11:29Z</time><speed>1.400</speed><sat>33</sat></trkpt>
  <trkpt lat="45.61227185" lon="2.77398497"><ele>1514.683</ele><time>2026-09-22T14:11:32Z</time><speed>1.420</speed><sat>33</sat></trkpt>
  <trkpt lat="45.61225461" lon="2.77395299"><ele>1514.242</ele><time>2026-09-22T14:11:35Z</time><speed>1.120</speed><sat>31</sat></trkpt>
  <trkpt lat="45.61224090" lon="2.77389685"><ele>1514.838</ele><time>2026-09-22T14:11:38Z</time><speed>1.620</speed><sat>31</sat></trkpt>
  <trkpt lat="45.61222343" lon="2.77385437"><ele>1514.638</ele><time>2026-09-22T14:11:41Z</time><speed>1.010</speed><sat>31</sat></trkpt>
  <trkpt lat="45.61221415" lon="2.77380761"><ele>1515.480</ele><time>2026-09-22T14:11:44Z</time><speed>1.700</speed><sat>32</sat></trkpt>
  <trkpt lat="45.61220003" lon="2.77375980"><ele>1515.832</ele><time>2026-09-22T14:11:47Z</time><speed>1.120</speed><sat>33</sat></trkpt>
  <trkpt lat="45.61219899" lon="2.77370940"><ele>1516.738</ele><time>2026-09-22T14:11:50Z</time><speed>1.620</speed><sat>31</sat></trkpt>
  <trkpt lat="45.61218786" lon="2.77366038"><ele>1516.828</ele><time>2026-09-22T14:11:53Z</time><speed>1.110</speed><sat>32</sat></trkpt>
  <trkpt lat="45.61218472" lon="2.77360898"><ele>1517.350</ele><time>2026-09-22T14:11:56Z</time><speed>1.360</speed><sat>32</sat></trkpt>
  <trkpt lat="45.61218263" lon="2.77356824"><ele>1517.557</ele><time>2026-09-22T14:11:59Z</time><speed>1.020</speed><sat>32</sat></trkpt>
  <trkpt lat="45.61218960" lon="2.77351750"><ele>1518.244</ele><time>2026-09-22T14:12:02Z</time><speed>1.210</speed><sat>33</sat></trkpt>
  <trkpt lat="45.61218617" lon="2.77347265"><ele>1518.553</ele><time>2026-09-22T14:12:05Z</time><speed>1.480</speed><sat>32</sat></trkpt>
  <trkpt lat="45.61217774" lon="2.77341289"><ele>1519.197</ele><time>2026-09-22T14:12:08Z</time><speed>1.170</speed><sat>32</sat></trkpt>
  <trkpt lat="45.61216623" lon="2.77337861"><ele>1519.160</ele><time>2026-09-22T14:12:11Z</time><speed>1.180</speed><sat>33</sat></trkpt>
  <trkpt lat="45.61214270" lon="2.77333384"><ele>1520.259</ele><time>2026-09-22T14:12:14Z</time><speed>1.270</speed><sat>33</sat></trkpt>
  <trkpt lat="45.61212527" lon="2.77330312"><ele>1520.498</ele><time>2026-09-22T14:12:17Z</time><speed>1.020</speed><sat>31</sat></trkpt>
  <trkpt lat="45.61210971" lon="2.77325692"><ele>1521.486</ele><time>2026-09-22T14:12:20Z</time><speed>1.180</speed><sat>31</sat></trkpt>
  <trkpt lat="45.61209180" lon="2.77322431"><ele>1521.727</ele><time>2026-09-22T14:12:23Z</time><speed>1.170</speed><sat>32</sat></trkpt>
  <trkpt lat="45.61206828" lon="2.77317985"><ele>1522.790</ele><time>2026-09-22T14:12:26Z</time><speed>1.110</speed><sat>31</sat></trkpt>
  <trkpt lat="45.61204550" lon="2.77314769"><ele>1523.043</ele><time>2026-09-22T14:12:29Z</time><speed>1.460</speed><sat>32</sat></trkpt>
  <trkpt lat="45.61203258" lon="2.77311509"><ele>1523.008</ele><time>2026-09-22T14:12:32Z</time><speed>0.760</speed><sat>32</sat></trkpt>
  <trkpt lat="45.61202928" lon="2.77307433"><ele>1523.398</ele><time>2026-09-22T14:12:35Z</time><speed>1.370</speed><sat>32</sat></trkpt>
  <trkpt lat="45.61201994" lon="2.77303886"><ele>1523.411</ele><time>2026-09-22T14:12:38Z</time><speed>1.240</speed><sat>32</sat></trkpt>
  <trkpt lat="45.61201006" lon="2.77299666"><ele>1524.014</ele><time>2026-09-22T14:12:41Z</time><speed>0.910</speed><sat>32</sat></trkpt>
  <trkpt lat="45.61200005" lon="2.77295111"><ele>1524.458</ele><time>2026-09-22T14:12:44Z</time><speed>1.390</speed><sat>30</sat></trkpt>
  <trkpt lat="45.61198733" lon="2.77291325"><ele>1524.510</ele><time>2026-09-22T14:12:47Z</time><speed>1.170</speed><sat>31</sat></trkpt>
  <trkpt lat="45.61197551" lon="2.77287220"><ele>1525.180</ele><time>2026-09-22T14:12:50Z</time><speed>0.990</speed><sat>32</sat></trkpt>
  <trkpt lat="45.61196289" lon="2.77283063"><ele>1526.143</ele><time>2026-09-22T14:12:53Z</time><speed>1.170</speed><sat>31</sat></trkpt>
  <trkpt lat="45.61194293" lon="2.77280471"><ele>1526.447</ele><time>2026-09-22T14:12:56Z</time><speed>1.300</speed><sat>31</sat></trkpt>
  <trkpt lat="45.61192898" lon="2.77277143"><ele>1526.828</ele><time>2026-09-22T14:12:59Z</time><speed>1.340</speed><sat>31</sat></trkpt>
  <trkpt lat="45.61191864" lon="2.77273929"><ele>1527.162</ele><time>2026-09-22T14:13:02Z</time><speed>1.350</speed><sat>31</sat></trkpt>
  <trkpt lat="45.61191950" lon="2.77270335"><ele>1527.051</ele><time>2026-09-22T14:13:05Z</time><speed>1.170</speed><sat>30</sat></trkpt>
  <trkpt lat="45.61192138" lon="2.77266807"><ele>1527.359</ele><time>2026-09-22T14:13:08Z</time><speed>1.000</speed><sat>30</sat></trkpt>
  <trkpt lat="45.61191620" lon="2.77263029"><ele>1527.902</ele><time>2026-09-22T14:13:11Z</time><speed>0.930</speed><sat>30</sat></trkpt>
  <trkpt lat="45.61190819" lon="2.77257749"><ele>1528.647</ele><time>2026-09-22T14:13:14Z</time><speed>1.230</speed><sat>30</sat></trkpt>
  <trkpt lat="45.61189885" lon="2.77253515"><ele>1527.805</ele><time>2026-09-22T14:13:17Z</time><speed>1.360</speed><sat>30</sat></trkpt>
  <trkpt lat="45.61189548" lon="2.77246643"><ele>1528.238</ele><time>2026-09-22T14:13:20Z</time><speed>1.830</speed><sat>29</sat></trkpt>
  <trkpt lat="45.61189838" lon="2.77240800"><ele>1528.470</ele><time>2026-09-22T14:13:23Z</time><speed>1.490</speed><sat>29</sat></trkpt>
  <trkpt lat="45.61190407" lon="2.77235681"><ele>1528.673</ele><time>2026-09-22T14:13:26Z</time><speed>1.370</speed><sat>30</sat></trkpt>
  <trkpt lat="45.61190013" lon="2.77230351"><ele>1529.140</ele><time>2026-09-22T14:13:29Z</time><speed>1.460</speed><sat>30</sat></trkpt>
  <trkpt lat="45.61189347" lon="2.77225083"><ele>1528.966</ele><time>2026-09-22T14:13:32Z</time><speed>1.210</speed><sat>30</sat></trkpt>
  <trkpt lat="45.61188799" lon="2.77220490"><ele>1529.174</ele><time>2026-09-22T14:13:35Z</time><speed>1.230</speed><sat>30</sat></trkpt>
  <trkpt lat="45.61188216" lon="2.77215560"><ele>1528.705</ele><time>2026-09-22T14:13:38Z</time><speed>1.540</speed><sat>30</sat></trkpt>
  <trkpt lat="45.61187300" lon="2.77209939"><ele>1529.111</ele><time>2026-09-22T14:13:41Z</time><speed>1.440</speed><sat>30</sat></trkpt>
  <trkpt lat="45.61187391" lon="2.77205214"><ele>1529.547</ele><time>2026-09-22T14:13:44Z</time><speed>1.100</speed><sat>29</sat></trkpt>
  <trkpt lat="45.61186330" lon="2.77200744"><ele>1530.023</ele><time>2026-09-22T14:13:47Z</time><speed>1.340</speed><sat>29</sat></trkpt>
  <trkpt lat="45.61184611" lon="2.77195175"><ele>1529.747</ele><time>2026-09-22T14:13:50Z</time><speed>1.520</speed><sat>29</sat></trkpt>
  <trkpt lat="45.61182889" lon="2.77190963"><ele>1529.151</ele><time>2026-09-22T14:13:53Z</time><speed>1.280</speed><sat>29</sat></trkpt>
  <trkpt lat="45.61181371" lon="2.77187558"><ele>1528.870</ele><time>2026-09-22T14:13:56Z</time><speed>1.310</speed><sat>29</sat></trkpt>
  <trkpt lat="45.61180026" lon="2.77183387"><ele>1528.439</ele><time>2026-09-22T14:13:59Z</time><speed>1.170</speed><sat>27</sat></trkpt>
  <trkpt lat="45.61178737" lon="2.77178801"><ele>1528.453</ele><time>2026-09-22T14:14:02Z</time><speed>1.400</speed><sat>27</sat></trkpt>
  <trkpt lat="45.61177662" lon="2.77174707"><ele>1528.833</ele><time>2026-09-22T14:14:05Z</time><speed>1.050</speed><sat>28</sat></trkpt>
  <trkpt lat="45.61176686" lon="2.77170193"><ele>1528.787</ele><time>2026-09-22T14:14:08Z</time><speed>1.290</speed><sat>27</sat></trkpt>
  <trkpt lat="45.61174921" lon="2.77166125"><ele>1528.616</ele><time>2026-09-22T14:14:11Z</time><speed>1.360</speed><sat>27</sat></trkpt>
  <trkpt lat="45.61173240" lon="2.77162176"><ele>1528.891</ele><time>2026-09-22T14:14:14Z</time><speed>0.930</speed><sat>28</sat></trkpt>
  <trkpt lat="45.61171217" lon="2.77158535"><ele>1529.205</ele><time>2026-09-22T14:14:17Z</time><speed>0.940</speed><sat>30</sat></trkpt>
  <trkpt lat="45.61169008" lon="2.77155272"><ele>1529.453</ele><time>2026-09-22T14:14:20Z</time><speed>1.310</speed><sat>30</sat></trkpt>
  <trkpt lat="45.61166963" lon="2.77152904"><ele>1529.558</ele><time>2026-09-22T14:14:23Z</time><speed>1.040</speed><sat>30</sat></trkpt>
  <trkpt lat="45.61165078" lon="2.77150618"><ele>1529.559</ele><time>2026-09-22T14:14:26Z</time><speed>0.820</speed><sat>30</sat></trkpt>
  <trkpt lat="45.61163379" lon="2.77148256"><ele>1529.842</ele><time>2026-09-22T14:14:29Z</time><speed>0.900</speed><sat>30</sat></trkpt>
  <trkpt lat="45.61161737" lon="2.77148108"><ele>1528.306</ele><time>2026-09-22T14:14:32Z</time><speed>0.000</speed><sat>30</sat></trkpt>
  <trkpt lat="45.61161641" lon="2.77147964"><ele>1528.621</ele><time>2026-09-22T14:14:35Z</time><speed>0.000</speed><sat>30</sat></trkpt>
  <trkpt lat="45.61161642" lon="2.77147966"><ele>1528.649</ele><time>2026-09-22T14:14:38Z</time><speed>0.000</speed><sat>28</sat></trkpt>
  <trkpt lat="45.61161671" lon="2.77147957"><ele>1528.692</ele><time>2026-09-22T14:14:41Z</time><speed>0.000</speed><sat>28</sat></trkpt>
  <trkpt lat="45.61161677" lon="2.77147949"><ele>1528.710</ele><time>2026-09-22T14:14:44Z</time><speed>0.000</speed><sat>28</sat></trkpt>
  <trkpt lat="45.61160801" lon="2.77146680"><ele>1529.074</ele><time>2026-09-22T14:14:47Z</time><speed>0.870</speed><sat>27</sat></trkpt>
  <trkpt lat="45.61160725" lon="2.77146611"><ele>1529.096</ele><time>2026-09-22T14:14:50Z</time><speed>0.000</speed><sat>30</sat></trkpt>
  <trkpt lat="45.61160128" lon="2.77146025"><ele>1529.479</ele><time>2026-09-22T14:14:53Z</time><speed>0.900</speed><sat>30</sat></trkpt>
  <trkpt lat="45.61158326" lon="2.77144120"><ele>1530.146</ele><time>2026-09-22T14:14:56Z</time><speed>0.440</speed><sat>30</sat></trkpt>
  <trkpt lat="45.61158211" lon="2.77144468"><ele>1530.139</ele><time>2026-09-22T14:14:59Z</time><speed>0.000</speed><sat>31</sat></trkpt>
  <trkpt lat="45.61158177" lon="2.77144550"><ele>1530.146</ele><time>2026-09-22T14:15:02Z</time><speed>0.000</speed><sat>31</sat></trkpt>
  <trkpt lat="45.61158229" lon="2.77144221"><ele>1530.479</ele><time>2026-09-22T14:15:05Z</time><speed>0.000</speed><sat>31</sat></trkpt>
  <trkpt lat="45.61158239" lon="2.77144175"><ele>1530.580</ele><time>2026-09-22T14:15:08Z</time><speed>0.000</speed><sat>31</sat></trkpt>
  <trkpt lat="45.61158237" lon="2.77144325"><ele>1530.678</ele><time>2026-09-22T14:15:11Z</time><speed>0.000</speed><sat>31</sat></trkpt>
  <trkpt lat="45.61158303" lon="2.77144259"><ele>1530.781</ele><time>2026-09-22T14:15:14Z</time><speed>0.000</speed><sat>31</sat></trkpt>
  <trkpt lat="45.61158329" lon="2.77144245"><ele>1530.889</ele><time>2026-09-22T14:15:17Z</time><speed>0.000</speed><sat>31</sat></trkpt>
  <trkpt lat="45.61158374" lon="2.77144259"><ele>1530.997</ele><time>2026-09-22T14:15:20Z</time><speed>0.000</speed><sat>31</sat></trkpt>
  <trkpt lat="45.61158354" lon="2.77144302"><ele>1531.117</ele><time>2026-09-22T14:15:23Z</time><speed>0.000</speed><sat>31</sat></trkpt>
  <trkpt lat="45.61158342" lon="2.77144243"><ele>1531.231</ele><time>2026-09-22T14:15:26Z</time><speed>0.000</speed><sat>31</sat></trkpt>
  <trkpt lat="45.61158387" lon="2.77144192"><ele>1531.303</ele><time>2026-09-22T14:15:29Z</time><speed>0.000</speed><sat>30</sat></trkpt>
  <trkpt lat="45.61158422" lon="2.77144287"><ele>1531.439</ele><time>2026-09-22T14:15:32Z</time><speed>0.000</speed><sat>31</sat></trkpt>
  <trkpt lat="45.61158285" lon="2.77144232"><ele>1530.962</ele><time>2026-09-22T14:15:35Z</time><speed>0.220</speed><sat>31</sat></trkpt>
  <trkpt lat="45.61156807" lon="2.77143041"><ele>1530.642</ele><time>2026-09-22T14:15:38Z</time><speed>0.860</speed><sat>31</sat></trkpt>
  <trkpt lat="45.61154961" lon="2.77141699"><ele>1531.298</ele><time>2026-09-22T14:15:41Z</time><speed>0.580</speed><sat>32</sat></trkpt>
  <trkpt lat="45.61153548" lon="2.77142028"><ele>1532.057</ele><time>2026-09-22T14:15:44Z</time><speed>0.890</speed><sat>32</sat></trkpt>
  <trkpt lat="45.61151564" lon="2.77141395"><ele>1532.672</ele><time>2026-09-22T14:15:47Z</time><speed>1.090</speed><sat>32</sat></trkpt>
  <trkpt lat="45.61149566" lon="2.77140843"><ele>1533.424</ele><time>2026-09-22T14:15:50Z</time><speed>0.970</speed><sat>32</sat></trkpt>
  <trkpt lat="45.61148191" lon="2.77141798"><ele>1533.928</ele><time>2026-09-22T14:15:53Z</time><speed>0.520</speed><sat>32</sat></trkpt>
  <trkpt lat="45.61147787" lon="2.77145435"><ele>1533.451</ele><time>2026-09-22T14:15:56Z</time><speed>1.000</speed><sat>32</sat></trkpt>
  <trkpt lat="45.61149421" lon="2.77147630"><ele>1533.146</ele><time>2026-09-22T14:15:59Z</time><speed>0.970</speed><sat>32</sat></trkpt>
  <trkpt lat="45.61151209" lon="2.77149796"><ele>1532.944</ele><time>2026-09-22T14:16:02Z</time><speed>0.760</speed><sat>31</sat></trkpt>
  <trkpt lat="45.61152393" lon="2.77152372"><ele>1533.528</ele><time>2026-09-22T14:16:05Z</time><speed>0.870</speed><sat>31</sat></trkpt>
  <trkpt lat="45.61154156" lon="2.77155224"><ele>1534.564</ele><time>2026-09-22T14:16:08Z</time><speed>0.920</speed><sat>31</sat></trkpt>
  <trkpt lat="45.61155685" lon="2.77159396"><ele>1534.852</ele><time>2026-09-22T14:16:11Z</time><speed>1.050</speed><sat>32</sat></trkpt>
  <trkpt lat="45.61156936" lon="2.77164461"><ele>1534.432</ele><time>2026-09-22T14:16:14Z</time><speed>1.190</speed><sat>31</sat></trkpt>
  <trkpt lat="45.61158126" lon="2.77168714"><ele>1534.038</ele><time>2026-09-22T14:16:17Z</time><speed>1.060</speed><sat>31</sat></trkpt>
  <trkpt lat="45.61159267" lon="2.77171581"><ele>1534.886</ele><time>2026-09-22T14:16:20Z</time><speed>0.970</speed><sat>31</sat></trkpt>
  <trkpt lat="45.61160351" lon="2.77174017"><ele>1535.161</ele><time>2026-09-22T14:16:23Z</time><speed>1.040</speed><sat>31</sat></trkpt>
  <trkpt lat="45.61161253" lon="2.77176611"><ele>1535.243</ele><time>2026-09-22T14:16:26Z</time><speed>0.830</speed><sat>31</sat></trkpt>
  <trkpt lat="45.61161672" lon="2.77179359"><ele>1535.716</ele><time>2026-09-22T14:16:29Z</time><speed>1.080</speed><sat>31</sat></trkpt>
  <trkpt lat="45.61162010" lon="2.77181707"><ele>1537.466</ele><time>2026-09-22T14:16:32Z</time><speed>0.790</speed><sat>32</sat></trkpt>
  <trkpt lat="45.61161867" lon="2.77182152"><ele>1538.686</ele><time>2026-09-22T14:16:35Z</time><speed>0.000</speed><sat>32</sat></trkpt>
  <trkpt lat="45.61161845" lon="2.77182042"><ele>1538.847</ele><time>2026-09-22T14:16:38Z</time><speed>0.000</speed><sat>32</sat></trkpt>
  <trkpt lat="45.61161848" lon="2.77182064"><ele>1538.915</ele><time>2026-09-22T14:16:41Z</time><speed>0.000</speed><sat>33</sat></trkpt>
  <trkpt lat="45.61161863" lon="2.77182084"><ele>1538.958</ele><time>2026-09-22T14:16:44Z</time><speed>0.000</speed><sat>33</sat></trkpt>
  <trkpt lat="45.61161865" lon="2.77182080"><ele>1538.997</ele><time>2026-09-22T14:16:47Z</time><speed>0.000</speed><sat>32</sat></trkpt>
  <trkpt lat="45.61161884" lon="2.77182089"><ele>1539.151</ele><time>2026-09-22T14:16:50Z</time><speed>0.000</speed><sat>33</sat></trkpt>
  <trkpt lat="45.61161913" lon="2.77182073"><ele>1539.264</ele><time>2026-09-22T14:16:53Z</time><speed>0.000</speed><sat>33</sat></trkpt>
  <trkpt lat="45.61161924" lon="2.77181943"><ele>1538.859</ele><time>2026-09-22T14:16:56Z</time><speed>0.000</speed><sat>32</sat></trkpt>
  <trkpt lat="45.61161909" lon="2.77181905"><ele>1538.877</ele><time>2026-09-22T14:16:59Z</time><speed>0.000</speed><sat>33</sat></trkpt>
  <trkpt lat="45.61161904" lon="2.77181868"><ele>1538.953</ele><time>2026-09-22T14:17:02Z</time><speed>0.000</speed><sat>33</sat></trkpt>
  <trkpt lat="45.61161901" lon="2.77181855"><ele>1538.985</ele><time>2026-09-22T14:17:05Z</time><speed>0.000</speed><sat>31</sat></trkpt>
  <trkpt lat="45.61161732" lon="2.77181971"><ele>1539.857</ele><time>2026-09-22T14:17:08Z</time><speed>0.000</speed><sat>31</sat></trkpt>
  <trkpt lat="45.61161951" lon="2.77181659"><ele>1539.627</ele><time>2026-09-22T14:17:11Z</time><speed>0.350</speed><sat>33</sat></trkpt>
  <trkpt lat="45.61161976" lon="2.77183667"><ele>1540.192</ele><time>2026-09-22T14:17:14Z</time><speed>0.790</speed><sat>33</sat></trkpt>
  <trkpt lat="45.61162192" lon="2.77186536"><ele>1540.581</ele><time>2026-09-22T14:17:17Z</time><speed>0.870</speed><sat>33</sat></trkpt>
  <trkpt lat="45.61162414" lon="2.77189156"><ele>1540.905</ele><time>2026-09-22T14:17:20Z</time><speed>0.710</speed><sat>32</sat></trkpt>
  <trkpt lat="45.61162466" lon="2.77192887"><ele>1540.891</ele><time>2026-09-22T14:17:23Z</time><speed>0.410</speed><sat>31</sat></trkpt>
  <trkpt lat="45.61162226" lon="2.77196030"><ele>1541.216</ele><time>2026-09-22T14:17:26Z</time><speed>0.440</speed><sat>30</sat></trkpt>
  <trkpt lat="45.61161755" lon="2.77199014"><ele>1542.636</ele><time>2026-09-22T14:17:29Z</time><speed>0.580</speed><sat>28</sat></trkpt>
  <trkpt lat="45.61162280" lon="2.77201212"><ele>1542.355</ele><time>2026-09-22T14:17:32Z</time><speed>0.400</speed><sat>27</sat></trkpt>
  <trkpt lat="45.61162682" lon="2.77202535"><ele>1543.576</ele><time>2026-09-22T14:17:35Z</time><speed>0.000</speed><sat>25</sat></trkpt>
  <trkpt lat="45.61162761" lon="2.77202385"><ele>1543.473</ele><time>2026-09-22T14:17:38Z</time><speed>0.000</speed><sat>29</sat></trkpt>
  <trkpt lat="45.61162789" lon="2.77202451"><ele>1543.365</ele><time>2026-09-22T14:17:41Z</time><speed>0.000</speed><sat>29</sat></trkpt>
  <trkpt lat="45.61162956" lon="2.77203821"><ele>1543.264</ele><time>2026-09-22T14:17:44Z</time><speed>0.000</speed><sat>28</sat></trkpt>
  <trkpt lat="45.61163205" lon="2.77207026"><ele>1543.115</ele><time>2026-09-22T14:17:47Z</time><speed>1.130</speed><sat>29</sat></trkpt>
  <trkpt lat="45.61162988" lon="2.77209344"><ele>1544.197</ele><time>2026-09-22T14:17:50Z</time><speed>0.740</speed><sat>30</sat></trkpt>
  <trkpt lat="45.61162949" lon="2.77211639"><ele>1544.915</ele><time>2026-09-22T14:17:53Z</time><speed>0.540</speed><sat>29</sat></trkpt>
  <trkpt lat="45.61163272" lon="2.77213122"><ele>1545.604</ele><time>2026-09-22T14:17:56Z</time><speed>0.820</speed><sat>26</sat></trkpt>
  <trkpt lat="45.61163546" lon="2.77214120"><ele>1546.083</ele><time>2026-09-22T14:17:59Z</time><speed>0.160</speed><sat>27</sat></trkpt>
  <trkpt lat="45.61162747" lon="2.77214770"><ele>1546.757</ele><time>2026-09-22T14:18:02Z</time><speed>0.310</speed><sat>29</sat></trkpt>
  <trkpt lat="45.61162389" lon="2.77212607"><ele>1547.204</ele><time>2026-09-22T14:18:05Z</time><speed>0.840</speed><sat>30</sat></trkpt>
  <trkpt lat="45.61162943" lon="2.77211053"><ele>1547.729</ele><time>2026-09-22T14:18:08Z</time><speed>0.000</speed><sat>30</sat></trkpt>
  <trkpt lat="45.61163280" lon="2.77210759"><ele>1547.649</ele><time>2026-09-22T14:18:11Z</time><speed>0.000</speed><sat>29</sat></trkpt>
  <trkpt lat="45.61163200" lon="2.77210167"><ele>1547.473</ele><time>2026-09-22T14:18:14Z</time><speed>0.520</speed><sat>29</sat></trkpt>
  <trkpt lat="45.61163503" lon="2.77208843"><ele>1548.570</ele><time>2026-09-22T14:18:17Z</time><speed>0.000</speed><sat>29</sat></trkpt>
  <trkpt lat="45.61162773" lon="2.77206959"><ele>1548.920</ele><time>2026-09-22T14:18:20Z</time><speed>0.980</speed><sat>29</sat></trkpt>
  <trkpt lat="45.61161458" lon="2.77205343"><ele>1550.137</ele><time>2026-09-22T14:18:23Z</time><speed>0.860</speed><sat>29</sat></trkpt>
  <trkpt lat="45.61161022" lon="2.77205164"><ele>1550.306</ele><time>2026-09-22T14:18:26Z</time><speed>0.000</speed><sat>29</sat></trkpt>
  <trkpt lat="45.61160175" lon="2.77204506"><ele>1550.920</ele><time>2026-09-22T14:18:29Z</time><speed>0.730</speed><sat>29</sat></trkpt>
  <trkpt lat="45.61158117" lon="2.77203374"><ele>1551.662</ele><time>2026-09-22T14:18:32Z</time><speed>1.020</speed><sat>30</sat></trkpt>
  <trkpt lat="45.61156557" lon="2.77201165"><ele>1552.089</ele><time>2026-09-22T14:18:35Z</time><speed>0.920</speed><sat>31</sat></trkpt>
  <trkpt lat="45.61154921" lon="2.77198912"><ele>1552.559</ele><time>2026-09-22T14:18:38Z</time><speed>0.700</speed><sat>31</sat></trkpt>
  <trkpt lat="45.61152894" lon="2.77196950"><ele>1552.938</ele><time>2026-09-22T14:18:41Z</time><speed>1.050</speed><sat>31</sat></trkpt>
  <trkpt lat="45.61150519" lon="2.77195000"><ele>1552.691</ele><time>2026-09-22T14:18:44Z</time><speed>0.980</speed><sat>31</sat></trkpt>
  <trkpt lat="45.61147859" lon="2.77192689"><ele>1553.979</ele><time>2026-09-22T14:18:47Z</time><speed>1.230</speed><sat>30</sat></trkpt>
  <trkpt lat="45.61145749" lon="2.77191055"><ele>1554.017</ele><time>2026-09-22T14:18:50Z</time><speed>0.840</speed><sat>31</sat></trkpt>
  <trkpt lat="45.61143006" lon="2.77188415"><ele>1554.702</ele><time>2026-09-22T14:18:53Z</time><speed>1.010</speed><sat>32</sat></trkpt>
  <trkpt lat="45.61140819" lon="2.77187067"><ele>1555.254</ele><time>2026-09-22T14:18:56Z</time><speed>1.090</speed><sat>31</sat></trkpt>
  <trkpt lat="45.61138247" lon="2.77185017"><ele>1555.687</ele><time>2026-09-22T14:18:59Z</time><speed>0.890</speed><sat>32</sat></trkpt>
  <trkpt lat="45.61136028" lon="2.77182931"><ele>1556.007</ele><time>2026-09-22T14:19:02Z</time><speed>1.150</speed><sat>32</sat></trkpt>
  <trkpt lat="45.61133684" lon="2.77181176"><ele>1556.851</ele><time>2026-09-22T14:19:05Z</time><speed>0.850</speed><sat>32</sat></trkpt>
  <trkpt lat="45.61131333" lon="2.77181561"><ele>1556.898</ele><time>2026-09-22T14:19:08Z</time><speed>0.570</speed><sat>33</sat></trkpt>
  <trkpt lat="45.61128595" lon="2.77181817"><ele>1556.793</ele><time>2026-09-22T14:19:11Z</time><speed>1.200</speed><sat>34</sat></trkpt>
  <trkpt lat="45.61126114" lon="2.77184494"><ele>1557.279</ele><time>2026-09-22T14:19:14Z</time><speed>1.090</speed><sat>35</sat></trkpt>
  <trkpt lat="45.61123336" lon="2.77187231"><ele>1557.980</ele><time>2026-09-22T14:19:17Z</time><speed>1.260</speed><sat>35</sat></trkpt>
  <trkpt lat="45.61121580" lon="2.77189835"><ele>1558.337</ele><time>2026-09-22T14:19:20Z</time><speed>0.960</speed><sat>34</sat></trkpt>
  <trkpt lat="45.61119293" lon="2.77193930"><ele>1558.994</ele><time>2026-09-22T14:19:23Z</time><speed>1.180</speed><sat>36</sat></trkpt>
  <trkpt lat="45.61118136" lon="2.77198559"><ele>1559.374</ele><time>2026-09-22T14:19:26Z</time><speed>1.420</speed><sat>36</sat></trkpt>
  <trkpt lat="45.61119160" lon="2.77203709"><ele>1559.612</ele><time>2026-09-22T14:19:29Z</time><speed>1.590</speed><sat>37</sat></trkpt>
  <trkpt lat="45.61119063" lon="2.77208898"><ele>1559.192</ele><time>2026-09-22T14:19:32Z</time><speed>1.220</speed><sat>38</sat></trkpt>
  <trkpt lat="45.61119781" lon="2.77213695"><ele>1559.063</ele><time>2026-09-22T14:19:35Z</time><speed>1.140</speed><sat>38</sat></trkpt>
  <trkpt lat="45.61120465" lon="2.77218330"><ele>1559.363</ele><time>2026-09-22T14:19:38Z</time><speed>1.150</speed><sat>38</sat></trkpt>
  <trkpt lat="45.61121027" lon="2.77222453"><ele>1559.092</ele><time>2026-09-22T14:19:41Z</time><speed>0.970</speed><sat>37</sat></trkpt>
  <trkpt lat="45.61121315" lon="2.77225791"><ele>1559.657</ele><time>2026-09-22T14:19:44Z</time><speed>0.390</speed><sat>37</sat></trkpt>
  <trkpt lat="45.61121653" lon="2.77226810"><ele>1559.582</ele><time>2026-09-22T14:19:47Z</time><speed>0.950</speed><sat>37</sat></trkpt>
  <trkpt lat="45.61122156" lon="2.77230652"><ele>1559.643</ele><time>2026-09-22T14:19:50Z</time><speed>0.780</speed><sat>37</sat></trkpt>
  <trkpt lat="45.61122594" lon="2.77233748"><ele>1560.089</ele><time>2026-09-22T14:19:53Z</time><speed>0.900</speed><sat>38</sat></trkpt>
  <trkpt lat="45.61123857" lon="2.77238358"><ele>1560.636</ele><time>2026-09-22T14:19:56Z</time><speed>0.670</speed><sat>38</sat></trkpt>
  <trkpt lat="45.61123664" lon="2.77240556"><ele>1560.517</ele><time>2026-09-22T14:19:59Z</time><speed>0.230</speed><sat>36</sat></trkpt>
  <trkpt lat="45.61123882" lon="2.77243056"><ele>1560.684</ele><time>2026-09-22T14:20:02Z</time><speed>0.950</speed><sat>36</sat></trkpt>
  <trkpt lat="45.61123999" lon="2.77244776"><ele>1560.819</ele><time>2026-09-22T14:20:05Z</time><speed>0.170</speed><sat>35</sat></trkpt>
  <trkpt lat="45.61123990" lon="2.77246972"><ele>1561.321</ele><time>2026-09-22T14:20:08Z</time><speed>0.600</speed><sat>34</sat></trkpt>
  <trkpt lat="45.61124338" lon="2.77249071"><ele>1562.006</ele><time>2026-09-22T14:20:11Z</time><speed>0.480</speed><sat>34</sat></trkpt>
  <trkpt lat="45.61124258" lon="2.77251085"><ele>1562.115</ele><time>2026-09-22T14:20:14Z</time><speed>0.760</speed><sat>34</sat></trkpt>
  <trkpt lat="45.61123987" lon="2.77253065"><ele>1562.642</ele><time>2026-09-22T14:20:17Z</time><speed>0.450</speed><sat>32</sat></trkpt>
  <trkpt lat="45.61124353" lon="2.77254430"><ele>1563.147</ele><time>2026-09-22T14:20:20Z</time><speed>0.390</speed><sat>34</sat></trkpt>
  <trkpt lat="45.61125037" lon="2.77255611"><ele>1563.272</ele><time>2026-09-22T14:20:23Z</time><speed>0.260</speed><sat>36</sat></trkpt>
  <trkpt lat="45.61124776" lon="2.77256428"><ele>1563.497</ele><time>2026-09-22T14:20:26Z</time><speed>0.000</speed><sat>37</sat></trkpt>
  <trkpt lat="45.61124354" lon="2.77257314"><ele>1563.637</ele><time>2026-09-22T14:20:29Z</time><speed>0.920</speed><sat>37</sat></trkpt>
  <trkpt lat="45.61123918" lon="2.77259341"><ele>1563.438</ele><time>2026-09-22T14:20:32Z</time><speed>0.260</speed><sat>37</sat></trkpt>
  <trkpt lat="45.61123568" lon="2.77260186"><ele>1563.094</ele><time>2026-09-22T14:20:35Z</time><speed>0.880</speed><sat>37</sat></trkpt>
  <trkpt lat="45.61123273" lon="2.77260159"><ele>1563.046</ele><time>2026-09-22T14:20:38Z</time><speed>0.000</speed><sat>37</sat></trkpt>
  <trkpt lat="45.61123276" lon="2.77260154"><ele>1563.028</ele><time>2026-09-22T14:20:41Z</time><speed>0.000</speed><sat>37</sat></trkpt>
  <trkpt lat="45.61122570" lon="2.77259967"><ele>1563.254</ele><time>2026-09-22T14:20:44Z</time><speed>0.650</speed><sat>37</sat></trkpt>
  <trkpt lat="45.61119934" lon="2.77260503"><ele>1562.221</ele><time>2026-09-22T14:20:47Z</time><speed>1.360</speed><sat>37</sat></trkpt>
  <trkpt lat="45.61118199" lon="2.77261475"><ele>1562.830</ele><time>2026-09-22T14:20:50Z</time><speed>0.840</speed><sat>37</sat></trkpt>
  <trkpt lat="45.61118883" lon="2.77262879"><ele>1563.125</ele><time>2026-09-22T14:20:53Z</time><speed>0.000</speed><sat>38</sat></trkpt>
  <trkpt lat="45.61118934" lon="2.77262966"><ele>1563.113</ele><time>2026-09-22T14:20:56Z</time><speed>0.000</speed><sat>37</sat></trkpt>
  <trkpt lat="45.61119535" lon="2.77261569"><ele>1562.664</ele><time>2026-09-22T14:20:59Z</time><speed>0.520</speed><sat>37</sat></trkpt>
  <trkpt lat="45.61121440" lon="2.77258809"><ele>1562.159</ele><time>2026-09-22T14:21:02Z</time><speed>0.000</speed><sat>38</sat></trkpt>
  <trkpt lat="45.61121631" lon="2.77257469"><ele>1561.656</ele><time>2026-09-22T14:21:05Z</time><speed>0.200</speed><sat>38</sat></trkpt>
  <trkpt lat="45.61121264" lon="2.77257262"><ele>1561.282</ele><time>2026-09-22T14:21:08Z</time><speed>0.820</speed><sat>37</sat></trkpt>
  <trkpt lat="45.61120168" lon="2.77259512"><ele>1560.941</ele><time>2026-09-22T14:21:11Z</time><speed>0.390</speed><sat>38</sat></trkpt>
  <trkpt lat="45.61119413" lon="2.77261196"><ele>1561.122</ele><time>2026-09-22T14:21:14Z</time><speed>0.510</speed><sat>37</sat></trkpt>
  <trkpt lat="45.61121879" lon="2.77262339"><ele>1561.569</ele><time>2026-09-22T14:21:17Z</time><speed>0.360</speed><sat>37</sat></trkpt>
  <trkpt lat="45.61120475" lon="2.77262380"><ele>1562.403</ele><time>2026-09-22T14:21:20Z</time><speed>0.310</speed><sat>37</sat></trkpt>
  <trkpt lat="45.61119080" lon="2.77263394"><ele>1563.557</ele><time>2026-09-22T14:21:23Z</time><speed>0.380</speed><sat>37</sat></trkpt>
  <trkpt lat="45.61118758" lon="2.77263818"><ele>1564.291</ele><time>2026-09-22T14:21:26Z</time><speed>0.000</speed><sat>36</sat></trkpt>
  <trkpt lat="45.61118654" lon="2.77263897"><ele>1564.296</ele><time>2026-09-22T14:21:29Z</time><speed>0.000</speed><sat>35</sat></trkpt>
  <trkpt lat="45.61118633" lon="2.77263878"><ele>1564.291</ele><time>2026-09-22T14:21:32Z</time><speed>0.000</speed><sat>36</sat></trkpt>
  <trkpt lat="45.61118618" lon="2.77263863"><ele>1564.318</ele><time>2026-09-22T14:21:35Z</time><speed>0.000</speed><sat>35</sat></trkpt>
  <trkpt lat="45.61118593" lon="2.77263773"><ele>1564.323</ele><time>2026-09-22T14:21:38Z</time><speed>0.000</speed><sat>35</sat></trkpt>
  <trkpt lat="45.61118591" lon="2.77263633"><ele>1564.307</ele><time>2026-09-22T14:21:41Z</time><speed>0.000</speed><sat>36</sat></trkpt>
  <trkpt lat="45.61118589" lon="2.77263629"><ele>1564.306</ele><time>2026-09-22T14:21:44Z</time><speed>0.000</speed><sat>36</sat></trkpt>
  <trkpt lat="45.61118542" lon="2.77263565"><ele>1564.390</ele><time>2026-09-22T14:21:47Z</time><speed>0.000</speed><sat>36</sat></trkpt>
  <trkpt lat="45.61118518" lon="2.77263568"><ele>1564.383</ele><time>2026-09-22T14:21:50Z</time><speed>0.000</speed><sat>36</sat></trkpt>
  <trkpt lat="45.61118468" lon="2.77263535"><ele>1564.397</ele><time>2026-09-22T14:21:53Z</time><speed>0.000</speed><sat>36</sat></trkpt>
  <trkpt lat="45.61118428" lon="2.77263522"><ele>1564.354</ele><time>2026-09-22T14:21:56Z</time><speed>0.000</speed><sat>36</sat></trkpt>
  <trkpt lat="45.61118422" lon="2.77263514"><ele>1564.393</ele><time>2026-09-22T14:21:59Z</time><speed>0.000</speed><sat>36</sat></trkpt>
  <trkpt lat="45.61118391" lon="2.77263514"><ele>1564.364</ele><time>2026-09-22T14:22:02Z</time><speed>0.000</speed><sat>36</sat></trkpt>
  <trkpt lat="45.61118413" lon="2.77263417"><ele>1564.270</ele><time>2026-09-22T14:22:05Z</time><speed>0.000</speed><sat>36</sat></trkpt>
  <trkpt lat="45.61118515" lon="2.77263246"><ele>1563.995</ele><time>2026-09-22T14:22:08Z</time><speed>0.000</speed><sat>36</sat></trkpt>
  <trkpt lat="45.61118505" lon="2.77263177"><ele>1563.954</ele><time>2026-09-22T14:22:11Z</time><speed>0.000</speed><sat>36</sat></trkpt>
  <trkpt lat="45.61118471" lon="2.77263133"><ele>1563.980</ele><time>2026-09-22T14:22:14Z</time><speed>0.000</speed><sat>36</sat></trkpt>
  <trkpt lat="45.61117853" lon="2.77262833"><ele>1563.505</ele><time>2026-09-22T14:22:17Z</time><speed>0.390</speed><sat>35</sat></trkpt>
  <trkpt lat="45.61117608" lon="2.77262839"><ele>1563.467</ele><time>2026-09-22T14:22:20Z</time><speed>0.000</speed><sat>36</sat></trkpt>
  <trkpt lat="45.61117561" lon="2.77262815"><ele>1563.547</ele><time>2026-09-22T14:22:23Z</time><speed>0.000</speed><sat>37</sat></trkpt>
  <trkpt lat="45.61117607" lon="2.77262957"><ele>1563.658</ele><time>2026-09-22T14:22:26Z</time><speed>0.000</speed><sat>38</sat></trkpt>
  <trkpt lat="45.61117493" lon="2.77262948"><ele>1563.663</ele><time>2026-09-22T14:22:29Z</time><speed>0.200</speed><sat>37</sat></trkpt>
  <trkpt lat="45.61117291" lon="2.77263175"><ele>1563.625</ele><time>2026-09-22T14:22:32Z</time><speed>0.000</speed><sat>37</sat></trkpt>
  <trkpt lat="45.61117312" lon="2.77263047"><ele>1563.818</ele><time>2026-09-22T14:22:35Z</time><speed>0.000</speed><sat>37</sat></trkpt>
  <trkpt lat="45.61117712" lon="2.77263021"><ele>1563.547</ele><time>2026-09-22T14:22:38Z</time><speed>0.000</speed><sat>36</sat></trkpt>
  <trkpt lat="45.61117806" lon="2.77263239"><ele>1563.375</ele><time>2026-09-22T14:22:41Z</time><speed>0.000</speed><sat>37</sat></trkpt>
  <trkpt lat="45.61117663" lon="2.77263308"><ele>1563.458</ele><time>2026-09-22T14:22:44Z</time><speed>0.000</speed><sat>36</sat></trkpt>
  <trkpt lat="45.61117341" lon="2.77263242"><ele>1563.797</ele><time>2026-09-22T14:22:47Z</time><speed>0.250</speed><sat>36</sat></trkpt>
  <trkpt lat="45.61117290" lon="2.77263218"><ele>1563.834</ele><time>2026-09-22T14:22:50Z</time><speed>0.000</speed><sat>36</sat></trkpt>
  <trkpt lat="45.61117246" lon="2.77263163"><ele>1563.863</ele><time>2026-09-22T14:22:53Z</time><speed>0.000</speed><sat>36</sat></trkpt>
  <trkpt lat="45.61117392" lon="2.77263299"><ele>1563.927</ele><time>2026-09-22T14:22:56Z</time><speed>0.370</speed><sat>36</sat></trkpt>
  <trkpt lat="45.61117305" lon="2.77262782"><ele>1563.809</ele><time>2026-09-22T14:22:59Z</time><speed>0.310</speed><sat>36</sat></trkpt>
  <trkpt lat="45.61117051" lon="2.77262841"><ele>1564.263</ele><time>2026-09-22T14:23:02Z</time><speed>0.000</speed><sat>36</sat></trkpt>
  <trkpt lat="45.61117017" lon="2.77262786"><ele>1564.258</ele><time>2026-09-22T14:23:05Z</time><speed>0.000</speed><sat>36</sat></trkpt>
  <trkpt lat="45.61117052" lon="2.77262822"><ele>1564.214</ele><time>2026-09-22T14:23:08Z</time><speed>0.000</speed><sat>36</sat></trkpt>
  <trkpt lat="45.61117053" lon="2.77262739"><ele>1564.183</ele><time>2026-09-22T14:23:11Z</time><speed>0.000</speed><sat>36</sat></trkpt>
  <trkpt lat="45.61117046" lon="2.77262736"><ele>1564.150</ele><time>2026-09-22T14:23:14Z</time><speed>0.000</speed><sat>36</sat></trkpt>
  <trkpt lat="45.61117046" lon="2.77262756"><ele>1564.144</ele><time>2026-09-22T14:23:17Z</time><speed>0.000</speed><sat>36</sat></trkpt>
  <trkpt lat="45.61117042" lon="2.77262744"><ele>1564.133</ele><time>2026-09-22T14:23:20Z</time><speed>0.000</speed><sat>34</sat></trkpt>
  <trkpt lat="45.61117058" lon="2.77262783"><ele>1564.110</ele><time>2026-09-22T14:23:23Z</time><speed>0.000</speed><sat>36</sat></trkpt>
  <trkpt lat="45.61117047" lon="2.77262792"><ele>1564.100</ele><time>2026-09-22T14:23:26Z</time><speed>0.000</speed><sat>36</sat></trkpt>
  <trkpt lat="45.61117029" lon="2.77262826"><ele>1564.063</ele><time>2026-09-22T14:23:29Z</time><speed>0.000</speed><sat>36</sat></trkpt>
  <trkpt lat="45.61117050" lon="2.77262841"><ele>1564.084</ele><time>2026-09-22T14:23:32Z</time><speed>0.000</speed><sat>36</sat></trkpt>
  <trkpt lat="45.61117046" lon="2.77262800"><ele>1564.083</ele><time>2026-09-22T14:23:35Z</time><speed>0.000</speed><sat>35</sat></trkpt>
  <trkpt lat="45.61116951" lon="2.77262893"><ele>1563.543</ele><time>2026-09-22T14:23:38Z</time><speed>0.170</speed><sat>35</sat></trkpt>
  <trkpt lat="45.61116563" lon="2.77262702"><ele>1563.751</ele><time>2026-09-22T14:23:41Z</time><speed>0.000</speed><sat>35</sat></trkpt>
  <trkpt lat="45.61116533" lon="2.77262674"><ele>1563.709</ele><time>2026-09-22T14:23:44Z</time><speed>0.000</speed><sat>35</sat></trkpt>
  <trkpt lat="45.61116545" lon="2.77262670"><ele>1563.716</ele><time>2026-09-22T14:23:47Z</time><speed>0.000</speed><sat>35</sat></trkpt>
  <trkpt lat="45.61116567" lon="2.77262665"><ele>1563.680</ele><time>2026-09-22T14:23:50Z</time><speed>0.000</speed><sat>35</sat></trkpt>
  <trkpt lat="45.61116603" lon="2.77262634"><ele>1563.680</ele><time>2026-09-22T14:23:53Z</time><speed>0.000</speed><sat>35</sat></trkpt>
  <trkpt lat="45.61116404" lon="2.77262685"><ele>1563.991</ele><time>2026-09-22T14:23:56Z</time><speed>0.170</speed><sat>35</sat></trkpt>
  <trkpt lat="45.61117015" lon="2.77262474"><ele>1563.542</ele><time>2026-09-22T14:23:59Z</time><speed>0.370</speed><sat>35</sat></trkpt>
  <trkpt lat="45.61117436" lon="2.77262206"><ele>1563.533</ele><time>2026-09-22T14:24:02Z</time><speed>0.000</speed><sat>34</sat></trkpt>
  <trkpt lat="45.61117434" lon="2.77262163"><ele>1563.549</ele><time>2026-09-22T14:24:05Z</time><speed>0.000</speed><sat>34</sat></trkpt>
  <trkpt lat="45.61117589" lon="2.77262381"><ele>1563.330</ele><time>2026-09-22T14:24:08Z</time><speed>0.000</speed><sat>34</sat></trkpt>
  <trkpt lat="45.61117552" lon="2.77262417"><ele>1563.382</ele><time>2026-09-22T14:24:11Z</time><speed>0.000</speed><sat>34</sat></trkpt>
  <trkpt lat="45.61117001" lon="2.77262215"><ele>1563.490</ele><time>2026-09-22T14:24:14Z</time><speed>0.000</speed><sat>34</sat></trkpt>
  <trkpt lat="45.61117034" lon="2.77262131"><ele>1563.495</ele><time>2026-09-22T14:24:17Z</time><speed>0.000</speed><sat>35</sat></trkpt>
  <trkpt lat="45.61117647" lon="2.77261745"><ele>1563.159</ele><time>2026-09-22T14:24:20Z</time><speed>0.430</speed><sat>35</sat></trkpt>
  <trkpt lat="45.61118346" lon="2.77261011"><ele>1562.876</ele><time>2026-09-22T14:24:23Z</time><speed>0.000</speed><sat>33</sat></trkpt>
  <trkpt lat="45.61118372" lon="2.77260937"><ele>1562.826</ele><time>2026-09-22T14:24:26Z</time><speed>0.000</speed><sat>36</sat></trkpt>
  <trkpt lat="45.61118394" lon="2.77260824"><ele>1562.799</ele><time>2026-09-22T14:24:29Z</time><speed>0.000</speed><sat>36</sat></trkpt>
  <trkpt lat="45.61118418" lon="2.77260759"><ele>1562.762</ele><time>2026-09-22T14:24:32Z</time><speed>0.000</speed><sat>36</sat></trkpt>
  <trkpt lat="45.61118464" lon="2.77260726"><ele>1562.702</ele><time>2026-09-22T14:24:35Z</time><speed>0.000</speed><sat>36</sat></trkpt>
  <trkpt lat="45.61118321" lon="2.77261046"><ele>1562.600</ele><time>2026-09-22T14:24:38Z</time><speed>0.000</speed><sat>36</sat></trkpt>
  <trkpt lat="45.61118292" lon="2.77261120"><ele>1562.601</ele><time>2026-09-22T14:24:41Z</time><speed>0.000</speed><sat>36</sat></trkpt>
  <trkpt lat="45.61118267" lon="2.77260650"><ele>1562.866</ele><time>2026-09-22T14:24:44Z</time><speed>0.000</speed><sat>36</sat></trkpt>
  <trkpt lat="45.61118236" lon="2.77260511"><ele>1562.867</ele><time>2026-09-22T14:24:47Z</time><speed>0.000</speed><sat>36</sat></trkpt>
  <trkpt lat="45.61118230" lon="2.77260480"><ele>1562.875</ele><time>2026-09-22T14:24:50Z</time><speed>0.000</speed><sat>36</sat></trkpt>
  <trkpt lat="45.61118215" lon="2.77260467"><ele>1562.873</ele><time>2026-09-22T14:24:53Z</time><speed>0.000</speed><sat>36</sat></trkpt>
  <trkpt lat="45.61118214" lon="2.77260436"><ele>1562.884</ele><time>2026-09-22T14:24:56Z</time><speed>0.000</speed><sat>36</sat></trkpt>
  <trkpt lat="45.61118181" lon="2.77260360"><ele>1562.860</ele><time>2026-09-22T14:24:59Z</time><speed>0.000</speed><sat>34</sat></trkpt>
  <trkpt lat="45.61118145" lon="2.77260309"><ele>1562.857</ele><time>2026-09-22T14:25:02Z</time><speed>0.000</speed><sat>35</sat></trkpt>
  <trkpt lat="45.61118152" lon="2.77260249"><ele>1562.846</ele><time>2026-09-22T14:25:05Z</time><speed>0.000</speed><sat>35</sat></trkpt>
  <trkpt lat="45.61118024" lon="2.77259539"><ele>1563.004</ele><time>2026-09-22T14:25:08Z</time><speed>0.000</speed><sat>35</sat></trkpt>
  <trkpt lat="45.61118008" lon="2.77259492"><ele>1562.993</ele><time>2026-09-22T14:25:11Z</time><speed>0.000</speed><sat>35</sat></trkpt>
  <trkpt lat="45.61117968" lon="2.77259490"><ele>1562.975</ele><time>2026-09-22T14:25:14Z</time><speed>0.000</speed><sat>35</sat></trkpt>
  <trkpt lat="45.61117968" lon="2.77259477"><ele>1562.967</ele><time>2026-09-22T14:25:17Z</time><speed>0.000</speed><sat>35</sat></trkpt>
  <trkpt lat="45.61117953" lon="2.77259463"><ele>1562.986</ele><time>2026-09-22T14:25:20Z</time><speed>0.000</speed><sat>35</sat></trkpt>
  <trkpt lat="45.61117951" lon="2.77259438"><ele>1562.990</ele><time>2026-09-22T14:25:23Z</time><speed>0.000</speed><sat>35</sat></trkpt>
  <trkpt lat="45.61117922" lon="2.77259438"><ele>1562.986</ele><time>2026-09-22T14:25:26Z</time><speed>0.000</speed><sat>35</sat></trkpt>
  <trkpt lat="45.61117929" lon="2.77259421"><ele>1562.978</ele><time>2026-09-22T14:25:29Z</time><speed>0.000</speed><sat>34</sat></trkpt>
  <trkpt lat="45.61117926" lon="2.77259406"><ele>1562.973</ele><time>2026-09-22T14:25:32Z</time><speed>0.000</speed><sat>35</sat></trkpt>
  <trkpt lat="45.61117924" lon="2.77259394"><ele>1562.977</ele><time>2026-09-22T14:25:35Z</time><speed>0.000</speed><sat>35</sat></trkpt>
  <trkpt lat="45.61117911" lon="2.77259341"><ele>1562.976</ele><time>2026-09-22T14:25:38Z</time><speed>0.000</speed><sat>35</sat></trkpt>
  <trkpt lat="45.61117899" lon="2.77259363"><ele>1562.998</ele><time>2026-09-22T14:25:41Z</time><speed>0.000</speed><sat>35</sat></trkpt>
  <trkpt lat="45.61117886" lon="2.77259382"><ele>1563.037</ele><time>2026-09-22T14:25:44Z</time><speed>0.000</speed><sat>35</sat></trkpt>
  <trkpt lat="45.61117850" lon="2.77259382"><ele>1563.027</ele><time>2026-09-22T14:25:47Z</time><speed>0.000</speed><sat>35</sat></trkpt>
  <trkpt lat="45.61117802" lon="2.77259415"><ele>1563.002</ele><time>2026-09-22T14:25:50Z</time><speed>0.000</speed><sat>35</sat></trkpt>
  <trkpt lat="45.61117813" lon="2.77259403"><ele>1562.989</ele><time>2026-09-22T14:25:53Z</time><speed>0.000</speed><sat>34</sat></trkpt>
  <trkpt lat="45.61117811" lon="2.77259401"><ele>1562.989</ele><time>2026-09-22T14:25:56Z</time><speed>0.000</speed><sat>34</sat></trkpt>
  <trkpt lat="45.61117805" lon="2.77259396"><ele>1562.989</ele><time>2026-09-22T14:25:59Z</time><speed>0.000</speed><sat>34</sat></trkpt>
  <trkpt lat="45.61117805" lon="2.77259363"><ele>1562.970</ele><time>2026-09-22T14:26:02Z</time><speed>0.000</speed><sat>34</sat></trkpt>
  <trkpt lat="45.61117798" lon="2.77259346"><ele>1562.969</ele><time>2026-09-22T14:26:05Z</time><speed>0.000</speed><sat>34</sat></trkpt>
  <trkpt lat="45.61117797" lon="2.77259344"><ele>1562.968</ele><time>2026-09-22T14:26:08Z</time><speed>0.000</speed><sat>34</sat></trkpt>
  <trkpt lat="45.61117798" lon="2.77259342"><ele>1562.968</ele><time>2026-09-22T14:26:11Z</time><speed>0.000</speed><sat>34</sat></trkpt>
  <trkpt lat="45.61117791" lon="2.77259323"><ele>1563.009</ele><time>2026-09-22T14:26:14Z</time><speed>0.000</speed><sat>34</sat></trkpt>
  <trkpt lat="45.61117786" lon="2.77259325"><ele>1563.038</ele><time>2026-09-22T14:26:17Z</time><speed>0.000</speed><sat>35</sat></trkpt>
  <trkpt lat="45.61117824" lon="2.77259351"><ele>1563.067</ele><time>2026-09-22T14:26:20Z</time><speed>0.000</speed><sat>35</sat></trkpt>
  <trkpt lat="45.61117811" lon="2.77259307"><ele>1563.061</ele><time>2026-09-22T14:26:23Z</time><speed>0.000</speed><sat>35</sat></trkpt>
  <trkpt lat="45.61117785" lon="2.77259287"><ele>1563.032</ele><time>2026-09-22T14:26:26Z</time><speed>0.000</speed><sat>35</sat></trkpt>
  <trkpt lat="45.61117760" lon="2.77259287"><ele>1563.042</ele><time>2026-09-22T14:26:29Z</time><speed>0.000</speed><sat>35</sat></trkpt>
  <trkpt lat="45.61117735" lon="2.77259279"><ele>1563.030</ele><time>2026-09-22T14:26:32Z</time><speed>0.000</speed><sat>35</sat></trkpt>
  <trkpt lat="45.61117720" lon="2.77259269"><ele>1563.024</ele><time>2026-09-22T14:26:35Z</time><speed>0.000</speed><sat>35</sat></trkpt>
  <trkpt lat="45.61117709" lon="2.77259247"><ele>1563.017</ele><time>2026-09-22T14:26:38Z</time><speed>0.000</speed><sat>35</sat></trkpt>
  <trkpt lat="45.61117695" lon="2.77259253"><ele>1563.054</ele><time>2026-09-22T14:26:41Z</time><speed>0.000</speed><sat>35</sat></trkpt>
  <trkpt lat="45.61117694" lon="2.77259248"><ele>1563.051</ele><time>2026-09-22T14:26:44Z</time><speed>0.000</speed><sat>34</sat></trkpt>
  <trkpt lat="45.61117688" lon="2.77259237"><ele>1563.040</ele><time>2026-09-22T14:26:47Z</time><speed>0.000</speed><sat>35</sat></trkpt>
  <trkpt lat="45.61117680" lon="2.77259221"><ele>1563.041</ele><time>2026-09-22T14:26:50Z</time><speed>0.000</speed><sat>34</sat></trkpt>
  <trkpt lat="45.61117672" lon="2.77259234"><ele>1563.037</ele><time>2026-09-22T14:26:53Z</time><speed>0.000</speed><sat>35</sat></trkpt>
  <trkpt lat="45.61117498" lon="2.77259140"><ele>1563.162</ele><time>2026-09-22T14:26:56Z</time><speed>0.000</speed><sat>35</sat></trkpt>
  <trkpt lat="45.61117456" lon="2.77259142"><ele>1563.158</ele><time>2026-09-22T14:26:59Z</time><speed>0.000</speed><sat>33</sat></trkpt>
  <trkpt lat="45.61117412" lon="2.77259151"><ele>1563.155</ele><time>2026-09-22T14:27:02Z</time><speed>0.000</speed><sat>35</sat></trkpt>
  <trkpt lat="45.61117431" lon="2.77259149"><ele>1563.150</ele><time>2026-09-22T14:27:05Z</time><speed>0.000</speed><sat>35</sat></trkpt>
  <trkpt lat="45.61117430" lon="2.77259143"><ele>1563.147</ele><time>2026-09-22T14:27:08Z</time><speed>0.000</speed><sat>35</sat></trkpt>
  <trkpt lat="45.61117430" lon="2.77259144"><ele>1563.162</ele><time>2026-09-22T14:27:11Z</time><speed>0.000</speed><sat>34</sat></trkpt>
  <trkpt lat="45.61117441" lon="2.77259154"><ele>1563.181</ele><time>2026-09-22T14:27:14Z</time><speed>0.000</speed><sat>34</sat></trkpt>
  <trkpt lat="45.61117436" lon="2.77259140"><ele>1563.191</ele><time>2026-09-22T14:27:17Z</time><speed>0.000</speed><sat>34</sat></trkpt>
  <trkpt lat="45.61117439" lon="2.77259134"><ele>1563.189</ele><time>2026-09-22T14:27:20Z</time><speed>0.000</speed><sat>34</sat></trkpt>
  <trkpt lat="45.61117448" lon="2.77259147"><ele>1563.185</ele><time>2026-09-22T14:27:23Z</time><speed>0.000</speed><sat>34</sat></trkpt>
  <trkpt lat="45.61117452" lon="2.77259141"><ele>1563.178</ele><time>2026-09-22T14:27:26Z</time><speed>0.000</speed><sat>34</sat></trkpt>
  <trkpt lat="45.61117466" lon="2.77259102"><ele>1563.144</ele><time>2026-09-22T14:27:29Z</time><speed>0.000</speed><sat>34</sat></trkpt>
  <trkpt lat="45.61117484" lon="2.77259119"><ele>1563.150</ele><time>2026-09-22T14:27:32Z</time><speed>0.000</speed><sat>34</sat></trkpt>
  <trkpt lat="45.61117501" lon="2.77259120"><ele>1563.137</ele><time>2026-09-22T14:27:35Z</time><speed>0.000</speed><sat>34</sat></trkpt>
  <trkpt lat="45.61117520" lon="2.77259105"><ele>1563.103</ele><time>2026-09-22T14:27:38Z</time><speed>0.000</speed><sat>34</sat></trkpt>
  <trkpt lat="45.61117529" lon="2.77259103"><ele>1563.104</ele><time>2026-09-22T14:27:41Z</time><speed>0.000</speed><sat>34</sat></trkpt>
  <trkpt lat="45.61117537" lon="2.77259093"><ele>1563.097</ele><time>2026-09-22T14:27:44Z</time><speed>0.000</speed><sat>33</sat></trkpt>
  <trkpt lat="45.61117550" lon="2.77259094"><ele>1563.095</ele><time>2026-09-22T14:27:47Z</time><speed>0.000</speed><sat>34</sat></trkpt>
  <trkpt lat="45.61117555" lon="2.77259081"><ele>1563.084</ele><time>2026-09-22T14:27:50Z</time><speed>0.000</speed><sat>34</sat></trkpt>
  <trkpt lat="45.61117575" lon="2.77259084"><ele>1563.063</ele><time>2026-09-22T14:27:53Z</time><speed>0.000</speed><sat>33</sat></trkpt>
  <trkpt lat="45.61117591" lon="2.77259078"><ele>1563.054</ele><time>2026-09-22T14:27:56Z</time><speed>0.000</speed><sat>33</sat></trkpt>
  <trkpt lat="45.61117594" lon="2.77259067"><ele>1563.047</ele><time>2026-09-22T14:27:59Z</time><speed>0.000</speed><sat>33</sat></trkpt>
  <trkpt lat="45.61117597" lon="2.77259073"><ele>1563.044</ele><time>2026-09-22T14:28:02Z</time><speed>0.000</speed><sat>33</sat></trkpt>
  <trkpt lat="45.61117598" lon="2.77259070"><ele>1563.039</ele><time>2026-09-22T14:28:05Z</time><speed>0.000</speed><sat>34</sat></trkpt>
  <trkpt lat="45.61117595" lon="2.77259063"><ele>1563.036</ele><time>2026-09-22T14:28:08Z</time><speed>0.000</speed><sat>34</sat></trkpt>
  <trkpt lat="45.61117607" lon="2.77259059"><ele>1563.028</ele><time>2026-09-22T14:28:11Z</time><speed>0.000</speed><sat>34</sat></trkpt>
  <trkpt lat="45.61117613" lon="2.77259032"><ele>1563.014</ele><time>2026-09-22T14:28:14Z</time><speed>0.000</speed><sat>34</sat></trkpt>
  <trkpt lat="45.61117606" lon="2.77258993"><ele>1563.012</ele><time>2026-09-22T14:28:17Z</time><speed>0.000</speed><sat>34</sat></trkpt>
  <trkpt lat="45.61117627" lon="2.77259023"><ele>1562.996</ele><time>2026-09-22T14:28:20Z</time><speed>0.000</speed><sat>33</sat></trkpt>
  <trkpt lat="45.61117979" lon="2.77258714"><ele>1562.320</ele><time>2026-09-22T14:28:23Z</time><speed>0.000</speed><sat>33</sat></trkpt>
  <trkpt lat="45.61118042" lon="2.77258757"><ele>1562.378</ele><time>2026-09-22T14:28:26Z</time><speed>0.000</speed><sat>33</sat></trkpt>
  <trkpt lat="45.61118304" lon="2.77258232"><ele>1562.186</ele><time>2026-09-22T14:28:29Z</time><speed>0.200</speed><sat>33</sat></trkpt>
  <trkpt lat="45.61118747" lon="2.77257993"><ele>1562.079</ele><time>2026-09-22T14:28:32Z</time><speed>0.420</speed><sat>33</sat></trkpt>
  <trkpt lat="45.61117970" lon="2.77256291"><ele>1561.527</ele><time>2026-09-22T14:28:35Z</time><speed>0.340</speed><sat>33</sat></trkpt>
  <trkpt lat="45.61119033" lon="2.77256613"><ele>1561.439</ele><time>2026-09-22T14:28:38Z</time><speed>0.000</speed><sat>33</sat></trkpt>
  <trkpt lat="45.61119159" lon="2.77256579"><ele>1561.499</ele><time>2026-09-22T14:28:41Z</time><speed>0.000</speed><sat>32</sat></trkpt>
  <trkpt lat="45.61119214" lon="2.77256550"><ele>1561.547</ele><time>2026-09-22T14:28:44Z</time><speed>0.000</speed><sat>32</sat></trkpt>
  <trkpt lat="45.61119237" lon="2.77256535"><ele>1561.555</ele><time>2026-09-22T14:28:47Z</time><speed>0.000</speed><sat>32</sat></trkpt>
  <trkpt lat="45.61119291" lon="2.77256535"><ele>1561.615</ele><time>2026-09-22T14:28:50Z</time><speed>0.000</speed><sat>32</sat></trkpt>
  <trkpt lat="45.61119354" lon="2.77256555"><ele>1561.648</ele><time>2026-09-22T14:28:53Z</time><speed>0.000</speed><sat>31</sat></trkpt>
  <trkpt lat="45.61119404" lon="2.77256572"><ele>1561.716</ele><time>2026-09-22T14:28:56Z</time><speed>0.000</speed><sat>31</sat></trkpt>
  <trkpt lat="45.61119457" lon="2.77256596"><ele>1561.782</ele><time>2026-09-22T14:28:59Z</time><speed>0.000</speed><sat>32</sat></trkpt>
  <trkpt lat="45.61119487" lon="2.77256616"><ele>1561.802</ele><time>2026-09-22T14:29:02Z</time><speed>0.000</speed><sat>32</sat></trkpt>
  <trkpt lat="45.61119520" lon="2.77256633"><ele>1561.846</ele><time>2026-09-22T14:29:05Z</time><speed>0.000</speed><sat>32</sat></trkpt>
  <trkpt lat="45.61119549" lon="2.77256741"><ele>1561.861</ele><time>2026-09-22T14:29:08Z</time><speed>0.000</speed><sat>31</sat></trkpt>
  <trkpt lat="45.61119559" lon="2.77256763"><ele>1561.873</ele><time>2026-09-22T14:29:11Z</time><speed>0.000</speed><sat>31</sat></trkpt>
  <trkpt lat="45.61119582" lon="2.77256808"><ele>1561.864</ele><time>2026-09-22T14:29:14Z</time><speed>0.000</speed><sat>30</sat></trkpt>
  <trkpt lat="45.61119639" lon="2.77256833"><ele>1561.898</ele><time>2026-09-22T14:29:17Z</time><speed>0.000</speed><sat>30</sat></trkpt>
  <trkpt lat="45.61119704" lon="2.77256870"><ele>1561.958</ele><time>2026-09-22T14:29:20Z</time><speed>0.000</speed><sat>31</sat></trkpt>
  <trkpt lat="45.61119728" lon="2.77256884"><ele>1561.979</ele><time>2026-09-22T14:29:23Z</time><speed>0.000</speed><sat>31</sat></trkpt>
  <trkpt lat="45.61119756" lon="2.77256894"><ele>1562.020</ele><time>2026-09-22T14:29:26Z</time><speed>0.000</speed><sat>30</sat></trkpt>
  <trkpt lat="45.61119798" lon="2.77256950"><ele>1562.009</ele><time>2026-09-22T14:29:29Z</time><speed>0.000</speed><sat>31</sat></trkpt>
  <trkpt lat="45.61119829" lon="2.77256994"><ele>1562.000</ele><time>2026-09-22T14:29:32Z</time><speed>0.000</speed><sat>31</sat></trkpt>
  <trkpt lat="45.61119892" lon="2.77257074"><ele>1562.018</ele><time>2026-09-22T14:29:35Z</time><speed>0.000</speed><sat>30</sat></trkpt>
  <trkpt lat="45.61119922" lon="2.77257130"><ele>1562.019</ele><time>2026-09-22T14:29:38Z</time><speed>0.000</speed><sat>32</sat></trkpt>
  <trkpt lat="45.61119930" lon="2.77257159"><ele>1562.031</ele><time>2026-09-22T14:29:41Z</time><speed>0.000</speed><sat>31</sat></trkpt>
  <trkpt lat="45.61119934" lon="2.77257202"><ele>1562.045</ele><time>2026-09-22T14:29:44Z</time><speed>0.000</speed><sat>31</sat></trkpt>
  <trkpt lat="45.61119941" lon="2.77257199"><ele>1562.051</ele><time>2026-09-22T14:29:47Z</time><speed>0.000</speed><sat>31</sat></trkpt>
  <trkpt lat="45.61119947" lon="2.77257229"><ele>1562.043</ele><time>2026-09-22T14:29:50Z</time><speed>0.000</speed><sat>32</sat></trkpt>
  <trkpt lat="45.61119956" lon="2.77257255"><ele>1562.042</ele><time>2026-09-22T14:29:53Z</time><speed>0.000</speed><sat>33</sat></trkpt>
  <trkpt lat="45.61119961" lon="2.77257025"><ele>1562.013</ele><time>2026-09-22T14:29:56Z</time><speed>0.310</speed><sat>34</sat></trkpt>
  <trkpt lat="45.61118585" lon="2.77255419"><ele>1562.240</ele><time>2026-09-22T14:29:59Z</time><speed>0.800</speed><sat>34</sat></trkpt>
  <trkpt lat="45.61117447" lon="2.77256913"><ele>1562.412</ele><time>2026-09-22T14:30:02Z</time><speed>0.000</speed><sat>34</sat></trkpt>
  <trkpt lat="45.61117409" lon="2.77257147"><ele>1562.363</ele><time>2026-09-22T14:30:05Z</time><speed>0.000</speed><sat>32</sat></trkpt>
  <trkpt lat="45.61117260" lon="2.77259335"><ele>1562.352</ele><time>2026-09-22T14:30:08Z</time><speed>0.590</speed><sat>33</sat></trkpt>
  <trkpt lat="45.61117170" lon="2.77259878"><ele>1562.448</ele><time>2026-09-22T14:30:11Z</time><speed>0.000</speed><sat>32</sat></trkpt>
  <trkpt lat="45.61117200" lon="2.77259936"><ele>1562.415</ele><time>2026-09-22T14:30:14Z</time><speed>0.000</speed><sat>33</sat></trkpt>
  <trkpt lat="45.61117600" lon="2.77259793"><ele>1562.541</ele><time>2026-09-22T14:30:17Z</time><speed>0.000</speed><sat>33</sat></trkpt>
  <trkpt lat="45.61117722" lon="2.77259733"><ele>1562.634</ele><time>2026-09-22T14:30:20Z</time><speed>0.000</speed><sat>33</sat></trkpt>
  <trkpt lat="45.61117720" lon="2.77259768"><ele>1562.684</ele><time>2026-09-22T14:30:23Z</time><speed>0.000</speed><sat>33</sat></trkpt>
  <trkpt lat="45.61117764" lon="2.77259791"><ele>1562.699</ele><time>2026-09-22T14:30:26Z</time><speed>0.000</speed><sat>33</sat></trkpt>
  <trkpt lat="45.61117769" lon="2.77259773"><ele>1562.687</ele><time>2026-09-22T14:30:29Z</time><speed>0.000</speed><sat>33</sat></trkpt>
  <trkpt lat="45.61117872" lon="2.77259695"><ele>1562.847</ele><time>2026-09-22T14:30:32Z</time><speed>0.000</speed><sat>33</sat></trkpt>
  <trkpt lat="45.61118013" lon="2.77259304"><ele>1562.909</ele><time>2026-09-22T14:30:35Z</time><speed>0.000</speed><sat>33</sat></trkpt>
  <trkpt lat="45.61118051" lon="2.77259293"><ele>1562.961</ele><time>2026-09-22T14:30:38Z</time><speed>0.000</speed><sat>33</sat></trkpt>
  <trkpt lat="45.61118053" lon="2.77259275"><ele>1562.992</ele><time>2026-09-22T14:30:41Z</time><speed>0.000</speed><sat>33</sat></trkpt>
  <trkpt lat="45.61118141" lon="2.77259305"><ele>1562.984</ele><time>2026-09-22T14:30:44Z</time><speed>0.000</speed><sat>32</sat></trkpt>
  <trkpt lat="45.61118162" lon="2.77259304"><ele>1562.993</ele><time>2026-09-22T14:30:47Z</time><speed>0.000</speed><sat>33</sat></trkpt>
  <trkpt lat="45.61118154" lon="2.77259276"><ele>1562.993</ele><time>2026-09-22T14:30:50Z</time><speed>0.000</speed><sat>32</sat></trkpt>
  <trkpt lat="45.61118015" lon="2.77259346"><ele>1563.014</ele><time>2026-09-22T14:30:53Z</time><speed>0.000</speed><sat>33</sat></trkpt>
  <trkpt lat="45.61117980" lon="2.77259373"><ele>1563.045</ele><time>2026-09-22T14:30:56Z</time><speed>0.000</speed><sat>33</sat></trkpt>
  <trkpt lat="45.61117968" lon="2.77259370"><ele>1563.044</ele><time>2026-09-22T14:30:59Z</time><speed>0.000</speed><sat>33</sat></trkpt>
  <trkpt lat="45.61117976" lon="2.77259423"><ele>1563.053</ele><time>2026-09-22T14:31:02Z</time><speed>0.000</speed><sat>33</sat></trkpt>
  <trkpt lat="45.61117973" lon="2.77259406"><ele>1563.057</ele><time>2026-09-22T14:31:05Z</time><speed>0.000</speed><sat>33</sat></trkpt>
  <trkpt lat="45.61117968" lon="2.77259405"><ele>1563.082</ele><time>2026-09-22T14:31:08Z</time><speed>0.000</speed><sat>32</sat></trkpt>
  <trkpt lat="45.61117963" lon="2.77259439"><ele>1563.072</ele><time>2026-09-22T14:31:11Z</time><speed>0.000</speed><sat>31</sat></trkpt>
  <trkpt lat="45.61117991" lon="2.77259441"><ele>1563.017</ele><time>2026-09-22T14:31:14Z</time><speed>0.000</speed><sat>32</sat></trkpt>
  <trkpt lat="45.61117992" lon="2.77259449"><ele>1563.045</ele><time>2026-09-22T14:31:17Z</time><speed>0.000</speed><sat>33</sat></trkpt>
  <trkpt lat="45.61117977" lon="2.77259536"><ele>1563.099</ele><time>2026-09-22T14:31:20Z</time><speed>0.000</speed><sat>33</sat></trkpt>
  <trkpt lat="45.61117977" lon="2.77259548"><ele>1563.108</ele><time>2026-09-22T14:31:23Z</time><speed>0.000</speed><sat>33</sat></trkpt>
  <trkpt lat="45.61117977" lon="2.77259509"><ele>1563.088</ele><time>2026-09-22T14:31:26Z</time><speed>0.000</speed><sat>33</sat></trkpt>
  <trkpt lat="45.61117985" lon="2.77259517"><ele>1563.064</ele><time>2026-09-22T14:31:29Z</time><speed>0.000</speed><sat>33</sat></trkpt>
  <trkpt lat="45.61117991" lon="2.77259513"><ele>1563.051</ele><time>2026-09-22T14:31:32Z</time><speed>0.000</speed><sat>30</sat></trkpt>
  <trkpt lat="45.61117994" lon="2.77259507"><ele>1563.063</ele><time>2026-09-22T14:31:35Z</time><speed>0.000</speed><sat>31</sat></trkpt>
  <trkpt lat="45.61117997" lon="2.77259499"><ele>1563.052</ele><time>2026-09-22T14:31:38Z</time><speed>0.000</speed><sat>30</sat></trkpt>
  <trkpt lat="45.61117987" lon="2.77259500"><ele>1563.080</ele><time>2026-09-22T14:31:41Z</time><speed>0.000</speed><sat>29</sat></trkpt>
  <trkpt lat="45.61117997" lon="2.77259489"><ele>1563.097</ele><time>2026-09-22T14:31:44Z</time><speed>0.000</speed><sat>32</sat></trkpt>
  <trkpt lat="45.61118089" lon="2.77259392"><ele>1563.304</ele><time>2026-09-22T14:31:47Z</time><speed>0.220</speed><sat>33</sat></trkpt>
  <trkpt lat="45.61118137" lon="2.77259491"><ele>1563.296</ele><time>2026-09-22T14:31:50Z</time><speed>0.000</speed><sat>33</sat></trkpt>
  <trkpt lat="45.61117986" lon="2.77259540"><ele>1563.144</ele><time>2026-09-22T14:31:53Z</time><speed>0.000</speed><sat>33</sat></trkpt>
  <trkpt lat="45.61117938" lon="2.77259562"><ele>1563.163</ele><time>2026-09-22T14:31:56Z</time><speed>0.000</speed><sat>33</sat></trkpt>
  <trkpt lat="45.61117905" lon="2.77259604"><ele>1563.213</ele><time>2026-09-22T14:31:59Z</time><speed>0.000</speed><sat>33</sat></trkpt>
  <trkpt lat="45.61118321" lon="2.77259139"><ele>1563.083</ele><time>2026-09-22T14:32:02Z</time><speed>0.200</speed><sat>33</sat></trkpt>
  <trkpt lat="45.61118378" lon="2.77259142"><ele>1563.060</ele><time>2026-09-22T14:32:05Z</time><speed>0.000</speed><sat>33</sat></trkpt>
  <trkpt lat="45.61118505" lon="2.77259088"><ele>1563.122</ele><time>2026-09-22T14:32:08Z</time><speed>0.000</speed><sat>33</sat></trkpt>
  <trkpt lat="45.61118885" lon="2.77258397"><ele>1563.301</ele><time>2026-09-22T14:32:11Z</time><speed>0.000</speed><sat>33</sat></trkpt>
  <trkpt lat="45.61118893" lon="2.77258333"><ele>1563.308</ele><time>2026-09-22T14:32:14Z</time><speed>0.000</speed><sat>33</sat></trkpt>
  <trkpt lat="45.61118900" lon="2.77258343"><ele>1563.318</ele><time>2026-09-22T14:32:17Z</time><speed>0.000</speed><sat>34</sat></trkpt>
  <trkpt lat="45.61118848" lon="2.77258092"><ele>1563.103</ele><time>2026-09-22T14:32:20Z</time><speed>0.190</speed><sat>34</sat></trkpt>
  <trkpt lat="45.61118356" lon="2.77257608"><ele>1562.596</ele><time>2026-09-22T14:32:23Z</time><speed>0.000</speed><sat>34</sat></trkpt>
  <trkpt lat="45.61118506" lon="2.77257639"><ele>1562.656</ele><time>2026-09-22T14:32:26Z</time><speed>0.000</speed><sat>34</sat></trkpt>
  <trkpt lat="45.61118510" lon="2.77257667"><ele>1562.677</ele><time>2026-09-22T14:32:29Z</time><speed>0.000</speed><sat>34</sat></trkpt>
  <trkpt lat="45.61118516" lon="2.77257679"><ele>1562.687</ele><time>2026-09-22T14:32:32Z</time><speed>0.000</speed><sat>33</sat></trkpt>
  <trkpt lat="45.61118501" lon="2.77257694"><ele>1562.676</ele><time>2026-09-22T14:32:35Z</time><speed>0.000</speed><sat>32</sat></trkpt>
  <trkpt lat="45.61118492" lon="2.77257739"><ele>1562.650</ele><time>2026-09-22T14:32:38Z</time><speed>0.000</speed><sat>33</sat></trkpt>
  <trkpt lat="45.61118474" lon="2.77257744"><ele>1562.667</ele><time>2026-09-22T14:32:41Z</time><speed>0.000</speed><sat>32</sat></trkpt>
  <trkpt lat="45.61118439" lon="2.77257732"><ele>1562.668</ele><time>2026-09-22T14:32:44Z</time><speed>0.000</speed><sat>31</sat></trkpt>
  <trkpt lat="45.61118419" lon="2.77257737"><ele>1562.696</ele><time>2026-09-22T14:32:47Z</time><speed>0.000</speed><sat>32</sat></trkpt>
  <trkpt lat="45.61118398" lon="2.77257734"><ele>1562.714</ele><time>2026-09-22T14:32:50Z</time><speed>0.000</speed><sat>33</sat></trkpt>
  <trkpt lat="45.61118371" lon="2.77257719"><ele>1562.731</ele><time>2026-09-22T14:32:53Z</time><speed>0.000</speed><sat>32</sat></trkpt>
  <trkpt lat="45.61118334" lon="2.77257712"><ele>1562.751</ele><time>2026-09-22T14:32:56Z</time><speed>0.000</speed><sat>33</sat></trkpt>
  <trkpt lat="45.61118337" lon="2.77257750"><ele>1562.739</ele><time>2026-09-22T14:32:59Z</time><speed>0.000</speed><sat>32</sat></trkpt>
  <trkpt lat="45.61118346" lon="2.77257741"><ele>1562.753</ele><time>2026-09-22T14:33:02Z</time><speed>0.000</speed><sat>33</sat></trkpt>
  <trkpt lat="45.61118366" lon="2.77257742"><ele>1562.783</ele><time>2026-09-22T14:33:05Z</time><speed>0.000</speed><sat>34</sat></trkpt>
  <trkpt lat="45.61118542" lon="2.77257748"><ele>1562.897</ele><time>2026-09-22T14:33:08Z</time><speed>0.160</speed><sat>34</sat></trkpt>
  <trkpt lat="45.61118676" lon="2.77257835"><ele>1562.914</ele><time>2026-09-22T14:33:11Z</time><speed>0.000</speed><sat>33</sat></trkpt>
  <trkpt lat="45.61118694" lon="2.77257834"><ele>1562.928</ele><time>2026-09-22T14:33:14Z</time><speed>0.000</speed><sat>34</sat></trkpt>
  <trkpt lat="45.61121248" lon="2.77259374"><ele>1563.355</ele><time>2026-09-22T14:33:17Z</time><speed>0.890</speed><sat>34</sat></trkpt>
  <trkpt lat="45.61121907" lon="2.77261034"><ele>1563.633</ele><time>2026-09-22T14:33:20Z</time><speed>0.000</speed><sat>35</sat></trkpt>
  <trkpt lat="45.61121700" lon="2.77260708"><ele>1563.888</ele><time>2026-09-22T14:33:23Z</time><speed>0.000</speed><sat>35</sat></trkpt>
  <trkpt lat="45.61121678" lon="2.77260639"><ele>1563.955</ele><time>2026-09-22T14:33:26Z</time><speed>0.000</speed><sat>35</sat></trkpt>
  <trkpt lat="45.61121717" lon="2.77260614"><ele>1563.983</ele><time>2026-09-22T14:33:29Z</time><speed>0.000</speed><sat>35</sat></trkpt>
  <trkpt lat="45.61121752" lon="2.77260640"><ele>1563.976</ele><time>2026-09-22T14:33:32Z</time><speed>0.000</speed><sat>34</sat></trkpt>
  <trkpt lat="45.61121865" lon="2.77258167"><ele>1563.522</ele><time>2026-09-22T14:33:35Z</time><speed>0.820</speed><sat>34</sat></trkpt>
  <trkpt lat="45.61120361" lon="2.77255688"><ele>1562.376</ele><time>2026-09-22T14:33:38Z</time><speed>0.510</speed><sat>34</sat></trkpt>
  <trkpt lat="45.61121410" lon="2.77252333"><ele>1561.668</ele><time>2026-09-22T14:33:41Z</time><speed>0.720</speed><sat>34</sat></trkpt>
  <trkpt lat="45.61123221" lon="2.77250349"><ele>1561.535</ele><time>2026-09-22T14:33:44Z</time><speed>1.120</speed><sat>34</sat></trkpt>
  <trkpt lat="45.61124334" lon="2.77248222"><ele>1560.915</ele><time>2026-09-22T14:33:47Z</time><speed>0.560</speed><sat>34</sat></trkpt>
  <trkpt lat="45.61123964" lon="2.77248148"><ele>1560.990</ele><time>2026-09-22T14:33:50Z</time><speed>0.000</speed><sat>34</sat></trkpt>
  <trkpt lat="45.61123647" lon="2.77245793"><ele>1560.141</ele><time>2026-09-22T14:33:53Z</time><speed>0.690</speed><sat>34</sat></trkpt>
  <trkpt lat="45.61123331" lon="2.77240702"><ele>1559.137</ele><time>2026-09-22T14:33:56Z</time><speed>1.250</speed><sat>34</sat></trkpt>
  <trkpt lat="45.61122785" lon="2.77235127"><ele>1558.849</ele><time>2026-09-22T14:33:59Z</time><speed>1.390</speed><sat>34</sat></trkpt>
  <trkpt lat="45.61121967" lon="2.77230215"><ele>1558.036</ele><time>2026-09-22T14:34:02Z</time><speed>1.330</speed><sat>34</sat></trkpt>
  <trkpt lat="45.61121172" lon="2.77225370"><ele>1557.282</ele><time>2026-09-22T14:34:05Z</time><speed>1.390</speed><sat>35</sat></trkpt>
  <trkpt lat="45.61120487" lon="2.77220748"><ele>1557.051</ele><time>2026-09-22T14:34:08Z</time><speed>1.150</speed><sat>35</sat></trkpt>
  <trkpt lat="45.61120023" lon="2.77216276"><ele>1556.394</ele><time>2026-09-22T14:34:11Z</time><speed>1.150</speed><sat>35</sat></trkpt>
  <trkpt lat="45.61119497" lon="2.77211263"><ele>1555.756</ele><time>2026-09-22T14:34:14Z</time><speed>1.230</speed><sat>34</sat></trkpt>
  <trkpt lat="45.61119182" lon="2.77205782"><ele>1555.729</ele><time>2026-09-22T14:34:17Z</time><speed>1.270</speed><sat>35</sat></trkpt>
  <trkpt lat="45.61119292" lon="2.77201356"><ele>1555.241</ele><time>2026-09-22T14:34:20Z</time><speed>1.160</speed><sat>35</sat></trkpt>
  <trkpt lat="45.61120736" lon="2.77196633"><ele>1554.742</ele><time>2026-09-22T14:34:23Z</time><speed>1.330</speed><sat>35</sat></trkpt>
  <trkpt lat="45.61122963" lon="2.77192804"><ele>1554.439</ele><time>2026-09-22T14:34:26Z</time><speed>1.020</speed><sat>35</sat></trkpt>
  <trkpt lat="45.61125634" lon="2.77189910"><ele>1554.113</ele><time>2026-09-22T14:34:29Z</time><speed>1.200</speed><sat>35</sat></trkpt>
  <trkpt lat="45.61128085" lon="2.77187788"><ele>1553.922</ele><time>2026-09-22T14:34:32Z</time><speed>1.040</speed><sat>35</sat></trkpt>
  <trkpt lat="45.61130446" lon="2.77185136"><ele>1554.044</ele><time>2026-09-22T14:34:35Z</time><speed>1.080</speed><sat>35</sat></trkpt>
  <trkpt lat="45.61132670" lon="2.77184502"><ele>1553.379</ele><time>2026-09-22T14:34:38Z</time><speed>0.720</speed><sat>35</sat></trkpt>
  <trkpt lat="45.61135657" lon="2.77185966"><ele>1552.882</ele><time>2026-09-22T14:34:41Z</time><speed>1.140</speed><sat>35</sat></trkpt>
  <trkpt lat="45.61137885" lon="2.77188082"><ele>1552.292</ele><time>2026-09-22T14:34:44Z</time><speed>1.130</speed><sat>35</sat></trkpt>
  <trkpt lat="45.61140294" lon="2.77190430"><ele>1551.621</ele><time>2026-09-22T14:34:47Z</time><speed>1.090</speed><sat>35</sat></trkpt>
  <trkpt lat="45.61142596" lon="2.77192471"><ele>1551.427</ele><time>2026-09-22T14:34:50Z</time><speed>1.070</speed><sat>35</sat></trkpt>
  <trkpt lat="45.61144978" lon="2.77194947"><ele>1550.733</ele><time>2026-09-22T14:34:53Z</time><speed>1.240</speed><sat>35</sat></trkpt>
  <trkpt lat="45.61147465" lon="2.77197105"><ele>1549.882</ele><time>2026-09-22T14:34:56Z</time><speed>1.150</speed><sat>34</sat></trkpt>
  <trkpt lat="45.61149711" lon="2.77199459"><ele>1549.814</ele><time>2026-09-22T14:34:59Z</time><speed>1.130</speed><sat>33</sat></trkpt>
  <trkpt lat="45.61152053" lon="2.77201700"><ele>1548.679</ele><time>2026-09-22T14:35:02Z</time><speed>1.060</speed><sat>33</sat></trkpt>
  <trkpt lat="45.61154168" lon="2.77203774"><ele>1548.017</ele><time>2026-09-22T14:35:05Z</time><speed>0.990</speed><sat>33</sat></trkpt>
  <trkpt lat="45.61155986" lon="2.77206511"><ele>1547.398</ele><time>2026-09-22T14:35:08Z</time><speed>1.000</speed><sat>33</sat></trkpt>
  <trkpt lat="45.61157595" lon="2.77208346"><ele>1546.750</ele><time>2026-09-22T14:35:11Z</time><speed>0.700</speed><sat>33</sat></trkpt>
  <trkpt lat="45.61160270" lon="2.77210837"><ele>1546.284</ele><time>2026-09-22T14:35:14Z</time><speed>1.600</speed><sat>31</sat></trkpt>
  <trkpt lat="45.61161662" lon="2.77213642"><ele>1545.736</ele><time>2026-09-22T14:35:17Z</time><speed>0.930</speed><sat>31</sat></trkpt>
  <trkpt lat="45.61163063" lon="2.77216119"><ele>1545.359</ele><time>2026-09-22T14:35:20Z</time><speed>0.840</speed><sat>31</sat></trkpt>
  <trkpt lat="45.61164900" lon="2.77217106"><ele>1545.084</ele><time>2026-09-22T14:35:23Z</time><speed>0.990</speed><sat>31</sat></trkpt>
  <trkpt lat="45.61166310" lon="2.77213100"><ele>1544.550</ele><time>2026-09-22T14:35:26Z</time><speed>1.080</speed><sat>30</sat></trkpt>
  <trkpt lat="45.61165674" lon="2.77209900"><ele>1543.363</ele><time>2026-09-22T14:35:29Z</time><speed>0.910</speed><sat>30</sat></trkpt>
  <trkpt lat="45.61165467" lon="2.77206301"><ele>1542.905</ele><time>2026-09-22T14:35:32Z</time><speed>0.850</speed><sat>31</sat></trkpt>
  <trkpt lat="45.61164882" lon="2.77203304"><ele>1542.824</ele><time>2026-09-22T14:35:35Z</time><speed>0.750</speed><sat>31</sat></trkpt>
  <trkpt lat="45.61164654" lon="2.77199507"><ele>1541.608</ele><time>2026-09-22T14:35:38Z</time><speed>0.690</speed><sat>30</sat></trkpt>
  <trkpt lat="45.61164600" lon="2.77195785"><ele>1541.215</ele><time>2026-09-22T14:35:41Z</time><speed>0.740</speed><sat>30</sat></trkpt>
  <trkpt lat="45.61164545" lon="2.77192678"><ele>1541.310</ele><time>2026-09-22T14:35:44Z</time><speed>0.820</speed><sat>30</sat></trkpt>
  <trkpt lat="45.61164564" lon="2.77190026"><ele>1541.142</ele><time>2026-09-22T14:35:47Z</time><speed>0.570</speed><sat>30</sat></trkpt>
  <trkpt lat="45.61164640" lon="2.77186805"><ele>1540.276</ele><time>2026-09-22T14:35:50Z</time><speed>0.880</speed><sat>31</sat></trkpt>
  <trkpt lat="45.61164334" lon="2.77184467"><ele>1539.396</ele><time>2026-09-22T14:35:53Z</time><speed>0.800</speed><sat>31</sat></trkpt>
  <trkpt lat="45.61163873" lon="2.77181655"><ele>1538.615</ele><time>2026-09-22T14:35:56Z</time><speed>1.000</speed><sat>31</sat></trkpt>
  <trkpt lat="45.61163131" lon="2.77179163"><ele>1538.342</ele><time>2026-09-22T14:35:59Z</time><speed>0.600</speed><sat>32</sat></trkpt>
  <trkpt lat="45.61162962" lon="2.77176997"><ele>1538.743</ele><time>2026-09-22T14:36:02Z</time><speed>0.660</speed><sat>32</sat></trkpt>
  <trkpt lat="45.61162820" lon="2.77174978"><ele>1539.217</ele><time>2026-09-22T14:36:05Z</time><speed>0.500</speed><sat>31</sat></trkpt>
  <trkpt lat="45.61162081" lon="2.77173223"><ele>1538.674</ele><time>2026-09-22T14:36:08Z</time><speed>0.690</speed><sat>31</sat></trkpt>
  <trkpt lat="45.61161418" lon="2.77170881"><ele>1537.784</ele><time>2026-09-22T14:36:11Z</time><speed>0.780</speed><sat>31</sat></trkpt>
  <trkpt lat="45.61160859" lon="2.77168542"><ele>1537.055</ele><time>2026-09-22T14:36:14Z</time><speed>0.600</speed><sat>32</sat></trkpt>
  <trkpt lat="45.61160457" lon="2.77165738"><ele>1536.713</ele><time>2026-09-22T14:36:17Z</time><speed>1.030</speed><sat>32</sat></trkpt>
  <trkpt lat="45.61159622" lon="2.77162194"><ele>1536.745</ele><time>2026-09-22T14:36:20Z</time><speed>0.930</speed><sat>31</sat></trkpt>
  <trkpt lat="45.61158053" lon="2.77158307"><ele>1536.104</ele><time>2026-09-22T14:36:23Z</time><speed>1.160</speed><sat>31</sat></trkpt>
  <trkpt lat="45.61156892" lon="2.77155255"><ele>1535.629</ele><time>2026-09-22T14:36:26Z</time><speed>0.890</speed><sat>30</sat></trkpt>
  <trkpt lat="45.61155697" lon="2.77154186"><ele>1534.805</ele><time>2026-09-22T14:36:29Z</time><speed>0.000</speed><sat>31</sat></trkpt>
  <trkpt lat="45.61154619" lon="2.77151227"><ele>1533.712</ele><time>2026-09-22T14:36:32Z</time><speed>0.950</speed><sat>31</sat></trkpt>
  <trkpt lat="45.61152970" lon="2.77149715"><ele>1533.072</ele><time>2026-09-22T14:36:35Z</time><speed>0.930</speed><sat>30</sat></trkpt>
  <trkpt lat="45.61151610" lon="2.77146754"><ele>1532.772</ele><time>2026-09-22T14:36:38Z</time><speed>0.700</speed><sat>30</sat></trkpt>
  <trkpt lat="45.61150528" lon="2.77143704"><ele>1532.814</ele><time>2026-09-22T14:36:41Z</time><speed>1.240</speed><sat>30</sat></trkpt>
  <trkpt lat="45.61148715" lon="2.77141864"><ele>1532.825</ele><time>2026-09-22T14:36:44Z</time><speed>0.910</speed><sat>30</sat></trkpt>
  <trkpt lat="45.61147170" lon="2.77139700"><ele>1532.493</ele><time>2026-09-22T14:36:47Z</time><speed>1.150</speed><sat>30</sat></trkpt>
  <trkpt lat="45.61145399" lon="2.77137583"><ele>1532.400</ele><time>2026-09-22T14:36:50Z</time><speed>0.990</speed><sat>30</sat></trkpt>
  <trkpt lat="45.61145064" lon="2.77137277"><ele>1532.286</ele><time>2026-09-22T14:36:53Z</time><speed>0.000</speed><sat>30</sat></trkpt>
  <trkpt lat="45.61144549" lon="2.77136472"><ele>1532.063</ele><time>2026-09-22T14:36:56Z</time><speed>0.460</speed><sat>30</sat></trkpt>
  <trkpt lat="45.61142933" lon="2.77134451"><ele>1530.995</ele><time>2026-09-22T14:36:59Z</time><speed>0.630</speed><sat>30</sat></trkpt>
  <trkpt lat="45.61141377" lon="2.77132796"><ele>1530.380</ele><time>2026-09-22T14:37:02Z</time><speed>0.700</speed><sat>30</sat></trkpt>
  <trkpt lat="45.61139834" lon="2.77130146"><ele>1529.768</ele><time>2026-09-22T14:37:05Z</time><speed>1.020</speed><sat>29</sat></trkpt>
  <trkpt lat="45.61138580" lon="2.77128608"><ele>1529.248</ele><time>2026-09-22T14:37:08Z</time><speed>0.450</speed><sat>30</sat></trkpt>
  <trkpt lat="45.61137274" lon="2.77127197"><ele>1527.967</ele><time>2026-09-22T14:37:11Z</time><speed>0.780</speed><sat>29</sat></trkpt>
  <trkpt lat="45.61136072" lon="2.77125906"><ele>1528.075</ele><time>2026-09-22T14:37:14Z</time><speed>0.000</speed><sat>29</sat></trkpt>
  <trkpt lat="45.61135742" lon="2.77125395"><ele>1528.139</ele><time>2026-09-22T14:37:17Z</time><speed>0.690</speed><sat>30</sat></trkpt>
  <trkpt lat="45.61134585" lon="2.77123603"><ele>1527.640</ele><time>2026-09-22T14:37:20Z</time><speed>0.670</speed><sat>29</sat></trkpt>
  <trkpt lat="45.61133788" lon="2.77122457"><ele>1527.321</ele><time>2026-09-22T14:37:23Z</time><speed>0.350</speed><sat>30</sat></trkpt>
  <trkpt lat="45.61133329" lon="2.77121302"><ele>1527.165</ele><time>2026-09-22T14:37:26Z</time><speed>0.000</speed><sat>31</sat></trkpt>
  <trkpt lat="45.61133242" lon="2.77119901"><ele>1526.841</ele><time>2026-09-22T14:37:29Z</time><speed>0.380</speed><sat>31</sat></trkpt>
  <trkpt lat="45.61133658" lon="2.77118943"><ele>1527.040</ele><time>2026-09-22T14:37:32Z</time><speed>0.000</speed><sat>31</sat></trkpt>
  <trkpt lat="45.61133436" lon="2.77118438"><ele>1527.363</ele><time>2026-09-22T14:37:35Z</time><speed>0.430</speed><sat>31</sat></trkpt>
  <trkpt lat="45.61134102" lon="2.77117428"><ele>1526.741</ele><time>2026-09-22T14:37:38Z</time><speed>0.800</speed><sat>31</sat></trkpt>
  <trkpt lat="45.61134989" lon="2.77116138"><ele>1527.738</ele><time>2026-09-22T14:37:41Z</time><speed>0.400</speed><sat>32</sat></trkpt>
  <trkpt lat="45.61135605" lon="2.77114280"><ele>1527.176</ele><time>2026-09-22T14:37:44Z</time><speed>0.570</speed><sat>31</sat></trkpt>
  <trkpt lat="45.61136653" lon="2.77113587"><ele>1526.467</ele><time>2026-09-22T14:37:47Z</time><speed>0.890</speed><sat>32</sat></trkpt>
  <trkpt lat="45.61137274" lon="2.77112240"><ele>1526.089</ele><time>2026-09-22T14:37:50Z</time><speed>0.490</speed><sat>32</sat></trkpt>
  <trkpt lat="45.61137609" lon="2.77110490"><ele>1525.660</ele><time>2026-09-22T14:37:53Z</time><speed>0.610</speed><sat>32</sat></trkpt>
  <trkpt lat="45.61138400" lon="2.77108691"><ele>1525.876</ele><time>2026-09-22T14:37:56Z</time><speed>0.570</speed><sat>32</sat></trkpt>
  <trkpt lat="45.61138380" lon="2.77106564"><ele>1525.408</ele><time>2026-09-22T14:37:59Z</time><speed>0.480</speed><sat>32</sat></trkpt>
  <trkpt lat="45.61138467" lon="2.77105220"><ele>1524.735</ele><time>2026-09-22T14:38:02Z</time><speed>0.490</speed><sat>32</sat></trkpt>
  <trkpt lat="45.61138652" lon="2.77103073"><ele>1523.827</ele><time>2026-09-22T14:38:05Z</time><speed>0.580</speed><sat>32</sat></trkpt>
  <trkpt lat="45.61139321" lon="2.77100975"><ele>1523.543</ele><time>2026-09-22T14:38:08Z</time><speed>0.390</speed><sat>32</sat></trkpt>
  <trkpt lat="45.61139743" lon="2.77099398"><ele>1523.101</ele><time>2026-09-22T14:38:11Z</time><speed>0.780</speed><sat>32</sat></trkpt>
  <trkpt lat="45.61140670" lon="2.77098546"><ele>1522.566</ele><time>2026-09-22T14:38:14Z</time><speed>0.790</speed><sat>32</sat></trkpt>
  <trkpt lat="45.61141579" lon="2.77095667"><ele>1521.370</ele><time>2026-09-22T14:38:17Z</time><speed>1.050</speed><sat>32</sat></trkpt>
  <trkpt lat="45.61142401" lon="2.77093188"><ele>1520.385</ele><time>2026-09-22T14:38:20Z</time><speed>0.610</speed><sat>32</sat></trkpt>
  <trkpt lat="45.61143725" lon="2.77090550"><ele>1519.750</ele><time>2026-09-22T14:38:23Z</time><speed>0.980</speed><sat>32</sat></trkpt>
  <trkpt lat="45.61144628" lon="2.77087966"><ele>1520.459</ele><time>2026-09-22T14:38:26Z</time><speed>0.650</speed><sat>31</sat></trkpt>
  <trkpt lat="45.61143930" lon="2.77086208"><ele>1520.185</ele><time>2026-09-22T14:38:29Z</time><speed>0.520</speed><sat>33</sat></trkpt>
  <trkpt lat="45.61144977" lon="2.77084233"><ele>1519.472</ele><time>2026-09-22T14:38:32Z</time><speed>1.050</speed><sat>33</sat></trkpt>
  <trkpt lat="45.61146413" lon="2.77079929"><ele>1518.610</ele><time>2026-09-22T14:38:35Z</time><speed>1.290</speed><sat>33</sat></trkpt>
  <trkpt lat="45.61148114" lon="2.77076363"><ele>1517.532</ele><time>2026-09-22T14:38:38Z</time><speed>1.120</speed><sat>33</sat></trkpt>
  <trkpt lat="45.61149241" lon="2.77072921"><ele>1517.264</ele><time>2026-09-22T14:38:41Z</time><speed>0.980</speed><sat>33</sat></trkpt>
  <trkpt lat="45.61150338" lon="2.77069060"><ele>1516.494</ele><time>2026-09-22T14:38:44Z</time><speed>1.180</speed><sat>34</sat></trkpt>
  <trkpt lat="45.61151412" lon="2.77064902"><ele>1515.441</ele><time>2026-09-22T14:38:47Z</time><speed>1.100</speed><sat>33</sat></trkpt>
  <trkpt lat="45.61151936" lon="2.77061656"><ele>1514.345</ele><time>2026-09-22T14:38:50Z</time><speed>0.890</speed><sat>34</sat></trkpt>
  <trkpt lat="45.61153219" lon="2.77057808"><ele>1514.062</ele><time>2026-09-22T14:38:53Z</time><speed>1.050</speed><sat>34</sat></trkpt>
  <trkpt lat="45.61153763" lon="2.77053642"><ele>1513.423</ele><time>2026-09-22T14:38:56Z</time><speed>1.080</speed><sat>34</sat></trkpt>
  <trkpt lat="45.61154037" lon="2.77050034"><ele>1512.920</ele><time>2026-09-22T14:38:59Z</time><speed>0.970</speed><sat>34</sat></trkpt>
  <trkpt lat="45.61154376" lon="2.77047173"><ele>1513.066</ele><time>2026-09-22T14:39:02Z</time><speed>0.800</speed><sat>34</sat></trkpt>
  <trkpt lat="45.61154508" lon="2.77043642"><ele>1512.599</ele><time>2026-09-22T14:39:05Z</time><speed>0.930</speed><sat>34</sat></trkpt>
  <trkpt lat="45.61154553" lon="2.77040906"><ele>1512.092</ele><time>2026-09-22T14:39:08Z</time><speed>0.610</speed><sat>33</sat></trkpt>
  <trkpt lat="45.61155161" lon="2.77037986"><ele>1511.923</ele><time>2026-09-22T14:39:11Z</time><speed>0.850</speed><sat>34</sat></trkpt>
  <trkpt lat="45.61156376" lon="2.77035384"><ele>1511.097</ele><time>2026-09-22T14:39:14Z</time><speed>0.920</speed><sat>34</sat></trkpt>
  <trkpt lat="45.61157264" lon="2.77032112"><ele>1510.071</ele><time>2026-09-22T14:39:17Z</time><speed>0.800</speed><sat>34</sat></trkpt>
  <trkpt lat="45.61157598" lon="2.77029090"><ele>1509.673</ele><time>2026-09-22T14:39:20Z</time><speed>0.790</speed><sat>34</sat></trkpt>
  <trkpt lat="45.61158338" lon="2.77026280"><ele>1508.793</ele><time>2026-09-22T14:39:23Z</time><speed>0.850</speed><sat>34</sat></trkpt>
  <trkpt lat="45.61159062" lon="2.77022781"><ele>1508.754</ele><time>2026-09-22T14:39:26Z</time><speed>0.830</speed><sat>34</sat></trkpt>
  <trkpt lat="45.61160700" lon="2.77021551"><ele>1507.751</ele><time>2026-09-22T14:39:29Z</time><speed>0.830</speed><sat>34</sat></trkpt>
  <trkpt lat="45.61162840" lon="2.77019889"><ele>1507.130</ele><time>2026-09-22T14:39:32Z</time><speed>0.920</speed><sat>34</sat></trkpt>
  <trkpt lat="45.61164121" lon="2.77017621"><ele>1506.773</ele><time>2026-09-22T14:39:35Z</time><speed>0.600</speed><sat>34</sat></trkpt>
  <trkpt lat="45.61164884" lon="2.77015392"><ele>1506.197</ele><time>2026-09-22T14:39:38Z</time><speed>0.570</speed><sat>34</sat></trkpt>
  <trkpt lat="45.61165768" lon="2.77011993"><ele>1504.973</ele><time>2026-09-22T14:39:41Z</time><speed>0.800</speed><sat>34</sat></trkpt>
  <trkpt lat="45.61165371" lon="2.77008652"><ele>1504.235</ele><time>2026-09-22T14:39:44Z</time><speed>0.690</speed><sat>34</sat></trkpt>
  <trkpt lat="45.61166469" lon="2.77006221"><ele>1503.276</ele><time>2026-09-22T14:39:47Z</time><speed>0.960</speed><sat>34</sat></trkpt>
  <trkpt lat="45.61167052" lon="2.77003710"><ele>1502.768</ele><time>2026-09-22T14:39:50Z</time><speed>0.880</speed><sat>34</sat></trkpt>
  <trkpt lat="45.61167670" lon="2.77001201"><ele>1502.263</ele><time>2026-09-22T14:39:53Z</time><speed>0.770</speed><sat>34</sat></trkpt>
  <trkpt lat="45.61168208" lon="2.76998490"><ele>1501.364</ele><time>2026-09-22T14:39:56Z</time><speed>0.590</speed><sat>34</sat></trkpt>
  <trkpt lat="45.61168659" lon="2.76996185"><ele>1500.302</ele><time>2026-09-22T14:39:59Z</time><speed>0.820</speed><sat>34</sat></trkpt>
  <trkpt lat="45.61169499" lon="2.76994304"><ele>1499.551</ele><time>2026-09-22T14:40:02Z</time><speed>0.480</speed><sat>34</sat></trkpt>
  <trkpt lat="45.61170680" lon="2.76992203"><ele>1499.105</ele><time>2026-09-22T14:40:05Z</time><speed>0.520</speed><sat>33</sat></trkpt>
  <trkpt lat="45.61171699" lon="2.76989921"><ele>1498.973</ele><time>2026-09-22T14:40:08Z</time><speed>0.850</speed><sat>33</sat></trkpt>
  <trkpt lat="45.61172225" lon="2.76986347"><ele>1498.751</ele><time>2026-09-22T14:40:11Z</time><speed>1.010</speed><sat>33</sat></trkpt>
  <trkpt lat="45.61172725" lon="2.76983083"><ele>1498.266</ele><time>2026-09-22T14:40:14Z</time><speed>0.930</speed><sat>34</sat></trkpt>
  <trkpt lat="45.61173647" lon="2.76979063"><ele>1497.623</ele><time>2026-09-22T14:40:17Z</time><speed>1.240</speed><sat>34</sat></trkpt>
  <trkpt lat="45.61174605" lon="2.76975094"><ele>1497.149</ele><time>2026-09-22T14:40:20Z</time><speed>1.140</speed><sat>35</sat></trkpt>
  <trkpt lat="45.61175347" lon="2.76971647"><ele>1496.586</ele><time>2026-09-22T14:40:23Z</time><speed>0.800</speed><sat>35</sat></trkpt>
  <trkpt lat="45.61176096" lon="2.76967207"><ele>1495.685</ele><time>2026-09-22T14:40:26Z</time><speed>1.130</speed><sat>35</sat></trkpt>
  <trkpt lat="45.61176888" lon="2.76963647"><ele>1495.548</ele><time>2026-09-22T14:40:29Z</time><speed>1.030</speed><sat>35</sat></trkpt>
  <trkpt lat="45.61177342" lon="2.76959327"><ele>1495.590</ele><time>2026-09-22T14:40:32Z</time><speed>1.170</speed><sat>35</sat></trkpt>
  <trkpt lat="45.61178199" lon="2.76954878"><ele>1494.550</ele><time>2026-09-22T14:40:35Z</time><speed>1.230</speed><sat>35</sat></trkpt>
  <trkpt lat="45.61178501" lon="2.76950572"><ele>1493.658</ele><time>2026-09-22T14:40:38Z</time><speed>1.000</speed><sat>35</sat></trkpt>
  <trkpt lat="45.61179220" lon="2.76946985"><ele>1493.003</ele><time>2026-09-22T14:40:41Z</time><speed>0.850</speed><sat>35</sat></trkpt>
  <trkpt lat="45.61180077" lon="2.76943679"><ele>1492.961</ele><time>2026-09-22T14:40:44Z</time><speed>0.910</speed><sat>35</sat></trkpt>
  <trkpt lat="45.61181847" lon="2.76940627"><ele>1493.831</ele><time>2026-09-22T14:40:47Z</time><speed>1.030</speed><sat>35</sat></trkpt>
  <trkpt lat="45.61183132" lon="2.76937516"><ele>1493.521</ele><time>2026-09-22T14:40:50Z</time><speed>1.100</speed><sat>35</sat></trkpt>
  <trkpt lat="45.61183526" lon="2.76934554"><ele>1493.289</ele><time>2026-09-22T14:40:53Z</time><speed>1.030</speed><sat>35</sat></trkpt>
  <trkpt lat="45.61183500" lon="2.76931589"><ele>1492.004</ele><time>2026-09-22T14:40:56Z</time><speed>0.950</speed><sat>35</sat></trkpt>
  <trkpt lat="45.61183751" lon="2.76927807"><ele>1490.522</ele><time>2026-09-22T14:40:59Z</time><speed>1.110</speed><sat>35</sat></trkpt>
  <trkpt lat="45.61183939" lon="2.76924392"><ele>1489.926</ele><time>2026-09-22T14:41:02Z</time><speed>0.760</speed><sat>35</sat></trkpt>
  <trkpt lat="45.61184177" lon="2.76920589"><ele>1489.526</ele><time>2026-09-22T14:41:05Z</time><speed>1.010</speed><sat>34</sat></trkpt>
  <trkpt lat="45.61184715" lon="2.76915794"><ele>1488.933</ele><time>2026-09-22T14:41:08Z</time><speed>1.380</speed><sat>34</sat></trkpt>
  <trkpt lat="45.61185234" lon="2.76911870"><ele>1488.541</ele><time>2026-09-22T14:41:11Z</time><speed>1.140</speed><sat>34</sat></trkpt>
  <trkpt lat="45.61185676" lon="2.76908351"><ele>1487.791</ele><time>2026-09-22T14:41:14Z</time><speed>0.890</speed><sat>34</sat></trkpt>
  <trkpt lat="45.61186135" lon="2.76903989"><ele>1487.156</ele><time>2026-09-22T14:41:17Z</time><speed>1.080</speed><sat>34</sat></trkpt>
  <trkpt lat="45.61186491" lon="2.76900617"><ele>1486.555</ele><time>2026-09-22T14:41:20Z</time><speed>0.870</speed><sat>34</sat></trkpt>
  <trkpt lat="45.61187002" lon="2.76896310"><ele>1486.171</ele><time>2026-09-22T14:41:23Z</time><speed>1.290</speed><sat>34</sat></trkpt>
  <trkpt lat="45.61187205" lon="2.76892168"><ele>1485.320</ele><time>2026-09-22T14:41:26Z</time><speed>0.990</speed><sat>34</sat></trkpt>
  <trkpt lat="45.61188103" lon="2.76888523"><ele>1484.528</ele><time>2026-09-22T14:41:29Z</time><speed>0.990</speed><sat>34</sat></trkpt>
  <trkpt lat="45.61188574" lon="2.76884788"><ele>1484.282</ele><time>2026-09-22T14:41:32Z</time><speed>1.120</speed><sat>34</sat></trkpt>
  <trkpt lat="45.61188715" lon="2.76880859"><ele>1484.102</ele><time>2026-09-22T14:41:35Z</time><speed>0.950</speed><sat>34</sat></trkpt>
  <trkpt lat="45.61189246" lon="2.76877047"><ele>1483.217</ele><time>2026-09-22T14:41:38Z</time><speed>1.090</speed><sat>34</sat></trkpt>
  <trkpt lat="45.61189767" lon="2.76873908"><ele>1482.712</ele><time>2026-09-22T14:41:41Z</time><speed>0.900</speed><sat>34</sat></trkpt>
  <trkpt lat="45.61189756" lon="2.76869898"><ele>1481.780</ele><time>2026-09-22T14:41:44Z</time><speed>0.910</speed><sat>34</sat></trkpt>
  <trkpt lat="45.61190398" lon="2.76866329"><ele>1481.129</ele><time>2026-09-22T14:41:47Z</time><speed>0.990</speed><sat>34</sat></trkpt>
  <trkpt lat="45.61190930" lon="2.76862057"><ele>1480.707</ele><time>2026-09-22T14:41:50Z</time><speed>1.150</speed><sat>34</sat></trkpt>
  <trkpt lat="45.61191622" lon="2.76858136"><ele>1480.135</ele><time>2026-09-22T14:41:53Z</time><speed>1.030</speed><sat>34</sat></trkpt>
  <trkpt lat="45.61191836" lon="2.76854157"><ele>1479.743</ele><time>2026-09-22T14:41:56Z</time><speed>1.000</speed><sat>34</sat></trkpt>
  <trkpt lat="45.61192166" lon="2.76849382"><ele>1479.230</ele><time>2026-09-22T14:41:59Z</time><speed>1.230</speed><sat>34</sat></trkpt>
  <trkpt lat="45.61192617" lon="2.76845521"><ele>1478.743</ele><time>2026-09-22T14:42:02Z</time><speed>1.030</speed><sat>34</sat></trkpt>
  <trkpt lat="45.61193012" lon="2.76841545"><ele>1478.501</ele><time>2026-09-22T14:42:05Z</time><speed>1.050</speed><sat>34</sat></trkpt>
  <trkpt lat="45.61193945" lon="2.76837910"><ele>1478.334</ele><time>2026-09-22T14:42:08Z</time><speed>0.980</speed><sat>33</sat></trkpt>
  <trkpt lat="45.61194219" lon="2.76834240"><ele>1477.861</ele><time>2026-09-22T14:42:11Z</time><speed>0.870</speed><sat>34</sat></trkpt>
  <trkpt lat="45.61194329" lon="2.76830351"><ele>1476.827</ele><time>2026-09-22T14:42:14Z</time><speed>1.110</speed><sat>34</sat></trkpt>
  <trkpt lat="45.61194471" lon="2.76826531"><ele>1476.244</ele><time>2026-09-22T14:42:17Z</time><speed>0.960</speed><sat>34</sat></trkpt>
  <trkpt lat="45.61194767" lon="2.76823026"><ele>1475.326</ele><time>2026-09-22T14:42:20Z</time><speed>1.070</speed><sat>34</sat></trkpt>
  <trkpt lat="45.61195288" lon="2.76818574"><ele>1474.983</ele><time>2026-09-22T14:42:23Z</time><speed>1.230</speed><sat>34</sat></trkpt>
  <trkpt lat="45.61195228" lon="2.76815363"><ele>1474.088</ele><time>2026-09-22T14:42:26Z</time><speed>0.750</speed><sat>34</sat></trkpt>
  <trkpt lat="45.61195659" lon="2.76811369"><ele>1473.399</ele><time>2026-09-22T14:42:29Z</time><speed>1.150</speed><sat>34</sat></trkpt>
  <trkpt lat="45.61196468" lon="2.76807942"><ele>1472.877</ele><time>2026-09-22T14:42:32Z</time><speed>0.880</speed><sat>34</sat></trkpt>
  <trkpt lat="45.61196957" lon="2.76804456"><ele>1472.777</ele><time>2026-09-22T14:42:35Z</time><speed>1.030</speed><sat>34</sat></trkpt>
  <trkpt lat="45.61197361" lon="2.76800695"><ele>1472.658</ele><time>2026-09-22T14:42:38Z</time><speed>1.010</speed><sat>34</sat></trkpt>
  <trkpt lat="45.61197458" lon="2.76796210"><ele>1471.505</ele><time>2026-09-22T14:42:41Z</time><speed>1.290</speed><sat>34</sat></trkpt>
  <trkpt lat="45.61197843" lon="2.76792211"><ele>1470.476</ele><time>2026-09-22T14:42:44Z</time><speed>1.050</speed><sat>34</sat></trkpt>
  <trkpt lat="45.61197794" lon="2.76788698"><ele>1469.642</ele><time>2026-09-22T14:42:47Z</time><speed>0.940</speed><sat>34</sat></trkpt>
  <trkpt lat="45.61198068" lon="2.76784318"><ele>1469.275</ele><time>2026-09-22T14:42:50Z</time><speed>1.110</speed><sat>34</sat></trkpt>
  <trkpt lat="45.61198776" lon="2.76780581"><ele>1468.713</ele><time>2026-09-22T14:42:53Z</time><speed>0.910</speed><sat>34</sat></trkpt>
  <trkpt lat="45.61199694" lon="2.76777171"><ele>1468.824</ele><time>2026-09-22T14:42:56Z</time><speed>1.050</speed><sat>34</sat></trkpt>
  <trkpt lat="45.61199621" lon="2.76773658"><ele>1468.368</ele><time>2026-09-22T14:42:59Z</time><speed>0.900</speed><sat>34</sat></trkpt>
  <trkpt lat="45.61199683" lon="2.76769848"><ele>1467.667</ele><time>2026-09-22T14:43:02Z</time><speed>1.090</speed><sat>34</sat></trkpt>
  <trkpt lat="45.61199238" lon="2.76766551"><ele>1467.019</ele><time>2026-09-22T14:43:05Z</time><speed>0.910</speed><sat>33</sat></trkpt>
  <trkpt lat="45.61198776" lon="2.76763176"><ele>1466.194</ele><time>2026-09-22T14:43:08Z</time><speed>0.940</speed><sat>33</sat></trkpt>
  <trkpt lat="45.61197886" lon="2.76760164"><ele>1465.310</ele><time>2026-09-22T14:43:11Z</time><speed>0.980</speed><sat>33</sat></trkpt>
  <trkpt lat="45.61197603" lon="2.76756809"><ele>1464.420</ele><time>2026-09-22T14:43:14Z</time><speed>0.800</speed><sat>33</sat></trkpt>
  <trkpt lat="45.61197565" lon="2.76753910"><ele>1463.349</ele><time>2026-09-22T14:43:17Z</time><speed>0.730</speed><sat>33</sat></trkpt>
  <trkpt lat="45.61197856" lon="2.76750571"><ele>1462.785</ele><time>2026-09-22T14:43:20Z</time><speed>1.060</speed><sat>33</sat></trkpt>
  <trkpt lat="45.61197485" lon="2.76747198"><ele>1462.450</ele><time>2026-09-22T14:43:23Z</time><speed>1.020</speed><sat>33</sat></trkpt>
  <trkpt lat="45.61197408" lon="2.76743959"><ele>1462.131</ele><time>2026-09-22T14:43:26Z</time><speed>0.800</speed><sat>33</sat></trkpt>
  <trkpt lat="45.61197043" lon="2.76740791"><ele>1461.723</ele><time>2026-09-22T14:43:29Z</time><speed>0.890</speed><sat>33</sat></trkpt>
  <trkpt lat="45.61196051" lon="2.76737045"><ele>1460.926</ele><time>2026-09-22T14:43:32Z</time><speed>0.920</speed><sat>33</sat></trkpt>
  <trkpt lat="45.61195399" lon="2.76733491"><ele>1460.056</ele><time>2026-09-22T14:43:35Z</time><speed>1.020</speed><sat>33</sat></trkpt>
  <trkpt lat="45.61194973" lon="2.76729793"><ele>1459.988</ele><time>2026-09-22T14:43:38Z</time><speed>1.000</speed><sat>32</sat></trkpt>
  <trkpt lat="45.61194508" lon="2.76726555"><ele>1459.507</ele><time>2026-09-22T14:43:41Z</time><speed>0.760</speed><sat>33</sat></trkpt>
  <trkpt lat="45.61193808" lon="2.76722121"><ele>1458.937</ele><time>2026-09-22T14:43:44Z</time><speed>1.270</speed><sat>32</sat></trkpt>
  <trkpt lat="45.61193036" lon="2.76718192"><ele>1458.265</ele><time>2026-09-22T14:43:47Z</time><speed>1.200</speed><sat>33</sat></trkpt>
  <trkpt lat="45.61192575" lon="2.76715010"><ele>1457.445</ele><time>2026-09-22T14:43:50Z</time><speed>0.890</speed><sat>33</sat></trkpt>
  <trkpt lat="45.61191967" lon="2.76711311"><ele>1456.714</ele><time>2026-09-22T14:43:53Z</time><speed>0.940</speed><sat>34</sat></trkpt>
  <trkpt lat="45.61190691" lon="2.76708355"><ele>1455.959</ele><time>2026-09-22T14:43:56Z</time><speed>0.790</speed><sat>34</sat></trkpt>
  <trkpt lat="45.61189637" lon="2.76704518"><ele>1455.445</ele><time>2026-09-22T14:43:59Z</time><speed>1.050</speed><sat>34</sat></trkpt>
  <trkpt lat="45.61188976" lon="2.76700901"><ele>1455.201</ele><time>2026-09-22T14:44:02Z</time><speed>1.010</speed><sat>35</sat></trkpt>
  <trkpt lat="45.61188265" lon="2.76697650"><ele>1454.676</ele><time>2026-09-22T14:44:05Z</time><speed>0.970</speed><sat>35</sat></trkpt>
  <trkpt lat="45.61187335" lon="2.76693421"><ele>1454.570</ele><time>2026-09-22T14:44:08Z</time><speed>1.340</speed><sat>35</sat></trkpt>
  <trkpt lat="45.61186076" lon="2.76689435"><ele>1453.954</ele><time>2026-09-22T14:44:11Z</time><speed>1.160</speed><sat>35</sat></trkpt>
  <trkpt lat="45.61184709" lon="2.76685205"><ele>1453.179</ele><time>2026-09-22T14:44:14Z</time><speed>1.140</speed><sat>35</sat></trkpt>
  <trkpt lat="45.61183695" lon="2.76680839"><ele>1453.294</ele><time>2026-09-22T14:44:17Z</time><speed>1.120</speed><sat>35</sat></trkpt>
  <trkpt lat="45.61182300" lon="2.76675723"><ele>1452.879</ele><time>2026-09-22T14:44:20Z</time><speed>1.270</speed><sat>35</sat></trkpt>
  <trkpt lat="45.61181171" lon="2.76671384"><ele>1452.042</ele><time>2026-09-22T14:44:23Z</time><speed>1.080</speed><sat>35</sat></trkpt>
  <trkpt lat="45.61179772" lon="2.76666402"><ele>1452.076</ele><time>2026-09-22T14:44:26Z</time><speed>1.280</speed><sat>35</sat></trkpt>
  <trkpt lat="45.61178401" lon="2.76662755"><ele>1451.571</ele><time>2026-09-22T14:44:29Z</time><speed>1.070</speed><sat>35</sat></trkpt>
  <trkpt lat="45.61177295" lon="2.76658677"><ele>1451.017</ele><time>2026-09-22T14:44:32Z</time><speed>1.000</speed><sat>35</sat></trkpt>
  <trkpt lat="45.61176462" lon="2.76654328"><ele>1451.568</ele><time>2026-09-22T14:44:35Z</time><speed>1.170</speed><sat>35</sat></trkpt>
  <trkpt lat="45.61175374" lon="2.76648904"><ele>1451.585</ele><time>2026-09-22T14:44:38Z</time><speed>1.300</speed><sat>35</sat></trkpt>
  <trkpt lat="45.61174419" lon="2.76644190"><ele>1451.905</ele><time>2026-09-22T14:44:41Z</time><speed>1.350</speed><sat>35</sat></trkpt>
  <trkpt lat="45.61173576" lon="2.76639427"><ele>1451.339</ele><time>2026-09-22T14:44:44Z</time><speed>1.180</speed><sat>35</sat></trkpt>
  <trkpt lat="45.61172453" lon="2.76634682"><ele>1450.479</ele><time>2026-09-22T14:44:47Z</time><speed>1.170</speed><sat>35</sat></trkpt>
  <trkpt lat="45.61171563" lon="2.76629120"><ele>1450.719</ele><time>2026-09-22T14:44:50Z</time><speed>1.440</speed><sat>35</sat></trkpt>
  <trkpt lat="45.61170281" lon="2.76623967"><ele>1450.124</ele><time>2026-09-22T14:44:53Z</time><speed>1.170</speed><sat>35</sat></trkpt>
  <trkpt lat="45.61169480" lon="2.76619424"><ele>1449.467</ele><time>2026-09-22T14:44:56Z</time><speed>1.110</speed><sat>35</sat></trkpt>
  <trkpt lat="45.61169090" lon="2.76614394"><ele>1449.219</ele><time>2026-09-22T14:44:59Z</time><speed>1.280</speed><sat>35</sat></trkpt>
  <trkpt lat="45.61169124" lon="2.76610587"><ele>1448.887</ele><time>2026-09-22T14:45:02Z</time><speed>1.010</speed><sat>35</sat></trkpt>
  <trkpt lat="45.61168601" lon="2.76606532"><ele>1448.292</ele><time>2026-09-22T14:45:05Z</time><speed>1.040</speed><sat>35</sat></trkpt>
  <trkpt lat="45.61167346" lon="2.76604008"><ele>1447.591</ele><time>2026-09-22T14:45:08Z</time><speed>0.670</speed><sat>34</sat></trkpt>
  <trkpt lat="45.61167503" lon="2.76599955"><ele>1447.334</ele><time>2026-09-22T14:45:11Z</time><speed>1.040</speed><sat>35</sat></trkpt>
  <trkpt lat="45.61167508" lon="2.76596621"><ele>1446.840</ele><time>2026-09-22T14:45:14Z</time><speed>0.930</speed><sat>35</sat></trkpt>
  <trkpt lat="45.61167703" lon="2.76592629"><ele>1446.191</ele><time>2026-09-22T14:45:17Z</time><speed>1.180</speed><sat>35</sat></trkpt>
  <trkpt lat="45.61166673" lon="2.76589118"><ele>1445.873</ele><time>2026-09-22T14:45:20Z</time><speed>0.960</speed><sat>35</sat></trkpt>
  <trkpt lat="45.61165086" lon="2.76586234"><ele>1445.491</ele><time>2026-09-22T14:45:23Z</time><speed>1.090</speed><sat>35</sat></trkpt>
  <trkpt lat="45.61163831" lon="2.76582738"><ele>1444.891</ele><time>2026-09-22T14:45:26Z</time><speed>0.970</speed><sat>34</sat></trkpt>
  <trkpt lat="45.61163439" lon="2.76579391"><ele>1444.746</ele><time>2026-09-22T14:45:29Z</time><speed>0.820</speed><sat>34</sat></trkpt>
  <trkpt lat="45.61163295" lon="2.76576537"><ele>1444.253</ele><time>2026-09-22T14:45:32Z</time><speed>1.030</speed><sat>34</sat></trkpt>
  <trkpt lat="45.61161957" lon="2.76573851"><ele>1443.296</ele><time>2026-09-22T14:45:35Z</time><speed>0.790</speed><sat>34</sat></trkpt>
  <trkpt lat="45.61160960" lon="2.76570653"><ele>1443.050</ele><time>2026-09-22T14:45:38Z</time><speed>0.870</speed><sat>34</sat></trkpt>
  <trkpt lat="45.61160141" lon="2.76567270"><ele>1442.498</ele><time>2026-09-22T14:45:41Z</time><speed>0.890</speed><sat>34</sat></trkpt>
  <trkpt lat="45.61158954" lon="2.76564121"><ele>1442.300</ele><time>2026-09-22T14:45:44Z</time><speed>0.890</speed><sat>33</sat></trkpt>
  <trkpt lat="45.61157812" lon="2.76561038"><ele>1441.983</ele><time>2026-09-22T14:45:47Z</time><speed>0.930</speed><sat>34</sat></trkpt>
  <trkpt lat="45.61156444" lon="2.76558119"><ele>1441.314</ele><time>2026-09-22T14:45:50Z</time><speed>0.760</speed><sat>34</sat></trkpt>
  <trkpt lat="45.61155010" lon="2.76554623"><ele>1441.018</ele><time>2026-09-22T14:45:53Z</time><speed>1.180</speed><sat>34</sat></trkpt>
  <trkpt lat="45.61153553" lon="2.76551066"><ele>1440.911</ele><time>2026-09-22T14:45:56Z</time><speed>1.150</speed><sat>34</sat></trkpt>
  <trkpt lat="45.61151076" lon="2.76547678"><ele>1440.582</ele><time>2026-09-22T14:45:59Z</time><speed>1.240</speed><sat>35</sat></trkpt>
  <trkpt lat="45.61148464" lon="2.76544659"><ele>1439.777</ele><time>2026-09-22T14:46:02Z</time><speed>1.190</speed><sat>34</sat></trkpt>
  <trkpt lat="45.61146137" lon="2.76541695"><ele>1439.396</ele><time>2026-09-22T14:46:05Z</time><speed>1.160</speed><sat>35</sat></trkpt>
  <trkpt lat="45.61143523" lon="2.76538430"><ele>1439.277</ele><time>2026-09-22T14:46:08Z</time><speed>1.110</speed><sat>35</sat></trkpt>
  <trkpt lat="45.61140474" lon="2.76535400"><ele>1438.661</ele><time>2026-09-22T14:46:11Z</time><speed>1.240</speed><sat>35</sat></trkpt>
  <trkpt lat="45.61138145" lon="2.76533164"><ele>1438.019</ele><time>2026-09-22T14:46:14Z</time><speed>0.930</speed><sat>35</sat></trkpt>
  <trkpt lat="45.61135894" lon="2.76530979"><ele>1437.491</ele><time>2026-09-22T14:46:17Z</time><speed>0.910</speed><sat>35</sat></trkpt>
  <trkpt lat="45.61135653" lon="2.76530451"><ele>1437.398</ele><time>2026-09-22T14:46:20Z</time><speed>0.000</speed><sat>34</sat></trkpt>
  <trkpt lat="45.61135650" lon="2.76530380"><ele>1437.418</ele><time>2026-09-22T14:46:23Z</time><speed>0.000</speed><sat>35</sat></trkpt>
  <trkpt lat="45.61135641" lon="2.76530339"><ele>1437.450</ele><time>2026-09-22T14:46:26Z</time><speed>0.000</speed><sat>35</sat></trkpt>
  <trkpt lat="45.61135527" lon="2.76530115"><ele>1437.514</ele><time>2026-09-22T14:46:29Z</time><speed>0.220</speed><sat>35</sat></trkpt>
  <trkpt lat="45.61134549" lon="2.76527793"><ele>1436.810</ele><time>2026-09-22T14:46:32Z</time><speed>0.960</speed><sat>35</sat></trkpt>
  <trkpt lat="45.61133418" lon="2.76524873"><ele>1437.519</ele><time>2026-09-22T14:46:35Z</time><speed>0.900</speed><sat>35</sat></trkpt>
  <trkpt lat="45.61132278" lon="2.76522235"><ele>1437.136</ele><time>2026-09-22T14:46:38Z</time><speed>0.960</speed><sat>35</sat></trkpt>
  <trkpt lat="45.61130954" lon="2.76519372"><ele>1436.901</ele><time>2026-09-22T14:46:41Z</time><speed>0.750</speed><sat>35</sat></trkpt>
  <trkpt lat="45.61129797" lon="2.76515741"><ele>1437.287</ele><time>2026-09-22T14:46:44Z</time><speed>0.910</speed><sat>35</sat></trkpt>
  <trkpt lat="45.61128788" lon="2.76512256"><ele>1438.756</ele><time>2026-09-22T14:46:47Z</time><speed>0.900</speed><sat>34</sat></trkpt>
  <trkpt lat="45.61126984" lon="2.76508790"><ele>1438.204</ele><time>2026-09-22T14:46:50Z</time><speed>1.020</speed><sat>31</sat></trkpt>
  <trkpt lat="45.61125469" lon="2.76504994"><ele>1438.536</ele><time>2026-09-22T14:46:53Z</time><speed>0.970</speed><sat>31</sat></trkpt>
  <trkpt lat="45.61123780" lon="2.76501929"><ele>1437.722</ele><time>2026-09-22T14:46:56Z</time><speed>1.080</speed><sat>32</sat></trkpt>
  <trkpt lat="45.61122651" lon="2.76498904"><ele>1437.626</ele><time>2026-09-22T14:46:59Z</time><speed>1.010</speed><sat>33</sat></trkpt>
  <trkpt lat="45.61121185" lon="2.76496056"><ele>1437.283</ele><time>2026-09-22T14:47:02Z</time><speed>0.680</speed><sat>32</sat></trkpt>
  <trkpt lat="45.61120228" lon="2.76492522"><ele>1438.117</ele><time>2026-09-22T14:47:05Z</time><speed>0.930</speed><sat>31</sat></trkpt>
  <trkpt lat="45.61118797" lon="2.76489754"><ele>1437.663</ele><time>2026-09-22T14:47:08Z</time><speed>0.830</speed><sat>31</sat></trkpt>
  <trkpt lat="45.61117094" lon="2.76487848"><ele>1437.077</ele><time>2026-09-22T14:47:11Z</time><speed>0.940</speed><sat>32</sat></trkpt>
  <trkpt lat="45.61116574" lon="2.76487070"><ele>1437.318</ele><time>2026-09-22T14:47:14Z</time><speed>0.000</speed><sat>33</sat></trkpt>
  <trkpt lat="45.61114063" lon="2.76484228"><ele>1435.893</ele><time>2026-09-22T14:47:17Z</time><speed>1.100</speed><sat>32</sat></trkpt>
  <trkpt lat="45.61111959" lon="2.76482018"><ele>1433.699</ele><time>2026-09-22T14:47:20Z</time><speed>0.710</speed><sat>32</sat></trkpt>
  <trkpt lat="45.61110854" lon="2.76480870"><ele>1432.731</ele><time>2026-09-22T14:47:23Z</time><speed>0.000</speed><sat>33</sat></trkpt>
  <trkpt lat="45.61109924" lon="2.76477951"><ele>1432.822</ele><time>2026-09-22T14:47:26Z</time><speed>0.840</speed><sat>34</sat></trkpt>
  <trkpt lat="45.61108918" lon="2.76475150"><ele>1432.866</ele><time>2026-09-22T14:47:29Z</time><speed>0.870</speed><sat>34</sat></trkpt>
  <trkpt lat="45.61108046" lon="2.76471675"><ele>1433.622</ele><time>2026-09-22T14:47:32Z</time><speed>1.030</speed><sat>34</sat></trkpt>
  <trkpt lat="45.61106902" lon="2.76468636"><ele>1435.181</ele><time>2026-09-22T14:47:35Z</time><speed>1.010</speed><sat>33</sat></trkpt>
  <trkpt lat="45.61105640" lon="2.76464895"><ele>1436.499</ele><time>2026-09-22T14:47:38Z</time><speed>1.050</speed><sat>33</sat></trkpt>
  <trkpt lat="45.61103884" lon="2.76462347"><ele>1436.467</ele><time>2026-09-22T14:47:41Z</time><speed>0.860</speed><sat>34</sat></trkpt>
  <trkpt lat="45.61102072" lon="2.76459657"><ele>1436.272</ele><time>2026-09-22T14:47:44Z</time><speed>0.840</speed><sat>32</sat></trkpt>
  <trkpt lat="45.61100379" lon="2.76456696"><ele>1437.642</ele><time>2026-09-22T14:47:47Z</time><speed>0.890</speed><sat>32</sat></trkpt>
  <trkpt lat="45.61098109" lon="2.76454241"><ele>1437.062</ele><time>2026-09-22T14:47:50Z</time><speed>1.070</speed><sat>31</sat></trkpt>
  <trkpt lat="45.61096055" lon="2.76451568"><ele>1436.725</ele><time>2026-09-22T14:47:53Z</time><speed>0.860</speed><sat>32</sat></trkpt>
  <trkpt lat="45.61093961" lon="2.76448267"><ele>1436.690</ele><time>2026-09-22T14:47:56Z</time><speed>0.920</speed><sat>32</sat></trkpt>
  <trkpt lat="45.61092897" lon="2.76444947"><ele>1438.613</ele><time>2026-09-22T14:47:59Z</time><speed>0.950</speed><sat>33</sat></trkpt>
  <trkpt lat="45.61091161" lon="2.76441853"><ele>1437.013</ele><time>2026-09-22T14:48:02Z</time><speed>0.950</speed><sat>33</sat></trkpt>
  <trkpt lat="45.61089277" lon="2.76438826"><ele>1436.591</ele><time>2026-09-22T14:48:05Z</time><speed>1.090</speed><sat>32</sat></trkpt>
  <trkpt lat="45.61088074" lon="2.76434869"><ele>1438.247</ele><time>2026-09-22T14:48:08Z</time><speed>1.200</speed><sat>34</sat></trkpt>
  <trkpt lat="45.61086133" lon="2.76431583"><ele>1438.541</ele><time>2026-09-22T14:48:11Z</time><speed>0.900</speed><sat>33</sat></trkpt>
  <trkpt lat="45.61083569" lon="2.76427837"><ele>1438.117</ele><time>2026-09-22T14:48:14Z</time><speed>1.010</speed><sat>34</sat></trkpt>
  <trkpt lat="45.61082027" lon="2.76423558"><ele>1437.973</ele><time>2026-09-22T14:48:17Z</time><speed>0.990</speed><sat>33</sat></trkpt>
  <trkpt lat="45.61080154" lon="2.76419702"><ele>1437.559</ele><time>2026-09-22T14:48:20Z</time><speed>1.100</speed><sat>33</sat></trkpt>
  <trkpt lat="45.61078603" lon="2.76415654"><ele>1438.262</ele><time>2026-09-22T14:48:23Z</time><speed>1.060</speed><sat>33</sat></trkpt>
  <trkpt lat="45.61076140" lon="2.76411753"><ele>1437.703</ele><time>2026-09-22T14:48:26Z</time><speed>1.190</speed><sat>34</sat></trkpt>
  <trkpt lat="45.61073950" lon="2.76407890"><ele>1436.999</ele><time>2026-09-22T14:48:29Z</time><speed>1.050</speed><sat>35</sat></trkpt>
  <trkpt lat="45.61071401" lon="2.76403933"><ele>1435.764</ele><time>2026-09-22T14:48:32Z</time><speed>1.150</speed><sat>35</sat></trkpt>
  <trkpt lat="45.61069311" lon="2.76399588"><ele>1435.008</ele><time>2026-09-22T14:48:35Z</time><speed>1.230</speed><sat>35</sat></trkpt>
  <trkpt lat="45.61066853" lon="2.76396056"><ele>1434.459</ele><time>2026-09-22T14:48:38Z</time><speed>1.060</speed><sat>35</sat></trkpt>
  <trkpt lat="45.61064640" lon="2.76391930"><ele>1433.581</ele><time>2026-09-22T14:48:41Z</time><speed>1.080</speed><sat>35</sat></trkpt>
  <trkpt lat="45.61061928" lon="2.76388519"><ele>1432.840</ele><time>2026-09-22T14:48:44Z</time><speed>1.040</speed><sat>35</sat></trkpt>
  <trkpt lat="45.61059715" lon="2.76384696"><ele>1432.617</ele><time>2026-09-22T14:48:47Z</time><speed>1.080</speed><sat>36</sat></trkpt>
  <trkpt lat="45.61057252" lon="2.76380750"><ele>1432.479</ele><time>2026-09-22T14:48:50Z</time><speed>1.180</speed><sat>36</sat></trkpt>
  <trkpt lat="45.61054580" lon="2.76377321"><ele>1431.134</ele><time>2026-09-22T14:48:53Z</time><speed>1.070</speed><sat>36</sat></trkpt>
  <trkpt lat="45.61051888" lon="2.76374020"><ele>1431.173</ele><time>2026-09-22T14:48:56Z</time><speed>1.050</speed><sat>36</sat></trkpt>
  <trkpt lat="45.61049427" lon="2.76370334"><ele>1431.172</ele><time>2026-09-22T14:48:59Z</time><speed>1.120</speed><sat>36</sat></trkpt>
  <trkpt lat="45.61046536" lon="2.76366888"><ele>1430.604</ele><time>2026-09-22T14:49:02Z</time><speed>1.050</speed><sat>36</sat></trkpt>
  <trkpt lat="45.61043839" lon="2.76363459"><ele>1430.856</ele><time>2026-09-22T14:49:05Z</time><speed>1.150</speed><sat>36</sat></trkpt>
  <trkpt lat="45.61041486" lon="2.76360130"><ele>1429.821</ele><time>2026-09-22T14:49:08Z</time><speed>1.090</speed><sat>36</sat></trkpt>
  <trkpt lat="45.61039250" lon="2.76356406"><ele>1429.582</ele><time>2026-09-22T14:49:11Z</time><speed>1.170</speed><sat>36</sat></trkpt>
  <trkpt lat="45.61037079" lon="2.76352439"><ele>1429.684</ele><time>2026-09-22T14:49:14Z</time><speed>1.070</speed><sat>36</sat></trkpt>
  <trkpt lat="45.61034112" lon="2.76349307"><ele>1428.455</ele><time>2026-09-22T14:49:17Z</time><speed>1.130</speed><sat>35</sat></trkpt>
  <trkpt lat="45.61031292" lon="2.76346079"><ele>1427.644</ele><time>2026-09-22T14:49:20Z</time><speed>1.040</speed><sat>35</sat></trkpt>
  <trkpt lat="45.61028998" lon="2.76342186"><ele>1427.132</ele><time>2026-09-22T14:49:23Z</time><speed>1.060</speed><sat>35</sat></trkpt>
  <trkpt lat="45.61026282" lon="2.76338383"><ele>1427.242</ele><time>2026-09-22T14:49:26Z</time><speed>1.090</speed><sat>35</sat></trkpt>
  <trkpt lat="45.61023485" lon="2.76334903"><ele>1426.972</ele><time>2026-09-22T14:49:29Z</time><speed>1.090</speed><sat>36</sat></trkpt>
  <trkpt lat="45.61021219" lon="2.76331596"><ele>1426.588</ele><time>2026-09-22T14:49:32Z</time><speed>1.060</speed><sat>36</sat></trkpt>
  <trkpt lat="45.61018624" lon="2.76328421"><ele>1426.581</ele><time>2026-09-22T14:49:35Z</time><speed>1.250</speed><sat>36</sat></trkpt>
  <trkpt lat="45.61016206" lon="2.76325413"><ele>1426.594</ele><time>2026-09-22T14:49:38Z</time><speed>1.260</speed><sat>36</sat></trkpt>
  <trkpt lat="45.61013768" lon="2.76322341"><ele>1426.115</ele><time>2026-09-22T14:49:41Z</time><speed>1.070</speed><sat>36</sat></trkpt>
  <trkpt lat="45.61011272" lon="2.76319081"><ele>1426.453</ele><time>2026-09-22T14:49:44Z</time><speed>1.030</speed><sat>36</sat></trkpt>
  <trkpt lat="45.61009325" lon="2.76315562"><ele>1426.680</ele><time>2026-09-22T14:49:47Z</time><speed>1.140</speed><sat>36</sat></trkpt>
  <trkpt lat="45.61007400" lon="2.76311546"><ele>1426.386</ele><time>2026-09-22T14:49:50Z</time><speed>1.130</speed><sat>36</sat></trkpt>
  <trkpt lat="45.61005224" lon="2.76308177"><ele>1426.313</ele><time>2026-09-22T14:49:53Z</time><speed>1.190</speed><sat>36</sat></trkpt>
  <trkpt lat="45.61002964" lon="2.76304746"><ele>1425.904</ele><time>2026-09-22T14:49:56Z</time><speed>1.030</speed><sat>36</sat></trkpt>
  <trkpt lat="45.61001128" lon="2.76300932"><ele>1426.287</ele><time>2026-09-22T14:49:59Z</time><speed>0.990</speed><sat>36</sat></trkpt>
  <trkpt lat="45.60998648" lon="2.76297619"><ele>1425.616</ele><time>2026-09-22T14:50:02Z</time><speed>0.980</speed><sat>36</sat></trkpt>
  <trkpt lat="45.60996605" lon="2.76294061"><ele>1425.864</ele><time>2026-09-22T14:50:05Z</time><speed>0.990</speed><sat>36</sat></trkpt>
  <trkpt lat="45.60993728" lon="2.76291193"><ele>1425.082</ele><time>2026-09-22T14:50:08Z</time><speed>1.130</speed><sat>36</sat></trkpt>
  <trkpt lat="45.60991193" lon="2.76287090"><ele>1424.984</ele><time>2026-09-22T14:50:11Z</time><speed>1.250</speed><sat>36</sat></trkpt>
  <trkpt lat="45.60988602" lon="2.76283159"><ele>1424.852</ele><time>2026-09-22T14:50:14Z</time><speed>1.150</speed><sat>35</sat></trkpt>
  <trkpt lat="45.60986274" lon="2.76279892"><ele>1424.440</ele><time>2026-09-22T14:50:17Z</time><speed>0.970</speed><sat>35</sat></trkpt>
  <trkpt lat="45.60984208" lon="2.76276258"><ele>1424.359</ele><time>2026-09-22T14:50:20Z</time><speed>1.190</speed><sat>36</sat></trkpt>
  <trkpt lat="45.60981760" lon="2.76272919"><ele>1423.726</ele><time>2026-09-22T14:50:23Z</time><speed>1.020</speed><sat>36</sat></trkpt>
  <trkpt lat="45.60979403" lon="2.76269548"><ele>1422.846</ele><time>2026-09-22T14:50:26Z</time><speed>1.090</speed><sat>36</sat></trkpt>
  <trkpt lat="45.60977203" lon="2.76265640"><ele>1422.683</ele><time>2026-09-22T14:50:29Z</time><speed>1.150</speed><sat>36</sat></trkpt>
  <trkpt lat="45.60974868" lon="2.76262246"><ele>1421.966</ele><time>2026-09-22T14:50:32Z</time><speed>1.010</speed><sat>36</sat></trkpt>
  <trkpt lat="45.60972808" lon="2.76258407"><ele>1422.152</ele><time>2026-09-22T14:50:35Z</time><speed>1.030</speed><sat>37</sat></trkpt>
  <trkpt lat="45.60970492" lon="2.76254768"><ele>1422.094</ele><time>2026-09-22T14:50:38Z</time><speed>1.030</speed><sat>37</sat></trkpt>
  <trkpt lat="45.60968364" lon="2.76250933"><ele>1421.821</ele><time>2026-09-22T14:50:41Z</time><speed>1.070</speed><sat>37</sat></trkpt>
  <trkpt lat="45.60966375" lon="2.76246807"><ele>1421.762</ele><time>2026-09-22T14:50:44Z</time><speed>1.190</speed><sat>37</sat></trkpt>
  <trkpt lat="45.60963886" lon="2.76243472"><ele>1421.488</ele><time>2026-09-22T14:50:47Z</time><speed>1.020</speed><sat>37</sat></trkpt>
  <trkpt lat="45.60961813" lon="2.76239107"><ele>1420.872</ele><time>2026-09-22T14:50:50Z</time><speed>1.560</speed><sat>37</sat></trkpt>
  <trkpt lat="45.60959526" lon="2.76235450"><ele>1420.812</ele><time>2026-09-22T14:50:53Z</time><speed>1.180</speed><sat>37</sat></trkpt>
  <trkpt lat="45.60957158" lon="2.76232207"><ele>1420.699</ele><time>2026-09-22T14:50:56Z</time><speed>1.020</speed><sat>37</sat></trkpt>
  <trkpt lat="45.60955152" lon="2.76227996"><ele>1420.963</ele><time>2026-09-22T14:50:59Z</time><speed>1.030</speed><sat>37</sat></trkpt>
  <trkpt lat="45.60953258" lon="2.76224545"><ele>1420.773</ele><time>2026-09-22T14:51:02Z</time><speed>0.990</speed><sat>37</sat></trkpt>
  <trkpt lat="45.60951149" lon="2.76220688"><ele>1420.436</ele><time>2026-09-22T14:51:05Z</time><speed>1.290</speed><sat>37</sat></trkpt>
  <trkpt lat="45.60949105" lon="2.76217058"><ele>1420.298</ele><time>2026-09-22T14:51:08Z</time><speed>1.110</speed><sat>37</sat></trkpt>
  <trkpt lat="45.60947709" lon="2.76213421"><ele>1420.524</ele><time>2026-09-22T14:51:11Z</time><speed>1.130</speed><sat>37</sat></trkpt>
  <trkpt lat="45.60945973" lon="2.76209698"><ele>1420.188</ele><time>2026-09-22T14:51:14Z</time><speed>1.140</speed><sat>37</sat></trkpt>
  <trkpt lat="45.60944207" lon="2.76206042"><ele>1419.966</ele><time>2026-09-22T14:51:17Z</time><speed>1.040</speed><sat>37</sat></trkpt>
  <trkpt lat="45.60942652" lon="2.76202003"><ele>1419.906</ele><time>2026-09-22T14:51:20Z</time><speed>1.030</speed><sat>37</sat></trkpt>
  <trkpt lat="45.60940950" lon="2.76198398"><ele>1419.370</ele><time>2026-09-22T14:51:23Z</time><speed>0.920</speed><sat>37</sat></trkpt>
  <trkpt lat="45.60939247" lon="2.76194232"><ele>1419.076</ele><time>2026-09-22T14:51:26Z</time><speed>1.430</speed><sat>37</sat></trkpt>
  <trkpt lat="45.60937317" lon="2.76191065"><ele>1418.730</ele><time>2026-09-22T14:51:29Z</time><speed>0.930</speed><sat>37</sat></trkpt>
  <trkpt lat="45.60935936" lon="2.76187455"><ele>1418.765</ele><time>2026-09-22T14:51:32Z</time><speed>1.120</speed><sat>37</sat></trkpt>
  <trkpt lat="45.60934295" lon="2.76183439"><ele>1419.193</ele><time>2026-09-22T14:51:35Z</time><speed>1.160</speed><sat>37</sat></trkpt>
  <trkpt lat="45.60932135" lon="2.76179672"><ele>1418.447</ele><time>2026-09-22T14:51:38Z</time><speed>1.000</speed><sat>37</sat></trkpt>
  <trkpt lat="45.60930443" lon="2.76175041"><ele>1418.462</ele><time>2026-09-22T14:51:41Z</time><speed>1.470</speed><sat>37</sat></trkpt>
  <trkpt lat="45.60928892" lon="2.76170588"><ele>1418.192</ele><time>2026-09-22T14:51:44Z</time><speed>1.100</speed><sat>37</sat></trkpt>
  <trkpt lat="45.60927023" lon="2.76166793"><ele>1417.443</ele><time>2026-09-22T14:51:47Z</time><speed>1.110</speed><sat>37</sat></trkpt>
  <trkpt lat="45.60924827" lon="2.76163208"><ele>1416.667</ele><time>2026-09-22T14:51:50Z</time><speed>1.170</speed><sat>37</sat></trkpt>
  <trkpt lat="45.60923372" lon="2.76158648"><ele>1416.834</ele><time>2026-09-22T14:51:53Z</time><speed>1.100</speed><sat>37</sat></trkpt>
  <trkpt lat="45.60921715" lon="2.76154258"><ele>1416.529</ele><time>2026-09-22T14:51:56Z</time><speed>1.180</speed><sat>37</sat></trkpt>
  <trkpt lat="45.60919709" lon="2.76150655"><ele>1415.448</ele><time>2026-09-22T14:51:59Z</time><speed>1.090</speed><sat>37</sat></trkpt>
  <trkpt lat="45.60918124" lon="2.76146231"><ele>1414.676</ele><time>2026-09-22T14:52:02Z</time><speed>1.090</speed><sat>37</sat></trkpt>
  <trkpt lat="45.60916466" lon="2.76142287"><ele>1414.520</ele><time>2026-09-22T14:52:05Z</time><speed>1.060</speed><sat>36</sat></trkpt>
  <trkpt lat="45.60914545" lon="2.76139057"><ele>1414.317</ele><time>2026-09-22T14:52:08Z</time><speed>0.940</speed><sat>37</sat></trkpt>
  <trkpt lat="45.60912669" lon="2.76135065"><ele>1414.123</ele><time>2026-09-22T14:52:11Z</time><speed>1.080</speed><sat>37</sat></trkpt>
  <trkpt lat="45.60911205" lon="2.76131597"><ele>1412.848</ele><time>2026-09-22T14:52:14Z</time><speed>0.950</speed><sat>37</sat></trkpt>
  <trkpt lat="45.60909620" lon="2.76127473"><ele>1412.761</ele><time>2026-09-22T14:52:17Z</time><speed>1.190</speed><sat>37</sat></trkpt>
  <trkpt lat="45.60907778" lon="2.76123830"><ele>1412.247</ele><time>2026-09-22T14:52:20Z</time><speed>1.110</speed><sat>37</sat></trkpt>
  <trkpt lat="45.60906237" lon="2.76120146"><ele>1411.610</ele><time>2026-09-22T14:52:23Z</time><speed>0.920</speed><sat>37</sat></trkpt>
  <trkpt lat="45.60904809" lon="2.76115939"><ele>1411.630</ele><time>2026-09-22T14:52:26Z</time><speed>1.130</speed><sat>36</sat></trkpt>
  <trkpt lat="45.60902971" lon="2.76113025"><ele>1411.722</ele><time>2026-09-22T14:52:29Z</time><speed>1.030</speed><sat>35</sat></trkpt>
  <trkpt lat="45.60901781" lon="2.76108830"><ele>1411.277</ele><time>2026-09-22T14:52:32Z</time><speed>1.210</speed><sat>36</sat></trkpt>
  <trkpt lat="45.60899796" lon="2.76105998"><ele>1410.593</ele><time>2026-09-22T14:52:35Z</time><speed>0.910</speed><sat>36</sat></trkpt>
  <trkpt lat="45.60898368" lon="2.76102471"><ele>1410.154</ele><time>2026-09-22T14:52:38Z</time><speed>1.220</speed><sat>35</sat></trkpt>
  <trkpt lat="45.60896689" lon="2.76099045"><ele>1409.696</ele><time>2026-09-22T14:52:41Z</time><speed>0.980</speed><sat>36</sat></trkpt>
  <trkpt lat="45.60895522" lon="2.76095989"><ele>1409.259</ele><time>2026-09-22T14:52:44Z</time><speed>0.940</speed><sat>36</sat></trkpt>
  <trkpt lat="45.60894352" lon="2.76091966"><ele>1408.948</ele><time>2026-09-22T14:52:47Z</time><speed>1.040</speed><sat>36</sat></trkpt>
  <trkpt lat="45.60892510" lon="2.76088688"><ele>1408.373</ele><time>2026-09-22T14:52:50Z</time><speed>0.950</speed><sat>36</sat></trkpt>
  <trkpt lat="45.60891379" lon="2.76085302"><ele>1407.788</ele><time>2026-09-22T14:52:53Z</time><speed>1.120</speed><sat>36</sat></trkpt>
  <trkpt lat="45.60889913" lon="2.76081386"><ele>1407.482</ele><time>2026-09-22T14:52:56Z</time><speed>1.060</speed><sat>36</sat></trkpt>
  <trkpt lat="45.60888934" lon="2.76077404"><ele>1407.237</ele><time>2026-09-22T14:52:59Z</time><speed>1.080</speed><sat>36</sat></trkpt>
  <trkpt lat="45.60887254" lon="2.76074397"><ele>1406.814</ele><time>2026-09-22T14:53:02Z</time><speed>0.860</speed><sat>36</sat></trkpt>
  <trkpt lat="45.60886061" lon="2.76069804"><ele>1407.222</ele><time>2026-09-22T14:53:05Z</time><speed>1.250</speed><sat>36</sat></trkpt>
  <trkpt lat="45.60886238" lon="2.76066537"><ele>1406.673</ele><time>2026-09-22T14:53:08Z</time><speed>0.000</speed><sat>36</sat></trkpt>
  <trkpt lat="45.60886872" lon="2.76065289"><ele>1406.591</ele><time>2026-09-22T14:53:11Z</time><speed>0.730</speed><sat>35</sat></trkpt>
  <trkpt lat="45.60887235" lon="2.76060699"><ele>1408.107</ele><time>2026-09-22T14:53:14Z</time><speed>1.920</speed><sat>36</sat></trkpt>
  <trkpt lat="45.60884232" lon="2.76059023"><ele>1407.464</ele><time>2026-09-22T14:53:17Z</time><speed>1.110</speed><sat>35</sat></trkpt>
  <trkpt lat="45.60882592" lon="2.76057404"><ele>1406.720</ele><time>2026-09-22T14:53:20Z</time><speed>0.760</speed><sat>36</sat></trkpt>
  <trkpt lat="45.60880904" lon="2.76054563"><ele>1406.198</ele><time>2026-09-22T14:53:23Z</time><speed>1.170</speed><sat>36</sat></trkpt>
  <trkpt lat="45.60879161" lon="2.76051921"><ele>1405.404</ele><time>2026-09-22T14:53:26Z</time><speed>1.090</speed><sat>36</sat></trkpt>
  <trkpt lat="45.60877539" lon="2.76049051"><ele>1405.013</ele><time>2026-09-22T14:53:29Z</time><speed>1.070</speed><sat>36</sat></trkpt>
  <trkpt lat="45.60875726" lon="2.76046443"><ele>1404.354</ele><time>2026-09-22T14:53:32Z</time><speed>0.960</speed><sat>36</sat></trkpt>
  <trkpt lat="45.60874373" lon="2.76043577"><ele>1404.175</ele><time>2026-09-22T14:53:35Z</time><speed>0.900</speed><sat>36</sat></trkpt>
  <trkpt lat="45.60872904" lon="2.76040384"><ele>1403.640</ele><time>2026-09-22T14:53:38Z</time><speed>1.180</speed><sat>36</sat></trkpt>
  <trkpt lat="45.60871837" lon="2.76036569"><ele>1403.502</ele><time>2026-09-22T14:53:41Z</time><speed>1.010</speed><sat>36</sat></trkpt>
  <trkpt lat="45.60870380" lon="2.76033608"><ele>1403.164</ele><time>2026-09-22T14:53:44Z</time><speed>0.980</speed><sat>36</sat></trkpt>
  <trkpt lat="45.60869076" lon="2.76030679"><ele>1402.662</ele><time>2026-09-22T14:53:47Z</time><speed>1.040</speed><sat>36</sat></trkpt>
  <trkpt lat="45.60867524" lon="2.76027042"><ele>1402.048</ele><time>2026-09-22T14:53:50Z</time><speed>1.040</speed><sat>36</sat></trkpt>
  <trkpt lat="45.60866565" lon="2.76024032"><ele>1401.530</ele><time>2026-09-22T14:53:53Z</time><speed>0.800</speed><sat>35</sat></trkpt>
  <trkpt lat="45.60865369" lon="2.76020645"><ele>1401.178</ele><time>2026-09-22T14:53:56Z</time><speed>1.100</speed><sat>35</sat></trkpt>
  <trkpt lat="45.60864142" lon="2.76017173"><ele>1400.914</ele><time>2026-09-22T14:53:59Z</time><speed>0.880</speed><sat>35</sat></trkpt>
  <trkpt lat="45.60863254" lon="2.76013675"><ele>1400.363</ele><time>2026-09-22T14:54:02Z</time><speed>0.870</speed><sat>36</sat></trkpt>
  <trkpt lat="45.60861976" lon="2.76010614"><ele>1400.081</ele><time>2026-09-22T14:54:05Z</time><speed>1.170</speed><sat>35</sat></trkpt>
  <trkpt lat="45.60861212" lon="2.76006940"><ele>1399.603</ele><time>2026-09-22T14:54:08Z</time><speed>1.070</speed><sat>35</sat></trkpt>
  <trkpt lat="45.60860207" lon="2.76003621"><ele>1399.174</ele><time>2026-09-22T14:54:11Z</time><speed>1.200</speed><sat>36</sat></trkpt>
  <trkpt lat="45.60859082" lon="2.75999667"><ele>1398.737</ele><time>2026-09-22T14:54:14Z</time><speed>0.960</speed><sat>36</sat></trkpt>
  <trkpt lat="45.60857876" lon="2.75996033"><ele>1398.233</ele><time>2026-09-22T14:54:17Z</time><speed>0.850</speed><sat>36</sat></trkpt>
  <trkpt lat="45.60856797" lon="2.75992418"><ele>1397.497</ele><time>2026-09-22T14:54:20Z</time><speed>1.310</speed><sat>36</sat></trkpt>
  <trkpt lat="45.60855978" lon="2.75988678"><ele>1397.599</ele><time>2026-09-22T14:54:23Z</time><speed>1.120</speed><sat>36</sat></trkpt>
  <trkpt lat="45.60854896" lon="2.75985337"><ele>1397.111</ele><time>2026-09-22T14:54:26Z</time><speed>0.940</speed><sat>36</sat></trkpt>
  <trkpt lat="45.60853594" lon="2.75981372"><ele>1396.969</ele><time>2026-09-22T14:54:29Z</time><speed>0.960</speed><sat>35</sat></trkpt>
  <trkpt lat="45.60852363" lon="2.75977925"><ele>1396.696</ele><time>2026-09-22T14:54:32Z</time><speed>0.750</speed><sat>34</sat></trkpt>
  <trkpt lat="45.60851309" lon="2.75974418"><ele>1396.410</ele><time>2026-09-22T14:54:35Z</time><speed>1.110</speed><sat>35</sat></trkpt>
  <trkpt lat="45.60850409" lon="2.75971014"><ele>1396.504</ele><time>2026-09-22T14:54:38Z</time><speed>0.880</speed><sat>36</sat></trkpt>
  <trkpt lat="45.60849572" lon="2.75967515"><ele>1396.123</ele><time>2026-09-22T14:54:41Z</time><speed>1.100</speed><sat>36</sat></trkpt>
  <trkpt lat="45.60848570" lon="2.75964025"><ele>1395.836</ele><time>2026-09-22T14:54:44Z</time><speed>1.030</speed><sat>35</sat></trkpt>
  <trkpt lat="45.60847472" lon="2.75960103"><ele>1395.418</ele><time>2026-09-22T14:54:47Z</time><speed>1.080</speed><sat>36</sat></trkpt>
  <trkpt lat="45.60846236" lon="2.75957018"><ele>1394.819</ele><time>2026-09-22T14:54:50Z</time><speed>1.070</speed><sat>36</sat></trkpt>
  <trkpt lat="45.60845062" lon="2.75952833"><ele>1394.275</ele><time>2026-09-22T14:54:53Z</time><speed>1.060</speed><sat>35</sat></trkpt>
  <trkpt lat="45.60844246" lon="2.75948908"><ele>1394.089</ele><time>2026-09-22T14:54:56Z</time><speed>1.110</speed><sat>36</sat></trkpt>
  <trkpt lat="45.60843006" lon="2.75945292"><ele>1393.721</ele><time>2026-09-22T14:54:59Z</time><speed>1.070</speed><sat>36</sat></trkpt>
  <trkpt lat="45.60841628" lon="2.75941180"><ele>1393.437</ele><time>2026-09-22T14:55:02Z</time><speed>0.990</speed><sat>36</sat></trkpt>
  <trkpt lat="45.60840320" lon="2.75937618"><ele>1393.202</ele><time>2026-09-22T14:55:05Z</time><speed>0.950</speed><sat>36</sat></trkpt>
  <trkpt lat="45.60839297" lon="2.75933946"><ele>1392.819</ele><time>2026-09-22T14:55:08Z</time><speed>1.230</speed><sat>36</sat></trkpt>
  <trkpt lat="45.60838040" lon="2.75930367"><ele>1392.705</ele><time>2026-09-22T14:55:11Z</time><speed>1.050</speed><sat>36</sat></trkpt>
  <trkpt lat="45.60837067" lon="2.75927352"><ele>1392.217</ele><time>2026-09-22T14:55:14Z</time><speed>0.850</speed><sat>36</sat></trkpt>
  <trkpt lat="45.60836023" lon="2.75923452"><ele>1392.372</ele><time>2026-09-22T14:55:17Z</time><speed>0.990</speed><sat>35</sat></trkpt>
  <trkpt lat="45.60835145" lon="2.75919881"><ele>1391.856</ele><time>2026-09-22T14:55:20Z</time><speed>0.990</speed><sat>35</sat></trkpt>
  <trkpt lat="45.60833621" lon="2.75916498"><ele>1391.798</ele><time>2026-09-22T14:55:23Z</time><speed>0.990</speed><sat>35</sat></trkpt>
  <trkpt lat="45.60832488" lon="2.75913374"><ele>1390.875</ele><time>2026-09-22T14:55:26Z</time><speed>0.930</speed><sat>36</sat></trkpt>
  <trkpt lat="45.60831279" lon="2.75909543"><ele>1390.675</ele><time>2026-09-22T14:55:29Z</time><speed>0.930</speed><sat>36</sat></trkpt>
  <trkpt lat="45.60830094" lon="2.75906208"><ele>1389.966</ele><time>2026-09-22T14:55:32Z</time><speed>0.960</speed><sat>36</sat></trkpt>
  <trkpt lat="45.60829119" lon="2.75902973"><ele>1389.390</ele><time>2026-09-22T14:55:35Z</time><speed>0.760</speed><sat>36</sat></trkpt>
  <trkpt lat="45.60828267" lon="2.75899119"><ele>1388.754</ele><time>2026-09-22T14:55:38Z</time><speed>1.030</speed><sat>36</sat></trkpt>
  <trkpt lat="45.60827371" lon="2.75895616"><ele>1388.306</ele><time>2026-09-22T14:55:41Z</time><speed>1.010</speed><sat>36</sat></trkpt>
  <trkpt lat="45.60826404" lon="2.75891938"><ele>1387.747</ele><time>2026-09-22T14:55:44Z</time><speed>0.990</speed><sat>36</sat></trkpt>
  <trkpt lat="45.60825402" lon="2.75887568"><ele>1387.619</ele><time>2026-09-22T14:55:47Z</time><speed>1.210</speed><sat>35</sat></trkpt>
  <trkpt lat="45.60824228" lon="2.75884077"><ele>1387.475</ele><time>2026-09-22T14:55:50Z</time><speed>1.080</speed><sat>34</sat></trkpt>
  <trkpt lat="45.60823061" lon="2.75880794"><ele>1387.213</ele><time>2026-09-22T14:55:53Z</time><speed>1.100</speed><sat>36</sat></trkpt>
  <trkpt lat="45.60821974" lon="2.75876614"><ele>1386.859</ele><time>2026-09-22T14:55:56Z</time><speed>0.930</speed><sat>36</sat></trkpt>
  <trkpt lat="45.60820963" lon="2.75873326"><ele>1386.524</ele><time>2026-09-22T14:55:59Z</time><speed>0.890</speed><sat>36</sat></trkpt>
  <trkpt lat="45.60820245" lon="2.75869908"><ele>1385.783</ele><time>2026-09-22T14:56:02Z</time><speed>1.140</speed><sat>35</sat></trkpt>
  <trkpt lat="45.60819931" lon="2.75866374"><ele>1385.780</ele><time>2026-09-22T14:56:05Z</time><speed>0.880</speed><sat>36</sat></trkpt>
  <trkpt lat="45.60819332" lon="2.75862884"><ele>1385.373</ele><time>2026-09-22T14:56:08Z</time><speed>1.120</speed><sat>35</sat></trkpt>
  <trkpt lat="45.60818817" lon="2.75859662"><ele>1384.942</ele><time>2026-09-22T14:56:11Z</time><speed>0.840</speed><sat>35</sat></trkpt>
  <trkpt lat="45.60818273" lon="2.75856639"><ele>1384.604</ele><time>2026-09-22T14:56:14Z</time><speed>0.660</speed><sat>36</sat></trkpt>
  <trkpt lat="45.60818052" lon="2.75853350"><ele>1384.423</ele><time>2026-09-22T14:56:17Z</time><speed>0.780</speed><sat>33</sat></trkpt>
  <trkpt lat="45.60817917" lon="2.75851378"><ele>1384.323</ele><time>2026-09-22T14:56:20Z</time><speed>0.260</speed><sat>34</sat></trkpt>
  <trkpt lat="45.60817179" lon="2.75848798"><ele>1383.961</ele><time>2026-09-22T14:56:23Z</time><speed>0.920</speed><sat>35</sat></trkpt>
  <trkpt lat="45.60815986" lon="2.75845581"><ele>1383.617</ele><time>2026-09-22T14:56:26Z</time><speed>0.930</speed><sat>35</sat></trkpt>
  <trkpt lat="45.60814662" lon="2.75842865"><ele>1383.416</ele><time>2026-09-22T14:56:29Z</time><speed>1.060</speed><sat>36</sat></trkpt>
  <trkpt lat="45.60812977" lon="2.75840702"><ele>1383.233</ele><time>2026-09-22T14:56:32Z</time><speed>1.020</speed><sat>35</sat></trkpt>
  <trkpt lat="45.60811334" lon="2.75838559"><ele>1383.187</ele><time>2026-09-22T14:56:35Z</time><speed>0.900</speed><sat>35</sat></trkpt>
  <trkpt lat="45.60810060" lon="2.75836087"><ele>1382.881</ele><time>2026-09-22T14:56:38Z</time><speed>0.730</speed><sat>35</sat></trkpt>
  <trkpt lat="45.60808845" lon="2.75833179"><ele>1382.480</ele><time>2026-09-22T14:56:41Z</time><speed>0.860</speed><sat>36</sat></trkpt>
  <trkpt lat="45.60807946" lon="2.75830389"><ele>1382.045</ele><time>2026-09-22T14:56:44Z</time><speed>1.120</speed><sat>35</sat></trkpt>
  <trkpt lat="45.60807701" lon="2.75826380"><ele>1382.061</ele><time>2026-09-22T14:56:47Z</time><speed>0.990</speed><sat>36</sat></trkpt>
  <trkpt lat="45.60807864" lon="2.75822941"><ele>1381.551</ele><time>2026-09-22T14:56:50Z</time><speed>0.790</speed><sat>36</sat></trkpt>
  <trkpt lat="45.60808890" lon="2.75819169"><ele>1381.380</ele><time>2026-09-22T14:56:53Z</time><speed>0.950</speed><sat>35</sat></trkpt>
  <trkpt lat="45.60809886" lon="2.75815992"><ele>1381.522</ele><time>2026-09-22T14:56:56Z</time><speed>0.670</speed><sat>36</sat></trkpt>
  <trkpt lat="45.60810559" lon="2.75813165"><ele>1381.300</ele><time>2026-09-22T14:56:59Z</time><speed>0.900</speed><sat>36</sat></trkpt>
  <trkpt lat="45.60810844" lon="2.75813353"><ele>1381.305</ele><time>2026-09-22T14:57:02Z</time><speed>0.000</speed><sat>36</sat></trkpt>
  <trkpt lat="45.60810884" lon="2.75813381"><ele>1381.288</ele><time>2026-09-22T14:57:05Z</time><speed>0.000</speed><sat>35</sat></trkpt>
  <trkpt lat="45.60810851" lon="2.75813361"><ele>1381.334</ele><time>2026-09-22T14:57:08Z</time><speed>0.000</speed><sat>35</sat></trkpt>
  <trkpt lat="45.60811031" lon="2.75813236"><ele>1381.100</ele><time>2026-09-22T14:57:11Z</time><speed>0.350</speed><sat>37</sat></trkpt>
  <trkpt lat="45.60810529" lon="2.75813399"><ele>1380.598</ele><time>2026-09-22T14:57:14Z</time><speed>0.280</speed><sat>36</sat></trkpt>
  <trkpt lat="45.60810363" lon="2.75814831"><ele>1380.562</ele><time>2026-09-22T14:57:17Z</time><speed>0.420</speed><sat>36</sat></trkpt>
  <trkpt lat="45.60812439" lon="2.75817136"><ele>1380.464</ele><time>2026-09-22T14:57:20Z</time><speed>0.000</speed><sat>35</sat></trkpt>
  <trkpt lat="45.60812421" lon="2.75817186"><ele>1380.518</ele><time>2026-09-22T14:57:23Z</time><speed>0.000</speed><sat>33</sat></trkpt>
  <trkpt lat="45.60812386" lon="2.75817228"><ele>1380.545</ele><time>2026-09-22T14:57:26Z</time><speed>0.000</speed><sat>33</sat></trkpt>
  <trkpt lat="45.60812362" lon="2.75817210"><ele>1380.603</ele><time>2026-09-22T14:57:29Z</time><speed>0.000</speed><sat>35</sat></trkpt>
  <trkpt lat="45.60812109" lon="2.75816221"><ele>1380.987</ele><time>2026-09-22T14:57:32Z</time><speed>0.230</speed><sat>36</sat></trkpt>
  <trkpt lat="45.60811946" lon="2.75815477"><ele>1382.101</ele><time>2026-09-22T14:57:35Z</time><speed>0.000</speed><sat>36</sat></trkpt>
  <trkpt lat="45.60811825" lon="2.75815901"><ele>1382.169</ele><time>2026-09-22T14:57:38Z</time><speed>0.000</speed><sat>35</sat></trkpt>
  <trkpt lat="45.60811768" lon="2.75816090"><ele>1382.193</ele><time>2026-09-22T14:57:41Z</time><speed>0.000</speed><sat>35</sat></trkpt>
  <trkpt lat="45.60811625" lon="2.75816172"><ele>1382.115</ele><time>2026-09-22T14:57:44Z</time><speed>0.000</speed><sat>34</sat></trkpt>
  <trkpt lat="45.60811764" lon="2.75816566"><ele>1382.061</ele><time>2026-09-22T14:57:47Z</time><speed>0.000</speed><sat>34</sat></trkpt>
  <trkpt lat="45.60811711" lon="2.75816581"><ele>1382.162</ele><time>2026-09-22T14:57:50Z</time><speed>0.150</speed><sat>36</sat></trkpt>
  <trkpt lat="45.60811572" lon="2.75816667"><ele>1382.173</ele><time>2026-09-22T14:57:53Z</time><speed>0.000</speed><sat>36</sat></trkpt>
  <trkpt lat="45.60811510" lon="2.75816787"><ele>1381.911</ele><time>2026-09-22T14:57:56Z</time><speed>0.000</speed><sat>36</sat></trkpt>
  <trkpt lat="45.60811296" lon="2.75816831"><ele>1381.909</ele><time>2026-09-22T14:57:59Z</time><speed>0.000</speed><sat>35</sat></trkpt>
  <trkpt lat="45.60811194" lon="2.75816830"><ele>1381.892</ele><time>2026-09-22T14:58:02Z</time><speed>0.000</speed><sat>36</sat></trkpt>
  <trkpt lat="45.60811125" lon="2.75816783"><ele>1381.877</ele><time>2026-09-22T14:58:05Z</time><speed>0.000</speed><sat>37</sat></trkpt>
  <trkpt lat="45.60810754" lon="2.75816776"><ele>1381.728</ele><time>2026-09-22T14:58:08Z</time><speed>0.000</speed><sat>36</sat></trkpt>
  <trkpt lat="45.60810690" lon="2.75816819"><ele>1381.691</ele><time>2026-09-22T14:58:11Z</time><speed>0.000</speed><sat>35</sat></trkpt>
  <trkpt lat="45.60810634" lon="2.75816866"><ele>1381.653</ele><time>2026-09-22T14:58:14Z</time><speed>0.000</speed><sat>33</sat></trkpt>
  <trkpt lat="45.60810595" lon="2.75816902"><ele>1381.637</ele><time>2026-09-22T14:58:17Z</time><speed>0.000</speed><sat>36</sat></trkpt>
  <trkpt lat="45.60810542" lon="2.75816941"><ele>1381.589</ele><time>2026-09-22T14:58:20Z</time><speed>0.000</speed><sat>36</sat></trkpt>
  <trkpt lat="45.60810501" lon="2.75816971"><ele>1381.548</ele><time>2026-09-22T14:58:23Z</time><speed>0.000</speed><sat>34</sat></trkpt>
  <trkpt lat="45.60810449" lon="2.75817002"><ele>1381.531</ele><time>2026-09-22T14:58:26Z</time><speed>0.000</speed><sat>34</sat></trkpt>
  <trkpt lat="45.60810415" lon="2.75817026"><ele>1381.511</ele><time>2026-09-22T14:58:29Z</time><speed>0.000</speed><sat>33</sat></trkpt>
  <trkpt lat="45.60810379" lon="2.75817053"><ele>1381.483</ele><time>2026-09-22T14:58:32Z</time><speed>0.000</speed><sat>36</sat></trkpt>
  <trkpt lat="45.60810355" lon="2.75817044"><ele>1381.450</ele><time>2026-09-22T14:58:35Z</time><speed>0.000</speed><sat>37</sat></trkpt>
  <trkpt lat="45.60810314" lon="2.75817048"><ele>1381.426</ele><time>2026-09-22T14:58:38Z</time><speed>0.000</speed><sat>35</sat></trkpt>
  <trkpt lat="45.60810285" lon="2.75817068"><ele>1381.408</ele><time>2026-09-22T14:58:41Z</time><speed>0.000</speed><sat>33</sat></trkpt>
  <trkpt lat="45.60810254" lon="2.75817071"><ele>1381.401</ele><time>2026-09-22T14:58:44Z</time><speed>0.000</speed><sat>35</sat></trkpt>
  <trkpt lat="45.60810226" lon="2.75817094"><ele>1381.357</ele><time>2026-09-22T14:58:47Z</time><speed>0.000</speed><sat>36</sat></trkpt>
  <trkpt lat="45.60810206" lon="2.75817118"><ele>1381.321</ele><time>2026-09-22T14:58:50Z</time><speed>0.000</speed><sat>35</sat></trkpt>
  <trkpt lat="45.60810201" lon="2.75817140"><ele>1381.266</ele><time>2026-09-22T14:58:53Z</time><speed>0.000</speed><sat>36</sat></trkpt>
  <trkpt lat="45.60810174" lon="2.75817154"><ele>1381.256</ele><time>2026-09-22T14:58:56Z</time><speed>0.000</speed><sat>31</sat></trkpt>
  <trkpt lat="45.60810145" lon="2.75817164"><ele>1381.257</ele><time>2026-09-22T14:58:59Z</time><speed>0.000</speed><sat>32</sat></trkpt>
  <trkpt lat="45.60810131" lon="2.75817172"><ele>1381.246</ele><time>2026-09-22T14:59:02Z</time><speed>0.000</speed><sat>34</sat></trkpt>
  <trkpt lat="45.60809794" lon="2.75817081"><ele>1381.249</ele><time>2026-09-22T14:59:05Z</time><speed>0.180</speed><sat>36</sat></trkpt>
  <trkpt lat="45.60809825" lon="2.75817050"><ele>1381.237</ele><time>2026-09-22T14:59:08Z</time><speed>0.000</speed><sat>34</sat></trkpt>
  <trkpt lat="45.60809832" lon="2.75817101"><ele>1381.228</ele><time>2026-09-22T14:59:11Z</time><speed>0.000</speed><sat>35</sat></trkpt>
  <trkpt lat="45.60809831" lon="2.75817146"><ele>1381.207</ele><time>2026-09-22T14:59:14Z</time><speed>0.000</speed><sat>38</sat></trkpt>
  <trkpt lat="45.60809826" lon="2.75817174"><ele>1381.184</ele><time>2026-09-22T14:59:17Z</time><speed>0.000</speed><sat>35</sat></trkpt>
  <trkpt lat="45.60809814" lon="2.75817198"><ele>1381.147</ele><time>2026-09-22T14:59:20Z</time><speed>0.000</speed><sat>34</sat></trkpt>
  <trkpt lat="45.60809792" lon="2.75817226"><ele>1381.115</ele><time>2026-09-22T14:59:23Z</time><speed>0.000</speed><sat>34</sat></trkpt>
  <trkpt lat="45.60809769" lon="2.75817222"><ele>1381.129</ele><time>2026-09-22T14:59:26Z</time><speed>0.000</speed><sat>35</sat></trkpt>
  <trkpt lat="45.60809756" lon="2.75817223"><ele>1381.142</ele><time>2026-09-22T14:59:29Z</time><speed>0.000</speed><sat>35</sat></trkpt>
  <trkpt lat="45.60809748" lon="2.75817223"><ele>1381.153</ele><time>2026-09-22T14:59:32Z</time><speed>0.000</speed><sat>34</sat></trkpt>
  <trkpt lat="45.60809746" lon="2.75817222"><ele>1381.161</ele><time>2026-09-22T14:59:35Z</time><speed>0.000</speed><sat>35</sat></trkpt>
  <trkpt lat="45.60809748" lon="2.75817224"><ele>1381.158</ele><time>2026-09-22T14:59:38Z</time><speed>0.000</speed><sat>35</sat></trkpt>
  <trkpt lat="45.60809746" lon="2.75817220"><ele>1381.158</ele><time>2026-09-22T14:59:41Z</time><speed>0.000</speed><sat>34</sat></trkpt>
  <trkpt lat="45.60809741" lon="2.75817221"><ele>1381.159</ele><time>2026-09-22T14:59:44Z</time><speed>0.000</speed><sat>35</sat></trkpt>
  <trkpt lat="45.60809739" lon="2.75817215"><ele>1381.154</ele><time>2026-09-22T14:59:47Z</time><speed>0.000</speed><sat>35</sat></trkpt>
  <trkpt lat="45.60810664" lon="2.75816843"><ele>1382.016</ele><time>2026-09-22T14:59:50Z</time><speed>1.070</speed><sat>35</sat></trkpt>
  <trkpt lat="45.60810611" lon="2.75816378"><ele>1382.104</ele><time>2026-09-22T14:59:53Z</time><speed>0.000</speed><sat>37</sat></trkpt>
  <trkpt lat="45.60810906" lon="2.75818062"><ele>1381.612</ele><time>2026-09-22T14:59:56Z</time><speed>0.000</speed><sat>37</sat></trkpt>
  <trkpt lat="45.60810891" lon="2.75818113"><ele>1381.640</ele><time>2026-09-22T14:59:59Z</time><speed>0.000</speed><sat>37</sat></trkpt>
  <trkpt lat="45.60810645" lon="2.75817698"><ele>1381.633</ele><time>2026-09-22T15:00:02Z</time><speed>0.000</speed><sat>37</sat></trkpt>
  <trkpt lat="45.60810571" lon="2.75817680"><ele>1381.636</ele><time>2026-09-22T15:00:05Z</time><speed>0.000</speed><sat>37</sat></trkpt>
  <trkpt lat="45.60810516" lon="2.75817621"><ele>1381.672</ele><time>2026-09-22T15:00:08Z</time><speed>0.000</speed><sat>37</sat></trkpt>
  <trkpt lat="45.60810435" lon="2.75817600"><ele>1381.735</ele><time>2026-09-22T15:00:11Z</time><speed>0.000</speed><sat>36</sat></trkpt>
 </trkseg>
</trk>

</gpx>
 
