<?xml version="1.0" encoding="UTF-8"?>
<!-- Created with BasicAirData GPS Logger for Android - ver. 3.3.0 -->
<!-- Track 4 = 1483 TrackPoints + 0 Placemarks -->

<!-- Track Statistics (based on Total Time | Time in Movement): -->
<!--  Distance = 2.54 km -->
<!--  Duration = 01:14:06 | 43:30 -->
<!--  Altitude Gap = 3 m -->
<!--  Max Speed = 12 km/h -->
<!--  Avg Speed = 2.1 | 3.5 km/h -->
<!--  Direction = 48° -->
<!--  Activity = walking -->
<!--  Altitudes = Raw -->

<gpx version="1.0"
     creator="BasicAirData GPS Logger 3.3.0"
     xmlns="http://www.topografix.com/GPX/1/0"
     xmlns:xsi="http://www.w3.org/2001/XMLSchema-instance"
     xsi:schemaLocation="http://www.topografix.com/GPX/1/0 http://www.topografix.com/GPX/1/0/gpx.xsd">
<name>Cascades du Mont-Dore 23/09/2026</name>
<desc>Mont Dore</desc>
<time>2026-09-29T13:21:51Z</time>
<keywords>walking</keywords>
<bounds minlat="45.58763551" minlon="2.80325955" maxlat="45.59100498" maxlon="2.81497325" />

<trk>
 <name>Track 20260923-100730</name>
 <trkseg>
  <trkpt lat="45.58824185" lon="2.80325955"><ele>1068.898</ele><time>2026-09-23T08:07:30Z</time><speed>0.000</speed><sat>29</sat></trkpt>
  <trkpt lat="45.58825306" lon="2.80326917"><ele>1071.915</ele><time>2026-09-23T08:07:33Z</time><speed>0.250</speed><sat>29</sat></trkpt>
  <trkpt lat="45.58825103" lon="2.80329429"><ele>1071.965</ele><time>2026-09-23T08:07:36Z</time><speed>0.000</speed><sat>30</sat></trkpt>
  <trkpt lat="45.58825232" lon="2.80332305"><ele>1071.951</ele><time>2026-09-23T08:07:39Z</time><speed>0.900</speed><sat>29</sat></trkpt>
  <trkpt lat="45.58825550" lon="2.80335418"><ele>1072.653</ele><time>2026-09-23T08:07:42Z</time><speed>0.670</speed><sat>28</sat></trkpt>
  <trkpt lat="45.58826108" lon="2.80335723"><ele>1072.771</ele><time>2026-09-23T08:07:45Z</time><speed>0.000</speed><sat>29</sat></trkpt>
  <trkpt lat="45.58826134" lon="2.80335775"><ele>1073.426</ele><time>2026-09-23T08:07:48Z</time><speed>0.000</speed><sat>29</sat></trkpt>
  <trkpt lat="45.58826036" lon="2.80337174"><ele>1074.093</ele><time>2026-09-23T08:07:51Z</time><speed>0.000</speed><sat>29</sat></trkpt>
  <trkpt lat="45.58826234" lon="2.80338309"><ele>1075.068</ele><time>2026-09-23T08:07:54Z</time><speed>0.680</speed><sat>30</sat></trkpt>
  <trkpt lat="45.58827315" lon="2.80342319"><ele>1075.455</ele><time>2026-09-23T08:07:57Z</time><speed>1.450</speed><sat>28</sat></trkpt>
  <trkpt lat="45.58827445" lon="2.80346389"><ele>1076.035</ele><time>2026-09-23T08:08:00Z</time><speed>1.430</speed><sat>28</sat></trkpt>
  <trkpt lat="45.58827290" lon="2.80347672"><ele>1076.098</ele><time>2026-09-23T08:08:03Z</time><speed>0.000</speed><sat>28</sat></trkpt>
  <trkpt lat="45.58827451" lon="2.80349764"><ele>1076.238</ele><time>2026-09-23T08:08:06Z</time><speed>1.520</speed><sat>26</sat></trkpt>
  <trkpt lat="45.58824728" lon="2.80351949"><ele>1075.052</ele><time>2026-09-23T08:08:09Z</time><speed>1.250</speed><sat>28</sat></trkpt>
  <trkpt lat="45.58823618" lon="2.80355904"><ele>1075.554</ele><time>2026-09-23T08:08:12Z</time><speed>1.060</speed><sat>27</sat></trkpt>
  <trkpt lat="45.58823694" lon="2.80358562"><ele>1075.482</ele><time>2026-09-23T08:08:15Z</time><speed>1.650</speed><sat>25</sat></trkpt>
  <trkpt lat="45.58822697" lon="2.80362080"><ele>1074.942</ele><time>2026-09-23T08:08:18Z</time><speed>1.130</speed><sat>22</sat></trkpt>
  <trkpt lat="45.58821780" lon="2.80365515"><ele>1074.806</ele><time>2026-09-23T08:08:21Z</time><speed>1.350</speed><sat>23</sat></trkpt>
  <trkpt lat="45.58821298" lon="2.80368271"><ele>1075.126</ele><time>2026-09-23T08:08:24Z</time><speed>1.010</speed><sat>24</sat></trkpt>
  <trkpt lat="45.58820775" lon="2.80371833"><ele>1075.603</ele><time>2026-09-23T08:08:27Z</time><speed>0.990</speed><sat>24</sat></trkpt>
  <trkpt lat="45.58822680" lon="2.80375686"><ele>1075.690</ele><time>2026-09-23T08:08:30Z</time><speed>1.900</speed><sat>24</sat></trkpt>
  <trkpt lat="45.58823962" lon="2.80379349"><ele>1075.491</ele><time>2026-09-23T08:08:33Z</time><speed>1.420</speed><sat>28</sat></trkpt>
  <trkpt lat="45.58823222" lon="2.80382703"><ele>1073.843</ele><time>2026-09-23T08:08:36Z</time><speed>0.800</speed><sat>29</sat></trkpt>
  <trkpt lat="45.58822794" lon="2.80386015"><ele>1073.651</ele><time>2026-09-23T08:08:39Z</time><speed>0.780</speed><sat>29</sat></trkpt>
  <trkpt lat="45.58822255" lon="2.80388937"><ele>1073.490</ele><time>2026-09-23T08:08:42Z</time><speed>0.750</speed><sat>26</sat></trkpt>
  <trkpt lat="45.58821784" lon="2.80392142"><ele>1074.466</ele><time>2026-09-23T08:08:45Z</time><speed>0.760</speed><sat>26</sat></trkpt>
  <trkpt lat="45.58820775" lon="2.80394854"><ele>1075.892</ele><time>2026-09-23T08:08:48Z</time><speed>0.780</speed><sat>28</sat></trkpt>
  <trkpt lat="45.58820408" lon="2.80397062"><ele>1076.112</ele><time>2026-09-23T08:08:51Z</time><speed>0.680</speed><sat>29</sat></trkpt>
  <trkpt lat="45.58818042" lon="2.80396536"><ele>1076.052</ele><time>2026-09-23T08:08:54Z</time><speed>0.000</speed><sat>31</sat></trkpt>
  <trkpt lat="45.58815804" lon="2.80395557"><ele>1077.446</ele><time>2026-09-23T08:08:57Z</time><speed>1.620</speed><sat>30</sat></trkpt>
  <trkpt lat="45.58819511" lon="2.80400747"><ele>1079.965</ele><time>2026-09-23T08:09:00Z</time><speed>0.800</speed><sat>27</sat></trkpt>
  <trkpt lat="45.58818969" lon="2.80404762"><ele>1079.904</ele><time>2026-09-23T08:09:03Z</time><speed>1.170</speed><sat>21</sat></trkpt>
  <trkpt lat="45.58819677" lon="2.80408873"><ele>1081.042</ele><time>2026-09-23T08:09:06Z</time><speed>1.130</speed><sat>27</sat></trkpt>
  <trkpt lat="45.58818407" lon="2.80412852"><ele>1082.496</ele><time>2026-09-23T08:09:09Z</time><speed>0.950</speed><sat>26</sat></trkpt>
  <trkpt lat="45.58817906" lon="2.80416955"><ele>1082.583</ele><time>2026-09-23T08:09:12Z</time><speed>1.030</speed><sat>26</sat></trkpt>
  <trkpt lat="45.58820006" lon="2.80420670"><ele>1083.691</ele><time>2026-09-23T08:09:15Z</time><speed>1.080</speed><sat>29</sat></trkpt>
  <trkpt lat="45.58821361" lon="2.80424223"><ele>1083.810</ele><time>2026-09-23T08:09:18Z</time><speed>0.930</speed><sat>30</sat></trkpt>
  <trkpt lat="45.58822330" lon="2.80428224"><ele>1083.980</ele><time>2026-09-23T08:09:21Z</time><speed>0.940</speed><sat>30</sat></trkpt>
  <trkpt lat="45.58822729" lon="2.80431639"><ele>1083.930</ele><time>2026-09-23T08:09:24Z</time><speed>0.890</speed><sat>29</sat></trkpt>
  <trkpt lat="45.58822848" lon="2.80434768"><ele>1082.581</ele><time>2026-09-23T08:09:27Z</time><speed>0.890</speed><sat>30</sat></trkpt>
  <trkpt lat="45.58822993" lon="2.80438086"><ele>1083.865</ele><time>2026-09-23T08:09:30Z</time><speed>0.890</speed><sat>30</sat></trkpt>
  <trkpt lat="45.58823906" lon="2.80442015"><ele>1084.754</ele><time>2026-09-23T08:09:33Z</time><speed>0.890</speed><sat>30</sat></trkpt>
  <trkpt lat="45.58824505" lon="2.80446185"><ele>1083.627</ele><time>2026-09-23T08:09:36Z</time><speed>1.050</speed><sat>30</sat></trkpt>
  <trkpt lat="45.58824690" lon="2.80450354"><ele>1083.335</ele><time>2026-09-23T08:09:39Z</time><speed>0.770</speed><sat>31</sat></trkpt>
  <trkpt lat="45.58824940" lon="2.80454453"><ele>1082.727</ele><time>2026-09-23T08:09:42Z</time><speed>0.750</speed><sat>30</sat></trkpt>
  <trkpt lat="45.58825192" lon="2.80458558"><ele>1082.570</ele><time>2026-09-23T08:09:45Z</time><speed>0.870</speed><sat>29</sat></trkpt>
  <trkpt lat="45.58825417" lon="2.80463071"><ele>1081.368</ele><time>2026-09-23T08:09:48Z</time><speed>0.900</speed><sat>29</sat></trkpt>
  <trkpt lat="45.58825527" lon="2.80466984"><ele>1081.920</ele><time>2026-09-23T08:09:51Z</time><speed>0.920</speed><sat>30</sat></trkpt>
  <trkpt lat="45.58822036" lon="2.80466642"><ele>1080.262</ele><time>2026-09-23T08:09:54Z</time><speed>2.870</speed><sat>30</sat></trkpt>
  <trkpt lat="45.58828122" lon="2.80470283"><ele>1083.456</ele><time>2026-09-23T08:09:57Z</time><speed>0.910</speed><sat>27</sat></trkpt>
  <trkpt lat="45.58826312" lon="2.80473955"><ele>1083.810</ele><time>2026-09-23T08:10:00Z</time><speed>0.950</speed><sat>27</sat></trkpt>
  <trkpt lat="45.58827644" lon="2.80475861"><ele>1084.387</ele><time>2026-09-23T08:10:03Z</time><speed>0.000</speed><sat>28</sat></trkpt>
  <trkpt lat="45.58828051" lon="2.80482147"><ele>1086.477</ele><time>2026-09-23T08:10:06Z</time><speed>0.830</speed><sat>29</sat></trkpt>
  <trkpt lat="45.58828632" lon="2.80487087"><ele>1088.038</ele><time>2026-09-23T08:10:09Z</time><speed>0.840</speed><sat>28</sat></trkpt>
  <trkpt lat="45.58828498" lon="2.80492175"><ele>1087.408</ele><time>2026-09-23T08:10:12Z</time><speed>1.200</speed><sat>29</sat></trkpt>
  <trkpt lat="45.58827692" lon="2.80497661"><ele>1087.143</ele><time>2026-09-23T08:10:15Z</time><speed>1.190</speed><sat>27</sat></trkpt>
  <trkpt lat="45.58827447" lon="2.80501722"><ele>1085.916</ele><time>2026-09-23T08:10:18Z</time><speed>1.030</speed><sat>28</sat></trkpt>
  <trkpt lat="45.58827395" lon="2.80505259"><ele>1086.087</ele><time>2026-09-23T08:10:21Z</time><speed>0.860</speed><sat>27</sat></trkpt>
  <trkpt lat="45.58827841" lon="2.80509122"><ele>1086.143</ele><time>2026-09-23T08:10:24Z</time><speed>0.920</speed><sat>27</sat></trkpt>
  <trkpt lat="45.58826766" lon="2.80512545"><ele>1086.984</ele><time>2026-09-23T08:10:27Z</time><speed>0.910</speed><sat>27</sat></trkpt>
  <trkpt lat="45.58825610" lon="2.80515134"><ele>1087.862</ele><time>2026-09-23T08:10:30Z</time><speed>0.840</speed><sat>26</sat></trkpt>
  <trkpt lat="45.58825465" lon="2.80518823"><ele>1088.566</ele><time>2026-09-23T08:10:33Z</time><speed>0.820</speed><sat>28</sat></trkpt>
  <trkpt lat="45.58824726" lon="2.80522514"><ele>1089.184</ele><time>2026-09-23T08:10:36Z</time><speed>0.980</speed><sat>27</sat></trkpt>
  <trkpt lat="45.58824193" lon="2.80526982"><ele>1090.483</ele><time>2026-09-23T08:10:39Z</time><speed>1.080</speed><sat>26</sat></trkpt>
  <trkpt lat="45.58824605" lon="2.80532513"><ele>1090.525</ele><time>2026-09-23T08:10:42Z</time><speed>0.870</speed><sat>26</sat></trkpt>
  <trkpt lat="45.58824837" lon="2.80537549"><ele>1091.314</ele><time>2026-09-23T08:10:45Z</time><speed>0.940</speed><sat>26</sat></trkpt>
  <trkpt lat="45.58826163" lon="2.80542788"><ele>1091.635</ele><time>2026-09-23T08:10:48Z</time><speed>0.920</speed><sat>25</sat></trkpt>
  <trkpt lat="45.58827476" lon="2.80547303"><ele>1092.837</ele><time>2026-09-23T08:10:51Z</time><speed>0.910</speed><sat>24</sat></trkpt>
  <trkpt lat="45.58827919" lon="2.80551330"><ele>1092.826</ele><time>2026-09-23T08:10:54Z</time><speed>0.920</speed><sat>24</sat></trkpt>
  <trkpt lat="45.58829013" lon="2.80551219"><ele>1093.501</ele><time>2026-09-23T08:10:57Z</time><speed>0.760</speed><sat>24</sat></trkpt>
  <trkpt lat="45.58829601" lon="2.80554590"><ele>1094.661</ele><time>2026-09-23T08:11:00Z</time><speed>0.820</speed><sat>25</sat></trkpt>
  <trkpt lat="45.58829176" lon="2.80558217"><ele>1095.310</ele><time>2026-09-23T08:11:03Z</time><speed>0.930</speed><sat>25</sat></trkpt>
  <trkpt lat="45.58829417" lon="2.80561857"><ele>1095.134</ele><time>2026-09-23T08:11:06Z</time><speed>0.880</speed><sat>26</sat></trkpt>
  <trkpt lat="45.58829279" lon="2.80566524"><ele>1095.985</ele><time>2026-09-23T08:11:09Z</time><speed>1.110</speed><sat>28</sat></trkpt>
  <trkpt lat="45.58829684" lon="2.80570723"><ele>1096.432</ele><time>2026-09-23T08:11:12Z</time><speed>1.020</speed><sat>25</sat></trkpt>
  <trkpt lat="45.58829749" lon="2.80574293"><ele>1097.406</ele><time>2026-09-23T08:11:15Z</time><speed>0.890</speed><sat>28</sat></trkpt>
  <trkpt lat="45.58829298" lon="2.80577704"><ele>1098.176</ele><time>2026-09-23T08:11:18Z</time><speed>1.060</speed><sat>28</sat></trkpt>
  <trkpt lat="45.58829557" lon="2.80582502"><ele>1097.372</ele><time>2026-09-23T08:11:21Z</time><speed>1.370</speed><sat>27</sat></trkpt>
  <trkpt lat="45.58829667" lon="2.80588722"><ele>1096.700</ele><time>2026-09-23T08:11:24Z</time><speed>1.350</speed><sat>27</sat></trkpt>
  <trkpt lat="45.58829447" lon="2.80595073"><ele>1094.529</ele><time>2026-09-23T08:11:27Z</time><speed>1.250</speed><sat>26</sat></trkpt>
  <trkpt lat="45.58830298" lon="2.80599848"><ele>1093.630</ele><time>2026-09-23T08:11:30Z</time><speed>0.950</speed><sat>28</sat></trkpt>
  <trkpt lat="45.58831072" lon="2.80603792"><ele>1092.047</ele><time>2026-09-23T08:11:33Z</time><speed>0.900</speed><sat>28</sat></trkpt>
  <trkpt lat="45.58832414" lon="2.80607494"><ele>1094.105</ele><time>2026-09-23T08:11:36Z</time><speed>0.900</speed><sat>28</sat></trkpt>
  <trkpt lat="45.58833463" lon="2.80611003"><ele>1092.883</ele><time>2026-09-23T08:11:39Z</time><speed>0.760</speed><sat>28</sat></trkpt>
  <trkpt lat="45.58833774" lon="2.80614292"><ele>1093.473</ele><time>2026-09-23T08:11:42Z</time><speed>0.810</speed><sat>27</sat></trkpt>
  <trkpt lat="45.58834314" lon="2.80617180"><ele>1093.488</ele><time>2026-09-23T08:11:45Z</time><speed>0.720</speed><sat>24</sat></trkpt>
  <trkpt lat="45.58834149" lon="2.80619875"><ele>1095.115</ele><time>2026-09-23T08:11:48Z</time><speed>0.790</speed><sat>25</sat></trkpt>
  <trkpt lat="45.58834509" lon="2.80622739"><ele>1097.154</ele><time>2026-09-23T08:11:51Z</time><speed>0.740</speed><sat>26</sat></trkpt>
  <trkpt lat="45.58834945" lon="2.80625964"><ele>1097.953</ele><time>2026-09-23T08:11:54Z</time><speed>0.750</speed><sat>27</sat></trkpt>
  <trkpt lat="45.58834761" lon="2.80630186"><ele>1099.105</ele><time>2026-09-23T08:11:57Z</time><speed>0.710</speed><sat>26</sat></trkpt>
  <trkpt lat="45.58835076" lon="2.80634339"><ele>1099.947</ele><time>2026-09-23T08:12:00Z</time><speed>0.810</speed><sat>27</sat></trkpt>
  <trkpt lat="45.58835061" lon="2.80638855"><ele>1099.441</ele><time>2026-09-23T08:12:03Z</time><speed>0.860</speed><sat>26</sat></trkpt>
  <trkpt lat="45.58836105" lon="2.80643243"><ele>1099.799</ele><time>2026-09-23T08:12:06Z</time><speed>0.920</speed><sat>26</sat></trkpt>
  <trkpt lat="45.58835888" lon="2.80648154"><ele>1097.885</ele><time>2026-09-23T08:12:09Z</time><speed>0.930</speed><sat>25</sat></trkpt>
  <trkpt lat="45.58835973" lon="2.80652890"><ele>1097.895</ele><time>2026-09-23T08:12:12Z</time><speed>0.880</speed><sat>25</sat></trkpt>
  <trkpt lat="45.58836566" lon="2.80657423"><ele>1097.721</ele><time>2026-09-23T08:12:15Z</time><speed>0.880</speed><sat>29</sat></trkpt>
  <trkpt lat="45.58837122" lon="2.80662833"><ele>1096.929</ele><time>2026-09-23T08:12:18Z</time><speed>0.920</speed><sat>30</sat></trkpt>
  <trkpt lat="45.58837632" lon="2.80668032"><ele>1097.641</ele><time>2026-09-23T08:12:21Z</time><speed>1.240</speed><sat>28</sat></trkpt>
  <trkpt lat="45.58838021" lon="2.80672800"><ele>1097.765</ele><time>2026-09-23T08:12:24Z</time><speed>0.890</speed><sat>25</sat></trkpt>
  <trkpt lat="45.58838594" lon="2.80677109"><ele>1096.654</ele><time>2026-09-23T08:12:27Z</time><speed>0.880</speed><sat>24</sat></trkpt>
  <trkpt lat="45.58839328" lon="2.80681245"><ele>1095.583</ele><time>2026-09-23T08:12:30Z</time><speed>0.890</speed><sat>26</sat></trkpt>
  <trkpt lat="45.58840177" lon="2.80687837"><ele>1096.171</ele><time>2026-09-23T08:12:33Z</time><speed>1.700</speed><sat>27</sat></trkpt>
  <trkpt lat="45.58841598" lon="2.80693694"><ele>1096.453</ele><time>2026-09-23T08:12:36Z</time><speed>1.500</speed><sat>26</sat></trkpt>
  <trkpt lat="45.58842504" lon="2.80698395"><ele>1097.191</ele><time>2026-09-23T08:12:39Z</time><speed>1.250</speed><sat>26</sat></trkpt>
  <trkpt lat="45.58843071" lon="2.80702835"><ele>1097.689</ele><time>2026-09-23T08:12:42Z</time><speed>1.230</speed><sat>24</sat></trkpt>
  <trkpt lat="45.58843981" lon="2.80708361"><ele>1097.710</ele><time>2026-09-23T08:12:45Z</time><speed>1.340</speed><sat>25</sat></trkpt>
  <trkpt lat="45.58845128" lon="2.80713683"><ele>1098.064</ele><time>2026-09-23T08:12:48Z</time><speed>1.210</speed><sat>26</sat></trkpt>
  <trkpt lat="45.58845700" lon="2.80716351"><ele>1097.211</ele><time>2026-09-23T08:12:51Z</time><speed>0.820</speed><sat>27</sat></trkpt>
  <trkpt lat="45.58845793" lon="2.80720306"><ele>1097.948</ele><time>2026-09-23T08:12:54Z</time><speed>0.940</speed><sat>26</sat></trkpt>
  <trkpt lat="45.58845928" lon="2.80725308"><ele>1100.437</ele><time>2026-09-23T08:12:57Z</time><speed>1.500</speed><sat>25</sat></trkpt>
  <trkpt lat="45.58846826" lon="2.80731027"><ele>1101.266</ele><time>2026-09-23T08:13:00Z</time><speed>1.020</speed><sat>24</sat></trkpt>
  <trkpt lat="45.58847733" lon="2.80735138"><ele>1102.198</ele><time>2026-09-23T08:13:03Z</time><speed>1.000</speed><sat>26</sat></trkpt>
  <trkpt lat="45.58848758" lon="2.80740438"><ele>1099.954</ele><time>2026-09-23T08:13:06Z</time><speed>0.930</speed><sat>27</sat></trkpt>
  <trkpt lat="45.58849633" lon="2.80745497"><ele>1099.349</ele><time>2026-09-23T08:13:09Z</time><speed>1.010</speed><sat>27</sat></trkpt>
  <trkpt lat="45.58850613" lon="2.80749783"><ele>1098.000</ele><time>2026-09-23T08:13:12Z</time><speed>0.970</speed><sat>26</sat></trkpt>
  <trkpt lat="45.58850519" lon="2.80754045"><ele>1097.667</ele><time>2026-09-23T08:13:15Z</time><speed>1.030</speed><sat>27</sat></trkpt>
  <trkpt lat="45.58851380" lon="2.80759330"><ele>1097.431</ele><time>2026-09-23T08:13:18Z</time><speed>0.950</speed><sat>27</sat></trkpt>
  <trkpt lat="45.58851603" lon="2.80763415"><ele>1097.351</ele><time>2026-09-23T08:13:21Z</time><speed>0.880</speed><sat>26</sat></trkpt>
  <trkpt lat="45.58852773" lon="2.80768212"><ele>1097.972</ele><time>2026-09-23T08:13:24Z</time><speed>0.900</speed><sat>25</sat></trkpt>
  <trkpt lat="45.58853995" lon="2.80772740"><ele>1097.579</ele><time>2026-09-23T08:13:27Z</time><speed>0.980</speed><sat>27</sat></trkpt>
  <trkpt lat="45.58854573" lon="2.80777150"><ele>1100.278</ele><time>2026-09-23T08:13:30Z</time><speed>0.970</speed><sat>26</sat></trkpt>
  <trkpt lat="45.58855789" lon="2.80780768"><ele>1099.779</ele><time>2026-09-23T08:13:33Z</time><speed>0.860</speed><sat>26</sat></trkpt>
  <trkpt lat="45.58856009" lon="2.80784945"><ele>1098.768</ele><time>2026-09-23T08:13:36Z</time><speed>0.810</speed><sat>28</sat></trkpt>
  <trkpt lat="45.58856847" lon="2.80788185"><ele>1099.445</ele><time>2026-09-23T08:13:39Z</time><speed>0.830</speed><sat>28</sat></trkpt>
  <trkpt lat="45.58856675" lon="2.80792151"><ele>1098.445</ele><time>2026-09-23T08:13:42Z</time><speed>0.850</speed><sat>27</sat></trkpt>
  <trkpt lat="45.58857480" lon="2.80796456"><ele>1099.649</ele><time>2026-09-23T08:13:45Z</time><speed>1.010</speed><sat>23</sat></trkpt>
  <trkpt lat="45.58857550" lon="2.80801632"><ele>1100.268</ele><time>2026-09-23T08:13:48Z</time><speed>1.500</speed><sat>25</sat></trkpt>
  <trkpt lat="45.58857804" lon="2.80808210"><ele>1098.129</ele><time>2026-09-23T08:13:51Z</time><speed>1.790</speed><sat>26</sat></trkpt>
  <trkpt lat="45.58853437" lon="2.80813515"><ele>1097.077</ele><time>2026-09-23T08:13:54Z</time><speed>1.610</speed><sat>26</sat></trkpt>
  <trkpt lat="45.58853259" lon="2.80812422"><ele>1097.057</ele><time>2026-09-23T08:13:57Z</time><speed>0.000</speed><sat>26</sat></trkpt>
  <trkpt lat="45.58853316" lon="2.80812362"><ele>1096.938</ele><time>2026-09-23T08:14:00Z</time><speed>0.000</speed><sat>22</sat></trkpt>
  <trkpt lat="45.58853353" lon="2.80812357"><ele>1096.809</ele><time>2026-09-23T08:14:03Z</time><speed>0.000</speed><sat>24</sat></trkpt>
  <trkpt lat="45.58853339" lon="2.80812365"><ele>1096.916</ele><time>2026-09-23T08:14:06Z</time><speed>0.000</speed><sat>26</sat></trkpt>
  <trkpt lat="45.58853340" lon="2.80812387"><ele>1096.836</ele><time>2026-09-23T08:14:09Z</time><speed>0.000</speed><sat>26</sat></trkpt>
  <trkpt lat="45.58853142" lon="2.80812861"><ele>1097.099</ele><time>2026-09-23T08:14:12Z</time><speed>0.500</speed><sat>23</sat></trkpt>
  <trkpt lat="45.58851635" lon="2.80814886"><ele>1098.234</ele><time>2026-09-23T08:14:15Z</time><speed>1.970</speed><sat>23</sat></trkpt>
  <trkpt lat="45.58850132" lon="2.80817898"><ele>1098.989</ele><time>2026-09-23T08:14:18Z</time><speed>1.300</speed><sat>26</sat></trkpt>
  <trkpt lat="45.58849078" lon="2.80820656"><ele>1098.763</ele><time>2026-09-23T08:14:21Z</time><speed>1.140</speed><sat>27</sat></trkpt>
  <trkpt lat="45.58849583" lon="2.80825295"><ele>1100.004</ele><time>2026-09-23T08:14:24Z</time><speed>1.130</speed><sat>28</sat></trkpt>
  <trkpt lat="45.58851240" lon="2.80830569"><ele>1102.137</ele><time>2026-09-23T08:14:27Z</time><speed>1.150</speed><sat>26</sat></trkpt>
  <trkpt lat="45.58852322" lon="2.80835632"><ele>1103.487</ele><time>2026-09-23T08:14:30Z</time><speed>1.080</speed><sat>26</sat></trkpt>
  <trkpt lat="45.58853575" lon="2.80840437"><ele>1105.824</ele><time>2026-09-23T08:14:33Z</time><speed>1.060</speed><sat>25</sat></trkpt>
  <trkpt lat="45.58854937" lon="2.80845118"><ele>1109.185</ele><time>2026-09-23T08:14:36Z</time><speed>1.080</speed><sat>25</sat></trkpt>
  <trkpt lat="45.58855894" lon="2.80848644"><ele>1108.365</ele><time>2026-09-23T08:14:39Z</time><speed>1.060</speed><sat>25</sat></trkpt>
  <trkpt lat="45.58856793" lon="2.80852843"><ele>1108.016</ele><time>2026-09-23T08:14:42Z</time><speed>1.090</speed><sat>25</sat></trkpt>
  <trkpt lat="45.58856980" lon="2.80856959"><ele>1106.996</ele><time>2026-09-23T08:14:45Z</time><speed>1.080</speed><sat>26</sat></trkpt>
  <trkpt lat="45.58856983" lon="2.80861256"><ele>1108.954</ele><time>2026-09-23T08:14:48Z</time><speed>1.070</speed><sat>27</sat></trkpt>
  <trkpt lat="45.58857579" lon="2.80865807"><ele>1109.923</ele><time>2026-09-23T08:14:51Z</time><speed>1.060</speed><sat>26</sat></trkpt>
  <trkpt lat="45.58856149" lon="2.80869858"><ele>1109.395</ele><time>2026-09-23T08:14:54Z</time><speed>1.110</speed><sat>25</sat></trkpt>
  <trkpt lat="45.58854825" lon="2.80873843"><ele>1107.664</ele><time>2026-09-23T08:14:57Z</time><speed>1.100</speed><sat>23</sat></trkpt>
  <trkpt lat="45.58853395" lon="2.80877642"><ele>1107.470</ele><time>2026-09-23T08:15:00Z</time><speed>1.110</speed><sat>25</sat></trkpt>
  <trkpt lat="45.58851457" lon="2.80881007"><ele>1107.002</ele><time>2026-09-23T08:15:03Z</time><speed>1.140</speed><sat>22</sat></trkpt>
  <trkpt lat="45.58849325" lon="2.80883547"><ele>1106.936</ele><time>2026-09-23T08:15:06Z</time><speed>1.120</speed><sat>22</sat></trkpt>
  <trkpt lat="45.58847551" lon="2.80887037"><ele>1106.415</ele><time>2026-09-23T08:15:09Z</time><speed>1.330</speed><sat>24</sat></trkpt>
  <trkpt lat="45.58845181" lon="2.80890122"><ele>1104.766</ele><time>2026-09-23T08:15:12Z</time><speed>1.090</speed><sat>25</sat></trkpt>
  <trkpt lat="45.58842609" lon="2.80892140"><ele>1104.326</ele><time>2026-09-23T08:15:15Z</time><speed>1.120</speed><sat>26</sat></trkpt>
  <trkpt lat="45.58840307" lon="2.80894784"><ele>1102.998</ele><time>2026-09-23T08:15:18Z</time><speed>1.190</speed><sat>25</sat></trkpt>
  <trkpt lat="45.58838353" lon="2.80898351"><ele>1101.126</ele><time>2026-09-23T08:15:21Z</time><speed>1.190</speed><sat>24</sat></trkpt>
  <trkpt lat="45.58836151" lon="2.80901643"><ele>1099.571</ele><time>2026-09-23T08:15:24Z</time><speed>1.170</speed><sat>25</sat></trkpt>
  <trkpt lat="45.58834668" lon="2.80905767"><ele>1099.048</ele><time>2026-09-23T08:15:27Z</time><speed>1.120</speed><sat>25</sat></trkpt>
  <trkpt lat="45.58832679" lon="2.80909048"><ele>1100.072</ele><time>2026-09-23T08:15:30Z</time><speed>1.040</speed><sat>25</sat></trkpt>
  <trkpt lat="45.58831045" lon="2.80912973"><ele>1100.356</ele><time>2026-09-23T08:15:33Z</time><speed>1.140</speed><sat>27</sat></trkpt>
  <trkpt lat="45.58832321" lon="2.80916306"><ele>1100.686</ele><time>2026-09-23T08:15:36Z</time><speed>0.000</speed><sat>27</sat></trkpt>
  <trkpt lat="45.58832563" lon="2.80916311"><ele>1100.685</ele><time>2026-09-23T08:15:39Z</time><speed>0.000</speed><sat>25</sat></trkpt>
  <trkpt lat="45.58832606" lon="2.80916372"><ele>1100.073</ele><time>2026-09-23T08:15:42Z</time><speed>0.000</speed><sat>23</sat></trkpt>
  <trkpt lat="45.58833013" lon="2.80916464"><ele>1099.989</ele><time>2026-09-23T08:15:45Z</time><speed>0.000</speed><sat>24</sat></trkpt>
  <trkpt lat="45.58833028" lon="2.80916457"><ele>1099.981</ele><time>2026-09-23T08:15:48Z</time><speed>0.000</speed><sat>23</sat></trkpt>
  <trkpt lat="45.58833032" lon="2.80916460"><ele>1099.978</ele><time>2026-09-23T08:15:51Z</time><speed>0.000</speed><sat>20</sat></trkpt>
  <trkpt lat="45.58833035" lon="2.80916461"><ele>1099.989</ele><time>2026-09-23T08:15:54Z</time><speed>0.000</speed><sat>21</sat></trkpt>
  <trkpt lat="45.58833039" lon="2.80916460"><ele>1099.984</ele><time>2026-09-23T08:15:57Z</time><speed>0.000</speed><sat>23</sat></trkpt>
  <trkpt lat="45.58833039" lon="2.80916459"><ele>1099.990</ele><time>2026-09-23T08:16:00Z</time><speed>0.000</speed><sat>24</sat></trkpt>
  <trkpt lat="45.58833035" lon="2.80916465"><ele>1099.998</ele><time>2026-09-23T08:16:03Z</time><speed>0.000</speed><sat>24</sat></trkpt>
  <trkpt lat="45.58833130" lon="2.80916141"><ele>1099.787</ele><time>2026-09-23T08:16:06Z</time><speed>0.000</speed><sat>26</sat></trkpt>
  <trkpt lat="45.58833347" lon="2.80916217"><ele>1099.720</ele><time>2026-09-23T08:16:09Z</time><speed>0.000</speed><sat>26</sat></trkpt>
  <trkpt lat="45.58833349" lon="2.80916212"><ele>1099.720</ele><time>2026-09-23T08:16:12Z</time><speed>0.000</speed><sat>25</sat></trkpt>
  <trkpt lat="45.58833353" lon="2.80916216"><ele>1099.728</ele><time>2026-09-23T08:16:15Z</time><speed>0.000</speed><sat>24</sat></trkpt>
  <trkpt lat="45.58833356" lon="2.80916215"><ele>1099.728</ele><time>2026-09-23T08:16:18Z</time><speed>0.000</speed><sat>22</sat></trkpt>
  <trkpt lat="45.58833355" lon="2.80916213"><ele>1099.714</ele><time>2026-09-23T08:16:21Z</time><speed>0.000</speed><sat>22</sat></trkpt>
  <trkpt lat="45.58833354" lon="2.80916205"><ele>1099.708</ele><time>2026-09-23T08:16:24Z</time><speed>0.000</speed><sat>26</sat></trkpt>
  <trkpt lat="45.58833354" lon="2.80916200"><ele>1099.710</ele><time>2026-09-23T08:16:27Z</time><speed>0.000</speed><sat>25</sat></trkpt>
  <trkpt lat="45.58833357" lon="2.80916195"><ele>1099.701</ele><time>2026-09-23T08:16:30Z</time><speed>0.000</speed><sat>22</sat></trkpt>
  <trkpt lat="45.58833602" lon="2.80915952"><ele>1099.575</ele><time>2026-09-23T08:16:33Z</time><speed>0.000</speed><sat>23</sat></trkpt>
  <trkpt lat="45.58833963" lon="2.80915449"><ele>1099.049</ele><time>2026-09-23T08:16:36Z</time><speed>0.000</speed><sat>25</sat></trkpt>
  <trkpt lat="45.58833914" lon="2.80914995"><ele>1099.319</ele><time>2026-09-23T08:16:39Z</time><speed>0.000</speed><sat>25</sat></trkpt>
  <trkpt lat="45.58833911" lon="2.80914986"><ele>1099.311</ele><time>2026-09-23T08:16:42Z</time><speed>0.000</speed><sat>24</sat></trkpt>
  <trkpt lat="45.58833917" lon="2.80914991"><ele>1099.307</ele><time>2026-09-23T08:16:45Z</time><speed>0.000</speed><sat>25</sat></trkpt>
  <trkpt lat="45.58833922" lon="2.80914985"><ele>1099.299</ele><time>2026-09-23T08:16:48Z</time><speed>0.000</speed><sat>23</sat></trkpt>
  <trkpt lat="45.58833926" lon="2.80914982"><ele>1099.289</ele><time>2026-09-23T08:16:51Z</time><speed>0.000</speed><sat>24</sat></trkpt>
  <trkpt lat="45.58833500" lon="2.80915876"><ele>1098.355</ele><time>2026-09-23T08:16:54Z</time><speed>0.900</speed><sat>24</sat></trkpt>
  <trkpt lat="45.58832049" lon="2.80919321"><ele>1096.432</ele><time>2026-09-23T08:16:57Z</time><speed>1.120</speed><sat>24</sat></trkpt>
  <trkpt lat="45.58830874" lon="2.80923401"><ele>1095.992</ele><time>2026-09-23T08:17:00Z</time><speed>1.020</speed><sat>24</sat></trkpt>
  <trkpt lat="45.58830043" lon="2.80927214"><ele>1095.226</ele><time>2026-09-23T08:17:03Z</time><speed>0.860</speed><sat>23</sat></trkpt>
  <trkpt lat="45.58829436" lon="2.80931046"><ele>1095.152</ele><time>2026-09-23T08:17:06Z</time><speed>0.840</speed><sat>21</sat></trkpt>
  <trkpt lat="45.58828905" lon="2.80934635"><ele>1094.072</ele><time>2026-09-23T08:17:09Z</time><speed>0.800</speed><sat>22</sat></trkpt>
  <trkpt lat="45.58827612" lon="2.80937506"><ele>1094.663</ele><time>2026-09-23T08:17:12Z</time><speed>0.890</speed><sat>24</sat></trkpt>
  <trkpt lat="45.58826954" lon="2.80940834"><ele>1092.890</ele><time>2026-09-23T08:17:15Z</time><speed>0.830</speed><sat>23</sat></trkpt>
  <trkpt lat="45.58826909" lon="2.80944765"><ele>1093.467</ele><time>2026-09-23T08:17:18Z</time><speed>0.850</speed><sat>21</sat></trkpt>
  <trkpt lat="45.58827047" lon="2.80948918"><ele>1094.014</ele><time>2026-09-23T08:17:21Z</time><speed>0.820</speed><sat>22</sat></trkpt>
  <trkpt lat="45.58827783" lon="2.80952902"><ele>1095.381</ele><time>2026-09-23T08:17:24Z</time><speed>0.820</speed><sat>22</sat></trkpt>
  <trkpt lat="45.58828119" lon="2.80956709"><ele>1097.679</ele><time>2026-09-23T08:17:27Z</time><speed>0.930</speed><sat>23</sat></trkpt>
  <trkpt lat="45.58827910" lon="2.80960438"><ele>1100.850</ele><time>2026-09-23T08:17:30Z</time><speed>0.910</speed><sat>24</sat></trkpt>
  <trkpt lat="45.58827286" lon="2.80964399"><ele>1102.422</ele><time>2026-09-23T08:17:33Z</time><speed>0.930</speed><sat>25</sat></trkpt>
  <trkpt lat="45.58828135" lon="2.80968391"><ele>1103.423</ele><time>2026-09-23T08:17:36Z</time><speed>0.850</speed><sat>26</sat></trkpt>
  <trkpt lat="45.58828907" lon="2.80971401"><ele>1104.685</ele><time>2026-09-23T08:17:39Z</time><speed>0.930</speed><sat>25</sat></trkpt>
  <trkpt lat="45.58829170" lon="2.80975325"><ele>1104.641</ele><time>2026-09-23T08:17:42Z</time><speed>0.990</speed><sat>25</sat></trkpt>
  <trkpt lat="45.58829243" lon="2.80980257"><ele>1103.746</ele><time>2026-09-23T08:17:45Z</time><speed>1.150</speed><sat>25</sat></trkpt>
  <trkpt lat="45.58829009" lon="2.80985264"><ele>1103.030</ele><time>2026-09-23T08:17:48Z</time><speed>1.020</speed><sat>27</sat></trkpt>
  <trkpt lat="45.58828887" lon="2.80989787"><ele>1102.997</ele><time>2026-09-23T08:17:51Z</time><speed>0.910</speed><sat>28</sat></trkpt>
  <trkpt lat="45.58829129" lon="2.80993937"><ele>1102.685</ele><time>2026-09-23T08:17:54Z</time><speed>0.900</speed><sat>27</sat></trkpt>
  <trkpt lat="45.58829494" lon="2.80997499"><ele>1103.276</ele><time>2026-09-23T08:17:57Z</time><speed>0.810</speed><sat>26</sat></trkpt>
  <trkpt lat="45.58829412" lon="2.81000859"><ele>1104.568</ele><time>2026-09-23T08:18:00Z</time><speed>0.840</speed><sat>27</sat></trkpt>
  <trkpt lat="45.58830445" lon="2.81004645"><ele>1104.449</ele><time>2026-09-23T08:18:03Z</time><speed>0.830</speed><sat>29</sat></trkpt>
  <trkpt lat="45.58830097" lon="2.81008515"><ele>1103.113</ele><time>2026-09-23T08:18:06Z</time><speed>0.860</speed><sat>28</sat></trkpt>
  <trkpt lat="45.58830093" lon="2.81012175"><ele>1101.752</ele><time>2026-09-23T08:18:09Z</time><speed>0.840</speed><sat>27</sat></trkpt>
  <trkpt lat="45.58829791" lon="2.81014931"><ele>1101.060</ele><time>2026-09-23T08:18:12Z</time><speed>0.680</speed><sat>27</sat></trkpt>
  <trkpt lat="45.58829649" lon="2.81016858"><ele>1101.510</ele><time>2026-09-23T08:18:15Z</time><speed>0.680</speed><sat>28</sat></trkpt>
  <trkpt lat="45.58828908" lon="2.81020456"><ele>1100.759</ele><time>2026-09-23T08:18:18Z</time><speed>0.840</speed><sat>28</sat></trkpt>
  <trkpt lat="45.58828225" lon="2.81024403"><ele>1099.827</ele><time>2026-09-23T08:18:21Z</time><speed>0.890</speed><sat>29</sat></trkpt>
  <trkpt lat="45.58828174" lon="2.81028267"><ele>1098.561</ele><time>2026-09-23T08:18:24Z</time><speed>0.700</speed><sat>30</sat></trkpt>
  <trkpt lat="45.58828257" lon="2.81032184"><ele>1100.041</ele><time>2026-09-23T08:18:27Z</time><speed>0.730</speed><sat>28</sat></trkpt>
  <trkpt lat="45.58829369" lon="2.81036337"><ele>1101.972</ele><time>2026-09-23T08:18:30Z</time><speed>0.800</speed><sat>28</sat></trkpt>
  <trkpt lat="45.58829727" lon="2.81040769"><ele>1103.752</ele><time>2026-09-23T08:18:33Z</time><speed>0.810</speed><sat>29</sat></trkpt>
  <trkpt lat="45.58829239" lon="2.81045136"><ele>1104.414</ele><time>2026-09-23T08:18:36Z</time><speed>0.860</speed><sat>30</sat></trkpt>
  <trkpt lat="45.58828833" lon="2.81049378"><ele>1106.224</ele><time>2026-09-23T08:18:39Z</time><speed>0.870</speed><sat>29</sat></trkpt>
  <trkpt lat="45.58828005" lon="2.81053487"><ele>1106.114</ele><time>2026-09-23T08:18:42Z</time><speed>0.930</speed><sat>29</sat></trkpt>
  <trkpt lat="45.58826093" lon="2.81056584"><ele>1107.843</ele><time>2026-09-23T08:18:45Z</time><speed>1.060</speed><sat>29</sat></trkpt>
  <trkpt lat="45.58824419" lon="2.81061092"><ele>1109.431</ele><time>2026-09-23T08:18:48Z</time><speed>1.350</speed><sat>30</sat></trkpt>
  <trkpt lat="45.58820165" lon="2.81066928"><ele>1109.413</ele><time>2026-09-23T08:18:51Z</time><speed>2.210</speed><sat>30</sat></trkpt>
  <trkpt lat="45.58817723" lon="2.81074441"><ele>1108.332</ele><time>2026-09-23T08:18:54Z</time><speed>1.070</speed><sat>29</sat></trkpt>
  <trkpt lat="45.58816712" lon="2.81078853"><ele>1107.714</ele><time>2026-09-23T08:18:57Z</time><speed>0.820</speed><sat>31</sat></trkpt>
  <trkpt lat="45.58815538" lon="2.81084237"><ele>1106.961</ele><time>2026-09-23T08:19:00Z</time><speed>1.200</speed><sat>31</sat></trkpt>
  <trkpt lat="45.58814739" lon="2.81088496"><ele>1107.061</ele><time>2026-09-23T08:19:03Z</time><speed>1.000</speed><sat>31</sat></trkpt>
  <trkpt lat="45.58813720" lon="2.81091941"><ele>1105.681</ele><time>2026-09-23T08:19:06Z</time><speed>0.980</speed><sat>30</sat></trkpt>
  <trkpt lat="45.58813360" lon="2.81096603"><ele>1105.618</ele><time>2026-09-23T08:19:09Z</time><speed>0.930</speed><sat>26</sat></trkpt>
  <trkpt lat="45.58813334" lon="2.81101927"><ele>1107.794</ele><time>2026-09-23T08:19:12Z</time><speed>0.860</speed><sat>28</sat></trkpt>
  <trkpt lat="45.58813506" lon="2.81107688"><ele>1107.609</ele><time>2026-09-23T08:19:15Z</time><speed>0.940</speed><sat>29</sat></trkpt>
  <trkpt lat="45.58814115" lon="2.81113757"><ele>1108.656</ele><time>2026-09-23T08:19:18Z</time><speed>1.110</speed><sat>28</sat></trkpt>
  <trkpt lat="45.58814713" lon="2.81119784"><ele>1109.165</ele><time>2026-09-23T08:19:21Z</time><speed>1.100</speed><sat>28</sat></trkpt>
  <trkpt lat="45.58814351" lon="2.81125943"><ele>1110.547</ele><time>2026-09-23T08:19:24Z</time><speed>1.120</speed><sat>30</sat></trkpt>
  <trkpt lat="45.58813858" lon="2.81131653"><ele>1112.579</ele><time>2026-09-23T08:19:27Z</time><speed>1.360</speed><sat>30</sat></trkpt>
  <trkpt lat="45.58813172" lon="2.81140022"><ele>1113.397</ele><time>2026-09-23T08:19:30Z</time><speed>2.050</speed><sat>29</sat></trkpt>
  <trkpt lat="45.58812278" lon="2.81145127"><ele>1113.610</ele><time>2026-09-23T08:19:33Z</time><speed>1.340</speed><sat>26</sat></trkpt>
  <trkpt lat="45.58811454" lon="2.81149881"><ele>1114.251</ele><time>2026-09-23T08:19:36Z</time><speed>1.370</speed><sat>27</sat></trkpt>
  <trkpt lat="45.58810866" lon="2.81153625"><ele>1113.140</ele><time>2026-09-23T08:19:39Z</time><speed>1.110</speed><sat>28</sat></trkpt>
  <trkpt lat="45.58809673" lon="2.81155932"><ele>1113.376</ele><time>2026-09-23T08:19:42Z</time><speed>1.040</speed><sat>26</sat></trkpt>
  <trkpt lat="45.58808640" lon="2.81157799"><ele>1115.295</ele><time>2026-09-23T08:19:45Z</time><speed>0.870</speed><sat>29</sat></trkpt>
  <trkpt lat="45.58807940" lon="2.81161152"><ele>1115.462</ele><time>2026-09-23T08:19:48Z</time><speed>0.770</speed><sat>29</sat></trkpt>
  <trkpt lat="45.58806570" lon="2.81163745"><ele>1115.045</ele><time>2026-09-23T08:19:51Z</time><speed>0.860</speed><sat>28</sat></trkpt>
  <trkpt lat="45.58806276" lon="2.81169313"><ele>1114.248</ele><time>2026-09-23T08:19:54Z</time><speed>0.890</speed><sat>27</sat></trkpt>
  <trkpt lat="45.58805923" lon="2.81174845"><ele>1114.692</ele><time>2026-09-23T08:19:57Z</time><speed>0.890</speed><sat>29</sat></trkpt>
  <trkpt lat="45.58805512" lon="2.81180260"><ele>1114.934</ele><time>2026-09-23T08:20:00Z</time><speed>0.940</speed><sat>29</sat></trkpt>
  <trkpt lat="45.58804365" lon="2.81185273"><ele>1114.769</ele><time>2026-09-23T08:20:03Z</time><speed>0.980</speed><sat>29</sat></trkpt>
  <trkpt lat="45.58802591" lon="2.81189436"><ele>1115.047</ele><time>2026-09-23T08:20:06Z</time><speed>1.020</speed><sat>29</sat></trkpt>
  <trkpt lat="45.58801361" lon="2.81193414"><ele>1114.047</ele><time>2026-09-23T08:20:09Z</time><speed>1.030</speed><sat>28</sat></trkpt>
  <trkpt lat="45.58800894" lon="2.81199310"><ele>1113.386</ele><time>2026-09-23T08:20:12Z</time><speed>1.080</speed><sat>28</sat></trkpt>
  <trkpt lat="45.58799293" lon="2.81204687"><ele>1112.926</ele><time>2026-09-23T08:20:15Z</time><speed>1.130</speed><sat>30</sat></trkpt>
  <trkpt lat="45.58797847" lon="2.81209811"><ele>1113.821</ele><time>2026-09-23T08:20:18Z</time><speed>1.110</speed><sat>30</sat></trkpt>
  <trkpt lat="45.58796113" lon="2.81215705"><ele>1115.092</ele><time>2026-09-23T08:20:21Z</time><speed>1.890</speed><sat>28</sat></trkpt>
  <trkpt lat="45.58794549" lon="2.81222741"><ele>1114.662</ele><time>2026-09-23T08:20:24Z</time><speed>1.430</speed><sat>29</sat></trkpt>
  <trkpt lat="45.58795403" lon="2.81228422"><ele>1114.664</ele><time>2026-09-23T08:20:27Z</time><speed>1.140</speed><sat>30</sat></trkpt>
  <trkpt lat="45.58796360" lon="2.81234306"><ele>1113.960</ele><time>2026-09-23T08:20:30Z</time><speed>1.150</speed><sat>29</sat></trkpt>
  <trkpt lat="45.58796666" lon="2.81240032"><ele>1114.740</ele><time>2026-09-23T08:20:33Z</time><speed>1.200</speed><sat>26</sat></trkpt>
  <trkpt lat="45.58796541" lon="2.81248297"><ele>1116.353</ele><time>2026-09-23T08:20:36Z</time><speed>1.790</speed><sat>28</sat></trkpt>
  <trkpt lat="45.58795961" lon="2.81253495"><ele>1115.640</ele><time>2026-09-23T08:20:39Z</time><speed>1.420</speed><sat>30</sat></trkpt>
  <trkpt lat="45.58795412" lon="2.81257817"><ele>1114.443</ele><time>2026-09-23T08:20:42Z</time><speed>1.450</speed><sat>29</sat></trkpt>
  <trkpt lat="45.58796098" lon="2.81263273"><ele>1114.238</ele><time>2026-09-23T08:20:45Z</time><speed>1.320</speed><sat>28</sat></trkpt>
  <trkpt lat="45.58797099" lon="2.81267632"><ele>1115.428</ele><time>2026-09-23T08:20:48Z</time><speed>1.200</speed><sat>29</sat></trkpt>
  <trkpt lat="45.58798150" lon="2.81271602"><ele>1116.384</ele><time>2026-09-23T08:20:51Z</time><speed>1.060</speed><sat>29</sat></trkpt>
  <trkpt lat="45.58798495" lon="2.81275229"><ele>1117.775</ele><time>2026-09-23T08:20:54Z</time><speed>0.980</speed><sat>28</sat></trkpt>
  <trkpt lat="45.58799048" lon="2.81278523"><ele>1118.402</ele><time>2026-09-23T08:20:57Z</time><speed>0.930</speed><sat>28</sat></trkpt>
  <trkpt lat="45.58799406" lon="2.81282120"><ele>1119.268</ele><time>2026-09-23T08:21:00Z</time><speed>0.950</speed><sat>28</sat></trkpt>
  <trkpt lat="45.58799617" lon="2.81285401"><ele>1120.507</ele><time>2026-09-23T08:21:03Z</time><speed>0.790</speed><sat>27</sat></trkpt>
  <trkpt lat="45.58799016" lon="2.81288823"><ele>1120.718</ele><time>2026-09-23T08:21:06Z</time><speed>1.060</speed><sat>27</sat></trkpt>
  <trkpt lat="45.58798410" lon="2.81292728"><ele>1119.809</ele><time>2026-09-23T08:21:09Z</time><speed>1.380</speed><sat>27</sat></trkpt>
  <trkpt lat="45.58797122" lon="2.81296183"><ele>1120.340</ele><time>2026-09-23T08:21:12Z</time><speed>1.020</speed><sat>28</sat></trkpt>
  <trkpt lat="45.58796153" lon="2.81299610"><ele>1120.932</ele><time>2026-09-23T08:21:15Z</time><speed>1.300</speed><sat>25</sat></trkpt>
  <trkpt lat="45.58794917" lon="2.81301851"><ele>1121.678</ele><time>2026-09-23T08:21:18Z</time><speed>0.920</speed><sat>26</sat></trkpt>
  <trkpt lat="45.58793380" lon="2.81303712"><ele>1122.331</ele><time>2026-09-23T08:21:21Z</time><speed>0.860</speed><sat>25</sat></trkpt>
  <trkpt lat="45.58791796" lon="2.81306450"><ele>1121.252</ele><time>2026-09-23T08:21:24Z</time><speed>0.830</speed><sat>25</sat></trkpt>
  <trkpt lat="45.58790274" lon="2.81309330"><ele>1121.208</ele><time>2026-09-23T08:21:27Z</time><speed>0.860</speed><sat>26</sat></trkpt>
  <trkpt lat="45.58788490" lon="2.81311707"><ele>1123.168</ele><time>2026-09-23T08:21:30Z</time><speed>0.930</speed><sat>25</sat></trkpt>
  <trkpt lat="45.58786478" lon="2.81313304"><ele>1125.022</ele><time>2026-09-23T08:21:33Z</time><speed>0.920</speed><sat>25</sat></trkpt>
  <trkpt lat="45.58784728" lon="2.81314644"><ele>1128.627</ele><time>2026-09-23T08:21:36Z</time><speed>0.720</speed><sat>27</sat></trkpt>
  <trkpt lat="45.58783479" lon="2.81316235"><ele>1130.422</ele><time>2026-09-23T08:21:39Z</time><speed>0.760</speed><sat>27</sat></trkpt>
  <trkpt lat="45.58781965" lon="2.81318261"><ele>1131.725</ele><time>2026-09-23T08:21:42Z</time><speed>0.790</speed><sat>28</sat></trkpt>
  <trkpt lat="45.58780348" lon="2.81320374"><ele>1131.814</ele><time>2026-09-23T08:21:45Z</time><speed>0.730</speed><sat>28</sat></trkpt>
  <trkpt lat="45.58778661" lon="2.81323357"><ele>1130.142</ele><time>2026-09-23T08:21:48Z</time><speed>1.010</speed><sat>29</sat></trkpt>
  <trkpt lat="45.58776587" lon="2.81326861"><ele>1129.886</ele><time>2026-09-23T08:21:51Z</time><speed>1.030</speed><sat>30</sat></trkpt>
  <trkpt lat="45.58774345" lon="2.81329924"><ele>1131.790</ele><time>2026-09-23T08:21:54Z</time><speed>0.970</speed><sat>29</sat></trkpt>
  <trkpt lat="45.58772656" lon="2.81333076"><ele>1129.995</ele><time>2026-09-23T08:21:57Z</time><speed>0.930</speed><sat>28</sat></trkpt>
  <trkpt lat="45.58770427" lon="2.81336186"><ele>1131.399</ele><time>2026-09-23T08:22:00Z</time><speed>0.980</speed><sat>28</sat></trkpt>
  <trkpt lat="45.58767740" lon="2.81339018"><ele>1130.484</ele><time>2026-09-23T08:22:03Z</time><speed>0.950</speed><sat>29</sat></trkpt>
  <trkpt lat="45.58767202" lon="2.81341946"><ele>1129.530</ele><time>2026-09-23T08:22:06Z</time><speed>0.000</speed><sat>28</sat></trkpt>
  <trkpt lat="45.58767486" lon="2.81343604"><ele>1129.899</ele><time>2026-09-23T08:22:09Z</time><speed>0.000</speed><sat>28</sat></trkpt>
  <trkpt lat="45.58767426" lon="2.81344263"><ele>1130.119</ele><time>2026-09-23T08:22:12Z</time><speed>0.190</speed><sat>28</sat></trkpt>
  <trkpt lat="45.58767694" lon="2.81344481"><ele>1130.306</ele><time>2026-09-23T08:22:15Z</time><speed>0.000</speed><sat>28</sat></trkpt>
  <trkpt lat="45.58767701" lon="2.81344485"><ele>1130.310</ele><time>2026-09-23T08:22:18Z</time><speed>0.000</speed><sat>27</sat></trkpt>
  <trkpt lat="45.58767035" lon="2.81344950"><ele>1130.054</ele><time>2026-09-23T08:22:21Z</time><speed>0.740</speed><sat>26</sat></trkpt>
  <trkpt lat="45.58766808" lon="2.81345353"><ele>1130.612</ele><time>2026-09-23T08:22:24Z</time><speed>0.000</speed><sat>27</sat></trkpt>
  <trkpt lat="45.58766807" lon="2.81345371"><ele>1130.641</ele><time>2026-09-23T08:22:27Z</time><speed>0.000</speed><sat>28</sat></trkpt>
  <trkpt lat="45.58766805" lon="2.81345375"><ele>1130.642</ele><time>2026-09-23T08:22:30Z</time><speed>0.000</speed><sat>29</sat></trkpt>
  <trkpt lat="45.58766631" lon="2.81345904"><ele>1130.768</ele><time>2026-09-23T08:22:33Z</time><speed>0.410</speed><sat>26</sat></trkpt>
  <trkpt lat="45.58766649" lon="2.81346763"><ele>1131.199</ele><time>2026-09-23T08:22:36Z</time><speed>0.300</speed><sat>28</sat></trkpt>
  <trkpt lat="45.58766183" lon="2.81347244"><ele>1131.129</ele><time>2026-09-23T08:22:39Z</time><speed>0.000</speed><sat>28</sat></trkpt>
  <trkpt lat="45.58766136" lon="2.81347372"><ele>1130.921</ele><time>2026-09-23T08:22:42Z</time><speed>0.220</speed><sat>28</sat></trkpt>
  <trkpt lat="45.58763595" lon="2.81347656"><ele>1130.868</ele><time>2026-09-23T08:22:45Z</time><speed>0.000</speed><sat>27</sat></trkpt>
  <trkpt lat="45.58763551" lon="2.81347691"><ele>1130.872</ele><time>2026-09-23T08:22:48Z</time><speed>0.000</speed><sat>27</sat></trkpt>
  <trkpt lat="45.58763560" lon="2.81347706"><ele>1130.896</ele><time>2026-09-23T08:22:51Z</time><speed>0.000</speed><sat>27</sat></trkpt>
  <trkpt lat="45.58763795" lon="2.81348418"><ele>1129.740</ele><time>2026-09-23T08:22:54Z</time><speed>0.000</speed><sat>29</sat></trkpt>
  <trkpt lat="45.58763821" lon="2.81348517"><ele>1129.731</ele><time>2026-09-23T08:22:57Z</time><speed>0.000</speed><sat>29</sat></trkpt>
  <trkpt lat="45.58763828" lon="2.81348531"><ele>1129.722</ele><time>2026-09-23T08:23:00Z</time><speed>0.000</speed><sat>24</sat></trkpt>
  <trkpt lat="45.58763829" lon="2.81348546"><ele>1129.713</ele><time>2026-09-23T08:23:03Z</time><speed>0.000</speed><sat>25</sat></trkpt>
  <trkpt lat="45.58763836" lon="2.81348563"><ele>1129.699</ele><time>2026-09-23T08:23:06Z</time><speed>0.000</speed><sat>25</sat></trkpt>
  <trkpt lat="45.58763846" lon="2.81348580"><ele>1129.718</ele><time>2026-09-23T08:23:09Z</time><speed>0.000</speed><sat>25</sat></trkpt>
  <trkpt lat="45.58763858" lon="2.81348595"><ele>1129.733</ele><time>2026-09-23T08:23:12Z</time><speed>0.000</speed><sat>27</sat></trkpt>
  <trkpt lat="45.58763861" lon="2.81348600"><ele>1129.737</ele><time>2026-09-23T08:23:15Z</time><speed>0.000</speed><sat>28</sat></trkpt>
  <trkpt lat="45.58763715" lon="2.81348716"><ele>1130.195</ele><time>2026-09-23T08:23:18Z</time><speed>0.000</speed><sat>28</sat></trkpt>
  <trkpt lat="45.58763705" lon="2.81348740"><ele>1130.201</ele><time>2026-09-23T08:23:21Z</time><speed>0.000</speed><sat>28</sat></trkpt>
  <trkpt lat="45.58763705" lon="2.81348741"><ele>1130.205</ele><time>2026-09-23T08:23:24Z</time><speed>0.000</speed><sat>27</sat></trkpt>
  <trkpt lat="45.58763709" lon="2.81348744"><ele>1130.219</ele><time>2026-09-23T08:23:27Z</time><speed>0.000</speed><sat>24</sat></trkpt>
  <trkpt lat="45.58763709" lon="2.81348749"><ele>1130.215</ele><time>2026-09-23T08:23:30Z</time><speed>0.000</speed><sat>26</sat></trkpt>
  <trkpt lat="45.58763667" lon="2.81349891"><ele>1129.662</ele><time>2026-09-23T08:23:33Z</time><speed>0.000</speed><sat>25</sat></trkpt>
  <trkpt lat="45.58763990" lon="2.81350576"><ele>1129.756</ele><time>2026-09-23T08:23:36Z</time><speed>0.150</speed><sat>25</sat></trkpt>
  <trkpt lat="45.58764219" lon="2.81350075"><ele>1129.529</ele><time>2026-09-23T08:23:39Z</time><speed>0.000</speed><sat>29</sat></trkpt>
  <trkpt lat="45.58764217" lon="2.81350147"><ele>1129.233</ele><time>2026-09-23T08:23:42Z</time><speed>0.000</speed><sat>28</sat></trkpt>
  <trkpt lat="45.58764213" lon="2.81350155"><ele>1129.234</ele><time>2026-09-23T08:23:45Z</time><speed>0.000</speed><sat>26</sat></trkpt>
  <trkpt lat="45.58764211" lon="2.81350158"><ele>1129.236</ele><time>2026-09-23T08:23:48Z</time><speed>0.000</speed><sat>24</sat></trkpt>
  <trkpt lat="45.58764213" lon="2.81350157"><ele>1129.238</ele><time>2026-09-23T08:23:51Z</time><speed>0.000</speed><sat>24</sat></trkpt>
  <trkpt lat="45.58764217" lon="2.81350165"><ele>1129.240</ele><time>2026-09-23T08:23:54Z</time><speed>0.000</speed><sat>25</sat></trkpt>
  <trkpt lat="45.58764220" lon="2.81350170"><ele>1129.239</ele><time>2026-09-23T08:23:57Z</time><speed>0.000</speed><sat>27</sat></trkpt>
  <trkpt lat="45.58764230" lon="2.81350181"><ele>1129.249</ele><time>2026-09-23T08:24:00Z</time><speed>0.000</speed><sat>27</sat></trkpt>
  <trkpt lat="45.58764238" lon="2.81350185"><ele>1129.280</ele><time>2026-09-23T08:24:03Z</time><speed>0.000</speed><sat>27</sat></trkpt>
  <trkpt lat="45.58764259" lon="2.81350191"><ele>1129.292</ele><time>2026-09-23T08:24:06Z</time><speed>0.000</speed><sat>27</sat></trkpt>
  <trkpt lat="45.58764280" lon="2.81350197"><ele>1129.312</ele><time>2026-09-23T08:24:09Z</time><speed>0.000</speed><sat>28</sat></trkpt>
  <trkpt lat="45.58764332" lon="2.81350264"><ele>1129.448</ele><time>2026-09-23T08:24:12Z</time><speed>0.000</speed><sat>27</sat></trkpt>
  <trkpt lat="45.58764965" lon="2.81350546"><ele>1129.925</ele><time>2026-09-23T08:24:15Z</time><speed>0.000</speed><sat>28</sat></trkpt>
  <trkpt lat="45.58764991" lon="2.81350547"><ele>1129.953</ele><time>2026-09-23T08:24:18Z</time><speed>0.000</speed><sat>29</sat></trkpt>
  <trkpt lat="45.58765001" lon="2.81350549"><ele>1129.954</ele><time>2026-09-23T08:24:21Z</time><speed>0.000</speed><sat>29</sat></trkpt>
  <trkpt lat="45.58765016" lon="2.81350566"><ele>1129.965</ele><time>2026-09-23T08:24:24Z</time><speed>0.000</speed><sat>27</sat></trkpt>
  <trkpt lat="45.58765312" lon="2.81350983"><ele>1129.962</ele><time>2026-09-23T08:24:27Z</time><speed>0.000</speed><sat>28</sat></trkpt>
  <trkpt lat="45.58765213" lon="2.81351030"><ele>1129.735</ele><time>2026-09-23T08:24:30Z</time><speed>0.000</speed><sat>26</sat></trkpt>
  <trkpt lat="45.58765189" lon="2.81350701"><ele>1130.054</ele><time>2026-09-23T08:24:33Z</time><speed>0.000</speed><sat>26</sat></trkpt>
  <trkpt lat="45.58765187" lon="2.81350699"><ele>1130.056</ele><time>2026-09-23T08:24:36Z</time><speed>0.000</speed><sat>27</sat></trkpt>
  <trkpt lat="45.58765198" lon="2.81350680"><ele>1130.070</ele><time>2026-09-23T08:24:39Z</time><speed>0.000</speed><sat>26</sat></trkpt>
  <trkpt lat="45.58765199" lon="2.81350669"><ele>1130.068</ele><time>2026-09-23T08:24:42Z</time><speed>0.000</speed><sat>24</sat></trkpt>
  <trkpt lat="45.58765206" lon="2.81350670"><ele>1130.083</ele><time>2026-09-23T08:24:45Z</time><speed>0.000</speed><sat>23</sat></trkpt>
  <trkpt lat="45.58765213" lon="2.81350676"><ele>1130.081</ele><time>2026-09-23T08:24:48Z</time><speed>0.000</speed><sat>25</sat></trkpt>
  <trkpt lat="45.58765222" lon="2.81350688"><ele>1130.101</ele><time>2026-09-23T08:24:51Z</time><speed>0.000</speed><sat>28</sat></trkpt>
  <trkpt lat="45.58765212" lon="2.81350941"><ele>1130.324</ele><time>2026-09-23T08:24:54Z</time><speed>0.000</speed><sat>28</sat></trkpt>
  <trkpt lat="45.58765322" lon="2.81351933"><ele>1130.925</ele><time>2026-09-23T08:24:57Z</time><speed>0.000</speed><sat>27</sat></trkpt>
  <trkpt lat="45.58765664" lon="2.81352700"><ele>1131.139</ele><time>2026-09-23T08:25:00Z</time><speed>0.000</speed><sat>29</sat></trkpt>
  <trkpt lat="45.58765685" lon="2.81352740"><ele>1131.150</ele><time>2026-09-23T08:25:03Z</time><speed>0.000</speed><sat>30</sat></trkpt>
  <trkpt lat="45.58765688" lon="2.81352743"><ele>1131.148</ele><time>2026-09-23T08:25:06Z</time><speed>0.000</speed><sat>30</sat></trkpt>
  <trkpt lat="45.58765697" lon="2.81352767"><ele>1131.158</ele><time>2026-09-23T08:25:09Z</time><speed>0.000</speed><sat>26</sat></trkpt>
  <trkpt lat="45.58765699" lon="2.81352786"><ele>1131.171</ele><time>2026-09-23T08:25:12Z</time><speed>0.000</speed><sat>26</sat></trkpt>
  <trkpt lat="45.58765952" lon="2.81353161"><ele>1131.238</ele><time>2026-09-23T08:25:15Z</time><speed>0.000</speed><sat>26</sat></trkpt>
  <trkpt lat="45.58766104" lon="2.81353227"><ele>1131.208</ele><time>2026-09-23T08:25:18Z</time><speed>0.000</speed><sat>27</sat></trkpt>
  <trkpt lat="45.58766173" lon="2.81353354"><ele>1131.538</ele><time>2026-09-23T08:25:21Z</time><speed>0.000</speed><sat>28</sat></trkpt>
  <trkpt lat="45.58766095" lon="2.81353809"><ele>1131.264</ele><time>2026-09-23T08:25:24Z</time><speed>0.000</speed><sat>29</sat></trkpt>
  <trkpt lat="45.58766087" lon="2.81353852"><ele>1131.248</ele><time>2026-09-23T08:25:27Z</time><speed>0.000</speed><sat>29</sat></trkpt>
  <trkpt lat="45.58766090" lon="2.81353872"><ele>1131.251</ele><time>2026-09-23T08:25:30Z</time><speed>0.000</speed><sat>27</sat></trkpt>
  <trkpt lat="45.58765985" lon="2.81354300"><ele>1132.120</ele><time>2026-09-23T08:25:33Z</time><speed>0.000</speed><sat>25</sat></trkpt>
  <trkpt lat="45.58765987" lon="2.81354344"><ele>1132.116</ele><time>2026-09-23T08:25:36Z</time><speed>0.000</speed><sat>29</sat></trkpt>
  <trkpt lat="45.58765991" lon="2.81354363"><ele>1132.118</ele><time>2026-09-23T08:25:39Z</time><speed>0.000</speed><sat>30</sat></trkpt>
  <trkpt lat="45.58765995" lon="2.81354381"><ele>1132.121</ele><time>2026-09-23T08:25:42Z</time><speed>0.000</speed><sat>29</sat></trkpt>
  <trkpt lat="45.58766076" lon="2.81354686"><ele>1132.250</ele><time>2026-09-23T08:25:45Z</time><speed>0.000</speed><sat>27</sat></trkpt>
  <trkpt lat="45.58766340" lon="2.81354524"><ele>1131.718</ele><time>2026-09-23T08:25:48Z</time><speed>0.000</speed><sat>30</sat></trkpt>
  <trkpt lat="45.58766560" lon="2.81354287"><ele>1132.847</ele><time>2026-09-23T08:25:51Z</time><speed>0.000</speed><sat>30</sat></trkpt>
  <trkpt lat="45.58767148" lon="2.81354693"><ele>1132.969</ele><time>2026-09-23T08:25:54Z</time><speed>0.000</speed><sat>28</sat></trkpt>
  <trkpt lat="45.58767105" lon="2.81354728"><ele>1132.552</ele><time>2026-09-23T08:25:57Z</time><speed>0.000</speed><sat>28</sat></trkpt>
  <trkpt lat="45.58767125" lon="2.81354676"><ele>1132.500</ele><time>2026-09-23T08:26:00Z</time><speed>0.150</speed><sat>27</sat></trkpt>
  <trkpt lat="45.58767167" lon="2.81354808"><ele>1132.812</ele><time>2026-09-23T08:26:03Z</time><speed>0.000</speed><sat>26</sat></trkpt>
  <trkpt lat="45.58767079" lon="2.81355175"><ele>1132.577</ele><time>2026-09-23T08:26:06Z</time><speed>0.200</speed><sat>27</sat></trkpt>
  <trkpt lat="45.58767019" lon="2.81355630"><ele>1132.384</ele><time>2026-09-23T08:26:09Z</time><speed>0.000</speed><sat>26</sat></trkpt>
  <trkpt lat="45.58766988" lon="2.81355641"><ele>1132.424</ele><time>2026-09-23T08:26:12Z</time><speed>0.000</speed><sat>25</sat></trkpt>
  <trkpt lat="45.58766900" lon="2.81355597"><ele>1132.238</ele><time>2026-09-23T08:26:15Z</time><speed>0.000</speed><sat>26</sat></trkpt>
  <trkpt lat="45.58766937" lon="2.81355217"><ele>1132.531</ele><time>2026-09-23T08:26:18Z</time><speed>0.000</speed><sat>26</sat></trkpt>
  <trkpt lat="45.58766908" lon="2.81355338"><ele>1132.404</ele><time>2026-09-23T08:26:21Z</time><speed>0.000</speed><sat>27</sat></trkpt>
  <trkpt lat="45.58766980" lon="2.81354737"><ele>1133.122</ele><time>2026-09-23T08:26:24Z</time><speed>0.000</speed><sat>27</sat></trkpt>
  <trkpt lat="45.58766979" lon="2.81354388"><ele>1133.631</ele><time>2026-09-23T08:26:27Z</time><speed>0.000</speed><sat>28</sat></trkpt>
  <trkpt lat="45.58766970" lon="2.81354376"><ele>1133.631</ele><time>2026-09-23T08:26:30Z</time><speed>0.000</speed><sat>28</sat></trkpt>
  <trkpt lat="45.58766961" lon="2.81354374"><ele>1133.631</ele><time>2026-09-23T08:26:33Z</time><speed>0.000</speed><sat>26</sat></trkpt>
  <trkpt lat="45.58766874" lon="2.81354621"><ele>1133.564</ele><time>2026-09-23T08:26:36Z</time><speed>0.000</speed><sat>27</sat></trkpt>
  <trkpt lat="45.58766866" lon="2.81354638"><ele>1133.568</ele><time>2026-09-23T08:26:39Z</time><speed>0.000</speed><sat>26</sat></trkpt>
  <trkpt lat="45.58766592" lon="2.81354426"><ele>1133.571</ele><time>2026-09-23T08:26:42Z</time><speed>0.000</speed><sat>27</sat></trkpt>
  <trkpt lat="45.58766638" lon="2.81354371"><ele>1133.687</ele><time>2026-09-23T08:26:45Z</time><speed>0.000</speed><sat>28</sat></trkpt>
  <trkpt lat="45.58766503" lon="2.81355033"><ele>1134.151</ele><time>2026-09-23T08:26:48Z</time><speed>0.750</speed><sat>28</sat></trkpt>
  <trkpt lat="45.58765389" lon="2.81357682"><ele>1133.893</ele><time>2026-09-23T08:26:51Z</time><speed>0.850</speed><sat>29</sat></trkpt>
  <trkpt lat="45.58765766" lon="2.81360472"><ele>1132.556</ele><time>2026-09-23T08:26:54Z</time><speed>1.030</speed><sat>29</sat></trkpt>
  <trkpt lat="45.58765095" lon="2.81363209"><ele>1132.399</ele><time>2026-09-23T08:26:57Z</time><speed>0.980</speed><sat>28</sat></trkpt>
  <trkpt lat="45.58764154" lon="2.81366206"><ele>1131.902</ele><time>2026-09-23T08:27:00Z</time><speed>0.900</speed><sat>27</sat></trkpt>
  <trkpt lat="45.58764704" lon="2.81369210"><ele>1132.600</ele><time>2026-09-23T08:27:03Z</time><speed>0.770</speed><sat>27</sat></trkpt>
  <trkpt lat="45.58764829" lon="2.81372349"><ele>1130.487</ele><time>2026-09-23T08:27:06Z</time><speed>0.780</speed><sat>26</sat></trkpt>
  <trkpt lat="45.58764746" lon="2.81376037"><ele>1130.070</ele><time>2026-09-23T08:27:09Z</time><speed>0.820</speed><sat>25</sat></trkpt>
  <trkpt lat="45.58765357" lon="2.81379784"><ele>1130.223</ele><time>2026-09-23T08:27:12Z</time><speed>0.860</speed><sat>26</sat></trkpt>
  <trkpt lat="45.58766741" lon="2.81383050"><ele>1130.238</ele><time>2026-09-23T08:27:15Z</time><speed>0.880</speed><sat>27</sat></trkpt>
  <trkpt lat="45.58767411" lon="2.81386886"><ele>1130.198</ele><time>2026-09-23T08:27:18Z</time><speed>0.900</speed><sat>25</sat></trkpt>
  <trkpt lat="45.58768629" lon="2.81390707"><ele>1130.191</ele><time>2026-09-23T08:27:21Z</time><speed>0.880</speed><sat>24</sat></trkpt>
  <trkpt lat="45.58769829" lon="2.81394388"><ele>1128.537</ele><time>2026-09-23T08:27:24Z</time><speed>0.910</speed><sat>23</sat></trkpt>
  <trkpt lat="45.58770669" lon="2.81397701"><ele>1128.864</ele><time>2026-09-23T08:27:27Z</time><speed>0.960</speed><sat>24</sat></trkpt>
  <trkpt lat="45.58770660" lon="2.81401327"><ele>1128.390</ele><time>2026-09-23T08:27:30Z</time><speed>1.130</speed><sat>24</sat></trkpt>
  <trkpt lat="45.58771105" lon="2.81405636"><ele>1128.344</ele><time>2026-09-23T08:27:33Z</time><speed>1.130</speed><sat>23</sat></trkpt>
  <trkpt lat="45.58771738" lon="2.81409310"><ele>1127.418</ele><time>2026-09-23T08:27:36Z</time><speed>1.070</speed><sat>24</sat></trkpt>
  <trkpt lat="45.58772070" lon="2.81412283"><ele>1128.225</ele><time>2026-09-23T08:27:39Z</time><speed>1.020</speed><sat>25</sat></trkpt>
  <trkpt lat="45.58773230" lon="2.81415803"><ele>1129.251</ele><time>2026-09-23T08:27:42Z</time><speed>1.070</speed><sat>23</sat></trkpt>
  <trkpt lat="45.58774973" lon="2.81418607"><ele>1128.899</ele><time>2026-09-23T08:27:45Z</time><speed>1.220</speed><sat>21</sat></trkpt>
  <trkpt lat="45.58776602" lon="2.81422705"><ele>1127.880</ele><time>2026-09-23T08:27:48Z</time><speed>1.000</speed><sat>22</sat></trkpt>
  <trkpt lat="45.58779023" lon="2.81426531"><ele>1127.920</ele><time>2026-09-23T08:27:51Z</time><speed>1.000</speed><sat>24</sat></trkpt>
  <trkpt lat="45.58781081" lon="2.81430873"><ele>1129.110</ele><time>2026-09-23T08:27:54Z</time><speed>1.020</speed><sat>24</sat></trkpt>
  <trkpt lat="45.58782945" lon="2.81434686"><ele>1131.291</ele><time>2026-09-23T08:27:57Z</time><speed>1.060</speed><sat>21</sat></trkpt>
  <trkpt lat="45.58784701" lon="2.81437617"><ele>1131.458</ele><time>2026-09-23T08:28:00Z</time><speed>1.060</speed><sat>21</sat></trkpt>
  <trkpt lat="45.58786732" lon="2.81440654"><ele>1131.082</ele><time>2026-09-23T08:28:03Z</time><speed>1.030</speed><sat>20</sat></trkpt>
  <trkpt lat="45.58786507" lon="2.81445397"><ele>1131.747</ele><time>2026-09-23T08:28:06Z</time><speed>1.080</speed><sat>20</sat></trkpt>
  <trkpt lat="45.58786440" lon="2.81448780"><ele>1132.912</ele><time>2026-09-23T08:28:09Z</time><speed>0.970</speed><sat>21</sat></trkpt>
  <trkpt lat="45.58786966" lon="2.81452263"><ele>1131.678</ele><time>2026-09-23T08:28:12Z</time><speed>0.930</speed><sat>21</sat></trkpt>
  <trkpt lat="45.58787064" lon="2.81455514"><ele>1131.335</ele><time>2026-09-23T08:28:15Z</time><speed>0.850</speed><sat>22</sat></trkpt>
  <trkpt lat="45.58787666" lon="2.81459396"><ele>1131.669</ele><time>2026-09-23T08:28:18Z</time><speed>0.800</speed><sat>21</sat></trkpt>
  <trkpt lat="45.58787690" lon="2.81462694"><ele>1130.421</ele><time>2026-09-23T08:28:21Z</time><speed>0.770</speed><sat>20</sat></trkpt>
  <trkpt lat="45.58787836" lon="2.81464788"><ele>1130.969</ele><time>2026-09-23T08:28:24Z</time><speed>0.000</speed><sat>20</sat></trkpt>
  <trkpt lat="45.58788083" lon="2.81467999"><ele>1130.782</ele><time>2026-09-23T08:28:27Z</time><speed>0.730</speed><sat>22</sat></trkpt>
  <trkpt lat="45.58788162" lon="2.81470835"><ele>1129.344</ele><time>2026-09-23T08:28:30Z</time><speed>0.830</speed><sat>19</sat></trkpt>
  <trkpt lat="45.58789655" lon="2.81472787"><ele>1129.553</ele><time>2026-09-23T08:28:33Z</time><speed>0.650</speed><sat>19</sat></trkpt>
  <trkpt lat="45.58791298" lon="2.81473485"><ele>1128.227</ele><time>2026-09-23T08:28:36Z</time><speed>0.490</speed><sat>17</sat></trkpt>
  <trkpt lat="45.58791955" lon="2.81475558"><ele>1126.554</ele><time>2026-09-23T08:28:39Z</time><speed>0.510</speed><sat>15</sat></trkpt>
  <trkpt lat="45.58791874" lon="2.81477938"><ele>1126.298</ele><time>2026-09-23T08:28:42Z</time><speed>0.540</speed><sat>15</sat></trkpt>
  <trkpt lat="45.58791770" lon="2.81479980"><ele>1124.726</ele><time>2026-09-23T08:28:45Z</time><speed>0.510</speed><sat>16</sat></trkpt>
  <trkpt lat="45.58791527" lon="2.81481721"><ele>1122.957</ele><time>2026-09-23T08:28:48Z</time><speed>0.630</speed><sat>18</sat></trkpt>
  <trkpt lat="45.58791669" lon="2.81484260"><ele>1122.443</ele><time>2026-09-23T08:28:51Z</time><speed>0.590</speed><sat>21</sat></trkpt>
  <trkpt lat="45.58791595" lon="2.81486639"><ele>1122.207</ele><time>2026-09-23T08:28:54Z</time><speed>0.600</speed><sat>20</sat></trkpt>
  <trkpt lat="45.58791929" lon="2.81489261"><ele>1122.320</ele><time>2026-09-23T08:28:57Z</time><speed>0.570</speed><sat>19</sat></trkpt>
  <trkpt lat="45.58792209" lon="2.81489910"><ele>1121.884</ele><time>2026-09-23T08:29:00Z</time><speed>0.000</speed><sat>20</sat></trkpt>
  <trkpt lat="45.58792214" lon="2.81489919"><ele>1121.883</ele><time>2026-09-23T08:29:03Z</time><speed>0.000</speed><sat>19</sat></trkpt>
  <trkpt lat="45.58791957" lon="2.81489553"><ele>1121.843</ele><time>2026-09-23T08:29:06Z</time><speed>0.000</speed><sat>14</sat></trkpt>
  <trkpt lat="45.58792965" lon="2.81488777"><ele>1122.740</ele><time>2026-09-23T08:29:09Z</time><speed>0.000</speed><sat>18</sat></trkpt>
  <trkpt lat="45.58795039" lon="2.81489330"><ele>1123.298</ele><time>2026-09-23T08:29:12Z</time><speed>0.600</speed><sat>18</sat></trkpt>
  <trkpt lat="45.58796357" lon="2.81489069"><ele>1123.771</ele><time>2026-09-23T08:29:15Z</time><speed>0.190</speed><sat>19</sat></trkpt>
  <trkpt lat="45.58796345" lon="2.81484721"><ele>1122.538</ele><time>2026-09-23T08:29:18Z</time><speed>1.110</speed><sat>19</sat></trkpt>
  <trkpt lat="45.58796032" lon="2.81484030"><ele>1120.560</ele><time>2026-09-23T08:29:21Z</time><speed>0.000</speed><sat>18</sat></trkpt>
  <trkpt lat="45.58795318" lon="2.81482396"><ele>1117.914</ele><time>2026-09-23T08:29:24Z</time><speed>0.840</speed><sat>17</sat></trkpt>
  <trkpt lat="45.58795457" lon="2.81481428"><ele>1117.493</ele><time>2026-09-23T08:29:27Z</time><speed>0.000</speed><sat>16</sat></trkpt>
  <trkpt lat="45.58795463" lon="2.81479331"><ele>1117.877</ele><time>2026-09-23T08:29:30Z</time><speed>0.520</speed><sat>17</sat></trkpt>
  <trkpt lat="45.58795316" lon="2.81477880"><ele>1118.299</ele><time>2026-09-23T08:29:33Z</time><speed>0.540</speed><sat>17</sat></trkpt>
  <trkpt lat="45.58794453" lon="2.81474198"><ele>1118.786</ele><time>2026-09-23T08:29:36Z</time><speed>0.000</speed><sat>16</sat></trkpt>
  <trkpt lat="45.58792415" lon="2.81472837"><ele>1119.190</ele><time>2026-09-23T08:29:39Z</time><speed>0.580</speed><sat>17</sat></trkpt>
  <trkpt lat="45.58792879" lon="2.81470056"><ele>1117.531</ele><time>2026-09-23T08:29:42Z</time><speed>0.480</speed><sat>17</sat></trkpt>
  <trkpt lat="45.58793537" lon="2.81470606"><ele>1117.251</ele><time>2026-09-23T08:29:45Z</time><speed>0.000</speed><sat>17</sat></trkpt>
  <trkpt lat="45.58793569" lon="2.81470654"><ele>1117.261</ele><time>2026-09-23T08:29:48Z</time><speed>0.000</speed><sat>17</sat></trkpt>
  <trkpt lat="45.58793575" lon="2.81470694"><ele>1117.292</ele><time>2026-09-23T08:29:51Z</time><speed>0.000</speed><sat>15</sat></trkpt>
  <trkpt lat="45.58793582" lon="2.81470723"><ele>1117.292</ele><time>2026-09-23T08:29:54Z</time><speed>0.000</speed><sat>17</sat></trkpt>
  <trkpt lat="45.58793585" lon="2.81470739"><ele>1117.281</ele><time>2026-09-23T08:29:57Z</time><speed>0.000</speed><sat>17</sat></trkpt>
  <trkpt lat="45.58793594" lon="2.81470750"><ele>1117.270</ele><time>2026-09-23T08:30:00Z</time><speed>0.000</speed><sat>18</sat></trkpt>
  <trkpt lat="45.58793603" lon="2.81470773"><ele>1117.266</ele><time>2026-09-23T08:30:03Z</time><speed>0.000</speed><sat>18</sat></trkpt>
  <trkpt lat="45.58793606" lon="2.81470817"><ele>1117.254</ele><time>2026-09-23T08:30:06Z</time><speed>0.000</speed><sat>15</sat></trkpt>
  <trkpt lat="45.58793620" lon="2.81470863"><ele>1117.269</ele><time>2026-09-23T08:30:09Z</time><speed>0.000</speed><sat>17</sat></trkpt>
  <trkpt lat="45.58793654" lon="2.81470893"><ele>1117.388</ele><time>2026-09-23T08:30:12Z</time><speed>0.000</speed><sat>18</sat></trkpt>
  <trkpt lat="45.58793659" lon="2.81470613"><ele>1117.962</ele><time>2026-09-23T08:30:15Z</time><speed>0.000</speed><sat>16</sat></trkpt>
  <trkpt lat="45.58793588" lon="2.81470920"><ele>1117.456</ele><time>2026-09-23T08:30:18Z</time><speed>0.000</speed><sat>18</sat></trkpt>
  <trkpt lat="45.58793601" lon="2.81471008"><ele>1117.504</ele><time>2026-09-23T08:30:21Z</time><speed>0.000</speed><sat>18</sat></trkpt>
  <trkpt lat="45.58793620" lon="2.81471113"><ele>1117.567</ele><time>2026-09-23T08:30:24Z</time><speed>0.000</speed><sat>15</sat></trkpt>
  <trkpt lat="45.58793641" lon="2.81471210"><ele>1117.632</ele><time>2026-09-23T08:30:27Z</time><speed>0.000</speed><sat>15</sat></trkpt>
  <trkpt lat="45.58793658" lon="2.81471317"><ele>1117.671</ele><time>2026-09-23T08:30:30Z</time><speed>0.000</speed><sat>14</sat></trkpt>
  <trkpt lat="45.58793691" lon="2.81471426"><ele>1117.776</ele><time>2026-09-23T08:30:33Z</time><speed>0.000</speed><sat>15</sat></trkpt>
  <trkpt lat="45.58793703" lon="2.81471488"><ele>1117.804</ele><time>2026-09-23T08:30:36Z</time><speed>0.000</speed><sat>18</sat></trkpt>
  <trkpt lat="45.58793723" lon="2.81471556"><ele>1117.872</ele><time>2026-09-23T08:30:39Z</time><speed>0.000</speed><sat>20</sat></trkpt>
  <trkpt lat="45.58793740" lon="2.81471631"><ele>1117.926</ele><time>2026-09-23T08:30:42Z</time><speed>0.000</speed><sat>16</sat></trkpt>
  <trkpt lat="45.58793757" lon="2.81471698"><ele>1117.968</ele><time>2026-09-23T08:30:45Z</time><speed>0.000</speed><sat>16</sat></trkpt>
  <trkpt lat="45.58793773" lon="2.81471763"><ele>1118.014</ele><time>2026-09-23T08:30:48Z</time><speed>0.000</speed><sat>16</sat></trkpt>
  <trkpt lat="45.58793796" lon="2.81471847"><ele>1118.084</ele><time>2026-09-23T08:30:51Z</time><speed>0.000</speed><sat>17</sat></trkpt>
  <trkpt lat="45.58794072" lon="2.81472086"><ele>1118.257</ele><time>2026-09-23T08:30:54Z</time><speed>0.000</speed><sat>19</sat></trkpt>
  <trkpt lat="45.58794083" lon="2.81472051"><ele>1118.328</ele><time>2026-09-23T08:30:57Z</time><speed>0.000</speed><sat>17</sat></trkpt>
  <trkpt lat="45.58795867" lon="2.81472468"><ele>1119.584</ele><time>2026-09-23T08:31:00Z</time><speed>0.720</speed><sat>16</sat></trkpt>
  <trkpt lat="45.58796890" lon="2.81473916"><ele>1119.013</ele><time>2026-09-23T08:31:03Z</time><speed>1.300</speed><sat>18</sat></trkpt>
  <trkpt lat="45.58794856" lon="2.81477108"><ele>1118.423</ele><time>2026-09-23T08:31:06Z</time><speed>0.880</speed><sat>20</sat></trkpt>
  <trkpt lat="45.58793123" lon="2.81480888"><ele>1120.057</ele><time>2026-09-23T08:31:09Z</time><speed>0.950</speed><sat>22</sat></trkpt>
  <trkpt lat="45.58791590" lon="2.81487025"><ele>1119.498</ele><time>2026-09-23T08:31:12Z</time><speed>1.590</speed><sat>22</sat></trkpt>
  <trkpt lat="45.58791207" lon="2.81492322"><ele>1120.156</ele><time>2026-09-23T08:31:15Z</time><speed>1.340</speed><sat>21</sat></trkpt>
  <trkpt lat="45.58792388" lon="2.81493596"><ele>1121.955</ele><time>2026-09-23T08:31:18Z</time><speed>0.410</speed><sat>20</sat></trkpt>
  <trkpt lat="45.58794959" lon="2.81494551"><ele>1123.000</ele><time>2026-09-23T08:31:21Z</time><speed>2.560</speed><sat>19</sat></trkpt>
  <trkpt lat="45.58799280" lon="2.81497325"><ele>1123.951</ele><time>2026-09-23T08:31:24Z</time><speed>2.240</speed><sat>21</sat></trkpt>
  <trkpt lat="45.58799555" lon="2.81493849"><ele>1126.588</ele><time>2026-09-23T08:31:27Z</time><speed>0.650</speed><sat>19</sat></trkpt>
  <trkpt lat="45.58796298" lon="2.81487464"><ele>1125.539</ele><time>2026-09-23T08:31:30Z</time><speed>1.350</speed><sat>14</sat></trkpt>
  <trkpt lat="45.58795034" lon="2.81482269"><ele>1125.585</ele><time>2026-09-23T08:31:33Z</time><speed>1.220</speed><sat>16</sat></trkpt>
  <trkpt lat="45.58795957" lon="2.81478809"><ele>1124.631</ele><time>2026-09-23T08:31:36Z</time><speed>0.990</speed><sat>17</sat></trkpt>
  <trkpt lat="45.58797239" lon="2.81475685"><ele>1124.351</ele><time>2026-09-23T08:31:39Z</time><speed>0.960</speed><sat>16</sat></trkpt>
  <trkpt lat="45.58797760" lon="2.81472220"><ele>1125.029</ele><time>2026-09-23T08:31:42Z</time><speed>0.860</speed><sat>17</sat></trkpt>
  <trkpt lat="45.58797766" lon="2.81468680"><ele>1125.779</ele><time>2026-09-23T08:31:45Z</time><speed>0.820</speed><sat>17</sat></trkpt>
  <trkpt lat="45.58794761" lon="2.81468352"><ele>1124.784</ele><time>2026-09-23T08:31:48Z</time><speed>1.110</speed><sat>20</sat></trkpt>
  <trkpt lat="45.58792762" lon="2.81465218"><ele>1124.250</ele><time>2026-09-23T08:31:51Z</time><speed>0.690</speed><sat>20</sat></trkpt>
  <trkpt lat="45.58793147" lon="2.81463250"><ele>1123.458</ele><time>2026-09-23T08:31:54Z</time><speed>0.680</speed><sat>19</sat></trkpt>
  <trkpt lat="45.58794367" lon="2.81461883"><ele>1122.474</ele><time>2026-09-23T08:31:57Z</time><speed>0.680</speed><sat>19</sat></trkpt>
  <trkpt lat="45.58794992" lon="2.81461256"><ele>1119.909</ele><time>2026-09-23T08:32:00Z</time><speed>0.000</speed><sat>18</sat></trkpt>
  <trkpt lat="45.58795199" lon="2.81461108"><ele>1121.729</ele><time>2026-09-23T08:32:03Z</time><speed>0.000</speed><sat>17</sat></trkpt>
  <trkpt lat="45.58795178" lon="2.81461142"><ele>1121.752</ele><time>2026-09-23T08:32:06Z</time><speed>0.000</speed><sat>17</sat></trkpt>
  <trkpt lat="45.58795145" lon="2.81461186"><ele>1121.775</ele><time>2026-09-23T08:32:09Z</time><speed>0.000</speed><sat>19</sat></trkpt>
  <trkpt lat="45.58795126" lon="2.81461215"><ele>1121.775</ele><time>2026-09-23T08:32:12Z</time><speed>0.000</speed><sat>23</sat></trkpt>
  <trkpt lat="45.58794817" lon="2.81461334"><ele>1121.507</ele><time>2026-09-23T08:32:15Z</time><speed>0.000</speed><sat>21</sat></trkpt>
  <trkpt lat="45.58794004" lon="2.81462088"><ele>1120.443</ele><time>2026-09-23T08:32:18Z</time><speed>0.440</speed><sat>18</sat></trkpt>
  <trkpt lat="45.58792781" lon="2.81466057"><ele>1120.542</ele><time>2026-09-23T08:32:21Z</time><speed>0.000</speed><sat>18</sat></trkpt>
  <trkpt lat="45.58792270" lon="2.81467025"><ele>1121.716</ele><time>2026-09-23T08:32:24Z</time><speed>0.380</speed><sat>18</sat></trkpt>
  <trkpt lat="45.58792895" lon="2.81468451"><ele>1121.373</ele><time>2026-09-23T08:32:27Z</time><speed>0.430</speed><sat>17</sat></trkpt>
  <trkpt lat="45.58793784" lon="2.81467380"><ele>1120.412</ele><time>2026-09-23T08:32:30Z</time><speed>0.460</speed><sat>18</sat></trkpt>
  <trkpt lat="45.58793562" lon="2.81467614"><ele>1120.441</ele><time>2026-09-23T08:32:33Z</time><speed>0.000</speed><sat>17</sat></trkpt>
  <trkpt lat="45.58793486" lon="2.81467112"><ele>1119.964</ele><time>2026-09-23T08:32:36Z</time><speed>0.000</speed><sat>16</sat></trkpt>
  <trkpt lat="45.58793456" lon="2.81467018"><ele>1119.900</ele><time>2026-09-23T08:32:39Z</time><speed>0.000</speed><sat>17</sat></trkpt>
  <trkpt lat="45.58794714" lon="2.81465686"><ele>1120.841</ele><time>2026-09-23T08:32:42Z</time><speed>1.380</speed><sat>17</sat></trkpt>
  <trkpt lat="45.58796583" lon="2.81464312"><ele>1120.856</ele><time>2026-09-23T08:32:45Z</time><speed>0.160</speed><sat>16</sat></trkpt>
  <trkpt lat="45.58796021" lon="2.81464654"><ele>1120.092</ele><time>2026-09-23T08:32:48Z</time><speed>0.580</speed><sat>15</sat></trkpt>
  <trkpt lat="45.58794075" lon="2.81465111"><ele>1120.143</ele><time>2026-09-23T08:32:51Z</time><speed>0.000</speed><sat>17</sat></trkpt>
  <trkpt lat="45.58793234" lon="2.81465841"><ele>1120.608</ele><time>2026-09-23T08:32:54Z</time><speed>0.000</speed><sat>18</sat></trkpt>
  <trkpt lat="45.58793276" lon="2.81466159"><ele>1120.186</ele><time>2026-09-23T08:32:57Z</time><speed>0.000</speed><sat>20</sat></trkpt>
  <trkpt lat="45.58792985" lon="2.81465932"><ele>1120.165</ele><time>2026-09-23T08:33:00Z</time><speed>0.000</speed><sat>18</sat></trkpt>
  <trkpt lat="45.58792352" lon="2.81464493"><ele>1119.814</ele><time>2026-09-23T08:33:03Z</time><speed>0.220</speed><sat>19</sat></trkpt>
  <trkpt lat="45.58791295" lon="2.81464479"><ele>1120.178</ele><time>2026-09-23T08:33:06Z</time><speed>0.710</speed><sat>18</sat></trkpt>
  <trkpt lat="45.58790137" lon="2.81466287"><ele>1120.187</ele><time>2026-09-23T08:33:09Z</time><speed>0.750</speed><sat>17</sat></trkpt>
  <trkpt lat="45.58789328" lon="2.81466665"><ele>1121.353</ele><time>2026-09-23T08:33:12Z</time><speed>0.000</speed><sat>15</sat></trkpt>
  <trkpt lat="45.58790132" lon="2.81467168"><ele>1120.863</ele><time>2026-09-23T08:33:15Z</time><speed>0.460</speed><sat>15</sat></trkpt>
  <trkpt lat="45.58790670" lon="2.81467012"><ele>1120.765</ele><time>2026-09-23T08:33:18Z</time><speed>0.000</speed><sat>17</sat></trkpt>
  <trkpt lat="45.58791543" lon="2.81466871"><ele>1122.357</ele><time>2026-09-23T08:33:21Z</time><speed>0.000</speed><sat>16</sat></trkpt>
  <trkpt lat="45.58791542" lon="2.81466672"><ele>1122.249</ele><time>2026-09-23T08:33:24Z</time><speed>0.000</speed><sat>16</sat></trkpt>
  <trkpt lat="45.58791712" lon="2.81464726"><ele>1120.068</ele><time>2026-09-23T08:33:27Z</time><speed>0.550</speed><sat>17</sat></trkpt>
  <trkpt lat="45.58790909" lon="2.81463686"><ele>1121.264</ele><time>2026-09-23T08:33:30Z</time><speed>0.430</speed><sat>18</sat></trkpt>
  <trkpt lat="45.58790851" lon="2.81464056"><ele>1122.546</ele><time>2026-09-23T08:33:33Z</time><speed>0.280</speed><sat>19</sat></trkpt>
  <trkpt lat="45.58790901" lon="2.81465528"><ele>1121.766</ele><time>2026-09-23T08:33:36Z</time><speed>0.270</speed><sat>20</sat></trkpt>
  <trkpt lat="45.58791835" lon="2.81466730"><ele>1122.096</ele><time>2026-09-23T08:33:39Z</time><speed>0.000</speed><sat>17</sat></trkpt>
  <trkpt lat="45.58791862" lon="2.81466814"><ele>1122.068</ele><time>2026-09-23T08:33:42Z</time><speed>0.000</speed><sat>17</sat></trkpt>
  <trkpt lat="45.58791899" lon="2.81466941"><ele>1122.143</ele><time>2026-09-23T08:33:45Z</time><speed>0.150</speed><sat>19</sat></trkpt>
  <trkpt lat="45.58793811" lon="2.81466889"><ele>1123.279</ele><time>2026-09-23T08:33:48Z</time><speed>0.790</speed><sat>19</sat></trkpt>
  <trkpt lat="45.58794036" lon="2.81467144"><ele>1123.790</ele><time>2026-09-23T08:33:51Z</time><speed>0.000</speed><sat>18</sat></trkpt>
  <trkpt lat="45.58794032" lon="2.81467145"><ele>1123.792</ele><time>2026-09-23T08:33:54Z</time><speed>0.000</speed><sat>18</sat></trkpt>
  <trkpt lat="45.58794036" lon="2.81467141"><ele>1123.805</ele><time>2026-09-23T08:33:57Z</time><speed>0.000</speed><sat>16</sat></trkpt>
  <trkpt lat="45.58792775" lon="2.81465645"><ele>1121.816</ele><time>2026-09-23T08:34:00Z</time><speed>0.540</speed><sat>16</sat></trkpt>
  <trkpt lat="45.58790447" lon="2.81465311"><ele>1122.161</ele><time>2026-09-23T08:34:03Z</time><speed>0.480</speed><sat>20</sat></trkpt>
  <trkpt lat="45.58789339" lon="2.81464834"><ele>1121.135</ele><time>2026-09-23T08:34:06Z</time><speed>0.530</speed><sat>20</sat></trkpt>
  <trkpt lat="45.58788620" lon="2.81464339"><ele>1121.531</ele><time>2026-09-23T08:34:09Z</time><speed>0.000</speed><sat>16</sat></trkpt>
  <trkpt lat="45.58788563" lon="2.81464318"><ele>1121.550</ele><time>2026-09-23T08:34:12Z</time><speed>0.000</speed><sat>16</sat></trkpt>
  <trkpt lat="45.58788335" lon="2.81462756"><ele>1121.442</ele><time>2026-09-23T08:34:15Z</time><speed>0.900</speed><sat>17</sat></trkpt>
  <trkpt lat="45.58787810" lon="2.81456797"><ele>1119.913</ele><time>2026-09-23T08:34:18Z</time><speed>1.550</speed><sat>17</sat></trkpt>
  <trkpt lat="45.58789463" lon="2.81451680"><ele>1121.040</ele><time>2026-09-23T08:34:21Z</time><speed>0.930</speed><sat>19</sat></trkpt>
  <trkpt lat="45.58790727" lon="2.81448461"><ele>1120.642</ele><time>2026-09-23T08:34:24Z</time><speed>0.900</speed><sat>19</sat></trkpt>
  <trkpt lat="45.58790513" lon="2.81444519"><ele>1121.095</ele><time>2026-09-23T08:34:27Z</time><speed>0.940</speed><sat>19</sat></trkpt>
  <trkpt lat="45.58791010" lon="2.81440360"><ele>1124.231</ele><time>2026-09-23T08:34:30Z</time><speed>0.920</speed><sat>19</sat></trkpt>
  <trkpt lat="45.58792391" lon="2.81437834"><ele>1126.612</ele><time>2026-09-23T08:34:33Z</time><speed>0.860</speed><sat>18</sat></trkpt>
  <trkpt lat="45.58792668" lon="2.81435012"><ele>1127.530</ele><time>2026-09-23T08:34:36Z</time><speed>0.830</speed><sat>16</sat></trkpt>
  <trkpt lat="45.58792742" lon="2.81432131"><ele>1128.338</ele><time>2026-09-23T08:34:39Z</time><speed>0.820</speed><sat>19</sat></trkpt>
  <trkpt lat="45.58793503" lon="2.81429822"><ele>1129.109</ele><time>2026-09-23T08:34:42Z</time><speed>0.770</speed><sat>20</sat></trkpt>
  <trkpt lat="45.58793842" lon="2.81426038"><ele>1127.146</ele><time>2026-09-23T08:34:45Z</time><speed>0.810</speed><sat>20</sat></trkpt>
  <trkpt lat="45.58794653" lon="2.81422265"><ele>1124.354</ele><time>2026-09-23T08:34:48Z</time><speed>0.890</speed><sat>20</sat></trkpt>
  <trkpt lat="45.58795749" lon="2.81418792"><ele>1121.068</ele><time>2026-09-23T08:34:51Z</time><speed>0.880</speed><sat>19</sat></trkpt>
  <trkpt lat="45.58796996" lon="2.81415241"><ele>1120.986</ele><time>2026-09-23T08:34:54Z</time><speed>0.900</speed><sat>22</sat></trkpt>
  <trkpt lat="45.58798434" lon="2.81412719"><ele>1119.933</ele><time>2026-09-23T08:34:57Z</time><speed>0.880</speed><sat>22</sat></trkpt>
  <trkpt lat="45.58800681" lon="2.81411604"><ele>1118.628</ele><time>2026-09-23T08:35:00Z</time><speed>0.870</speed><sat>21</sat></trkpt>
  <trkpt lat="45.58802416" lon="2.81409880"><ele>1116.674</ele><time>2026-09-23T08:35:03Z</time><speed>0.750</speed><sat>17</sat></trkpt>
  <trkpt lat="45.58804024" lon="2.81408827"><ele>1116.602</ele><time>2026-09-23T08:35:06Z</time><speed>0.770</speed><sat>17</sat></trkpt>
  <trkpt lat="45.58805800" lon="2.81407617"><ele>1116.389</ele><time>2026-09-23T08:35:09Z</time><speed>0.790</speed><sat>18</sat></trkpt>
  <trkpt lat="45.58807617" lon="2.81406137"><ele>1117.433</ele><time>2026-09-23T08:35:12Z</time><speed>0.740</speed><sat>19</sat></trkpt>
  <trkpt lat="45.58809262" lon="2.81403715"><ele>1117.322</ele><time>2026-09-23T08:35:15Z</time><speed>0.800</speed><sat>20</sat></trkpt>
  <trkpt lat="45.58810869" lon="2.81400968"><ele>1117.364</ele><time>2026-09-23T08:35:18Z</time><speed>0.780</speed><sat>20</sat></trkpt>
  <trkpt lat="45.58812840" lon="2.81399152"><ele>1118.389</ele><time>2026-09-23T08:35:21Z</time><speed>0.790</speed><sat>18</sat></trkpt>
  <trkpt lat="45.58814710" lon="2.81397595"><ele>1119.989</ele><time>2026-09-23T08:35:24Z</time><speed>0.810</speed><sat>16</sat></trkpt>
  <trkpt lat="45.58817009" lon="2.81396060"><ele>1119.347</ele><time>2026-09-23T08:35:27Z</time><speed>0.820</speed><sat>19</sat></trkpt>
  <trkpt lat="45.58819102" lon="2.81394130"><ele>1116.955</ele><time>2026-09-23T08:35:30Z</time><speed>0.920</speed><sat>23</sat></trkpt>
  <trkpt lat="45.58821122" lon="2.81390958"><ele>1115.289</ele><time>2026-09-23T08:35:33Z</time><speed>0.870</speed><sat>25</sat></trkpt>
  <trkpt lat="45.58823427" lon="2.81389624"><ele>1113.056</ele><time>2026-09-23T08:35:36Z</time><speed>0.840</speed><sat>22</sat></trkpt>
  <trkpt lat="45.58825536" lon="2.81387770"><ele>1112.165</ele><time>2026-09-23T08:35:39Z</time><speed>0.860</speed><sat>26</sat></trkpt>
  <trkpt lat="45.58828024" lon="2.81386841"><ele>1111.552</ele><time>2026-09-23T08:35:42Z</time><speed>0.850</speed><sat>27</sat></trkpt>
  <trkpt lat="45.58830268" lon="2.81385593"><ele>1114.102</ele><time>2026-09-23T08:35:45Z</time><speed>0.840</speed><sat>24</sat></trkpt>
  <trkpt lat="45.58831871" lon="2.81386061"><ele>1113.116</ele><time>2026-09-23T08:35:48Z</time><speed>0.860</speed><sat>25</sat></trkpt>
  <trkpt lat="45.58833081" lon="2.81386230"><ele>1112.265</ele><time>2026-09-23T08:35:51Z</time><speed>0.680</speed><sat>28</sat></trkpt>
  <trkpt lat="45.58834405" lon="2.81387398"><ele>1112.818</ele><time>2026-09-23T08:35:54Z</time><speed>0.740</speed><sat>28</sat></trkpt>
  <trkpt lat="45.58835406" lon="2.81388571"><ele>1112.109</ele><time>2026-09-23T08:35:57Z</time><speed>0.640</speed><sat>26</sat></trkpt>
  <trkpt lat="45.58833742" lon="2.81390491"><ele>1110.565</ele><time>2026-09-23T08:36:00Z</time><speed>0.750</speed><sat>23</sat></trkpt>
  <trkpt lat="45.58831611" lon="2.81389862"><ele>1109.954</ele><time>2026-09-23T08:36:03Z</time><speed>0.660</speed><sat>26</sat></trkpt>
  <trkpt lat="45.58831846" lon="2.81392547"><ele>1110.149</ele><time>2026-09-23T08:36:06Z</time><speed>0.710</speed><sat>24</sat></trkpt>
  <trkpt lat="45.58834179" lon="2.81393278"><ele>1111.486</ele><time>2026-09-23T08:36:09Z</time><speed>0.710</speed><sat>28</sat></trkpt>
  <trkpt lat="45.58836252" lon="2.81394143"><ele>1110.463</ele><time>2026-09-23T08:36:12Z</time><speed>0.760</speed><sat>28</sat></trkpt>
  <trkpt lat="45.58838490" lon="2.81394760"><ele>1109.702</ele><time>2026-09-23T08:36:15Z</time><speed>0.830</speed><sat>26</sat></trkpt>
  <trkpt lat="45.58841040" lon="2.81396314"><ele>1109.575</ele><time>2026-09-23T08:36:18Z</time><speed>0.870</speed><sat>23</sat></trkpt>
  <trkpt lat="45.58843275" lon="2.81398482"><ele>1109.185</ele><time>2026-09-23T08:36:21Z</time><speed>0.870</speed><sat>27</sat></trkpt>
  <trkpt lat="45.58846323" lon="2.81399694"><ele>1108.219</ele><time>2026-09-23T08:36:24Z</time><speed>0.870</speed><sat>25</sat></trkpt>
  <trkpt lat="45.58849149" lon="2.81400382"><ele>1108.496</ele><time>2026-09-23T08:36:27Z</time><speed>0.890</speed><sat>22</sat></trkpt>
  <trkpt lat="45.58851998" lon="2.81401046"><ele>1107.691</ele><time>2026-09-23T08:36:30Z</time><speed>0.890</speed><sat>23</sat></trkpt>
  <trkpt lat="45.58854709" lon="2.81401932"><ele>1109.278</ele><time>2026-09-23T08:36:33Z</time><speed>0.850</speed><sat>22</sat></trkpt>
  <trkpt lat="45.58856740" lon="2.81403319"><ele>1109.281</ele><time>2026-09-23T08:36:36Z</time><speed>0.860</speed><sat>21</sat></trkpt>
  <trkpt lat="45.58858718" lon="2.81404599"><ele>1110.497</ele><time>2026-09-23T08:36:39Z</time><speed>0.790</speed><sat>25</sat></trkpt>
  <trkpt lat="45.58860328" lon="2.81406531"><ele>1112.518</ele><time>2026-09-23T08:36:42Z</time><speed>0.800</speed><sat>26</sat></trkpt>
  <trkpt lat="45.58861428" lon="2.81407152"><ele>1113.247</ele><time>2026-09-23T08:36:45Z</time><speed>0.640</speed><sat>23</sat></trkpt>
  <trkpt lat="45.58861198" lon="2.81406705"><ele>1112.813</ele><time>2026-09-23T08:36:48Z</time><speed>0.150</speed><sat>25</sat></trkpt>
  <trkpt lat="45.58862324" lon="2.81409428"><ele>1111.555</ele><time>2026-09-23T08:36:51Z</time><speed>0.790</speed><sat>25</sat></trkpt>
  <trkpt lat="45.58862956" lon="2.81410690"><ele>1111.118</ele><time>2026-09-23T08:36:54Z</time><speed>0.750</speed><sat>26</sat></trkpt>
  <trkpt lat="45.58864003" lon="2.81412529"><ele>1110.952</ele><time>2026-09-23T08:36:57Z</time><speed>0.710</speed><sat>27</sat></trkpt>
  <trkpt lat="45.58864163" lon="2.81414121"><ele>1110.839</ele><time>2026-09-23T08:37:00Z</time><speed>0.870</speed><sat>24</sat></trkpt>
  <trkpt lat="45.58865386" lon="2.81416157"><ele>1110.662</ele><time>2026-09-23T08:37:03Z</time><speed>0.750</speed><sat>22</sat></trkpt>
  <trkpt lat="45.58866471" lon="2.81417890"><ele>1109.121</ele><time>2026-09-23T08:37:06Z</time><speed>0.720</speed><sat>24</sat></trkpt>
  <trkpt lat="45.58867583" lon="2.81420829"><ele>1109.905</ele><time>2026-09-23T08:37:09Z</time><speed>0.900</speed><sat>24</sat></trkpt>
  <trkpt lat="45.58868814" lon="2.81422894"><ele>1110.038</ele><time>2026-09-23T08:37:12Z</time><speed>0.990</speed><sat>23</sat></trkpt>
  <trkpt lat="45.58869369" lon="2.81424332"><ele>1110.660</ele><time>2026-09-23T08:37:15Z</time><speed>0.520</speed><sat>20</sat></trkpt>
  <trkpt lat="45.58869405" lon="2.81424307"><ele>1113.441</ele><time>2026-09-23T08:37:18Z</time><speed>0.000</speed><sat>21</sat></trkpt>
  <trkpt lat="45.58870211" lon="2.81425536"><ele>1113.518</ele><time>2026-09-23T08:37:21Z</time><speed>0.570</speed><sat>23</sat></trkpt>
  <trkpt lat="45.58869495" lon="2.81423891"><ele>1113.023</ele><time>2026-09-23T08:37:24Z</time><speed>0.000</speed><sat>22</sat></trkpt>
  <trkpt lat="45.58870446" lon="2.81423658"><ele>1112.875</ele><time>2026-09-23T08:37:27Z</time><speed>0.000</speed><sat>21</sat></trkpt>
  <trkpt lat="45.58871591" lon="2.81424255"><ele>1112.534</ele><time>2026-09-23T08:37:30Z</time><speed>0.280</speed><sat>22</sat></trkpt>
  <trkpt lat="45.58873416" lon="2.81424514"><ele>1113.431</ele><time>2026-09-23T08:37:33Z</time><speed>0.810</speed><sat>21</sat></trkpt>
  <trkpt lat="45.58875736" lon="2.81425452"><ele>1111.561</ele><time>2026-09-23T08:37:36Z</time><speed>0.550</speed><sat>20</sat></trkpt>
  <trkpt lat="45.58878804" lon="2.81424825"><ele>1110.627</ele><time>2026-09-23T08:37:39Z</time><speed>1.010</speed><sat>20</sat></trkpt>
  <trkpt lat="45.58881783" lon="2.81422660"><ele>1108.714</ele><time>2026-09-23T08:37:42Z</time><speed>0.960</speed><sat>23</sat></trkpt>
  <trkpt lat="45.58884303" lon="2.81420280"><ele>1107.531</ele><time>2026-09-23T08:37:45Z</time><speed>0.990</speed><sat>22</sat></trkpt>
  <trkpt lat="45.58886363" lon="2.81417298"><ele>1108.592</ele><time>2026-09-23T08:37:48Z</time><speed>0.900</speed><sat>20</sat></trkpt>
  <trkpt lat="45.58888039" lon="2.81414447"><ele>1108.724</ele><time>2026-09-23T08:37:51Z</time><speed>0.890</speed><sat>23</sat></trkpt>
  <trkpt lat="45.58890179" lon="2.81411727"><ele>1109.137</ele><time>2026-09-23T08:37:54Z</time><speed>0.980</speed><sat>23</sat></trkpt>
  <trkpt lat="45.58892367" lon="2.81408787"><ele>1108.922</ele><time>2026-09-23T08:37:57Z</time><speed>0.890</speed><sat>20</sat></trkpt>
  <trkpt lat="45.58895149" lon="2.81406611"><ele>1108.488</ele><time>2026-09-23T08:38:00Z</time><speed>0.920</speed><sat>20</sat></trkpt>
  <trkpt lat="45.58896948" lon="2.81403673"><ele>1107.529</ele><time>2026-09-23T08:38:03Z</time><speed>1.010</speed><sat>22</sat></trkpt>
  <trkpt lat="45.58899210" lon="2.81400377"><ele>1106.835</ele><time>2026-09-23T08:38:06Z</time><speed>1.050</speed><sat>21</sat></trkpt>
  <trkpt lat="45.58902262" lon="2.81397687"><ele>1104.804</ele><time>2026-09-23T08:38:09Z</time><speed>1.110</speed><sat>21</sat></trkpt>
  <trkpt lat="45.58904867" lon="2.81394732"><ele>1105.355</ele><time>2026-09-23T08:38:12Z</time><speed>1.140</speed><sat>24</sat></trkpt>
  <trkpt lat="45.58907568" lon="2.81392975"><ele>1106.493</ele><time>2026-09-23T08:38:15Z</time><speed>1.120</speed><sat>23</sat></trkpt>
  <trkpt lat="45.58910472" lon="2.81391569"><ele>1108.566</ele><time>2026-09-23T08:38:18Z</time><speed>1.100</speed><sat>24</sat></trkpt>
  <trkpt lat="45.58912650" lon="2.81390357"><ele>1107.351</ele><time>2026-09-23T08:38:21Z</time><speed>1.090</speed><sat>26</sat></trkpt>
  <trkpt lat="45.58915428" lon="2.81389562"><ele>1106.713</ele><time>2026-09-23T08:38:24Z</time><speed>1.060</speed><sat>25</sat></trkpt>
  <trkpt lat="45.58917731" lon="2.81388272"><ele>1106.269</ele><time>2026-09-23T08:38:27Z</time><speed>0.980</speed><sat>24</sat></trkpt>
  <trkpt lat="45.58919630" lon="2.81388172"><ele>1105.841</ele><time>2026-09-23T08:38:30Z</time><speed>0.960</speed><sat>24</sat></trkpt>
  <trkpt lat="45.58921854" lon="2.81388662"><ele>1103.029</ele><time>2026-09-23T08:38:33Z</time><speed>0.800</speed><sat>24</sat></trkpt>
  <trkpt lat="45.58924060" lon="2.81388248"><ele>1102.467</ele><time>2026-09-23T08:38:36Z</time><speed>0.850</speed><sat>24</sat></trkpt>
  <trkpt lat="45.58926287" lon="2.81387853"><ele>1102.162</ele><time>2026-09-23T08:38:39Z</time><speed>0.790</speed><sat>21</sat></trkpt>
  <trkpt lat="45.58928638" lon="2.81387325"><ele>1101.206</ele><time>2026-09-23T08:38:42Z</time><speed>0.820</speed><sat>21</sat></trkpt>
  <trkpt lat="45.58930892" lon="2.81388083"><ele>1100.834</ele><time>2026-09-23T08:38:45Z</time><speed>0.900</speed><sat>21</sat></trkpt>
  <trkpt lat="45.58933318" lon="2.81387729"><ele>1100.978</ele><time>2026-09-23T08:38:48Z</time><speed>0.710</speed><sat>22</sat></trkpt>
  <trkpt lat="45.58935975" lon="2.81384862"><ele>1099.474</ele><time>2026-09-23T08:38:51Z</time><speed>0.810</speed><sat>24</sat></trkpt>
  <trkpt lat="45.58939261" lon="2.81383048"><ele>1100.770</ele><time>2026-09-23T08:38:54Z</time><speed>0.850</speed><sat>23</sat></trkpt>
  <trkpt lat="45.58942455" lon="2.81382568"><ele>1100.371</ele><time>2026-09-23T08:38:57Z</time><speed>1.000</speed><sat>25</sat></trkpt>
  <trkpt lat="45.58944983" lon="2.81382609"><ele>1100.118</ele><time>2026-09-23T08:39:00Z</time><speed>0.980</speed><sat>22</sat></trkpt>
  <trkpt lat="45.58943910" lon="2.81381789"><ele>1098.302</ele><time>2026-09-23T08:39:03Z</time><speed>0.000</speed><sat>19</sat></trkpt>
  <trkpt lat="45.58944071" lon="2.81381755"><ele>1098.215</ele><time>2026-09-23T08:39:06Z</time><speed>0.000</speed><sat>24</sat></trkpt>
  <trkpt lat="45.58944439" lon="2.81381866"><ele>1098.120</ele><time>2026-09-23T08:39:09Z</time><speed>0.290</speed><sat>23</sat></trkpt>
  <trkpt lat="45.58946756" lon="2.81382632"><ele>1099.129</ele><time>2026-09-23T08:39:12Z</time><speed>1.110</speed><sat>22</sat></trkpt>
  <trkpt lat="45.58949413" lon="2.81381574"><ele>1099.383</ele><time>2026-09-23T08:39:15Z</time><speed>1.020</speed><sat>23</sat></trkpt>
  <trkpt lat="45.58952989" lon="2.81382283"><ele>1099.413</ele><time>2026-09-23T08:39:18Z</time><speed>0.950</speed><sat>19</sat></trkpt>
  <trkpt lat="45.58955871" lon="2.81382309"><ele>1099.530</ele><time>2026-09-23T08:39:21Z</time><speed>1.010</speed><sat>19</sat></trkpt>
  <trkpt lat="45.58958578" lon="2.81383505"><ele>1099.940</ele><time>2026-09-23T08:39:24Z</time><speed>0.950</speed><sat>22</sat></trkpt>
  <trkpt lat="45.58961244" lon="2.81383002"><ele>1099.099</ele><time>2026-09-23T08:39:27Z</time><speed>0.970</speed><sat>24</sat></trkpt>
  <trkpt lat="45.58963785" lon="2.81382146"><ele>1099.093</ele><time>2026-09-23T08:39:30Z</time><speed>0.890</speed><sat>26</sat></trkpt>
  <trkpt lat="45.58966188" lon="2.81381000"><ele>1098.191</ele><time>2026-09-23T08:39:33Z</time><speed>0.910</speed><sat>27</sat></trkpt>
  <trkpt lat="45.58968558" lon="2.81377574"><ele>1098.189</ele><time>2026-09-23T08:39:36Z</time><speed>0.940</speed><sat>26</sat></trkpt>
  <trkpt lat="45.58970988" lon="2.81373829"><ele>1097.604</ele><time>2026-09-23T08:39:39Z</time><speed>0.970</speed><sat>26</sat></trkpt>
  <trkpt lat="45.58972352" lon="2.81369529"><ele>1099.538</ele><time>2026-09-23T08:39:42Z</time><speed>1.000</speed><sat>25</sat></trkpt>
  <trkpt lat="45.58973517" lon="2.81365790"><ele>1098.636</ele><time>2026-09-23T08:39:45Z</time><speed>0.890</speed><sat>25</sat></trkpt>
  <trkpt lat="45.58976167" lon="2.81361547"><ele>1100.401</ele><time>2026-09-23T08:39:48Z</time><speed>1.060</speed><sat>25</sat></trkpt>
  <trkpt lat="45.58978559" lon="2.81357455"><ele>1099.683</ele><time>2026-09-23T08:39:51Z</time><speed>0.920</speed><sat>31</sat></trkpt>
  <trkpt lat="45.58981087" lon="2.81352563"><ele>1101.264</ele><time>2026-09-23T08:39:54Z</time><speed>1.000</speed><sat>31</sat></trkpt>
  <trkpt lat="45.58983274" lon="2.81348427"><ele>1100.884</ele><time>2026-09-23T08:39:57Z</time><speed>1.000</speed><sat>29</sat></trkpt>
  <trkpt lat="45.58985041" lon="2.81344872"><ele>1101.027</ele><time>2026-09-23T08:40:00Z</time><speed>0.980</speed><sat>29</sat></trkpt>
  <trkpt lat="45.58986540" lon="2.81340901"><ele>1101.271</ele><time>2026-09-23T08:40:03Z</time><speed>1.180</speed><sat>27</sat></trkpt>
  <trkpt lat="45.58987581" lon="2.81336481"><ele>1100.803</ele><time>2026-09-23T08:40:06Z</time><speed>1.390</speed><sat>24</sat></trkpt>
  <trkpt lat="45.58988770" lon="2.81332069"><ele>1100.549</ele><time>2026-09-23T08:40:09Z</time><speed>1.000</speed><sat>26</sat></trkpt>
  <trkpt lat="45.58989318" lon="2.81327576"><ele>1100.085</ele><time>2026-09-23T08:40:12Z</time><speed>1.160</speed><sat>27</sat></trkpt>
  <trkpt lat="45.58990443" lon="2.81322817"><ele>1099.534</ele><time>2026-09-23T08:40:15Z</time><speed>1.100</speed><sat>26</sat></trkpt>
  <trkpt lat="45.58991605" lon="2.81318243"><ele>1100.714</ele><time>2026-09-23T08:40:18Z</time><speed>1.030</speed><sat>28</sat></trkpt>
  <trkpt lat="45.58993076" lon="2.81314504"><ele>1101.378</ele><time>2026-09-23T08:40:21Z</time><speed>1.020</speed><sat>28</sat></trkpt>
  <trkpt lat="45.58994506" lon="2.81310751"><ele>1101.761</ele><time>2026-09-23T08:40:24Z</time><speed>1.140</speed><sat>27</sat></trkpt>
  <trkpt lat="45.58995201" lon="2.81307043"><ele>1101.023</ele><time>2026-09-23T08:40:27Z</time><speed>1.050</speed><sat>27</sat></trkpt>
  <trkpt lat="45.58996353" lon="2.81303068"><ele>1101.433</ele><time>2026-09-23T08:40:30Z</time><speed>1.100</speed><sat>29</sat></trkpt>
  <trkpt lat="45.58997689" lon="2.81299825"><ele>1101.415</ele><time>2026-09-23T08:40:33Z</time><speed>1.100</speed><sat>29</sat></trkpt>
  <trkpt lat="45.58998541" lon="2.81295661"><ele>1102.367</ele><time>2026-09-23T08:40:36Z</time><speed>1.200</speed><sat>26</sat></trkpt>
  <trkpt lat="45.58998524" lon="2.81291224"><ele>1103.717</ele><time>2026-09-23T08:40:39Z</time><speed>1.110</speed><sat>27</sat></trkpt>
  <trkpt lat="45.58998590" lon="2.81287111"><ele>1103.265</ele><time>2026-09-23T08:40:42Z</time><speed>1.150</speed><sat>29</sat></trkpt>
  <trkpt lat="45.58999255" lon="2.81283217"><ele>1103.547</ele><time>2026-09-23T08:40:45Z</time><speed>1.090</speed><sat>29</sat></trkpt>
  <trkpt lat="45.58998123" lon="2.81279334"><ele>1102.590</ele><time>2026-09-23T08:40:48Z</time><speed>1.020</speed><sat>31</sat></trkpt>
  <trkpt lat="45.58996738" lon="2.81275489"><ele>1102.498</ele><time>2026-09-23T08:40:51Z</time><speed>1.010</speed><sat>32</sat></trkpt>
  <trkpt lat="45.58996002" lon="2.81270488"><ele>1098.504</ele><time>2026-09-23T08:40:54Z</time><speed>1.380</speed><sat>29</sat></trkpt>
  <trkpt lat="45.58997105" lon="2.81266928"><ele>1095.150</ele><time>2026-09-23T08:40:57Z</time><speed>1.230</speed><sat>27</sat></trkpt>
  <trkpt lat="45.58996235" lon="2.81263487"><ele>1094.020</ele><time>2026-09-23T08:41:00Z</time><speed>0.000</speed><sat>28</sat></trkpt>
  <trkpt lat="45.58995541" lon="2.81263205"><ele>1094.327</ele><time>2026-09-23T08:41:03Z</time><speed>0.410</speed><sat>29</sat></trkpt>
  <trkpt lat="45.58993697" lon="2.81260982"><ele>1094.009</ele><time>2026-09-23T08:41:06Z</time><speed>2.050</speed><sat>26</sat></trkpt>
  <trkpt lat="45.58994096" lon="2.81257632"><ele>1088.613</ele><time>2026-09-23T08:41:09Z</time><speed>1.090</speed><sat>27</sat></trkpt>
  <trkpt lat="45.58996968" lon="2.81257318"><ele>1089.218</ele><time>2026-09-23T08:41:12Z</time><speed>0.000</speed><sat>29</sat></trkpt>
  <trkpt lat="45.58997129" lon="2.81257508"><ele>1089.308</ele><time>2026-09-23T08:41:15Z</time><speed>0.000</speed><sat>27</sat></trkpt>
  <trkpt lat="45.58997180" lon="2.81257622"><ele>1089.194</ele><time>2026-09-23T08:41:18Z</time><speed>0.000</speed><sat>23</sat></trkpt>
  <trkpt lat="45.58997223" lon="2.81257682"><ele>1089.197</ele><time>2026-09-23T08:41:21Z</time><speed>0.000</speed><sat>23</sat></trkpt>
  <trkpt lat="45.58997256" lon="2.81257728"><ele>1089.199</ele><time>2026-09-23T08:41:24Z</time><speed>0.000</speed><sat>23</sat></trkpt>
  <trkpt lat="45.58997270" lon="2.81257790"><ele>1089.213</ele><time>2026-09-23T08:41:27Z</time><speed>0.000</speed><sat>22</sat></trkpt>
  <trkpt lat="45.58997287" lon="2.81257823"><ele>1089.217</ele><time>2026-09-23T08:41:30Z</time><speed>0.000</speed><sat>26</sat></trkpt>
  <trkpt lat="45.58997304" lon="2.81257850"><ele>1089.220</ele><time>2026-09-23T08:41:33Z</time><speed>0.000</speed><sat>26</sat></trkpt>
  <trkpt lat="45.58997320" lon="2.81257875"><ele>1089.217</ele><time>2026-09-23T08:41:36Z</time><speed>0.000</speed><sat>24</sat></trkpt>
  <trkpt lat="45.58997388" lon="2.81257990"><ele>1089.227</ele><time>2026-09-23T08:41:39Z</time><speed>0.000</speed><sat>23</sat></trkpt>
  <trkpt lat="45.58997369" lon="2.81257998"><ele>1089.232</ele><time>2026-09-23T08:41:42Z</time><speed>0.000</speed><sat>24</sat></trkpt>
  <trkpt lat="45.58997324" lon="2.81258004"><ele>1089.181</ele><time>2026-09-23T08:41:45Z</time><speed>0.000</speed><sat>24</sat></trkpt>
  <trkpt lat="45.58997070" lon="2.81258230"><ele>1089.541</ele><time>2026-09-23T08:41:48Z</time><speed>0.000</speed><sat>25</sat></trkpt>
  <trkpt lat="45.58997389" lon="2.81258351"><ele>1089.709</ele><time>2026-09-23T08:41:51Z</time><speed>0.000</speed><sat>29</sat></trkpt>
  <trkpt lat="45.58997331" lon="2.81258637"><ele>1090.429</ele><time>2026-09-23T08:41:54Z</time><speed>0.510</speed><sat>30</sat></trkpt>
  <trkpt lat="45.58996635" lon="2.81258525"><ele>1091.036</ele><time>2026-09-23T08:41:57Z</time><speed>0.600</speed><sat>28</sat></trkpt>
  <trkpt lat="45.58998846" lon="2.81257684"><ele>1092.031</ele><time>2026-09-23T08:42:00Z</time><speed>3.260</speed><sat>27</sat></trkpt>
  <trkpt lat="45.58999128" lon="2.81257891"><ele>1092.967</ele><time>2026-09-23T08:42:03Z</time><speed>0.000</speed><sat>27</sat></trkpt>
  <trkpt lat="45.58998854" lon="2.81257802"><ele>1093.017</ele><time>2026-09-23T08:42:06Z</time><speed>0.220</speed><sat>28</sat></trkpt>
  <trkpt lat="45.58998531" lon="2.81257138"><ele>1093.136</ele><time>2026-09-23T08:42:09Z</time><speed>0.300</speed><sat>32</sat></trkpt>
  <trkpt lat="45.58998231" lon="2.81256764"><ele>1093.287</ele><time>2026-09-23T08:42:12Z</time><speed>0.360</speed><sat>24</sat></trkpt>
  <trkpt lat="45.58998177" lon="2.81256888"><ele>1093.620</ele><time>2026-09-23T08:42:15Z</time><speed>0.000</speed><sat>27</sat></trkpt>
  <trkpt lat="45.58998018" lon="2.81256787"><ele>1093.766</ele><time>2026-09-23T08:42:18Z</time><speed>0.000</speed><sat>28</sat></trkpt>
  <trkpt lat="45.58997970" lon="2.81256792"><ele>1093.764</ele><time>2026-09-23T08:42:21Z</time><speed>0.000</speed><sat>26</sat></trkpt>
  <trkpt lat="45.58996616" lon="2.81256821"><ele>1094.650</ele><time>2026-09-23T08:42:24Z</time><speed>0.000</speed><sat>26</sat></trkpt>
  <trkpt lat="45.58995985" lon="2.81257455"><ele>1094.762</ele><time>2026-09-23T08:42:27Z</time><speed>0.000</speed><sat>30</sat></trkpt>
  <trkpt lat="45.58995075" lon="2.81257954"><ele>1095.360</ele><time>2026-09-23T08:42:30Z</time><speed>0.000</speed><sat>31</sat></trkpt>
  <trkpt lat="45.58997197" lon="2.81254481"><ele>1095.167</ele><time>2026-09-23T08:42:33Z</time><speed>0.320</speed><sat>31</sat></trkpt>
  <trkpt lat="45.58998255" lon="2.81254839"><ele>1095.025</ele><time>2026-09-23T08:42:36Z</time><speed>0.540</speed><sat>29</sat></trkpt>
  <trkpt lat="45.58999543" lon="2.81256196"><ele>1095.028</ele><time>2026-09-23T08:42:39Z</time><speed>0.510</speed><sat>27</sat></trkpt>
  <trkpt lat="45.59001239" lon="2.81258940"><ele>1095.318</ele><time>2026-09-23T08:42:42Z</time><speed>2.350</speed><sat>28</sat></trkpt>
  <trkpt lat="45.59001977" lon="2.81264986"><ele>1098.663</ele><time>2026-09-23T08:42:45Z</time><speed>1.840</speed><sat>27</sat></trkpt>
  <trkpt lat="45.59002319" lon="2.81270963"><ele>1102.357</ele><time>2026-09-23T08:42:48Z</time><speed>1.570</speed><sat>24</sat></trkpt>
  <trkpt lat="45.59003012" lon="2.81275277"><ele>1105.058</ele><time>2026-09-23T08:42:51Z</time><speed>1.290</speed><sat>25</sat></trkpt>
  <trkpt lat="45.59003784" lon="2.81278292"><ele>1105.503</ele><time>2026-09-23T08:42:54Z</time><speed>0.900</speed><sat>25</sat></trkpt>
  <trkpt lat="45.59005092" lon="2.81278113"><ele>1101.174</ele><time>2026-09-23T08:42:57Z</time><speed>0.760</speed><sat>26</sat></trkpt>
  <trkpt lat="45.59005971" lon="2.81277827"><ele>1100.104</ele><time>2026-09-23T08:43:00Z</time><speed>0.810</speed><sat>27</sat></trkpt>
  <trkpt lat="45.59007417" lon="2.81279110"><ele>1098.806</ele><time>2026-09-23T08:43:03Z</time><speed>0.780</speed><sat>29</sat></trkpt>
  <trkpt lat="45.59008451" lon="2.81281070"><ele>1097.960</ele><time>2026-09-23T08:43:06Z</time><speed>0.800</speed><sat>29</sat></trkpt>
  <trkpt lat="45.59008685" lon="2.81284228"><ele>1096.640</ele><time>2026-09-23T08:43:09Z</time><speed>0.980</speed><sat>29</sat></trkpt>
  <trkpt lat="45.59009431" lon="2.81287118"><ele>1095.645</ele><time>2026-09-23T08:43:12Z</time><speed>0.850</speed><sat>30</sat></trkpt>
  <trkpt lat="45.59011451" lon="2.81289917"><ele>1095.570</ele><time>2026-09-23T08:43:15Z</time><speed>0.870</speed><sat>29</sat></trkpt>
  <trkpt lat="45.59013292" lon="2.81292537"><ele>1096.117</ele><time>2026-09-23T08:43:18Z</time><speed>0.950</speed><sat>31</sat></trkpt>
  <trkpt lat="45.59015318" lon="2.81295029"><ele>1094.520</ele><time>2026-09-23T08:43:21Z</time><speed>0.920</speed><sat>27</sat></trkpt>
  <trkpt lat="45.59016716" lon="2.81297822"><ele>1094.534</ele><time>2026-09-23T08:43:24Z</time><speed>0.750</speed><sat>25</sat></trkpt>
  <trkpt lat="45.59018462" lon="2.81300171"><ele>1094.099</ele><time>2026-09-23T08:43:27Z</time><speed>0.750</speed><sat>27</sat></trkpt>
  <trkpt lat="45.59019712" lon="2.81301510"><ele>1092.932</ele><time>2026-09-23T08:43:30Z</time><speed>0.790</speed><sat>26</sat></trkpt>
  <trkpt lat="45.59021383" lon="2.81304343"><ele>1093.134</ele><time>2026-09-23T08:43:33Z</time><speed>0.800</speed><sat>26</sat></trkpt>
  <trkpt lat="45.59023380" lon="2.81307921"><ele>1093.720</ele><time>2026-09-23T08:43:36Z</time><speed>1.070</speed><sat>27</sat></trkpt>
  <trkpt lat="45.59025677" lon="2.81310866"><ele>1092.418</ele><time>2026-09-23T08:43:39Z</time><speed>1.070</speed><sat>27</sat></trkpt>
  <trkpt lat="45.59027600" lon="2.81313751"><ele>1093.347</ele><time>2026-09-23T08:43:42Z</time><speed>0.980</speed><sat>27</sat></trkpt>
  <trkpt lat="45.59029186" lon="2.81316350"><ele>1095.927</ele><time>2026-09-23T08:43:45Z</time><speed>0.930</speed><sat>27</sat></trkpt>
  <trkpt lat="45.59030585" lon="2.81318268"><ele>1096.306</ele><time>2026-09-23T08:43:48Z</time><speed>1.000</speed><sat>29</sat></trkpt>
  <trkpt lat="45.59032241" lon="2.81320829"><ele>1098.829</ele><time>2026-09-23T08:43:51Z</time><speed>0.980</speed><sat>30</sat></trkpt>
  <trkpt lat="45.59033765" lon="2.81323205"><ele>1099.294</ele><time>2026-09-23T08:43:54Z</time><speed>1.030</speed><sat>30</sat></trkpt>
  <trkpt lat="45.59035181" lon="2.81325382"><ele>1098.641</ele><time>2026-09-23T08:43:57Z</time><speed>0.880</speed><sat>27</sat></trkpt>
  <trkpt lat="45.59036819" lon="2.81327714"><ele>1098.693</ele><time>2026-09-23T08:44:00Z</time><speed>0.890</speed><sat>28</sat></trkpt>
  <trkpt lat="45.59038868" lon="2.81328968"><ele>1096.877</ele><time>2026-09-23T08:44:03Z</time><speed>0.920</speed><sat>24</sat></trkpt>
  <trkpt lat="45.59040052" lon="2.81330481"><ele>1096.669</ele><time>2026-09-23T08:44:06Z</time><speed>0.940</speed><sat>27</sat></trkpt>
  <trkpt lat="45.59041823" lon="2.81332428"><ele>1093.967</ele><time>2026-09-23T08:44:09Z</time><speed>0.930</speed><sat>27</sat></trkpt>
  <trkpt lat="45.59043933" lon="2.81333323"><ele>1092.564</ele><time>2026-09-23T08:44:12Z</time><speed>0.860</speed><sat>29</sat></trkpt>
  <trkpt lat="45.59046099" lon="2.81333534"><ele>1092.254</ele><time>2026-09-23T08:44:15Z</time><speed>0.910</speed><sat>28</sat></trkpt>
  <trkpt lat="45.59048324" lon="2.81332757"><ele>1091.669</ele><time>2026-09-23T08:44:18Z</time><speed>0.870</speed><sat>24</sat></trkpt>
  <trkpt lat="45.59050571" lon="2.81331865"><ele>1091.537</ele><time>2026-09-23T08:44:21Z</time><speed>0.840</speed><sat>27</sat></trkpt>
  <trkpt lat="45.59052465" lon="2.81331115"><ele>1091.668</ele><time>2026-09-23T08:44:24Z</time><speed>0.810</speed><sat>27</sat></trkpt>
  <trkpt lat="45.59054261" lon="2.81330077"><ele>1092.329</ele><time>2026-09-23T08:44:27Z</time><speed>0.730</speed><sat>29</sat></trkpt>
  <trkpt lat="45.59056320" lon="2.81329624"><ele>1092.014</ele><time>2026-09-23T08:44:30Z</time><speed>0.730</speed><sat>29</sat></trkpt>
  <trkpt lat="45.59058211" lon="2.81329529"><ele>1092.517</ele><time>2026-09-23T08:44:33Z</time><speed>0.700</speed><sat>31</sat></trkpt>
  <trkpt lat="45.59060157" lon="2.81329056"><ele>1093.677</ele><time>2026-09-23T08:44:36Z</time><speed>0.720</speed><sat>31</sat></trkpt>
  <trkpt lat="45.59062643" lon="2.81328439"><ele>1093.386</ele><time>2026-09-23T08:44:39Z</time><speed>0.710</speed><sat>31</sat></trkpt>
  <trkpt lat="45.59064903" lon="2.81327659"><ele>1093.857</ele><time>2026-09-23T08:44:42Z</time><speed>0.730</speed><sat>29</sat></trkpt>
  <trkpt lat="45.59066345" lon="2.81326798"><ele>1094.177</ele><time>2026-09-23T08:44:45Z</time><speed>0.730</speed><sat>29</sat></trkpt>
  <trkpt lat="45.59068494" lon="2.81326401"><ele>1094.992</ele><time>2026-09-23T08:44:48Z</time><speed>0.700</speed><sat>28</sat></trkpt>
  <trkpt lat="45.59070155" lon="2.81326995"><ele>1094.923</ele><time>2026-09-23T08:44:51Z</time><speed>0.670</speed><sat>28</sat></trkpt>
  <trkpt lat="45.59071906" lon="2.81328166"><ele>1093.478</ele><time>2026-09-23T08:44:54Z</time><speed>0.650</speed><sat>26</sat></trkpt>
  <trkpt lat="45.59073094" lon="2.81328251"><ele>1091.913</ele><time>2026-09-23T08:44:57Z</time><speed>0.220</speed><sat>25</sat></trkpt>
  <trkpt lat="45.59074581" lon="2.81329160"><ele>1092.595</ele><time>2026-09-23T08:45:00Z</time><speed>0.680</speed><sat>27</sat></trkpt>
  <trkpt lat="45.59075947" lon="2.81329275"><ele>1094.501</ele><time>2026-09-23T08:45:03Z</time><speed>0.660</speed><sat>27</sat></trkpt>
  <trkpt lat="45.59077671" lon="2.81328521"><ele>1094.648</ele><time>2026-09-23T08:45:06Z</time><speed>0.630</speed><sat>28</sat></trkpt>
  <trkpt lat="45.59079749" lon="2.81326652"><ele>1093.082</ele><time>2026-09-23T08:45:09Z</time><speed>0.620</speed><sat>30</sat></trkpt>
  <trkpt lat="45.59081363" lon="2.81326397"><ele>1093.347</ele><time>2026-09-23T08:45:12Z</time><speed>0.730</speed><sat>32</sat></trkpt>
  <trkpt lat="45.59083114" lon="2.81326893"><ele>1093.652</ele><time>2026-09-23T08:45:15Z</time><speed>0.610</speed><sat>30</sat></trkpt>
  <trkpt lat="45.59084275" lon="2.81327795"><ele>1092.975</ele><time>2026-09-23T08:45:18Z</time><speed>0.610</speed><sat>29</sat></trkpt>
  <trkpt lat="45.59084882" lon="2.81330126"><ele>1093.721</ele><time>2026-09-23T08:45:21Z</time><speed>0.630</speed><sat>30</sat></trkpt>
  <trkpt lat="45.59085692" lon="2.81329311"><ele>1094.896</ele><time>2026-09-23T08:45:24Z</time><speed>0.000</speed><sat>31</sat></trkpt>
  <trkpt lat="45.59085799" lon="2.81329103"><ele>1095.791</ele><time>2026-09-23T08:45:27Z</time><speed>0.270</speed><sat>31</sat></trkpt>
  <trkpt lat="45.59086379" lon="2.81328604"><ele>1096.630</ele><time>2026-09-23T08:45:30Z</time><speed>0.000</speed><sat>31</sat></trkpt>
  <trkpt lat="45.59086606" lon="2.81329013"><ele>1096.500</ele><time>2026-09-23T08:45:33Z</time><speed>0.000</speed><sat>30</sat></trkpt>
  <trkpt lat="45.59086554" lon="2.81329675"><ele>1096.098</ele><time>2026-09-23T08:45:36Z</time><speed>0.470</speed><sat>32</sat></trkpt>
  <trkpt lat="45.59087470" lon="2.81329825"><ele>1096.776</ele><time>2026-09-23T08:45:39Z</time><speed>0.320</speed><sat>32</sat></trkpt>
  <trkpt lat="45.59088564" lon="2.81331054"><ele>1096.002</ele><time>2026-09-23T08:45:42Z</time><speed>0.240</speed><sat>31</sat></trkpt>
  <trkpt lat="45.59089102" lon="2.81331568"><ele>1095.982</ele><time>2026-09-23T08:45:45Z</time><speed>0.360</speed><sat>31</sat></trkpt>
  <trkpt lat="45.59089914" lon="2.81332223"><ele>1096.163</ele><time>2026-09-23T08:45:48Z</time><speed>0.440</speed><sat>31</sat></trkpt>
  <trkpt lat="45.59090368" lon="2.81334557"><ele>1095.266</ele><time>2026-09-23T08:45:51Z</time><speed>0.570</speed><sat>31</sat></trkpt>
  <trkpt lat="45.59090511" lon="2.81336716"><ele>1094.186</ele><time>2026-09-23T08:45:54Z</time><speed>0.630</speed><sat>28</sat></trkpt>
  <trkpt lat="45.59090902" lon="2.81338489"><ele>1093.810</ele><time>2026-09-23T08:45:57Z</time><speed>0.590</speed><sat>29</sat></trkpt>
  <trkpt lat="45.59091170" lon="2.81340067"><ele>1093.565</ele><time>2026-09-23T08:46:00Z</time><speed>0.560</speed><sat>31</sat></trkpt>
  <trkpt lat="45.59090747" lon="2.81341813"><ele>1092.734</ele><time>2026-09-23T08:46:03Z</time><speed>0.680</speed><sat>27</sat></trkpt>
  <trkpt lat="45.59090089" lon="2.81344612"><ele>1092.399</ele><time>2026-09-23T08:46:06Z</time><speed>0.870</speed><sat>28</sat></trkpt>
  <trkpt lat="45.59089275" lon="2.81346908"><ele>1092.529</ele><time>2026-09-23T08:46:09Z</time><speed>0.680</speed><sat>29</sat></trkpt>
  <trkpt lat="45.59088639" lon="2.81349466"><ele>1092.020</ele><time>2026-09-23T08:46:12Z</time><speed>0.660</speed><sat>27</sat></trkpt>
  <trkpt lat="45.59088448" lon="2.81352147"><ele>1093.035</ele><time>2026-09-23T08:46:15Z</time><speed>0.580</speed><sat>31</sat></trkpt>
  <trkpt lat="45.59088465" lon="2.81354789"><ele>1091.932</ele><time>2026-09-23T08:46:18Z</time><speed>0.580</speed><sat>29</sat></trkpt>
  <trkpt lat="45.59089425" lon="2.81357822"><ele>1092.007</ele><time>2026-09-23T08:46:21Z</time><speed>0.610</speed><sat>26</sat></trkpt>
  <trkpt lat="45.59090494" lon="2.81361437"><ele>1091.772</ele><time>2026-09-23T08:46:24Z</time><speed>0.670</speed><sat>28</sat></trkpt>
  <trkpt lat="45.59090765" lon="2.81364505"><ele>1092.995</ele><time>2026-09-23T08:46:27Z</time><speed>0.670</speed><sat>31</sat></trkpt>
  <trkpt lat="45.59090533" lon="2.81367685"><ele>1093.098</ele><time>2026-09-23T08:46:30Z</time><speed>0.720</speed><sat>30</sat></trkpt>
  <trkpt lat="45.59090793" lon="2.81370203"><ele>1093.514</ele><time>2026-09-23T08:46:33Z</time><speed>0.620</speed><sat>30</sat></trkpt>
  <trkpt lat="45.59090958" lon="2.81373240"><ele>1093.638</ele><time>2026-09-23T08:46:36Z</time><speed>0.590</speed><sat>30</sat></trkpt>
  <trkpt lat="45.59091555" lon="2.81376167"><ele>1092.255</ele><time>2026-09-23T08:46:39Z</time><speed>0.620</speed><sat>29</sat></trkpt>
  <trkpt lat="45.59091808" lon="2.81379492"><ele>1093.464</ele><time>2026-09-23T08:46:42Z</time><speed>0.710</speed><sat>27</sat></trkpt>
  <trkpt lat="45.59092240" lon="2.81382953"><ele>1095.586</ele><time>2026-09-23T08:46:45Z</time><speed>0.520</speed><sat>29</sat></trkpt>
  <trkpt lat="45.59092775" lon="2.81385243"><ele>1097.183</ele><time>2026-09-23T08:46:48Z</time><speed>0.480</speed><sat>31</sat></trkpt>
  <trkpt lat="45.59093684" lon="2.81387013"><ele>1096.225</ele><time>2026-09-23T08:46:51Z</time><speed>0.550</speed><sat>29</sat></trkpt>
  <trkpt lat="45.59092859" lon="2.81388523"><ele>1096.903</ele><time>2026-09-23T08:46:54Z</time><speed>0.000</speed><sat>29</sat></trkpt>
  <trkpt lat="45.59092784" lon="2.81388687"><ele>1096.925</ele><time>2026-09-23T08:46:57Z</time><speed>0.000</speed><sat>28</sat></trkpt>
  <trkpt lat="45.59092765" lon="2.81388700"><ele>1096.920</ele><time>2026-09-23T08:47:00Z</time><speed>0.000</speed><sat>26</sat></trkpt>
  <trkpt lat="45.59092769" lon="2.81389321"><ele>1097.516</ele><time>2026-09-23T08:47:03Z</time><speed>0.000</speed><sat>25</sat></trkpt>
  <trkpt lat="45.59093082" lon="2.81390314"><ele>1097.300</ele><time>2026-09-23T08:47:06Z</time><speed>0.340</speed><sat>27</sat></trkpt>
  <trkpt lat="45.59093274" lon="2.81391471"><ele>1096.593</ele><time>2026-09-23T08:47:09Z</time><speed>0.000</speed><sat>29</sat></trkpt>
  <trkpt lat="45.59091834" lon="2.81392589"><ele>1094.941</ele><time>2026-09-23T08:47:12Z</time><speed>0.000</speed><sat>29</sat></trkpt>
  <trkpt lat="45.59091780" lon="2.81393089"><ele>1094.649</ele><time>2026-09-23T08:47:15Z</time><speed>0.000</speed><sat>26</sat></trkpt>
  <trkpt lat="45.59091787" lon="2.81393162"><ele>1094.667</ele><time>2026-09-23T08:47:18Z</time><speed>0.000</speed><sat>26</sat></trkpt>
  <trkpt lat="45.59091819" lon="2.81393644"><ele>1094.926</ele><time>2026-09-23T08:47:21Z</time><speed>0.000</speed><sat>26</sat></trkpt>
  <trkpt lat="45.59091547" lon="2.81393911"><ele>1094.993</ele><time>2026-09-23T08:47:24Z</time><speed>0.000</speed><sat>27</sat></trkpt>
  <trkpt lat="45.59091542" lon="2.81393936"><ele>1094.997</ele><time>2026-09-23T08:47:27Z</time><speed>0.000</speed><sat>27</sat></trkpt>
  <trkpt lat="45.59091539" lon="2.81393953"><ele>1094.994</ele><time>2026-09-23T08:47:30Z</time><speed>0.000</speed><sat>27</sat></trkpt>
  <trkpt lat="45.59091733" lon="2.81394703"><ele>1094.795</ele><time>2026-09-23T08:47:33Z</time><speed>0.390</speed><sat>25</sat></trkpt>
  <trkpt lat="45.59092629" lon="2.81396988"><ele>1095.233</ele><time>2026-09-23T08:47:36Z</time><speed>0.320</speed><sat>28</sat></trkpt>
  <trkpt lat="45.59092818" lon="2.81399095"><ele>1095.335</ele><time>2026-09-23T08:47:39Z</time><speed>0.410</speed><sat>29</sat></trkpt>
  <trkpt lat="45.59092799" lon="2.81399935"><ele>1095.677</ele><time>2026-09-23T08:47:42Z</time><speed>0.390</speed><sat>28</sat></trkpt>
  <trkpt lat="45.59093275" lon="2.81400259"><ele>1095.516</ele><time>2026-09-23T08:47:45Z</time><speed>0.460</speed><sat>30</sat></trkpt>
  <trkpt lat="45.59093936" lon="2.81399583"><ele>1096.320</ele><time>2026-09-23T08:47:48Z</time><speed>0.000</speed><sat>28</sat></trkpt>
  <trkpt lat="45.59094164" lon="2.81399476"><ele>1096.276</ele><time>2026-09-23T08:47:51Z</time><speed>0.000</speed><sat>27</sat></trkpt>
  <trkpt lat="45.59095151" lon="2.81398434"><ele>1096.508</ele><time>2026-09-23T08:47:54Z</time><speed>0.000</speed><sat>30</sat></trkpt>
  <trkpt lat="45.59095334" lon="2.81398253"><ele>1096.463</ele><time>2026-09-23T08:47:57Z</time><speed>0.000</speed><sat>31</sat></trkpt>
  <trkpt lat="45.59095731" lon="2.81397857"><ele>1096.783</ele><time>2026-09-23T08:48:00Z</time><speed>0.530</speed><sat>29</sat></trkpt>
  <trkpt lat="45.59095702" lon="2.81398222"><ele>1096.359</ele><time>2026-09-23T08:48:03Z</time><speed>0.270</speed><sat>27</sat></trkpt>
  <trkpt lat="45.59095279" lon="2.81397417"><ele>1096.809</ele><time>2026-09-23T08:48:06Z</time><speed>0.000</speed><sat>27</sat></trkpt>
  <trkpt lat="45.59095250" lon="2.81397385"><ele>1096.814</ele><time>2026-09-23T08:48:09Z</time><speed>0.000</speed><sat>24</sat></trkpt>
  <trkpt lat="45.59095250" lon="2.81397385"><ele>1096.817</ele><time>2026-09-23T08:48:12Z</time><speed>0.000</speed><sat>27</sat></trkpt>
  <trkpt lat="45.59095298" lon="2.81397709"><ele>1097.149</ele><time>2026-09-23T08:48:15Z</time><speed>0.350</speed><sat>29</sat></trkpt>
  <trkpt lat="45.59096819" lon="2.81398519"><ele>1096.738</ele><time>2026-09-23T08:48:18Z</time><speed>0.340</speed><sat>29</sat></trkpt>
  <trkpt lat="45.59097939" lon="2.81397704"><ele>1096.510</ele><time>2026-09-23T08:48:21Z</time><speed>0.000</speed><sat>28</sat></trkpt>
  <trkpt lat="45.59097965" lon="2.81396904"><ele>1097.159</ele><time>2026-09-23T08:48:24Z</time><speed>0.000</speed><sat>29</sat></trkpt>
  <trkpt lat="45.59098006" lon="2.81394152"><ele>1097.941</ele><time>2026-09-23T08:48:27Z</time><speed>0.890</speed><sat>29</sat></trkpt>
  <trkpt lat="45.59096023" lon="2.81393297"><ele>1097.461</ele><time>2026-09-23T08:48:30Z</time><speed>0.870</speed><sat>30</sat></trkpt>
  <trkpt lat="45.59096892" lon="2.81396242"><ele>1097.271</ele><time>2026-09-23T08:48:33Z</time><speed>0.340</speed><sat>30</sat></trkpt>
  <trkpt lat="45.59097217" lon="2.81396268"><ele>1097.309</ele><time>2026-09-23T08:48:36Z</time><speed>0.000</speed><sat>25</sat></trkpt>
  <trkpt lat="45.59097445" lon="2.81396150"><ele>1097.697</ele><time>2026-09-23T08:48:39Z</time><speed>0.150</speed><sat>27</sat></trkpt>
  <trkpt lat="45.59097163" lon="2.81396790"><ele>1097.284</ele><time>2026-09-23T08:48:42Z</time><speed>0.190</speed><sat>27</sat></trkpt>
  <trkpt lat="45.59097600" lon="2.81396809"><ele>1096.953</ele><time>2026-09-23T08:48:45Z</time><speed>0.000</speed><sat>25</sat></trkpt>
  <trkpt lat="45.59098221" lon="2.81396632"><ele>1097.271</ele><time>2026-09-23T08:48:48Z</time><speed>0.000</speed><sat>29</sat></trkpt>
  <trkpt lat="45.59098201" lon="2.81396671"><ele>1097.257</ele><time>2026-09-23T08:48:51Z</time><speed>0.000</speed><sat>27</sat></trkpt>
  <trkpt lat="45.59098214" lon="2.81396687"><ele>1097.251</ele><time>2026-09-23T08:48:54Z</time><speed>0.000</speed><sat>26</sat></trkpt>
  <trkpt lat="45.59098164" lon="2.81396536"><ele>1097.408</ele><time>2026-09-23T08:48:57Z</time><speed>0.000</speed><sat>28</sat></trkpt>
  <trkpt lat="45.59098276" lon="2.81395929"><ele>1097.500</ele><time>2026-09-23T08:49:00Z</time><speed>0.500</speed><sat>28</sat></trkpt>
  <trkpt lat="45.59098260" lon="2.81395249"><ele>1098.111</ele><time>2026-09-23T08:49:03Z</time><speed>0.000</speed><sat>25</sat></trkpt>
  <trkpt lat="45.59099835" lon="2.81397406"><ele>1098.149</ele><time>2026-09-23T08:49:06Z</time><speed>0.150</speed><sat>21</sat></trkpt>
  <trkpt lat="45.59099674" lon="2.81397653"><ele>1098.813</ele><time>2026-09-23T08:49:09Z</time><speed>0.000</speed><sat>20</sat></trkpt>
  <trkpt lat="45.59099674" lon="2.81397653"><ele>1098.825</ele><time>2026-09-23T08:49:12Z</time><speed>0.000</speed><sat>21</sat></trkpt>
  <trkpt lat="45.59099103" lon="2.81397503"><ele>1098.879</ele><time>2026-09-23T08:49:15Z</time><speed>0.430</speed><sat>24</sat></trkpt>
  <trkpt lat="45.59098466" lon="2.81398487"><ele>1098.163</ele><time>2026-09-23T08:49:18Z</time><speed>0.000</speed><sat>26</sat></trkpt>
  <trkpt lat="45.59098624" lon="2.81397682"><ele>1099.300</ele><time>2026-09-23T08:49:21Z</time><speed>0.000</speed><sat>25</sat></trkpt>
  <trkpt lat="45.59098562" lon="2.81397966"><ele>1098.851</ele><time>2026-09-23T08:49:24Z</time><speed>0.160</speed><sat>24</sat></trkpt>
  <trkpt lat="45.59098031" lon="2.81397611"><ele>1099.296</ele><time>2026-09-23T08:49:27Z</time><speed>0.250</speed><sat>25</sat></trkpt>
  <trkpt lat="45.59097909" lon="2.81397215"><ele>1099.163</ele><time>2026-09-23T08:49:30Z</time><speed>0.000</speed><sat>27</sat></trkpt>
  <trkpt lat="45.59097689" lon="2.81397259"><ele>1098.655</ele><time>2026-09-23T08:49:33Z</time><speed>0.000</speed><sat>26</sat></trkpt>
  <trkpt lat="45.59097446" lon="2.81399201"><ele>1096.497</ele><time>2026-09-23T08:49:36Z</time><speed>0.170</speed><sat>26</sat></trkpt>
  <trkpt lat="45.59096800" lon="2.81399810"><ele>1093.904</ele><time>2026-09-23T08:49:39Z</time><speed>0.000</speed><sat>27</sat></trkpt>
  <trkpt lat="45.59096656" lon="2.81400237"><ele>1093.616</ele><time>2026-09-23T08:49:42Z</time><speed>0.000</speed><sat>27</sat></trkpt>
  <trkpt lat="45.59096673" lon="2.81400441"><ele>1093.181</ele><time>2026-09-23T08:49:45Z</time><speed>0.000</speed><sat>26</sat></trkpt>
  <trkpt lat="45.59098074" lon="2.81399545"><ele>1093.765</ele><time>2026-09-23T08:49:48Z</time><speed>0.000</speed><sat>29</sat></trkpt>
  <trkpt lat="45.59098010" lon="2.81399519"><ele>1093.798</ele><time>2026-09-23T08:49:51Z</time><speed>0.000</speed><sat>28</sat></trkpt>
  <trkpt lat="45.59097673" lon="2.81400174"><ele>1094.061</ele><time>2026-09-23T08:49:54Z</time><speed>0.000</speed><sat>27</sat></trkpt>
  <trkpt lat="45.59097818" lon="2.81400110"><ele>1093.441</ele><time>2026-09-23T08:49:57Z</time><speed>0.180</speed><sat>30</sat></trkpt>
  <trkpt lat="45.59096788" lon="2.81398515"><ele>1093.021</ele><time>2026-09-23T08:50:00Z</time><speed>1.060</speed><sat>30</sat></trkpt>
  <trkpt lat="45.59097234" lon="2.81399794"><ele>1091.895</ele><time>2026-09-23T08:50:03Z</time><speed>0.000</speed><sat>28</sat></trkpt>
  <trkpt lat="45.59097452" lon="2.81399823"><ele>1091.260</ele><time>2026-09-23T08:50:06Z</time><speed>0.000</speed><sat>28</sat></trkpt>
  <trkpt lat="45.59097469" lon="2.81399816"><ele>1091.252</ele><time>2026-09-23T08:50:09Z</time><speed>0.000</speed><sat>27</sat></trkpt>
  <trkpt lat="45.59097478" lon="2.81399808"><ele>1091.249</ele><time>2026-09-23T08:50:12Z</time><speed>0.000</speed><sat>27</sat></trkpt>
  <trkpt lat="45.59097802" lon="2.81399628"><ele>1090.974</ele><time>2026-09-23T08:50:15Z</time><speed>0.340</speed><sat>25</sat></trkpt>
  <trkpt lat="45.59097603" lon="2.81399997"><ele>1091.352</ele><time>2026-09-23T08:50:18Z</time><speed>0.000</speed><sat>25</sat></trkpt>
  <trkpt lat="45.59097521" lon="2.81400238"><ele>1091.344</ele><time>2026-09-23T08:50:21Z</time><speed>0.000</speed><sat>27</sat></trkpt>
  <trkpt lat="45.59097521" lon="2.81400248"><ele>1091.349</ele><time>2026-09-23T08:50:24Z</time><speed>0.000</speed><sat>26</sat></trkpt>
  <trkpt lat="45.59097519" lon="2.81400254"><ele>1091.354</ele><time>2026-09-23T08:50:27Z</time><speed>0.000</speed><sat>26</sat></trkpt>
  <trkpt lat="45.59097520" lon="2.81400252"><ele>1091.342</ele><time>2026-09-23T08:50:30Z</time><speed>0.000</speed><sat>24</sat></trkpt>
  <trkpt lat="45.59097999" lon="2.81400599"><ele>1091.617</ele><time>2026-09-23T08:50:33Z</time><speed>0.000</speed><sat>27</sat></trkpt>
  <trkpt lat="45.59098012" lon="2.81400611"><ele>1091.639</ele><time>2026-09-23T08:50:36Z</time><speed>0.000</speed><sat>29</sat></trkpt>
  <trkpt lat="45.59098017" lon="2.81400626"><ele>1091.672</ele><time>2026-09-23T08:50:39Z</time><speed>0.000</speed><sat>28</sat></trkpt>
  <trkpt lat="45.59098025" lon="2.81400639"><ele>1091.688</ele><time>2026-09-23T08:50:42Z</time><speed>0.000</speed><sat>31</sat></trkpt>
  <trkpt lat="45.59098398" lon="2.81400827"><ele>1091.394</ele><time>2026-09-23T08:50:45Z</time><speed>0.000</speed><sat>32</sat></trkpt>
  <trkpt lat="45.59098409" lon="2.81401247"><ele>1091.885</ele><time>2026-09-23T08:50:48Z</time><speed>0.000</speed><sat>29</sat></trkpt>
  <trkpt lat="45.59098127" lon="2.81402545"><ele>1091.854</ele><time>2026-09-23T08:50:51Z</time><speed>0.000</speed><sat>26</sat></trkpt>
  <trkpt lat="45.59098146" lon="2.81402622"><ele>1091.869</ele><time>2026-09-23T08:50:54Z</time><speed>0.000</speed><sat>31</sat></trkpt>
  <trkpt lat="45.59098148" lon="2.81402628"><ele>1091.877</ele><time>2026-09-23T08:50:57Z</time><speed>0.000</speed><sat>31</sat></trkpt>
  <trkpt lat="45.59097950" lon="2.81402952"><ele>1092.725</ele><time>2026-09-23T08:51:00Z</time><speed>0.000</speed><sat>27</sat></trkpt>
  <trkpt lat="45.59097518" lon="2.81403561"><ele>1093.024</ele><time>2026-09-23T08:51:03Z</time><speed>0.000</speed><sat>28</sat></trkpt>
  <trkpt lat="45.59096865" lon="2.81404477"><ele>1093.673</ele><time>2026-09-23T08:51:06Z</time><speed>0.000</speed><sat>30</sat></trkpt>
  <trkpt lat="45.59096753" lon="2.81405303"><ele>1093.662</ele><time>2026-09-23T08:51:09Z</time><speed>0.000</speed><sat>29</sat></trkpt>
  <trkpt lat="45.59096741" lon="2.81405333"><ele>1093.662</ele><time>2026-09-23T08:51:12Z</time><speed>0.000</speed><sat>27</sat></trkpt>
  <trkpt lat="45.59096741" lon="2.81405341"><ele>1093.664</ele><time>2026-09-23T08:51:15Z</time><speed>0.000</speed><sat>27</sat></trkpt>
  <trkpt lat="45.59096741" lon="2.81405344"><ele>1093.660</ele><time>2026-09-23T08:51:18Z</time><speed>0.000</speed><sat>27</sat></trkpt>
  <trkpt lat="45.59096822" lon="2.81405568"><ele>1093.501</ele><time>2026-09-23T08:51:21Z</time><speed>0.000</speed><sat>27</sat></trkpt>
  <trkpt lat="45.59096812" lon="2.81405577"><ele>1093.509</ele><time>2026-09-23T08:51:24Z</time><speed>0.000</speed><sat>26</sat></trkpt>
  <trkpt lat="45.59096800" lon="2.81405580"><ele>1093.500</ele><time>2026-09-23T08:51:27Z</time><speed>0.000</speed><sat>28</sat></trkpt>
  <trkpt lat="45.59096787" lon="2.81405577"><ele>1093.489</ele><time>2026-09-23T08:51:30Z</time><speed>0.000</speed><sat>26</sat></trkpt>
  <trkpt lat="45.59096523" lon="2.81404576"><ele>1094.271</ele><time>2026-09-23T08:51:33Z</time><speed>0.240</speed><sat>25</sat></trkpt>
  <trkpt lat="45.59095355" lon="2.81403740"><ele>1094.590</ele><time>2026-09-23T08:51:36Z</time><speed>0.500</speed><sat>25</sat></trkpt>
  <trkpt lat="45.59092783" lon="2.81403210"><ele>1094.243</ele><time>2026-09-23T08:51:39Z</time><speed>0.000</speed><sat>27</sat></trkpt>
  <trkpt lat="45.59090618" lon="2.81402036"><ele>1095.440</ele><time>2026-09-23T08:51:42Z</time><speed>1.270</speed><sat>28</sat></trkpt>
  <trkpt lat="45.59089930" lon="2.81401178"><ele>1095.310</ele><time>2026-09-23T08:51:45Z</time><speed>1.440</speed><sat>27</sat></trkpt>
  <trkpt lat="45.59090352" lon="2.81402950"><ele>1095.420</ele><time>2026-09-23T08:51:48Z</time><speed>0.000</speed><sat>26</sat></trkpt>
  <trkpt lat="45.59090050" lon="2.81404011"><ele>1094.316</ele><time>2026-09-23T08:51:51Z</time><speed>0.160</speed><sat>25</sat></trkpt>
  <trkpt lat="45.59091288" lon="2.81404784"><ele>1093.727</ele><time>2026-09-23T08:51:54Z</time><speed>0.160</speed><sat>27</sat></trkpt>
  <trkpt lat="45.59090759" lon="2.81404984"><ele>1094.618</ele><time>2026-09-23T08:51:57Z</time><speed>0.450</speed><sat>27</sat></trkpt>
  <trkpt lat="45.59091370" lon="2.81404602"><ele>1095.761</ele><time>2026-09-23T08:52:00Z</time><speed>0.000</speed><sat>28</sat></trkpt>
  <trkpt lat="45.59091467" lon="2.81404560"><ele>1095.640</ele><time>2026-09-23T08:52:03Z</time><speed>0.000</speed><sat>26</sat></trkpt>
  <trkpt lat="45.59091563" lon="2.81404485"><ele>1095.647</ele><time>2026-09-23T08:52:06Z</time><speed>0.000</speed><sat>25</sat></trkpt>
  <trkpt lat="45.59091706" lon="2.81404511"><ele>1095.845</ele><time>2026-09-23T08:52:09Z</time><speed>0.000</speed><sat>25</sat></trkpt>
  <trkpt lat="45.59091765" lon="2.81404505"><ele>1095.885</ele><time>2026-09-23T08:52:12Z</time><speed>0.000</speed><sat>25</sat></trkpt>
  <trkpt lat="45.59091910" lon="2.81404529"><ele>1096.041</ele><time>2026-09-23T08:52:15Z</time><speed>0.280</speed><sat>27</sat></trkpt>
  <trkpt lat="45.59092058" lon="2.81405145"><ele>1094.240</ele><time>2026-09-23T08:52:18Z</time><speed>0.000</speed><sat>27</sat></trkpt>
  <trkpt lat="45.59092115" lon="2.81405089"><ele>1094.310</ele><time>2026-09-23T08:52:21Z</time><speed>0.150</speed><sat>28</sat></trkpt>
  <trkpt lat="45.59091880" lon="2.81405218"><ele>1094.558</ele><time>2026-09-23T08:52:24Z</time><speed>0.000</speed><sat>25</sat></trkpt>
  <trkpt lat="45.59092193" lon="2.81405441"><ele>1094.736</ele><time>2026-09-23T08:52:27Z</time><speed>0.000</speed><sat>24</sat></trkpt>
  <trkpt lat="45.59092266" lon="2.81405499"><ele>1094.710</ele><time>2026-09-23T08:52:30Z</time><speed>0.000</speed><sat>25</sat></trkpt>
  <trkpt lat="45.59092343" lon="2.81405453"><ele>1094.676</ele><time>2026-09-23T08:52:33Z</time><speed>0.000</speed><sat>24</sat></trkpt>
  <trkpt lat="45.59092607" lon="2.81405865"><ele>1094.351</ele><time>2026-09-23T08:52:36Z</time><speed>0.440</speed><sat>24</sat></trkpt>
  <trkpt lat="45.59093249" lon="2.81406117"><ele>1093.466</ele><time>2026-09-23T08:52:39Z</time><speed>0.170</speed><sat>25</sat></trkpt>
  <trkpt lat="45.59094591" lon="2.81407530"><ele>1092.539</ele><time>2026-09-23T08:52:42Z</time><speed>0.440</speed><sat>26</sat></trkpt>
  <trkpt lat="45.59095239" lon="2.81409654"><ele>1091.544</ele><time>2026-09-23T08:52:45Z</time><speed>0.000</speed><sat>28</sat></trkpt>
  <trkpt lat="45.59095779" lon="2.81409271"><ele>1092.266</ele><time>2026-09-23T08:52:48Z</time><speed>0.000</speed><sat>29</sat></trkpt>
  <trkpt lat="45.59096585" lon="2.81407839"><ele>1092.404</ele><time>2026-09-23T08:52:51Z</time><speed>0.000</speed><sat>29</sat></trkpt>
  <trkpt lat="45.59096283" lon="2.81407010"><ele>1092.787</ele><time>2026-09-23T08:52:54Z</time><speed>0.390</speed><sat>26</sat></trkpt>
  <trkpt lat="45.59096916" lon="2.81407098"><ele>1093.253</ele><time>2026-09-23T08:52:57Z</time><speed>0.000</speed><sat>26</sat></trkpt>
  <trkpt lat="45.59097229" lon="2.81407604"><ele>1093.794</ele><time>2026-09-23T08:53:00Z</time><speed>0.000</speed><sat>31</sat></trkpt>
  <trkpt lat="45.59096663" lon="2.81407428"><ele>1094.121</ele><time>2026-09-23T08:53:03Z</time><speed>0.000</speed><sat>32</sat></trkpt>
  <trkpt lat="45.59096583" lon="2.81407355"><ele>1093.851</ele><time>2026-09-23T08:53:06Z</time><speed>0.000</speed><sat>27</sat></trkpt>
  <trkpt lat="45.59096691" lon="2.81407781"><ele>1094.367</ele><time>2026-09-23T08:53:09Z</time><speed>0.000</speed><sat>25</sat></trkpt>
  <trkpt lat="45.59096831" lon="2.81408112"><ele>1094.304</ele><time>2026-09-23T08:53:12Z</time><speed>0.000</speed><sat>25</sat></trkpt>
  <trkpt lat="45.59096858" lon="2.81408167"><ele>1094.329</ele><time>2026-09-23T08:53:15Z</time><speed>0.000</speed><sat>26</sat></trkpt>
  <trkpt lat="45.59096874" lon="2.81408210"><ele>1094.336</ele><time>2026-09-23T08:53:18Z</time><speed>0.000</speed><sat>28</sat></trkpt>
  <trkpt lat="45.59096883" lon="2.81408240"><ele>1094.358</ele><time>2026-09-23T08:53:21Z</time><speed>0.000</speed><sat>27</sat></trkpt>
  <trkpt lat="45.59096889" lon="2.81408245"><ele>1094.374</ele><time>2026-09-23T08:53:24Z</time><speed>0.000</speed><sat>24</sat></trkpt>
  <trkpt lat="45.59096902" lon="2.81408242"><ele>1094.380</ele><time>2026-09-23T08:53:27Z</time><speed>0.000</speed><sat>24</sat></trkpt>
  <trkpt lat="45.59096913" lon="2.81408233"><ele>1094.394</ele><time>2026-09-23T08:53:30Z</time><speed>0.000</speed><sat>23</sat></trkpt>
  <trkpt lat="45.59096911" lon="2.81408234"><ele>1094.393</ele><time>2026-09-23T08:53:33Z</time><speed>0.000</speed><sat>23</sat></trkpt>
  <trkpt lat="45.59096894" lon="2.81408236"><ele>1094.387</ele><time>2026-09-23T08:53:36Z</time><speed>0.000</speed><sat>24</sat></trkpt>
  <trkpt lat="45.59096879" lon="2.81408230"><ele>1094.371</ele><time>2026-09-23T08:53:39Z</time><speed>0.000</speed><sat>30</sat></trkpt>
  <trkpt lat="45.59096863" lon="2.81408233"><ele>1094.359</ele><time>2026-09-23T08:53:42Z</time><speed>0.000</speed><sat>31</sat></trkpt>
  <trkpt lat="45.59096854" lon="2.81408259"><ele>1094.355</ele><time>2026-09-23T08:53:45Z</time><speed>0.000</speed><sat>28</sat></trkpt>
  <trkpt lat="45.59096941" lon="2.81408915"><ele>1094.846</ele><time>2026-09-23T08:53:48Z</time><speed>0.000</speed><sat>27</sat></trkpt>
  <trkpt lat="45.59097011" lon="2.81409269"><ele>1094.949</ele><time>2026-09-23T08:53:51Z</time><speed>0.000</speed><sat>25</sat></trkpt>
  <trkpt lat="45.59097010" lon="2.81409270"><ele>1094.969</ele><time>2026-09-23T08:53:54Z</time><speed>0.000</speed><sat>24</sat></trkpt>
  <trkpt lat="45.59097005" lon="2.81409277"><ele>1094.981</ele><time>2026-09-23T08:53:57Z</time><speed>0.000</speed><sat>25</sat></trkpt>
  <trkpt lat="45.59097014" lon="2.81409310"><ele>1095.014</ele><time>2026-09-23T08:54:00Z</time><speed>0.000</speed><sat>25</sat></trkpt>
  <trkpt lat="45.59097432" lon="2.81409580"><ele>1094.842</ele><time>2026-09-23T08:54:03Z</time><speed>0.000</speed><sat>26</sat></trkpt>
  <trkpt lat="45.59097450" lon="2.81409608"><ele>1094.837</ele><time>2026-09-23T08:54:06Z</time><speed>0.000</speed><sat>24</sat></trkpt>
  <trkpt lat="45.59097452" lon="2.81409619"><ele>1094.827</ele><time>2026-09-23T08:54:09Z</time><speed>0.000</speed><sat>24</sat></trkpt>
  <trkpt lat="45.59097452" lon="2.81409622"><ele>1094.826</ele><time>2026-09-23T08:54:12Z</time><speed>0.000</speed><sat>24</sat></trkpt>
  <trkpt lat="45.59097456" lon="2.81409628"><ele>1094.827</ele><time>2026-09-23T08:54:15Z</time><speed>0.000</speed><sat>22</sat></trkpt>
  <trkpt lat="45.59097472" lon="2.81409651"><ele>1094.837</ele><time>2026-09-23T08:54:18Z</time><speed>0.000</speed><sat>21</sat></trkpt>
  <trkpt lat="45.59097476" lon="2.81409661"><ele>1094.854</ele><time>2026-09-23T08:54:21Z</time><speed>0.000</speed><sat>25</sat></trkpt>
  <trkpt lat="45.59097473" lon="2.81409670"><ele>1094.881</ele><time>2026-09-23T08:54:24Z</time><speed>0.000</speed><sat>26</sat></trkpt>
  <trkpt lat="45.59097481" lon="2.81409682"><ele>1094.932</ele><time>2026-09-23T08:54:27Z</time><speed>0.000</speed><sat>24</sat></trkpt>
  <trkpt lat="45.59097476" lon="2.81409689"><ele>1094.963</ele><time>2026-09-23T08:54:30Z</time><speed>0.000</speed><sat>25</sat></trkpt>
  <trkpt lat="45.59097419" lon="2.81410039"><ele>1094.886</ele><time>2026-09-23T08:54:33Z</time><speed>0.150</speed><sat>26</sat></trkpt>
  <trkpt lat="45.59097191" lon="2.81411275"><ele>1094.399</ele><time>2026-09-23T08:54:36Z</time><speed>0.000</speed><sat>27</sat></trkpt>
  <trkpt lat="45.59096480" lon="2.81411442"><ele>1094.419</ele><time>2026-09-23T08:54:39Z</time><speed>0.000</speed><sat>28</sat></trkpt>
  <trkpt lat="45.59096906" lon="2.81410243"><ele>1094.131</ele><time>2026-09-23T08:54:42Z</time><speed>0.460</speed><sat>28</sat></trkpt>
  <trkpt lat="45.59098707" lon="2.81409029"><ele>1094.669</ele><time>2026-09-23T08:54:45Z</time><speed>0.000</speed><sat>25</sat></trkpt>
  <trkpt lat="45.59098175" lon="2.81408813"><ele>1094.521</ele><time>2026-09-23T08:54:48Z</time><speed>0.000</speed><sat>23</sat></trkpt>
  <trkpt lat="45.59097170" lon="2.81407180"><ele>1094.247</ele><time>2026-09-23T08:54:51Z</time><speed>0.000</speed><sat>21</sat></trkpt>
  <trkpt lat="45.59097135" lon="2.81407125"><ele>1094.280</ele><time>2026-09-23T08:54:54Z</time><speed>0.000</speed><sat>23</sat></trkpt>
  <trkpt lat="45.59097081" lon="2.81407050"><ele>1094.422</ele><time>2026-09-23T08:54:57Z</time><speed>0.000</speed><sat>25</sat></trkpt>
  <trkpt lat="45.59097066" lon="2.81407023"><ele>1094.444</ele><time>2026-09-23T08:55:00Z</time><speed>0.000</speed><sat>27</sat></trkpt>
  <trkpt lat="45.59096809" lon="2.81407109"><ele>1095.034</ele><time>2026-09-23T08:55:03Z</time><speed>0.000</speed><sat>27</sat></trkpt>
  <trkpt lat="45.59096494" lon="2.81407182"><ele>1094.311</ele><time>2026-09-23T08:55:06Z</time><speed>0.000</speed><sat>24</sat></trkpt>
  <trkpt lat="45.59095672" lon="2.81406850"><ele>1094.964</ele><time>2026-09-23T08:55:09Z</time><speed>0.000</speed><sat>21</sat></trkpt>
  <trkpt lat="45.59094918" lon="2.81406848"><ele>1093.912</ele><time>2026-09-23T08:55:12Z</time><speed>0.180</speed><sat>22</sat></trkpt>
  <trkpt lat="45.59097470" lon="2.81405978"><ele>1095.099</ele><time>2026-09-23T08:55:15Z</time><speed>0.620</speed><sat>27</sat></trkpt>
  <trkpt lat="45.59097989" lon="2.81403926"><ele>1096.646</ele><time>2026-09-23T08:55:18Z</time><speed>1.040</speed><sat>27</sat></trkpt>
  <trkpt lat="45.59096806" lon="2.81400287"><ele>1097.397</ele><time>2026-09-23T08:55:21Z</time><speed>1.170</speed><sat>27</sat></trkpt>
  <trkpt lat="45.59097037" lon="2.81398889"><ele>1097.467</ele><time>2026-09-23T08:55:24Z</time><speed>0.150</speed><sat>28</sat></trkpt>
  <trkpt lat="45.59097266" lon="2.81398846"><ele>1097.909</ele><time>2026-09-23T08:55:27Z</time><speed>0.190</speed><sat>25</sat></trkpt>
  <trkpt lat="45.59097740" lon="2.81398947"><ele>1098.621</ele><time>2026-09-23T08:55:30Z</time><speed>0.000</speed><sat>26</sat></trkpt>
  <trkpt lat="45.59097385" lon="2.81398837"><ele>1098.937</ele><time>2026-09-23T08:55:33Z</time><speed>0.000</speed><sat>29</sat></trkpt>
  <trkpt lat="45.59097380" lon="2.81398888"><ele>1098.926</ele><time>2026-09-23T08:55:36Z</time><speed>0.000</speed><sat>29</sat></trkpt>
  <trkpt lat="45.59097209" lon="2.81399760"><ele>1099.287</ele><time>2026-09-23T08:55:39Z</time><speed>0.000</speed><sat>24</sat></trkpt>
  <trkpt lat="45.59097312" lon="2.81399764"><ele>1099.417</ele><time>2026-09-23T08:55:42Z</time><speed>0.000</speed><sat>25</sat></trkpt>
  <trkpt lat="45.59097367" lon="2.81399758"><ele>1099.481</ele><time>2026-09-23T08:55:45Z</time><speed>0.000</speed><sat>27</sat></trkpt>
  <trkpt lat="45.59097394" lon="2.81399778"><ele>1099.598</ele><time>2026-09-23T08:55:48Z</time><speed>0.000</speed><sat>27</sat></trkpt>
  <trkpt lat="45.59097356" lon="2.81399783"><ele>1099.614</ele><time>2026-09-23T08:55:51Z</time><speed>0.000</speed><sat>24</sat></trkpt>
  <trkpt lat="45.59097344" lon="2.81399785"><ele>1099.635</ele><time>2026-09-23T08:55:54Z</time><speed>0.000</speed><sat>23</sat></trkpt>
  <trkpt lat="45.59097350" lon="2.81399791"><ele>1099.645</ele><time>2026-09-23T08:55:57Z</time><speed>0.000</speed><sat>22</sat></trkpt>
  <trkpt lat="45.59097635" lon="2.81399592"><ele>1098.934</ele><time>2026-09-23T08:56:00Z</time><speed>0.000</speed><sat>24</sat></trkpt>
  <trkpt lat="45.59098212" lon="2.81399254"><ele>1097.796</ele><time>2026-09-23T08:56:03Z</time><speed>0.000</speed><sat>25</sat></trkpt>
  <trkpt lat="45.59098937" lon="2.81398621"><ele>1097.735</ele><time>2026-09-23T08:56:06Z</time><speed>0.000</speed><sat>27</sat></trkpt>
  <trkpt lat="45.59099114" lon="2.81398778"><ele>1097.574</ele><time>2026-09-23T08:56:09Z</time><speed>0.000</speed><sat>28</sat></trkpt>
  <trkpt lat="45.59100012" lon="2.81398224"><ele>1097.977</ele><time>2026-09-23T08:56:12Z</time><speed>0.860</speed><sat>26</sat></trkpt>
  <trkpt lat="45.59100271" lon="2.81398831"><ele>1097.870</ele><time>2026-09-23T08:56:15Z</time><speed>0.000</speed><sat>26</sat></trkpt>
  <trkpt lat="45.59100254" lon="2.81398863"><ele>1097.849</ele><time>2026-09-23T08:56:18Z</time><speed>0.000</speed><sat>26</sat></trkpt>
  <trkpt lat="45.59100243" lon="2.81398881"><ele>1097.895</ele><time>2026-09-23T08:56:21Z</time><speed>0.000</speed><sat>26</sat></trkpt>
  <trkpt lat="45.59100498" lon="2.81399646"><ele>1097.533</ele><time>2026-09-23T08:56:24Z</time><speed>0.000</speed><sat>27</sat></trkpt>
  <trkpt lat="45.59100348" lon="2.81397887"><ele>1096.972</ele><time>2026-09-23T08:56:27Z</time><speed>0.840</speed><sat>29</sat></trkpt>
  <trkpt lat="45.59098832" lon="2.81393498"><ele>1095.386</ele><time>2026-09-23T08:56:30Z</time><speed>1.450</speed><sat>28</sat></trkpt>
  <trkpt lat="45.59097981" lon="2.81392765"><ele>1094.699</ele><time>2026-09-23T08:56:33Z</time><speed>0.000</speed><sat>26</sat></trkpt>
  <trkpt lat="45.59096357" lon="2.81389973"><ele>1094.324</ele><time>2026-09-23T08:56:36Z</time><speed>0.790</speed><sat>25</sat></trkpt>
  <trkpt lat="45.59095395" lon="2.81386176"><ele>1093.808</ele><time>2026-09-23T08:56:39Z</time><speed>0.780</speed><sat>25</sat></trkpt>
  <trkpt lat="45.59094003" lon="2.81383550"><ele>1093.617</ele><time>2026-09-23T08:56:42Z</time><speed>0.820</speed><sat>24</sat></trkpt>
  <trkpt lat="45.59093469" lon="2.81380458"><ele>1093.535</ele><time>2026-09-23T08:56:45Z</time><speed>1.060</speed><sat>24</sat></trkpt>
  <trkpt lat="45.59093490" lon="2.81376987"><ele>1093.731</ele><time>2026-09-23T08:56:48Z</time><speed>0.770</speed><sat>24</sat></trkpt>
  <trkpt lat="45.59092688" lon="2.81374011"><ele>1092.103</ele><time>2026-09-23T08:56:51Z</time><speed>0.860</speed><sat>24</sat></trkpt>
  <trkpt lat="45.59092603" lon="2.81371085"><ele>1090.786</ele><time>2026-09-23T08:56:54Z</time><speed>0.730</speed><sat>22</sat></trkpt>
  <trkpt lat="45.59092545" lon="2.81368012"><ele>1090.596</ele><time>2026-09-23T08:56:57Z</time><speed>0.950</speed><sat>24</sat></trkpt>
  <trkpt lat="45.59091916" lon="2.81365188"><ele>1090.633</ele><time>2026-09-23T08:57:00Z</time><speed>0.870</speed><sat>26</sat></trkpt>
  <trkpt lat="45.59090435" lon="2.81362952"><ele>1091.196</ele><time>2026-09-23T08:57:03Z</time><speed>0.860</speed><sat>23</sat></trkpt>
  <trkpt lat="45.59089758" lon="2.81359320"><ele>1091.922</ele><time>2026-09-23T08:57:06Z</time><speed>1.030</speed><sat>20</sat></trkpt>
  <trkpt lat="45.59089100" lon="2.81355962"><ele>1091.622</ele><time>2026-09-23T08:57:09Z</time><speed>1.090</speed><sat>22</sat></trkpt>
  <trkpt lat="45.59089831" lon="2.81352023"><ele>1092.363</ele><time>2026-09-23T08:57:12Z</time><speed>1.290</speed><sat>22</sat></trkpt>
  <trkpt lat="45.59091119" lon="2.81348479"><ele>1093.119</ele><time>2026-09-23T08:57:15Z</time><speed>1.080</speed><sat>22</sat></trkpt>
  <trkpt lat="45.59092697" lon="2.81344877"><ele>1093.519</ele><time>2026-09-23T08:57:18Z</time><speed>1.090</speed><sat>23</sat></trkpt>
  <trkpt lat="45.59093343" lon="2.81341870"><ele>1093.175</ele><time>2026-09-23T08:57:21Z</time><speed>0.920</speed><sat>23</sat></trkpt>
  <trkpt lat="45.59094356" lon="2.81338306"><ele>1093.870</ele><time>2026-09-23T08:57:24Z</time><speed>0.960</speed><sat>23</sat></trkpt>
  <trkpt lat="45.59093936" lon="2.81335731"><ele>1093.833</ele><time>2026-09-23T08:57:27Z</time><speed>0.830</speed><sat>22</sat></trkpt>
  <trkpt lat="45.59092579" lon="2.81334069"><ele>1090.474</ele><time>2026-09-23T08:57:30Z</time><speed>0.000</speed><sat>23</sat></trkpt>
  <trkpt lat="45.59092023" lon="2.81330551"><ele>1092.492</ele><time>2026-09-23T08:57:33Z</time><speed>1.050</speed><sat>25</sat></trkpt>
  <trkpt lat="45.59091096" lon="2.81326646"><ele>1092.861</ele><time>2026-09-23T08:57:36Z</time><speed>0.910</speed><sat>27</sat></trkpt>
  <trkpt lat="45.59090013" lon="2.81325192"><ele>1094.333</ele><time>2026-09-23T08:57:39Z</time><speed>0.670</speed><sat>27</sat></trkpt>
  <trkpt lat="45.59089186" lon="2.81322781"><ele>1094.922</ele><time>2026-09-23T08:57:42Z</time><speed>0.650</speed><sat>29</sat></trkpt>
  <trkpt lat="45.59087215" lon="2.81320609"><ele>1094.255</ele><time>2026-09-23T08:57:45Z</time><speed>0.840</speed><sat>29</sat></trkpt>
  <trkpt lat="45.59084496" lon="2.81319312"><ele>1094.370</ele><time>2026-09-23T08:57:48Z</time><speed>0.630</speed><sat>28</sat></trkpt>
  <trkpt lat="45.59082870" lon="2.81317068"><ele>1094.651</ele><time>2026-09-23T08:57:51Z</time><speed>0.740</speed><sat>26</sat></trkpt>
  <trkpt lat="45.59079858" lon="2.81316225"><ele>1095.445</ele><time>2026-09-23T08:57:54Z</time><speed>0.920</speed><sat>29</sat></trkpt>
  <trkpt lat="45.59077045" lon="2.81316304"><ele>1094.754</ele><time>2026-09-23T08:57:57Z</time><speed>0.990</speed><sat>28</sat></trkpt>
  <trkpt lat="45.59074213" lon="2.81316595"><ele>1093.789</ele><time>2026-09-23T08:58:00Z</time><speed>1.020</speed><sat>27</sat></trkpt>
  <trkpt lat="45.59072084" lon="2.81318142"><ele>1092.924</ele><time>2026-09-23T08:58:03Z</time><speed>1.010</speed><sat>27</sat></trkpt>
  <trkpt lat="45.59070712" lon="2.81318769"><ele>1093.550</ele><time>2026-09-23T08:58:06Z</time><speed>0.330</speed><sat>31</sat></trkpt>
  <trkpt lat="45.59069738" lon="2.81318008"><ele>1094.874</ele><time>2026-09-23T08:58:09Z</time><speed>0.530</speed><sat>30</sat></trkpt>
  <trkpt lat="45.59069293" lon="2.81318643"><ele>1093.961</ele><time>2026-09-23T08:58:12Z</time><speed>0.570</speed><sat>30</sat></trkpt>
  <trkpt lat="45.59068611" lon="2.81318471"><ele>1092.478</ele><time>2026-09-23T08:58:15Z</time><speed>0.490</speed><sat>31</sat></trkpt>
  <trkpt lat="45.59067576" lon="2.81318475"><ele>1091.371</ele><time>2026-09-23T08:58:18Z</time><speed>0.490</speed><sat>31</sat></trkpt>
  <trkpt lat="45.59066132" lon="2.81318027"><ele>1090.793</ele><time>2026-09-23T08:58:21Z</time><speed>0.520</speed><sat>27</sat></trkpt>
  <trkpt lat="45.59064325" lon="2.81318391"><ele>1090.376</ele><time>2026-09-23T08:58:24Z</time><speed>0.620</speed><sat>23</sat></trkpt>
  <trkpt lat="45.59062233" lon="2.81318817"><ele>1090.187</ele><time>2026-09-23T08:58:27Z</time><speed>0.780</speed><sat>24</sat></trkpt>
  <trkpt lat="45.59060189" lon="2.81319139"><ele>1091.022</ele><time>2026-09-23T08:58:30Z</time><speed>0.910</speed><sat>25</sat></trkpt>
  <trkpt lat="45.59057205" lon="2.81318238"><ele>1092.344</ele><time>2026-09-23T08:58:33Z</time><speed>1.140</speed><sat>22</sat></trkpt>
  <trkpt lat="45.59055516" lon="2.81320707"><ele>1091.234</ele><time>2026-09-23T08:58:36Z</time><speed>0.670</speed><sat>19</sat></trkpt>
  <trkpt lat="45.59053512" lon="2.81320983"><ele>1091.165</ele><time>2026-09-23T08:58:39Z</time><speed>0.600</speed><sat>20</sat></trkpt>
  <trkpt lat="45.59053445" lon="2.81319774"><ele>1092.642</ele><time>2026-09-23T08:58:42Z</time><speed>0.000</speed><sat>22</sat></trkpt>
  <trkpt lat="45.59053478" lon="2.81319776"><ele>1092.639</ele><time>2026-09-23T08:58:45Z</time><speed>0.000</speed><sat>24</sat></trkpt>
  <trkpt lat="45.59053605" lon="2.81319811"><ele>1092.772</ele><time>2026-09-23T08:58:48Z</time><speed>0.000</speed><sat>25</sat></trkpt>
  <trkpt lat="45.59051569" lon="2.81319893"><ele>1092.988</ele><time>2026-09-23T08:58:51Z</time><speed>0.770</speed><sat>25</sat></trkpt>
  <trkpt lat="45.59049305" lon="2.81320595"><ele>1095.651</ele><time>2026-09-23T08:58:54Z</time><speed>0.720</speed><sat>23</sat></trkpt>
  <trkpt lat="45.59047200" lon="2.81322001"><ele>1094.408</ele><time>2026-09-23T08:58:57Z</time><speed>0.620</speed><sat>24</sat></trkpt>
  <trkpt lat="45.59044947" lon="2.81322392"><ele>1094.071</ele><time>2026-09-23T08:59:00Z</time><speed>0.660</speed><sat>26</sat></trkpt>
  <trkpt lat="45.59042751" lon="2.81322542"><ele>1093.090</ele><time>2026-09-23T08:59:03Z</time><speed>0.650</speed><sat>22</sat></trkpt>
  <trkpt lat="45.59040973" lon="2.81320566"><ele>1092.478</ele><time>2026-09-23T08:59:06Z</time><speed>1.000</speed><sat>21</sat></trkpt>
  <trkpt lat="45.59038831" lon="2.81319042"><ele>1093.049</ele><time>2026-09-23T08:59:09Z</time><speed>0.520</speed><sat>20</sat></trkpt>
  <trkpt lat="45.59036645" lon="2.81317684"><ele>1093.333</ele><time>2026-09-23T08:59:12Z</time><speed>0.700</speed><sat>21</sat></trkpt>
  <trkpt lat="45.59034827" lon="2.81315884"><ele>1094.147</ele><time>2026-09-23T08:59:15Z</time><speed>0.700</speed><sat>23</sat></trkpt>
  <trkpt lat="45.59033316" lon="2.81313025"><ele>1094.730</ele><time>2026-09-23T08:59:18Z</time><speed>0.900</speed><sat>23</sat></trkpt>
  <trkpt lat="45.59030920" lon="2.81310474"><ele>1096.738</ele><time>2026-09-23T08:59:21Z</time><speed>0.920</speed><sat>23</sat></trkpt>
  <trkpt lat="45.59028924" lon="2.81307296"><ele>1098.209</ele><time>2026-09-23T08:59:24Z</time><speed>0.890</speed><sat>24</sat></trkpt>
  <trkpt lat="45.59026999" lon="2.81304104"><ele>1099.025</ele><time>2026-09-23T08:59:27Z</time><speed>0.950</speed><sat>27</sat></trkpt>
  <trkpt lat="45.59025220" lon="2.81301479"><ele>1098.959</ele><time>2026-09-23T08:59:30Z</time><speed>0.830</speed><sat>26</sat></trkpt>
  <trkpt lat="45.59023869" lon="2.81298337"><ele>1099.281</ele><time>2026-09-23T08:59:33Z</time><speed>0.810</speed><sat>26</sat></trkpt>
  <trkpt lat="45.59022782" lon="2.81294687"><ele>1099.937</ele><time>2026-09-23T08:59:36Z</time><speed>0.930</speed><sat>25</sat></trkpt>
  <trkpt lat="45.59021081" lon="2.81290833"><ele>1099.613</ele><time>2026-09-23T08:59:39Z</time><speed>1.000</speed><sat>25</sat></trkpt>
  <trkpt lat="45.59018447" lon="2.81287372"><ele>1096.938</ele><time>2026-09-23T08:59:42Z</time><speed>0.910</speed><sat>27</sat></trkpt>
  <trkpt lat="45.59016797" lon="2.81284531"><ele>1096.789</ele><time>2026-09-23T08:59:45Z</time><speed>0.870</speed><sat>27</sat></trkpt>
  <trkpt lat="45.59014888" lon="2.81281565"><ele>1097.524</ele><time>2026-09-23T08:59:48Z</time><speed>0.870</speed><sat>25</sat></trkpt>
  <trkpt lat="45.59013010" lon="2.81278510"><ele>1097.933</ele><time>2026-09-23T08:59:51Z</time><speed>1.120</speed><sat>25</sat></trkpt>
  <trkpt lat="45.59011570" lon="2.81277680"><ele>1097.582</ele><time>2026-09-23T08:59:54Z</time><speed>0.000</speed><sat>23</sat></trkpt>
  <trkpt lat="45.59011578" lon="2.81277772"><ele>1097.500</ele><time>2026-09-23T08:59:57Z</time><speed>0.000</speed><sat>24</sat></trkpt>
  <trkpt lat="45.59011577" lon="2.81277744"><ele>1097.477</ele><time>2026-09-23T09:00:00Z</time><speed>0.000</speed><sat>24</sat></trkpt>
  <trkpt lat="45.59011576" lon="2.81277715"><ele>1097.396</ele><time>2026-09-23T09:00:03Z</time><speed>0.000</speed><sat>21</sat></trkpt>
  <trkpt lat="45.59010167" lon="2.81277269"><ele>1097.862</ele><time>2026-09-23T09:00:06Z</time><speed>0.000</speed><sat>22</sat></trkpt>
  <trkpt lat="45.59010121" lon="2.81277334"><ele>1097.858</ele><time>2026-09-23T09:00:09Z</time><speed>0.000</speed><sat>24</sat></trkpt>
  <trkpt lat="45.59008957" lon="2.81274656"><ele>1097.519</ele><time>2026-09-23T09:00:12Z</time><speed>2.290</speed><sat>24</sat></trkpt>
  <trkpt lat="45.59008267" lon="2.81274889"><ele>1097.408</ele><time>2026-09-23T09:00:15Z</time><speed>0.000</speed><sat>23</sat></trkpt>
  <trkpt lat="45.59007801" lon="2.81274366"><ele>1097.230</ele><time>2026-09-23T09:00:18Z</time><speed>0.600</speed><sat>24</sat></trkpt>
  <trkpt lat="45.59007140" lon="2.81272955"><ele>1097.537</ele><time>2026-09-23T09:00:21Z</time><speed>0.000</speed><sat>23</sat></trkpt>
  <trkpt lat="45.59005364" lon="2.81270827"><ele>1098.403</ele><time>2026-09-23T09:00:24Z</time><speed>0.760</speed><sat>23</sat></trkpt>
  <trkpt lat="45.59002290" lon="2.81270125"><ele>1098.829</ele><time>2026-09-23T09:00:27Z</time><speed>0.870</speed><sat>25</sat></trkpt>
  <trkpt lat="45.59000386" lon="2.81270805"><ele>1098.750</ele><time>2026-09-23T09:00:30Z</time><speed>0.000</speed><sat>27</sat></trkpt>
  <trkpt lat="45.59000039" lon="2.81270754"><ele>1098.819</ele><time>2026-09-23T09:00:33Z</time><speed>0.000</speed><sat>26</sat></trkpt>
  <trkpt lat="45.59000025" lon="2.81270755"><ele>1098.830</ele><time>2026-09-23T09:00:36Z</time><speed>0.000</speed><sat>25</sat></trkpt>
  <trkpt lat="45.59000019" lon="2.81270755"><ele>1098.824</ele><time>2026-09-23T09:00:39Z</time><speed>0.000</speed><sat>22</sat></trkpt>
  <trkpt lat="45.59000204" lon="2.81267389"><ele>1100.295</ele><time>2026-09-23T09:00:42Z</time><speed>1.790</speed><sat>24</sat></trkpt>
  <trkpt lat="45.58997287" lon="2.81263973"><ele>1103.077</ele><time>2026-09-23T09:00:45Z</time><speed>1.360</speed><sat>27</sat></trkpt>
  <trkpt lat="45.58993772" lon="2.81262831"><ele>1103.650</ele><time>2026-09-23T09:00:48Z</time><speed>1.440</speed><sat>25</sat></trkpt>
  <trkpt lat="45.58992231" lon="2.81260422"><ele>1104.213</ele><time>2026-09-23T09:00:51Z</time><speed>1.020</speed><sat>26</sat></trkpt>
  <trkpt lat="45.58990593" lon="2.81258250"><ele>1103.684</ele><time>2026-09-23T09:00:54Z</time><speed>0.620</speed><sat>25</sat></trkpt>
  <trkpt lat="45.58989743" lon="2.81258724"><ele>1103.027</ele><time>2026-09-23T09:00:57Z</time><speed>0.000</speed><sat>27</sat></trkpt>
  <trkpt lat="45.58988513" lon="2.81260060"><ele>1101.575</ele><time>2026-09-23T09:01:00Z</time><speed>0.000</speed><sat>29</sat></trkpt>
  <trkpt lat="45.58988474" lon="2.81259623"><ele>1101.694</ele><time>2026-09-23T09:01:03Z</time><speed>0.000</speed><sat>29</sat></trkpt>
  <trkpt lat="45.58988222" lon="2.81259193"><ele>1101.339</ele><time>2026-09-23T09:01:06Z</time><speed>0.250</speed><sat>28</sat></trkpt>
  <trkpt lat="45.58988588" lon="2.81258652"><ele>1100.899</ele><time>2026-09-23T09:01:09Z</time><speed>0.230</speed><sat>29</sat></trkpt>
  <trkpt lat="45.58988602" lon="2.81258285"><ele>1101.402</ele><time>2026-09-23T09:01:12Z</time><speed>0.230</speed><sat>30</sat></trkpt>
  <trkpt lat="45.58988927" lon="2.81258231"><ele>1101.290</ele><time>2026-09-23T09:01:15Z</time><speed>0.000</speed><sat>27</sat></trkpt>
  <trkpt lat="45.58989157" lon="2.81258420"><ele>1101.398</ele><time>2026-09-23T09:01:18Z</time><speed>0.000</speed><sat>27</sat></trkpt>
  <trkpt lat="45.58989164" lon="2.81258600"><ele>1101.330</ele><time>2026-09-23T09:01:21Z</time><speed>0.260</speed><sat>28</sat></trkpt>
  <trkpt lat="45.58988246" lon="2.81257411"><ele>1099.432</ele><time>2026-09-23T09:01:24Z</time><speed>1.650</speed><sat>29</sat></trkpt>
  <trkpt lat="45.58987643" lon="2.81255710"><ele>1100.994</ele><time>2026-09-23T09:01:27Z</time><speed>0.000</speed><sat>29</sat></trkpt>
  <trkpt lat="45.58986454" lon="2.81255737"><ele>1101.184</ele><time>2026-09-23T09:01:30Z</time><speed>0.000</speed><sat>27</sat></trkpt>
  <trkpt lat="45.58986448" lon="2.81255830"><ele>1101.180</ele><time>2026-09-23T09:01:33Z</time><speed>0.000</speed><sat>26</sat></trkpt>
  <trkpt lat="45.58986577" lon="2.81256150"><ele>1100.437</ele><time>2026-09-23T09:01:36Z</time><speed>0.000</speed><sat>24</sat></trkpt>
  <trkpt lat="45.58983171" lon="2.81256304"><ele>1100.900</ele><time>2026-09-23T09:01:39Z</time><speed>0.000</speed><sat>24</sat></trkpt>
  <trkpt lat="45.58983859" lon="2.81253512"><ele>1098.524</ele><time>2026-09-23T09:01:42Z</time><speed>0.530</speed><sat>26</sat></trkpt>
  <trkpt lat="45.58985008" lon="2.81253735"><ele>1096.780</ele><time>2026-09-23T09:01:45Z</time><speed>0.390</speed><sat>22</sat></trkpt>
  <trkpt lat="45.58985303" lon="2.81253174"><ele>1097.260</ele><time>2026-09-23T09:01:48Z</time><speed>0.370</speed><sat>29</sat></trkpt>
  <trkpt lat="45.58986622" lon="2.81252908"><ele>1097.424</ele><time>2026-09-23T09:01:51Z</time><speed>0.000</speed><sat>29</sat></trkpt>
  <trkpt lat="45.58984504" lon="2.81253006"><ele>1099.230</ele><time>2026-09-23T09:01:54Z</time><speed>0.920</speed><sat>28</sat></trkpt>
  <trkpt lat="45.58986527" lon="2.81249141"><ele>1099.580</ele><time>2026-09-23T09:01:57Z</time><speed>0.890</speed><sat>28</sat></trkpt>
  <trkpt lat="45.58986909" lon="2.81245544"><ele>1099.133</ele><time>2026-09-23T09:02:00Z</time><speed>0.960</speed><sat>30</sat></trkpt>
  <trkpt lat="45.58987907" lon="2.81242308"><ele>1099.655</ele><time>2026-09-23T09:02:03Z</time><speed>0.990</speed><sat>30</sat></trkpt>
  <trkpt lat="45.58989821" lon="2.81238582"><ele>1099.989</ele><time>2026-09-23T09:02:06Z</time><speed>1.010</speed><sat>27</sat></trkpt>
  <trkpt lat="45.58989993" lon="2.81235330"><ele>1098.564</ele><time>2026-09-23T09:02:09Z</time><speed>0.650</speed><sat>27</sat></trkpt>
  <trkpt lat="45.58989145" lon="2.81232709"><ele>1096.621</ele><time>2026-09-23T09:02:12Z</time><speed>0.770</speed><sat>28</sat></trkpt>
  <trkpt lat="45.58989253" lon="2.81229350"><ele>1096.582</ele><time>2026-09-23T09:02:15Z</time><speed>0.900</speed><sat>27</sat></trkpt>
  <trkpt lat="45.58986878" lon="2.81231226"><ele>1093.220</ele><time>2026-09-23T09:02:18Z</time><speed>1.410</speed><sat>24</sat></trkpt>
  <trkpt lat="45.58986352" lon="2.81230053"><ele>1093.894</ele><time>2026-09-23T09:02:21Z</time><speed>0.400</speed><sat>26</sat></trkpt>
  <trkpt lat="45.58986744" lon="2.81226140"><ele>1097.291</ele><time>2026-09-23T09:02:24Z</time><speed>0.710</speed><sat>28</sat></trkpt>
  <trkpt lat="45.58987360" lon="2.81226739"><ele>1098.696</ele><time>2026-09-23T09:02:27Z</time><speed>0.550</speed><sat>29</sat></trkpt>
  <trkpt lat="45.58987420" lon="2.81226852"><ele>1099.133</ele><time>2026-09-23T09:02:30Z</time><speed>0.000</speed><sat>29</sat></trkpt>
  <trkpt lat="45.58987643" lon="2.81226933"><ele>1099.135</ele><time>2026-09-23T09:02:33Z</time><speed>0.460</speed><sat>29</sat></trkpt>
  <trkpt lat="45.58987670" lon="2.81226372"><ele>1099.074</ele><time>2026-09-23T09:02:36Z</time><speed>0.580</speed><sat>28</sat></trkpt>
  <trkpt lat="45.58987475" lon="2.81226741"><ele>1099.108</ele><time>2026-09-23T09:02:39Z</time><speed>0.000</speed><sat>27</sat></trkpt>
  <trkpt lat="45.58988081" lon="2.81225443"><ele>1098.573</ele><time>2026-09-23T09:02:42Z</time><speed>0.500</speed><sat>25</sat></trkpt>
  <trkpt lat="45.58987659" lon="2.81224679"><ele>1096.535</ele><time>2026-09-23T09:02:45Z</time><speed>0.000</speed><sat>27</sat></trkpt>
  <trkpt lat="45.58990411" lon="2.81221341"><ele>1096.019</ele><time>2026-09-23T09:02:48Z</time><speed>0.230</speed><sat>29</sat></trkpt>
  <trkpt lat="45.58988173" lon="2.81223333"><ele>1096.202</ele><time>2026-09-23T09:02:51Z</time><speed>0.000</speed><sat>25</sat></trkpt>
  <trkpt lat="45.58987490" lon="2.81223839"><ele>1096.221</ele><time>2026-09-23T09:02:54Z</time><speed>0.000</speed><sat>25</sat></trkpt>
  <trkpt lat="45.58987483" lon="2.81223850"><ele>1096.230</ele><time>2026-09-23T09:02:57Z</time><speed>0.000</speed><sat>24</sat></trkpt>
  <trkpt lat="45.58987487" lon="2.81223848"><ele>1096.250</ele><time>2026-09-23T09:03:00Z</time><speed>0.000</speed><sat>22</sat></trkpt>
  <trkpt lat="45.58987156" lon="2.81223078"><ele>1095.355</ele><time>2026-09-23T09:03:03Z</time><speed>0.510</speed><sat>25</sat></trkpt>
  <trkpt lat="45.58987239" lon="2.81219245"><ele>1094.694</ele><time>2026-09-23T09:03:06Z</time><speed>0.740</speed><sat>24</sat></trkpt>
  <trkpt lat="45.58987962" lon="2.81215921"><ele>1095.608</ele><time>2026-09-23T09:03:09Z</time><speed>0.000</speed><sat>22</sat></trkpt>
  <trkpt lat="45.58987901" lon="2.81214468"><ele>1095.423</ele><time>2026-09-23T09:03:12Z</time><speed>0.580</speed><sat>22</sat></trkpt>
  <trkpt lat="45.58987843" lon="2.81208626"><ele>1096.048</ele><time>2026-09-23T09:03:15Z</time><speed>1.260</speed><sat>24</sat></trkpt>
  <trkpt lat="45.58986847" lon="2.81203272"><ele>1095.763</ele><time>2026-09-23T09:03:18Z</time><speed>1.340</speed><sat>26</sat></trkpt>
  <trkpt lat="45.58986040" lon="2.81198264"><ele>1093.965</ele><time>2026-09-23T09:03:21Z</time><speed>1.280</speed><sat>24</sat></trkpt>
  <trkpt lat="45.58986758" lon="2.81192976"><ele>1095.029</ele><time>2026-09-23T09:03:24Z</time><speed>1.230</speed><sat>21</sat></trkpt>
  <trkpt lat="45.58988189" lon="2.81187772"><ele>1095.117</ele><time>2026-09-23T09:03:27Z</time><speed>1.270</speed><sat>20</sat></trkpt>
  <trkpt lat="45.58988711" lon="2.81182416"><ele>1094.350</ele><time>2026-09-23T09:03:30Z</time><speed>1.280</speed><sat>19</sat></trkpt>
  <trkpt lat="45.58988598" lon="2.81178181"><ele>1093.710</ele><time>2026-09-23T09:03:33Z</time><speed>1.220</speed><sat>19</sat></trkpt>
  <trkpt lat="45.58988944" lon="2.81173143"><ele>1094.107</ele><time>2026-09-23T09:03:36Z</time><speed>1.340</speed><sat>19</sat></trkpt>
  <trkpt lat="45.58989527" lon="2.81166486"><ele>1095.725</ele><time>2026-09-23T09:03:39Z</time><speed>1.380</speed><sat>20</sat></trkpt>
  <trkpt lat="45.58989133" lon="2.81160379"><ele>1094.172</ele><time>2026-09-23T09:03:42Z</time><speed>1.360</speed><sat>21</sat></trkpt>
  <trkpt lat="45.58989504" lon="2.81155996"><ele>1094.038</ele><time>2026-09-23T09:03:45Z</time><speed>1.320</speed><sat>21</sat></trkpt>
  <trkpt lat="45.58989503" lon="2.81151051"><ele>1094.385</ele><time>2026-09-23T09:03:48Z</time><speed>1.290</speed><sat>21</sat></trkpt>
  <trkpt lat="45.58989941" lon="2.81146891"><ele>1094.071</ele><time>2026-09-23T09:03:51Z</time><speed>1.270</speed><sat>20</sat></trkpt>
  <trkpt lat="45.58989438" lon="2.81141246"><ele>1094.507</ele><time>2026-09-23T09:03:54Z</time><speed>1.290</speed><sat>22</sat></trkpt>
  <trkpt lat="45.58987704" lon="2.81135810"><ele>1093.289</ele><time>2026-09-23T09:03:57Z</time><speed>1.340</speed><sat>22</sat></trkpt>
  <trkpt lat="45.58985752" lon="2.81131304"><ele>1091.879</ele><time>2026-09-23T09:04:00Z</time><speed>1.190</speed><sat>24</sat></trkpt>
  <trkpt lat="45.58984970" lon="2.81126269"><ele>1091.314</ele><time>2026-09-23T09:04:03Z</time><speed>1.380</speed><sat>25</sat></trkpt>
  <trkpt lat="45.58984351" lon="2.81121818"><ele>1090.886</ele><time>2026-09-23T09:04:06Z</time><speed>1.260</speed><sat>27</sat></trkpt>
  <trkpt lat="45.58983661" lon="2.81116947"><ele>1089.697</ele><time>2026-09-23T09:04:09Z</time><speed>1.230</speed><sat>26</sat></trkpt>
  <trkpt lat="45.58982057" lon="2.81112357"><ele>1089.673</ele><time>2026-09-23T09:04:12Z</time><speed>1.240</speed><sat>25</sat></trkpt>
  <trkpt lat="45.58980214" lon="2.81107613"><ele>1088.798</ele><time>2026-09-23T09:04:15Z</time><speed>1.250</speed><sat>25</sat></trkpt>
  <trkpt lat="45.58978075" lon="2.81103252"><ele>1088.844</ele><time>2026-09-23T09:04:18Z</time><speed>1.260</speed><sat>25</sat></trkpt>
  <trkpt lat="45.58976501" lon="2.81098755"><ele>1088.837</ele><time>2026-09-23T09:04:21Z</time><speed>1.250</speed><sat>25</sat></trkpt>
  <trkpt lat="45.58974954" lon="2.81094086"><ele>1089.351</ele><time>2026-09-23T09:04:24Z</time><speed>1.280</speed><sat>25</sat></trkpt>
  <trkpt lat="45.58973461" lon="2.81089304"><ele>1089.642</ele><time>2026-09-23T09:04:27Z</time><speed>1.270</speed><sat>24</sat></trkpt>
  <trkpt lat="45.58972264" lon="2.81085193"><ele>1088.435</ele><time>2026-09-23T09:04:30Z</time><speed>1.270</speed><sat>23</sat></trkpt>
  <trkpt lat="45.58970695" lon="2.81081143"><ele>1089.488</ele><time>2026-09-23T09:04:33Z</time><speed>1.230</speed><sat>25</sat></trkpt>
  <trkpt lat="45.58968851" lon="2.81076818"><ele>1088.502</ele><time>2026-09-23T09:04:36Z</time><speed>1.250</speed><sat>24</sat></trkpt>
  <trkpt lat="45.58967709" lon="2.81072159"><ele>1088.904</ele><time>2026-09-23T09:04:39Z</time><speed>1.300</speed><sat>24</sat></trkpt>
  <trkpt lat="45.58966827" lon="2.81067304"><ele>1088.146</ele><time>2026-09-23T09:04:42Z</time><speed>1.350</speed><sat>22</sat></trkpt>
  <trkpt lat="45.58965773" lon="2.81063173"><ele>1087.272</ele><time>2026-09-23T09:04:45Z</time><speed>1.250</speed><sat>25</sat></trkpt>
  <trkpt lat="45.58964351" lon="2.81059123"><ele>1087.062</ele><time>2026-09-23T09:04:48Z</time><speed>1.240</speed><sat>25</sat></trkpt>
  <trkpt lat="45.58962181" lon="2.81055258"><ele>1087.591</ele><time>2026-09-23T09:04:51Z</time><speed>1.220</speed><sat>23</sat></trkpt>
  <trkpt lat="45.58960332" lon="2.81051664"><ele>1087.023</ele><time>2026-09-23T09:04:54Z</time><speed>1.030</speed><sat>25</sat></trkpt>
  <trkpt lat="45.58958771" lon="2.81047065"><ele>1086.798</ele><time>2026-09-23T09:04:57Z</time><speed>1.350</speed><sat>26</sat></trkpt>
  <trkpt lat="45.58957208" lon="2.81042887"><ele>1086.740</ele><time>2026-09-23T09:05:00Z</time><speed>1.200</speed><sat>25</sat></trkpt>
  <trkpt lat="45.58955829" lon="2.81038790"><ele>1086.550</ele><time>2026-09-23T09:05:03Z</time><speed>1.100</speed><sat>25</sat></trkpt>
  <trkpt lat="45.58954749" lon="2.81034172"><ele>1085.612</ele><time>2026-09-23T09:05:06Z</time><speed>1.310</speed><sat>25</sat></trkpt>
  <trkpt lat="45.58952436" lon="2.81030070"><ele>1084.653</ele><time>2026-09-23T09:05:09Z</time><speed>1.350</speed><sat>26</sat></trkpt>
  <trkpt lat="45.58949535" lon="2.81026950"><ele>1084.250</ele><time>2026-09-23T09:05:12Z</time><speed>1.260</speed><sat>26</sat></trkpt>
  <trkpt lat="45.58946252" lon="2.81024753"><ele>1083.919</ele><time>2026-09-23T09:05:15Z</time><speed>1.220</speed><sat>24</sat></trkpt>
  <trkpt lat="45.58943473" lon="2.81021888"><ele>1084.178</ele><time>2026-09-23T09:05:18Z</time><speed>1.220</speed><sat>24</sat></trkpt>
  <trkpt lat="45.58939832" lon="2.81019520"><ele>1084.461</ele><time>2026-09-23T09:05:21Z</time><speed>1.210</speed><sat>26</sat></trkpt>
  <trkpt lat="45.58936524" lon="2.81016966"><ele>1083.533</ele><time>2026-09-23T09:05:24Z</time><speed>1.230</speed><sat>26</sat></trkpt>
  <trkpt lat="45.58933019" lon="2.81014613"><ele>1085.101</ele><time>2026-09-23T09:05:27Z</time><speed>1.230</speed><sat>26</sat></trkpt>
  <trkpt lat="45.58929981" lon="2.81011579"><ele>1085.302</ele><time>2026-09-23T09:05:30Z</time><speed>1.360</speed><sat>23</sat></trkpt>
  <trkpt lat="45.58927146" lon="2.81008379"><ele>1086.029</ele><time>2026-09-23T09:05:33Z</time><speed>1.270</speed><sat>20</sat></trkpt>
  <trkpt lat="45.58924348" lon="2.81005367"><ele>1085.399</ele><time>2026-09-23T09:05:36Z</time><speed>1.270</speed><sat>21</sat></trkpt>
  <trkpt lat="45.58921176" lon="2.81003762"><ele>1085.173</ele><time>2026-09-23T09:05:39Z</time><speed>1.280</speed><sat>25</sat></trkpt>
  <trkpt lat="45.58918095" lon="2.81001803"><ele>1085.919</ele><time>2026-09-23T09:05:42Z</time><speed>1.250</speed><sat>26</sat></trkpt>
  <trkpt lat="45.58915160" lon="2.80999169"><ele>1086.740</ele><time>2026-09-23T09:05:45Z</time><speed>1.210</speed><sat>26</sat></trkpt>
  <trkpt lat="45.58912188" lon="2.80996970"><ele>1085.356</ele><time>2026-09-23T09:05:48Z</time><speed>1.230</speed><sat>25</sat></trkpt>
  <trkpt lat="45.58909884" lon="2.80993792"><ele>1088.265</ele><time>2026-09-23T09:05:51Z</time><speed>1.080</speed><sat>28</sat></trkpt>
  <trkpt lat="45.58907748" lon="2.80992076"><ele>1088.468</ele><time>2026-09-23T09:05:54Z</time><speed>1.110</speed><sat>29</sat></trkpt>
  <trkpt lat="45.58905548" lon="2.80990474"><ele>1087.943</ele><time>2026-09-23T09:05:57Z</time><speed>1.130</speed><sat>25</sat></trkpt>
  <trkpt lat="45.58903708" lon="2.80988767"><ele>1087.086</ele><time>2026-09-23T09:06:00Z</time><speed>0.980</speed><sat>27</sat></trkpt>
  <trkpt lat="45.58901795" lon="2.80986843"><ele>1086.775</ele><time>2026-09-23T09:06:03Z</time><speed>1.010</speed><sat>26</sat></trkpt>
  <trkpt lat="45.58899819" lon="2.80985411"><ele>1086.090</ele><time>2026-09-23T09:06:06Z</time><speed>0.950</speed><sat>26</sat></trkpt>
  <trkpt lat="45.58897954" lon="2.80983321"><ele>1086.260</ele><time>2026-09-23T09:06:09Z</time><speed>0.990</speed><sat>27</sat></trkpt>
  <trkpt lat="45.58896619" lon="2.80980817"><ele>1086.533</ele><time>2026-09-23T09:06:12Z</time><speed>0.910</speed><sat>26</sat></trkpt>
  <trkpt lat="45.58894689" lon="2.80978857"><ele>1087.412</ele><time>2026-09-23T09:06:15Z</time><speed>0.890</speed><sat>27</sat></trkpt>
  <trkpt lat="45.58892979" lon="2.80976763"><ele>1086.749</ele><time>2026-09-23T09:06:18Z</time><speed>0.910</speed><sat>25</sat></trkpt>
  <trkpt lat="45.58891382" lon="2.80973733"><ele>1086.757</ele><time>2026-09-23T09:06:21Z</time><speed>0.980</speed><sat>26</sat></trkpt>
  <trkpt lat="45.58889506" lon="2.80970961"><ele>1088.050</ele><time>2026-09-23T09:06:24Z</time><speed>0.930</speed><sat>25</sat></trkpt>
  <trkpt lat="45.58887395" lon="2.80968479"><ele>1089.236</ele><time>2026-09-23T09:06:27Z</time><speed>0.960</speed><sat>24</sat></trkpt>
  <trkpt lat="45.58885468" lon="2.80965469"><ele>1089.941</ele><time>2026-09-23T09:06:30Z</time><speed>1.010</speed><sat>26</sat></trkpt>
  <trkpt lat="45.58883036" lon="2.80963536"><ele>1091.984</ele><time>2026-09-23T09:06:33Z</time><speed>1.070</speed><sat>27</sat></trkpt>
  <trkpt lat="45.58880883" lon="2.80960776"><ele>1091.646</ele><time>2026-09-23T09:06:36Z</time><speed>1.010</speed><sat>27</sat></trkpt>
  <trkpt lat="45.58878746" lon="2.80957314"><ele>1090.315</ele><time>2026-09-23T09:06:39Z</time><speed>1.400</speed><sat>27</sat></trkpt>
  <trkpt lat="45.58876554" lon="2.80954800"><ele>1090.616</ele><time>2026-09-23T09:06:42Z</time><speed>0.900</speed><sat>27</sat></trkpt>
  <trkpt lat="45.58874227" lon="2.80952321"><ele>1090.288</ele><time>2026-09-23T09:06:45Z</time><speed>0.910</speed><sat>28</sat></trkpt>
  <trkpt lat="45.58872315" lon="2.80949158"><ele>1090.395</ele><time>2026-09-23T09:06:48Z</time><speed>1.020</speed><sat>27</sat></trkpt>
  <trkpt lat="45.58869957" lon="2.80947044"><ele>1091.654</ele><time>2026-09-23T09:06:51Z</time><speed>0.810</speed><sat>27</sat></trkpt>
  <trkpt lat="45.58867924" lon="2.80944867"><ele>1092.855</ele><time>2026-09-23T09:06:54Z</time><speed>0.840</speed><sat>24</sat></trkpt>
  <trkpt lat="45.58865850" lon="2.80942951"><ele>1094.250</ele><time>2026-09-23T09:06:57Z</time><speed>0.790</speed><sat>28</sat></trkpt>
  <trkpt lat="45.58863843" lon="2.80940135"><ele>1093.178</ele><time>2026-09-23T09:07:00Z</time><speed>0.860</speed><sat>28</sat></trkpt>
  <trkpt lat="45.58861185" lon="2.80938765"><ele>1092.040</ele><time>2026-09-23T09:07:03Z</time><speed>0.980</speed><sat>27</sat></trkpt>
  <trkpt lat="45.58858940" lon="2.80936482"><ele>1092.448</ele><time>2026-09-23T09:07:06Z</time><speed>1.120</speed><sat>27</sat></trkpt>
  <trkpt lat="45.58856542" lon="2.80934925"><ele>1092.216</ele><time>2026-09-23T09:07:09Z</time><speed>0.890</speed><sat>26</sat></trkpt>
  <trkpt lat="45.58854596" lon="2.80932731"><ele>1092.522</ele><time>2026-09-23T09:07:12Z</time><speed>0.860</speed><sat>26</sat></trkpt>
  <trkpt lat="45.58852240" lon="2.80931049"><ele>1092.167</ele><time>2026-09-23T09:07:15Z</time><speed>0.970</speed><sat>28</sat></trkpt>
  <trkpt lat="45.58850396" lon="2.80928799"><ele>1093.023</ele><time>2026-09-23T09:07:18Z</time><speed>0.770</speed><sat>28</sat></trkpt>
  <trkpt lat="45.58848931" lon="2.80926176"><ele>1094.133</ele><time>2026-09-23T09:07:21Z</time><speed>0.760</speed><sat>27</sat></trkpt>
  <trkpt lat="45.58846989" lon="2.80924424"><ele>1093.978</ele><time>2026-09-23T09:07:24Z</time><speed>0.840</speed><sat>26</sat></trkpt>
  <trkpt lat="45.58844599" lon="2.80922877"><ele>1093.468</ele><time>2026-09-23T09:07:27Z</time><speed>0.940</speed><sat>27</sat></trkpt>
  <trkpt lat="45.58842750" lon="2.80920964"><ele>1093.811</ele><time>2026-09-23T09:07:30Z</time><speed>0.900</speed><sat>26</sat></trkpt>
  <trkpt lat="45.58841880" lon="2.80919445"><ele>1094.630</ele><time>2026-09-23T09:07:33Z</time><speed>0.900</speed><sat>26</sat></trkpt>
  <trkpt lat="45.58839971" lon="2.80917493"><ele>1095.061</ele><time>2026-09-23T09:07:36Z</time><speed>0.920</speed><sat>26</sat></trkpt>
  <trkpt lat="45.58838168" lon="2.80916130"><ele>1094.729</ele><time>2026-09-23T09:07:39Z</time><speed>0.820</speed><sat>26</sat></trkpt>
  <trkpt lat="45.58836446" lon="2.80915347"><ele>1094.060</ele><time>2026-09-23T09:07:42Z</time><speed>0.670</speed><sat>26</sat></trkpt>
  <trkpt lat="45.58835140" lon="2.80914893"><ele>1093.651</ele><time>2026-09-23T09:07:45Z</time><speed>0.000</speed><sat>27</sat></trkpt>
  <trkpt lat="45.58834872" lon="2.80914654"><ele>1093.620</ele><time>2026-09-23T09:07:48Z</time><speed>0.470</speed><sat>28</sat></trkpt>
  <trkpt lat="45.58833465" lon="2.80914041"><ele>1093.673</ele><time>2026-09-23T09:07:51Z</time><speed>0.300</speed><sat>27</sat></trkpt>
  <trkpt lat="45.58833051" lon="2.80914192"><ele>1093.959</ele><time>2026-09-23T09:07:54Z</time><speed>0.000</speed><sat>28</sat></trkpt>
  <trkpt lat="45.58833249" lon="2.80914387"><ele>1094.027</ele><time>2026-09-23T09:07:57Z</time><speed>0.000</speed><sat>28</sat></trkpt>
  <trkpt lat="45.58833349" lon="2.80914840"><ele>1093.911</ele><time>2026-09-23T09:08:00Z</time><speed>0.000</speed><sat>27</sat></trkpt>
  <trkpt lat="45.58833369" lon="2.80914907"><ele>1093.890</ele><time>2026-09-23T09:08:03Z</time><speed>0.000</speed><sat>26</sat></trkpt>
  <trkpt lat="45.58833604" lon="2.80914805"><ele>1094.056</ele><time>2026-09-23T09:08:06Z</time><speed>0.260</speed><sat>25</sat></trkpt>
  <trkpt lat="45.58833634" lon="2.80914612"><ele>1094.044</ele><time>2026-09-23T09:08:09Z</time><speed>0.000</speed><sat>25</sat></trkpt>
  <trkpt lat="45.58833636" lon="2.80914615"><ele>1094.026</ele><time>2026-09-23T09:08:12Z</time><speed>0.000</speed><sat>25</sat></trkpt>
  <trkpt lat="45.58833744" lon="2.80914403"><ele>1094.024</ele><time>2026-09-23T09:08:15Z</time><speed>0.270</speed><sat>24</sat></trkpt>
  <trkpt lat="45.58833695" lon="2.80914421"><ele>1094.080</ele><time>2026-09-23T09:08:18Z</time><speed>0.000</speed><sat>25</sat></trkpt>
  <trkpt lat="45.58833700" lon="2.80914378"><ele>1094.104</ele><time>2026-09-23T09:08:21Z</time><speed>0.000</speed><sat>26</sat></trkpt>
  <trkpt lat="45.58833729" lon="2.80914366"><ele>1094.118</ele><time>2026-09-23T09:08:24Z</time><speed>0.000</speed><sat>25</sat></trkpt>
  <trkpt lat="45.58833759" lon="2.80914304"><ele>1094.046</ele><time>2026-09-23T09:08:27Z</time><speed>0.000</speed><sat>24</sat></trkpt>
  <trkpt lat="45.58833787" lon="2.80914266"><ele>1094.020</ele><time>2026-09-23T09:08:30Z</time><speed>0.000</speed><sat>24</sat></trkpt>
  <trkpt lat="45.58833793" lon="2.80914231"><ele>1093.964</ele><time>2026-09-23T09:08:33Z</time><speed>0.000</speed><sat>24</sat></trkpt>
  <trkpt lat="45.58833800" lon="2.80914182"><ele>1093.892</ele><time>2026-09-23T09:08:36Z</time><speed>0.000</speed><sat>24</sat></trkpt>
  <trkpt lat="45.58833817" lon="2.80914167"><ele>1093.868</ele><time>2026-09-23T09:08:39Z</time><speed>0.000</speed><sat>23</sat></trkpt>
  <trkpt lat="45.58833824" lon="2.80914101"><ele>1093.855</ele><time>2026-09-23T09:08:42Z</time><speed>0.000</speed><sat>23</sat></trkpt>
  <trkpt lat="45.58833860" lon="2.80914063"><ele>1093.880</ele><time>2026-09-23T09:08:45Z</time><speed>0.000</speed><sat>23</sat></trkpt>
  <trkpt lat="45.58833884" lon="2.80913816"><ele>1093.890</ele><time>2026-09-23T09:08:48Z</time><speed>0.000</speed><sat>25</sat></trkpt>
  <trkpt lat="45.58833902" lon="2.80913649"><ele>1093.857</ele><time>2026-09-23T09:08:51Z</time><speed>0.000</speed><sat>24</sat></trkpt>
  <trkpt lat="45.58833934" lon="2.80913633"><ele>1093.996</ele><time>2026-09-23T09:08:54Z</time><speed>0.000</speed><sat>24</sat></trkpt>
  <trkpt lat="45.58834210" lon="2.80913483"><ele>1094.228</ele><time>2026-09-23T09:08:57Z</time><speed>0.000</speed><sat>25</sat></trkpt>
  <trkpt lat="45.58834187" lon="2.80913380"><ele>1094.216</ele><time>2026-09-23T09:09:00Z</time><speed>0.000</speed><sat>26</sat></trkpt>
  <trkpt lat="45.58834146" lon="2.80913342"><ele>1094.181</ele><time>2026-09-23T09:09:03Z</time><speed>0.000</speed><sat>27</sat></trkpt>
  <trkpt lat="45.58834074" lon="2.80913285"><ele>1094.158</ele><time>2026-09-23T09:09:06Z</time><speed>0.000</speed><sat>26</sat></trkpt>
  <trkpt lat="45.58834124" lon="2.80913257"><ele>1094.183</ele><time>2026-09-23T09:09:09Z</time><speed>0.000</speed><sat>28</sat></trkpt>
  <trkpt lat="45.58834045" lon="2.80912781"><ele>1094.196</ele><time>2026-09-23T09:09:12Z</time><speed>0.000</speed><sat>28</sat></trkpt>
  <trkpt lat="45.58833972" lon="2.80912546"><ele>1094.190</ele><time>2026-09-23T09:09:15Z</time><speed>0.000</speed><sat>27</sat></trkpt>
  <trkpt lat="45.58833941" lon="2.80912466"><ele>1094.296</ele><time>2026-09-23T09:09:18Z</time><speed>0.000</speed><sat>25</sat></trkpt>
  <trkpt lat="45.58833960" lon="2.80912386"><ele>1094.327</ele><time>2026-09-23T09:09:21Z</time><speed>0.000</speed><sat>25</sat></trkpt>
  <trkpt lat="45.58833957" lon="2.80912364"><ele>1094.432</ele><time>2026-09-23T09:09:24Z</time><speed>0.000</speed><sat>26</sat></trkpt>
  <trkpt lat="45.58834056" lon="2.80912756"><ele>1094.337</ele><time>2026-09-23T09:09:27Z</time><speed>0.000</speed><sat>24</sat></trkpt>
  <trkpt lat="45.58834364" lon="2.80912938"><ele>1094.405</ele><time>2026-09-23T09:09:30Z</time><speed>0.000</speed><sat>23</sat></trkpt>
  <trkpt lat="45.58834398" lon="2.80912952"><ele>1094.492</ele><time>2026-09-23T09:09:33Z</time><speed>0.000</speed><sat>22</sat></trkpt>
  <trkpt lat="45.58834541" lon="2.80913182"><ele>1094.516</ele><time>2026-09-23T09:09:36Z</time><speed>0.000</speed><sat>24</sat></trkpt>
  <trkpt lat="45.58834931" lon="2.80913613"><ele>1094.427</ele><time>2026-09-23T09:09:39Z</time><speed>0.160</speed><sat>24</sat></trkpt>
  <trkpt lat="45.58834933" lon="2.80913926"><ele>1094.410</ele><time>2026-09-23T09:09:42Z</time><speed>0.000</speed><sat>25</sat></trkpt>
  <trkpt lat="45.58834892" lon="2.80914048"><ele>1094.316</ele><time>2026-09-23T09:09:45Z</time><speed>0.000</speed><sat>25</sat></trkpt>
  <trkpt lat="45.58834876" lon="2.80914102"><ele>1094.280</ele><time>2026-09-23T09:09:48Z</time><speed>0.000</speed><sat>25</sat></trkpt>
  <trkpt lat="45.58834854" lon="2.80914149"><ele>1094.240</ele><time>2026-09-23T09:09:51Z</time><speed>0.000</speed><sat>24</sat></trkpt>
  <trkpt lat="45.58834879" lon="2.80914311"><ele>1094.044</ele><time>2026-09-23T09:09:54Z</time><speed>0.000</speed><sat>24</sat></trkpt>
  <trkpt lat="45.58835066" lon="2.80914396"><ele>1094.521</ele><time>2026-09-23T09:09:57Z</time><speed>0.000</speed><sat>22</sat></trkpt>
  <trkpt lat="45.58835150" lon="2.80914479"><ele>1094.466</ele><time>2026-09-23T09:10:00Z</time><speed>0.000</speed><sat>27</sat></trkpt>
  <trkpt lat="45.58835173" lon="2.80914335"><ele>1094.377</ele><time>2026-09-23T09:10:03Z</time><speed>0.000</speed><sat>26</sat></trkpt>
  <trkpt lat="45.58835192" lon="2.80914254"><ele>1094.327</ele><time>2026-09-23T09:10:06Z</time><speed>0.000</speed><sat>24</sat></trkpt>
  <trkpt lat="45.58835214" lon="2.80914136"><ele>1094.323</ele><time>2026-09-23T09:10:09Z</time><speed>0.000</speed><sat>25</sat></trkpt>
  <trkpt lat="45.58835249" lon="2.80914229"><ele>1094.491</ele><time>2026-09-23T09:10:12Z</time><speed>0.000</speed><sat>25</sat></trkpt>
  <trkpt lat="45.58835324" lon="2.80914180"><ele>1094.590</ele><time>2026-09-23T09:10:15Z</time><speed>0.000</speed><sat>26</sat></trkpt>
  <trkpt lat="45.58835355" lon="2.80913984"><ele>1094.550</ele><time>2026-09-23T09:10:18Z</time><speed>0.000</speed><sat>25</sat></trkpt>
  <trkpt lat="45.58835358" lon="2.80913955"><ele>1094.564</ele><time>2026-09-23T09:10:21Z</time><speed>0.000</speed><sat>25</sat></trkpt>
  <trkpt lat="45.58835380" lon="2.80913871"><ele>1094.481</ele><time>2026-09-23T09:10:24Z</time><speed>0.000</speed><sat>25</sat></trkpt>
  <trkpt lat="45.58835386" lon="2.80913854"><ele>1094.384</ele><time>2026-09-23T09:10:27Z</time><speed>0.000</speed><sat>26</sat></trkpt>
  <trkpt lat="45.58835377" lon="2.80913755"><ele>1094.347</ele><time>2026-09-23T09:10:30Z</time><speed>0.000</speed><sat>25</sat></trkpt>
  <trkpt lat="45.58835381" lon="2.80913677"><ele>1094.370</ele><time>2026-09-23T09:10:33Z</time><speed>0.000</speed><sat>23</sat></trkpt>
  <trkpt lat="45.58835378" lon="2.80913595"><ele>1094.446</ele><time>2026-09-23T09:10:36Z</time><speed>0.000</speed><sat>25</sat></trkpt>
  <trkpt lat="45.58835372" lon="2.80913464"><ele>1094.394</ele><time>2026-09-23T09:10:39Z</time><speed>0.000</speed><sat>26</sat></trkpt>
  <trkpt lat="45.58835364" lon="2.80913380"><ele>1094.407</ele><time>2026-09-23T09:10:42Z</time><speed>0.000</speed><sat>26</sat></trkpt>
  <trkpt lat="45.58835387" lon="2.80913264"><ele>1094.489</ele><time>2026-09-23T09:10:45Z</time><speed>0.000</speed><sat>25</sat></trkpt>
  <trkpt lat="45.58835475" lon="2.80913151"><ele>1094.601</ele><time>2026-09-23T09:10:48Z</time><speed>0.000</speed><sat>26</sat></trkpt>
  <trkpt lat="45.58835454" lon="2.80913184"><ele>1094.627</ele><time>2026-09-23T09:10:51Z</time><speed>0.000</speed><sat>28</sat></trkpt>
  <trkpt lat="45.58835339" lon="2.80913271"><ele>1094.680</ele><time>2026-09-23T09:10:54Z</time><speed>0.000</speed><sat>27</sat></trkpt>
  <trkpt lat="45.58835343" lon="2.80913316"><ele>1094.655</ele><time>2026-09-23T09:10:57Z</time><speed>0.000</speed><sat>27</sat></trkpt>
  <trkpt lat="45.58835333" lon="2.80913316"><ele>1094.552</ele><time>2026-09-23T09:11:00Z</time><speed>0.000</speed><sat>27</sat></trkpt>
  <trkpt lat="45.58835344" lon="2.80913326"><ele>1094.511</ele><time>2026-09-23T09:11:03Z</time><speed>0.000</speed><sat>27</sat></trkpt>
  <trkpt lat="45.58835370" lon="2.80913381"><ele>1094.515</ele><time>2026-09-23T09:11:06Z</time><speed>0.000</speed><sat>27</sat></trkpt>
  <trkpt lat="45.58835406" lon="2.80913396"><ele>1094.548</ele><time>2026-09-23T09:11:09Z</time><speed>0.000</speed><sat>27</sat></trkpt>
  <trkpt lat="45.58835399" lon="2.80913464"><ele>1094.407</ele><time>2026-09-23T09:11:12Z</time><speed>0.000</speed><sat>26</sat></trkpt>
  <trkpt lat="45.58835434" lon="2.80913445"><ele>1094.382</ele><time>2026-09-23T09:11:15Z</time><speed>0.000</speed><sat>25</sat></trkpt>
  <trkpt lat="45.58835499" lon="2.80913362"><ele>1094.379</ele><time>2026-09-23T09:11:18Z</time><speed>0.000</speed><sat>26</sat></trkpt>
  <trkpt lat="45.58835601" lon="2.80913262"><ele>1094.370</ele><time>2026-09-23T09:11:21Z</time><speed>0.000</speed><sat>26</sat></trkpt>
  <trkpt lat="45.58835610" lon="2.80913241"><ele>1094.402</ele><time>2026-09-23T09:11:24Z</time><speed>0.000</speed><sat>26</sat></trkpt>
  <trkpt lat="45.58835901" lon="2.80912464"><ele>1093.962</ele><time>2026-09-23T09:11:27Z</time><speed>0.740</speed><sat>26</sat></trkpt>
  <trkpt lat="45.58837457" lon="2.80910153"><ele>1093.722</ele><time>2026-09-23T09:11:30Z</time><speed>1.070</speed><sat>27</sat></trkpt>
  <trkpt lat="45.58838170" lon="2.80907158"><ele>1094.157</ele><time>2026-09-23T09:11:33Z</time><speed>0.940</speed><sat>25</sat></trkpt>
  <trkpt lat="45.58839802" lon="2.80905020"><ele>1093.802</ele><time>2026-09-23T09:11:36Z</time><speed>0.880</speed><sat>26</sat></trkpt>
  <trkpt lat="45.58841680" lon="2.80902940"><ele>1095.061</ele><time>2026-09-23T09:11:39Z</time><speed>0.770</speed><sat>26</sat></trkpt>
  <trkpt lat="45.58843544" lon="2.80901523"><ele>1095.994</ele><time>2026-09-23T09:11:42Z</time><speed>0.760</speed><sat>24</sat></trkpt>
  <trkpt lat="45.58845023" lon="2.80900356"><ele>1096.947</ele><time>2026-09-23T09:11:45Z</time><speed>0.900</speed><sat>29</sat></trkpt>
  <trkpt lat="45.58847448" lon="2.80899684"><ele>1098.291</ele><time>2026-09-23T09:11:48Z</time><speed>0.800</speed><sat>28</sat></trkpt>
  <trkpt lat="45.58849500" lon="2.80897550"><ele>1097.574</ele><time>2026-09-23T09:11:51Z</time><speed>0.860</speed><sat>29</sat></trkpt>
  <trkpt lat="45.58851323" lon="2.80895822"><ele>1097.872</ele><time>2026-09-23T09:11:54Z</time><speed>0.820</speed><sat>29</sat></trkpt>
  <trkpt lat="45.58853286" lon="2.80893132"><ele>1098.205</ele><time>2026-09-23T09:11:57Z</time><speed>0.800</speed><sat>28</sat></trkpt>
  <trkpt lat="45.58855001" lon="2.80891166"><ele>1097.996</ele><time>2026-09-23T09:12:00Z</time><speed>0.800</speed><sat>27</sat></trkpt>
  <trkpt lat="45.58856567" lon="2.80888146"><ele>1097.256</ele><time>2026-09-23T09:12:03Z</time><speed>0.780</speed><sat>29</sat></trkpt>
  <trkpt lat="45.58858166" lon="2.80885450"><ele>1098.485</ele><time>2026-09-23T09:12:06Z</time><speed>0.850</speed><sat>29</sat></trkpt>
  <trkpt lat="45.58859428" lon="2.80882561"><ele>1100.141</ele><time>2026-09-23T09:12:09Z</time><speed>0.850</speed><sat>29</sat></trkpt>
  <trkpt lat="45.58860739" lon="2.80880198"><ele>1101.197</ele><time>2026-09-23T09:12:12Z</time><speed>0.990</speed><sat>29</sat></trkpt>
  <trkpt lat="45.58861908" lon="2.80877563"><ele>1103.919</ele><time>2026-09-23T09:12:15Z</time><speed>0.780</speed><sat>29</sat></trkpt>
  <trkpt lat="45.58862112" lon="2.80874079"><ele>1103.929</ele><time>2026-09-23T09:12:18Z</time><speed>0.760</speed><sat>29</sat></trkpt>
  <trkpt lat="45.58862775" lon="2.80870433"><ele>1103.334</ele><time>2026-09-23T09:12:21Z</time><speed>0.850</speed><sat>29</sat></trkpt>
  <trkpt lat="45.58863345" lon="2.80866167"><ele>1103.473</ele><time>2026-09-23T09:12:24Z</time><speed>0.850</speed><sat>29</sat></trkpt>
  <trkpt lat="45.58863086" lon="2.80861855"><ele>1104.334</ele><time>2026-09-23T09:12:27Z</time><speed>0.830</speed><sat>28</sat></trkpt>
  <trkpt lat="45.58862497" lon="2.80857293"><ele>1103.984</ele><time>2026-09-23T09:12:30Z</time><speed>0.820</speed><sat>29</sat></trkpt>
  <trkpt lat="45.58862475" lon="2.80853295"><ele>1105.175</ele><time>2026-09-23T09:12:33Z</time><speed>0.880</speed><sat>29</sat></trkpt>
  <trkpt lat="45.58862700" lon="2.80849326"><ele>1106.321</ele><time>2026-09-23T09:12:36Z</time><speed>0.880</speed><sat>28</sat></trkpt>
  <trkpt lat="45.58862847" lon="2.80844851"><ele>1106.489</ele><time>2026-09-23T09:12:39Z</time><speed>1.030</speed><sat>28</sat></trkpt>
  <trkpt lat="45.58861525" lon="2.80840185"><ele>1107.034</ele><time>2026-09-23T09:12:42Z</time><speed>0.990</speed><sat>29</sat></trkpt>
  <trkpt lat="45.58860769" lon="2.80836911"><ele>1107.905</ele><time>2026-09-23T09:12:45Z</time><speed>0.930</speed><sat>29</sat></trkpt>
  <trkpt lat="45.58861444" lon="2.80832865"><ele>1107.818</ele><time>2026-09-23T09:12:48Z</time><speed>0.820</speed><sat>28</sat></trkpt>
  <trkpt lat="45.58861731" lon="2.80828383"><ele>1106.047</ele><time>2026-09-23T09:12:51Z</time><speed>0.800</speed><sat>29</sat></trkpt>
  <trkpt lat="45.58861401" lon="2.80823757"><ele>1105.163</ele><time>2026-09-23T09:12:54Z</time><speed>0.830</speed><sat>30</sat></trkpt>
  <trkpt lat="45.58861369" lon="2.80819203"><ele>1105.708</ele><time>2026-09-23T09:12:57Z</time><speed>0.970</speed><sat>30</sat></trkpt>
  <trkpt lat="45.58861371" lon="2.80814534"><ele>1106.534</ele><time>2026-09-23T09:13:00Z</time><speed>0.850</speed><sat>29</sat></trkpt>
  <trkpt lat="45.58861497" lon="2.80810179"><ele>1106.458</ele><time>2026-09-23T09:13:03Z</time><speed>0.870</speed><sat>29</sat></trkpt>
  <trkpt lat="45.58862720" lon="2.80805702"><ele>1107.776</ele><time>2026-09-23T09:13:06Z</time><speed>0.860</speed><sat>29</sat></trkpt>
  <trkpt lat="45.58863312" lon="2.80800816"><ele>1107.991</ele><time>2026-09-23T09:13:09Z</time><speed>0.890</speed><sat>29</sat></trkpt>
  <trkpt lat="45.58863351" lon="2.80795973"><ele>1108.462</ele><time>2026-09-23T09:13:12Z</time><speed>1.000</speed><sat>30</sat></trkpt>
  <trkpt lat="45.58862814" lon="2.80790851"><ele>1107.031</ele><time>2026-09-23T09:13:15Z</time><speed>0.980</speed><sat>30</sat></trkpt>
  <trkpt lat="45.58861942" lon="2.80785810"><ele>1106.034</ele><time>2026-09-23T09:13:18Z</time><speed>1.010</speed><sat>29</sat></trkpt>
  <trkpt lat="45.58862245" lon="2.80780938"><ele>1105.636</ele><time>2026-09-23T09:13:21Z</time><speed>0.980</speed><sat>30</sat></trkpt>
  <trkpt lat="45.58862051" lon="2.80776358"><ele>1104.384</ele><time>2026-09-23T09:13:24Z</time><speed>1.100</speed><sat>30</sat></trkpt>
  <trkpt lat="45.58862352" lon="2.80771876"><ele>1103.840</ele><time>2026-09-23T09:13:27Z</time><speed>0.980</speed><sat>29</sat></trkpt>
  <trkpt lat="45.58862177" lon="2.80767994"><ele>1103.172</ele><time>2026-09-23T09:13:30Z</time><speed>1.030</speed><sat>25</sat></trkpt>
  <trkpt lat="45.58861435" lon="2.80763913"><ele>1102.970</ele><time>2026-09-23T09:13:33Z</time><speed>0.990</speed><sat>26</sat></trkpt>
  <trkpt lat="45.58861326" lon="2.80760103"><ele>1103.445</ele><time>2026-09-23T09:13:36Z</time><speed>1.080</speed><sat>27</sat></trkpt>
  <trkpt lat="45.58860774" lon="2.80756041"><ele>1104.007</ele><time>2026-09-23T09:13:39Z</time><speed>1.020</speed><sat>27</sat></trkpt>
  <trkpt lat="45.58860977" lon="2.80751671"><ele>1102.649</ele><time>2026-09-23T09:13:42Z</time><speed>1.000</speed><sat>28</sat></trkpt>
  <trkpt lat="45.58859496" lon="2.80747200"><ele>1101.598</ele><time>2026-09-23T09:13:45Z</time><speed>1.050</speed><sat>29</sat></trkpt>
  <trkpt lat="45.58857787" lon="2.80742769"><ele>1099.410</ele><time>2026-09-23T09:13:48Z</time><speed>1.050</speed><sat>28</sat></trkpt>
  <trkpt lat="45.58856221" lon="2.80738633"><ele>1099.796</ele><time>2026-09-23T09:13:51Z</time><speed>1.050</speed><sat>24</sat></trkpt>
  <trkpt lat="45.58855326" lon="2.80733798"><ele>1099.500</ele><time>2026-09-23T09:13:54Z</time><speed>1.060</speed><sat>26</sat></trkpt>
  <trkpt lat="45.58854258" lon="2.80728839"><ele>1099.080</ele><time>2026-09-23T09:13:57Z</time><speed>1.080</speed><sat>25</sat></trkpt>
  <trkpt lat="45.58852800" lon="2.80724416"><ele>1097.386</ele><time>2026-09-23T09:14:00Z</time><speed>1.140</speed><sat>27</sat></trkpt>
  <trkpt lat="45.58852275" lon="2.80719859"><ele>1097.549</ele><time>2026-09-23T09:14:03Z</time><speed>1.140</speed><sat>28</sat></trkpt>
  <trkpt lat="45.58852213" lon="2.80715467"><ele>1096.667</ele><time>2026-09-23T09:14:06Z</time><speed>1.110</speed><sat>28</sat></trkpt>
  <trkpt lat="45.58850887" lon="2.80710807"><ele>1094.233</ele><time>2026-09-23T09:14:09Z</time><speed>1.170</speed><sat>27</sat></trkpt>
  <trkpt lat="45.58850801" lon="2.80705938"><ele>1094.125</ele><time>2026-09-23T09:14:12Z</time><speed>1.180</speed><sat>26</sat></trkpt>
  <trkpt lat="45.58850583" lon="2.80701006"><ele>1092.974</ele><time>2026-09-23T09:14:15Z</time><speed>1.330</speed><sat>27</sat></trkpt>
  <trkpt lat="45.58851618" lon="2.80695974"><ele>1092.715</ele><time>2026-09-23T09:14:18Z</time><speed>1.140</speed><sat>27</sat></trkpt>
  <trkpt lat="45.58852081" lon="2.80690708"><ele>1093.825</ele><time>2026-09-23T09:14:21Z</time><speed>1.180</speed><sat>27</sat></trkpt>
  <trkpt lat="45.58851879" lon="2.80685794"><ele>1094.627</ele><time>2026-09-23T09:14:24Z</time><speed>1.400</speed><sat>27</sat></trkpt>
  <trkpt lat="45.58851499" lon="2.80680320"><ele>1095.115</ele><time>2026-09-23T09:14:27Z</time><speed>1.140</speed><sat>26</sat></trkpt>
  <trkpt lat="45.58850623" lon="2.80675683"><ele>1095.607</ele><time>2026-09-23T09:14:30Z</time><speed>1.120</speed><sat>26</sat></trkpt>
  <trkpt lat="45.58850002" lon="2.80670851"><ele>1094.397</ele><time>2026-09-23T09:14:33Z</time><speed>1.270</speed><sat>27</sat></trkpt>
  <trkpt lat="45.58849548" lon="2.80666266"><ele>1094.558</ele><time>2026-09-23T09:14:36Z</time><speed>1.130</speed><sat>27</sat></trkpt>
  <trkpt lat="45.58849477" lon="2.80661050"><ele>1094.584</ele><time>2026-09-23T09:14:39Z</time><speed>1.300</speed><sat>27</sat></trkpt>
  <trkpt lat="45.58850210" lon="2.80655389"><ele>1095.067</ele><time>2026-09-23T09:14:42Z</time><speed>1.180</speed><sat>28</sat></trkpt>
  <trkpt lat="45.58848106" lon="2.80650519"><ele>1095.790</ele><time>2026-09-23T09:14:45Z</time><speed>1.120</speed><sat>28</sat></trkpt>
  <trkpt lat="45.58847372" lon="2.80645532"><ele>1096.844</ele><time>2026-09-23T09:14:48Z</time><speed>1.170</speed><sat>27</sat></trkpt>
  <trkpt lat="45.58845975" lon="2.80640362"><ele>1096.014</ele><time>2026-09-23T09:14:51Z</time><speed>1.190</speed><sat>26</sat></trkpt>
  <trkpt lat="45.58846054" lon="2.80634971"><ele>1095.864</ele><time>2026-09-23T09:14:54Z</time><speed>1.250</speed><sat>26</sat></trkpt>
  <trkpt lat="45.58845732" lon="2.80630023"><ele>1095.563</ele><time>2026-09-23T09:14:57Z</time><speed>1.120</speed><sat>27</sat></trkpt>
  <trkpt lat="45.58845770" lon="2.80624687"><ele>1096.182</ele><time>2026-09-23T09:15:00Z</time><speed>1.200</speed><sat>27</sat></trkpt>
  <trkpt lat="45.58844849" lon="2.80619633"><ele>1095.866</ele><time>2026-09-23T09:15:03Z</time><speed>1.170</speed><sat>27</sat></trkpt>
  <trkpt lat="45.58844848" lon="2.80614086"><ele>1096.453</ele><time>2026-09-23T09:15:06Z</time><speed>1.190</speed><sat>27</sat></trkpt>
  <trkpt lat="45.58845018" lon="2.80608764"><ele>1096.436</ele><time>2026-09-23T09:15:09Z</time><speed>1.280</speed><sat>24</sat></trkpt>
  <trkpt lat="45.58843235" lon="2.80603634"><ele>1095.584</ele><time>2026-09-23T09:15:12Z</time><speed>1.170</speed><sat>28</sat></trkpt>
  <trkpt lat="45.58843339" lon="2.80598737"><ele>1095.892</ele><time>2026-09-23T09:15:15Z</time><speed>1.170</speed><sat>27</sat></trkpt>
  <trkpt lat="45.58841461" lon="2.80594575"><ele>1095.829</ele><time>2026-09-23T09:15:18Z</time><speed>1.180</speed><sat>28</sat></trkpt>
  <trkpt lat="45.58841553" lon="2.80590407"><ele>1096.125</ele><time>2026-09-23T09:15:21Z</time><speed>1.180</speed><sat>29</sat></trkpt>
  <trkpt lat="45.58842291" lon="2.80586064"><ele>1096.264</ele><time>2026-09-23T09:15:24Z</time><speed>1.170</speed><sat>28</sat></trkpt>
  <trkpt lat="45.58842517" lon="2.80581214"><ele>1095.145</ele><time>2026-09-23T09:15:27Z</time><speed>1.170</speed><sat>28</sat></trkpt>
  <trkpt lat="45.58842183" lon="2.80576698"><ele>1094.091</ele><time>2026-09-23T09:15:30Z</time><speed>1.100</speed><sat>25</sat></trkpt>
  <trkpt lat="45.58841497" lon="2.80572551"><ele>1093.114</ele><time>2026-09-23T09:15:33Z</time><speed>1.100</speed><sat>22</sat></trkpt>
  <trkpt lat="45.58840434" lon="2.80568314"><ele>1092.961</ele><time>2026-09-23T09:15:36Z</time><speed>1.160</speed><sat>22</sat></trkpt>
  <trkpt lat="45.58840110" lon="2.80564224"><ele>1093.077</ele><time>2026-09-23T09:15:39Z</time><speed>1.180</speed><sat>22</sat></trkpt>
  <trkpt lat="45.58839738" lon="2.80559963"><ele>1092.336</ele><time>2026-09-23T09:15:42Z</time><speed>1.150</speed><sat>25</sat></trkpt>
  <trkpt lat="45.58839372" lon="2.80555561"><ele>1091.518</ele><time>2026-09-23T09:15:45Z</time><speed>1.200</speed><sat>24</sat></trkpt>
  <trkpt lat="45.58838775" lon="2.80550870"><ele>1091.295</ele><time>2026-09-23T09:15:48Z</time><speed>1.150</speed><sat>25</sat></trkpt>
  <trkpt lat="45.58838349" lon="2.80546764"><ele>1091.076</ele><time>2026-09-23T09:15:51Z</time><speed>1.150</speed><sat>27</sat></trkpt>
  <trkpt lat="45.58838030" lon="2.80542615"><ele>1089.317</ele><time>2026-09-23T09:15:54Z</time><speed>1.180</speed><sat>29</sat></trkpt>
  <trkpt lat="45.58837539" lon="2.80538382"><ele>1087.548</ele><time>2026-09-23T09:15:57Z</time><speed>1.180</speed><sat>28</sat></trkpt>
  <trkpt lat="45.58837019" lon="2.80534166"><ele>1087.896</ele><time>2026-09-23T09:16:00Z</time><speed>1.150</speed><sat>26</sat></trkpt>
  <trkpt lat="45.58836924" lon="2.80529817"><ele>1086.322</ele><time>2026-09-23T09:16:03Z</time><speed>1.210</speed><sat>26</sat></trkpt>
  <trkpt lat="45.58837030" lon="2.80525266"><ele>1086.294</ele><time>2026-09-23T09:16:06Z</time><speed>1.180</speed><sat>27</sat></trkpt>
  <trkpt lat="45.58833250" lon="2.80522802"><ele>1085.837</ele><time>2026-09-23T09:16:09Z</time><speed>1.260</speed><sat>27</sat></trkpt>
  <trkpt lat="45.58832259" lon="2.80517534"><ele>1085.458</ele><time>2026-09-23T09:16:12Z</time><speed>1.090</speed><sat>27</sat></trkpt>
  <trkpt lat="45.58832776" lon="2.80513514"><ele>1085.053</ele><time>2026-09-23T09:16:15Z</time><speed>1.170</speed><sat>26</sat></trkpt>
  <trkpt lat="45.58833294" lon="2.80509333"><ele>1084.038</ele><time>2026-09-23T09:16:18Z</time><speed>1.130</speed><sat>25</sat></trkpt>
  <trkpt lat="45.58833694" lon="2.80504835"><ele>1084.392</ele><time>2026-09-23T09:16:21Z</time><speed>1.160</speed><sat>26</sat></trkpt>
  <trkpt lat="45.58833382" lon="2.80500593"><ele>1084.907</ele><time>2026-09-23T09:16:24Z</time><speed>1.080</speed><sat>26</sat></trkpt>
  <trkpt lat="45.58834046" lon="2.80496045"><ele>1084.419</ele><time>2026-09-23T09:16:27Z</time><speed>1.110</speed><sat>26</sat></trkpt>
  <trkpt lat="45.58835274" lon="2.80492607"><ele>1084.308</ele><time>2026-09-23T09:16:30Z</time><speed>1.040</speed><sat>25</sat></trkpt>
  <trkpt lat="45.58835610" lon="2.80488727"><ele>1084.253</ele><time>2026-09-23T09:16:33Z</time><speed>1.090</speed><sat>26</sat></trkpt>
  <trkpt lat="45.58836455" lon="2.80484537"><ele>1083.842</ele><time>2026-09-23T09:16:36Z</time><speed>1.080</speed><sat>26</sat></trkpt>
  <trkpt lat="45.58836200" lon="2.80480549"><ele>1082.456</ele><time>2026-09-23T09:16:39Z</time><speed>1.120</speed><sat>26</sat></trkpt>
  <trkpt lat="45.58835131" lon="2.80476666"><ele>1080.403</ele><time>2026-09-23T09:16:42Z</time><speed>1.050</speed><sat>28</sat></trkpt>
  <trkpt lat="45.58834855" lon="2.80472264"><ele>1080.858</ele><time>2026-09-23T09:16:45Z</time><speed>1.100</speed><sat>28</sat></trkpt>
  <trkpt lat="45.58835124" lon="2.80467729"><ele>1080.897</ele><time>2026-09-23T09:16:48Z</time><speed>1.070</speed><sat>29</sat></trkpt>
  <trkpt lat="45.58834883" lon="2.80463506"><ele>1081.145</ele><time>2026-09-23T09:16:51Z</time><speed>1.050</speed><sat>29</sat></trkpt>
  <trkpt lat="45.58834138" lon="2.80459210"><ele>1082.422</ele><time>2026-09-23T09:16:54Z</time><speed>1.000</speed><sat>28</sat></trkpt>
  <trkpt lat="45.58833364" lon="2.80454501"><ele>1082.264</ele><time>2026-09-23T09:16:57Z</time><speed>1.090</speed><sat>27</sat></trkpt>
  <trkpt lat="45.58832698" lon="2.80450116"><ele>1081.953</ele><time>2026-09-23T09:17:00Z</time><speed>1.110</speed><sat>27</sat></trkpt>
  <trkpt lat="45.58831824" lon="2.80445773"><ele>1081.442</ele><time>2026-09-23T09:17:03Z</time><speed>1.110</speed><sat>27</sat></trkpt>
  <trkpt lat="45.58831589" lon="2.80441323"><ele>1081.346</ele><time>2026-09-23T09:17:06Z</time><speed>1.100</speed><sat>27</sat></trkpt>
  <trkpt lat="45.58829747" lon="2.80436721"><ele>1079.915</ele><time>2026-09-23T09:17:09Z</time><speed>1.110</speed><sat>27</sat></trkpt>
  <trkpt lat="45.58828488" lon="2.80432307"><ele>1079.610</ele><time>2026-09-23T09:17:12Z</time><speed>1.140</speed><sat>27</sat></trkpt>
  <trkpt lat="45.58827960" lon="2.80427575"><ele>1079.325</ele><time>2026-09-23T09:17:15Z</time><speed>1.110</speed><sat>27</sat></trkpt>
  <trkpt lat="45.58827466" lon="2.80422789"><ele>1078.694</ele><time>2026-09-23T09:17:18Z</time><speed>1.070</speed><sat>26</sat></trkpt>
  <trkpt lat="45.58825784" lon="2.80417973"><ele>1079.877</ele><time>2026-09-23T09:17:21Z</time><speed>1.060</speed><sat>27</sat></trkpt>
  <trkpt lat="45.58824695" lon="2.80413855"><ele>1078.193</ele><time>2026-09-23T09:17:24Z</time><speed>1.030</speed><sat>30</sat></trkpt>
  <trkpt lat="45.58824396" lon="2.80409035"><ele>1077.941</ele><time>2026-09-23T09:17:27Z</time><speed>1.060</speed><sat>30</sat></trkpt>
  <trkpt lat="45.58823847" lon="2.80405147"><ele>1077.607</ele><time>2026-09-23T09:17:30Z</time><speed>1.260</speed><sat>28</sat></trkpt>
  <trkpt lat="45.58823777" lon="2.80401215"><ele>1076.630</ele><time>2026-09-23T09:17:33Z</time><speed>1.060</speed><sat>28</sat></trkpt>
  <trkpt lat="45.58823711" lon="2.80396993"><ele>1076.626</ele><time>2026-09-23T09:17:36Z</time><speed>1.020</speed><sat>30</sat></trkpt>
  <trkpt lat="45.58823926" lon="2.80392917"><ele>1076.661</ele><time>2026-09-23T09:17:39Z</time><speed>1.110</speed><sat>30</sat></trkpt>
  <trkpt lat="45.58824389" lon="2.80388697"><ele>1075.621</ele><time>2026-09-23T09:17:42Z</time><speed>1.080</speed><sat>28</sat></trkpt>
  <trkpt lat="45.58824102" lon="2.80384100"><ele>1074.333</ele><time>2026-09-23T09:17:45Z</time><speed>1.100</speed><sat>29</sat></trkpt>
  <trkpt lat="45.58824618" lon="2.80379498"><ele>1074.042</ele><time>2026-09-23T09:17:48Z</time><speed>1.170</speed><sat>30</sat></trkpt>
  <trkpt lat="45.58824649" lon="2.80375374"><ele>1074.502</ele><time>2026-09-23T09:17:51Z</time><speed>1.090</speed><sat>30</sat></trkpt>
  <trkpt lat="45.58825434" lon="2.80370849"><ele>1072.965</ele><time>2026-09-23T09:17:54Z</time><speed>1.250</speed><sat>29</sat></trkpt>
  <trkpt lat="45.58826115" lon="2.80366772"><ele>1073.879</ele><time>2026-09-23T09:17:57Z</time><speed>1.020</speed><sat>29</sat></trkpt>
  <trkpt lat="45.58827666" lon="2.80363119"><ele>1075.594</ele><time>2026-09-23T09:18:00Z</time><speed>1.120</speed><sat>29</sat></trkpt>
  <trkpt lat="45.58829524" lon="2.80360471"><ele>1075.814</ele><time>2026-09-23T09:18:03Z</time><speed>0.850</speed><sat>29</sat></trkpt>
  <trkpt lat="45.58831859" lon="2.80357942"><ele>1075.069</ele><time>2026-09-23T09:18:06Z</time><speed>0.860</speed><sat>28</sat></trkpt>
  <trkpt lat="45.58832031" lon="2.80355313"><ele>1074.586</ele><time>2026-09-23T09:18:09Z</time><speed>0.840</speed><sat>30</sat></trkpt>
  <trkpt lat="45.58831709" lon="2.80354357"><ele>1074.672</ele><time>2026-09-23T09:18:12Z</time><speed>0.550</speed><sat>30</sat></trkpt>
  <trkpt lat="45.58831585" lon="2.80351705"><ele>1074.595</ele><time>2026-09-23T09:18:15Z</time><speed>0.570</speed><sat>27</sat></trkpt>
  <trkpt lat="45.58830904" lon="2.80348654"><ele>1074.320</ele><time>2026-09-23T09:18:18Z</time><speed>0.460</speed><sat>28</sat></trkpt>
  <trkpt lat="45.58830770" lon="2.80348446"><ele>1074.807</ele><time>2026-09-23T09:18:21Z</time><speed>0.000</speed><sat>28</sat></trkpt>
  <trkpt lat="45.58830832" lon="2.80348403"><ele>1074.791</ele><time>2026-09-23T09:18:24Z</time><speed>0.000</speed><sat>28</sat></trkpt>
  <trkpt lat="45.58830883" lon="2.80348353"><ele>1074.729</ele><time>2026-09-23T09:18:27Z</time><speed>0.000</speed><sat>27</sat></trkpt>
  <trkpt lat="45.58831402" lon="2.80348852"><ele>1074.512</ele><time>2026-09-23T09:18:30Z</time><speed>0.650</speed><sat>26</sat></trkpt>
  <trkpt lat="45.58833284" lon="2.80349267"><ele>1073.272</ele><time>2026-09-23T09:18:33Z</time><speed>1.090</speed><sat>30</sat></trkpt>
  <trkpt lat="45.58834484" lon="2.80351205"><ele>1071.843</ele><time>2026-09-23T09:18:36Z</time><speed>0.940</speed><sat>31</sat></trkpt>
  <trkpt lat="45.58833696" lon="2.80357214"><ele>1071.702</ele><time>2026-09-23T09:18:39Z</time><speed>1.060</speed><sat>29</sat></trkpt>
  <trkpt lat="45.58835384" lon="2.80358783"><ele>1072.007</ele><time>2026-09-23T09:18:42Z</time><speed>0.610</speed><sat>31</sat></trkpt>
  <trkpt lat="45.58835681" lon="2.80358950"><ele>1071.711</ele><time>2026-09-23T09:18:45Z</time><speed>0.000</speed><sat>25</sat></trkpt>
  <trkpt lat="45.58835913" lon="2.80358319"><ele>1071.266</ele><time>2026-09-23T09:18:48Z</time><speed>0.000</speed><sat>29</sat></trkpt>
  <trkpt lat="45.58836081" lon="2.80358198"><ele>1070.779</ele><time>2026-09-23T09:18:51Z</time><speed>0.000</speed><sat>28</sat></trkpt>
  <trkpt lat="45.58836128" lon="2.80358209"><ele>1070.798</ele><time>2026-09-23T09:18:54Z</time><speed>0.000</speed><sat>29</sat></trkpt>
  <trkpt lat="45.58836153" lon="2.80358254"><ele>1070.840</ele><time>2026-09-23T09:18:57Z</time><speed>0.000</speed><sat>29</sat></trkpt>
  <trkpt lat="45.58836172" lon="2.80358274"><ele>1070.816</ele><time>2026-09-23T09:19:00Z</time><speed>0.000</speed><sat>28</sat></trkpt>
  <trkpt lat="45.58836179" lon="2.80358284"><ele>1070.812</ele><time>2026-09-23T09:19:03Z</time><speed>0.000</speed><sat>30</sat></trkpt>
  <trkpt lat="45.58836193" lon="2.80358317"><ele>1070.856</ele><time>2026-09-23T09:19:06Z</time><speed>0.000</speed><sat>29</sat></trkpt>
  <trkpt lat="45.58836197" lon="2.80358318"><ele>1070.883</ele><time>2026-09-23T09:19:09Z</time><speed>0.000</speed><sat>29</sat></trkpt>
  <trkpt lat="45.58836446" lon="2.80357982"><ele>1070.866</ele><time>2026-09-23T09:19:12Z</time><speed>0.260</speed><sat>28</sat></trkpt>
  <trkpt lat="45.58836650" lon="2.80357298"><ele>1071.832</ele><time>2026-09-23T09:19:15Z</time><speed>0.000</speed><sat>30</sat></trkpt>
  <trkpt lat="45.58836578" lon="2.80357930"><ele>1072.028</ele><time>2026-09-23T09:19:18Z</time><speed>0.000</speed><sat>30</sat></trkpt>
  <trkpt lat="45.58837096" lon="2.80356242"><ele>1072.972</ele><time>2026-09-23T09:19:21Z</time><speed>0.490</speed><sat>27</sat></trkpt>
  <trkpt lat="45.58838073" lon="2.80355755"><ele>1073.776</ele><time>2026-09-23T09:19:24Z</time><speed>0.000</speed><sat>27</sat></trkpt>
  <trkpt lat="45.58837878" lon="2.80355787"><ele>1073.840</ele><time>2026-09-23T09:19:27Z</time><speed>0.000</speed><sat>28</sat></trkpt>
  <trkpt lat="45.58837057" lon="2.80356254"><ele>1074.035</ele><time>2026-09-23T09:19:30Z</time><speed>0.000</speed><sat>25</sat></trkpt>
  <trkpt lat="45.58837255" lon="2.80356755"><ele>1073.941</ele><time>2026-09-23T09:19:33Z</time><speed>0.300</speed><sat>26</sat></trkpt>
  <trkpt lat="45.58836917" lon="2.80356475"><ele>1073.888</ele><time>2026-09-23T09:19:36Z</time><speed>0.000</speed><sat>27</sat></trkpt>
  <trkpt lat="45.58836946" lon="2.80356308"><ele>1073.829</ele><time>2026-09-23T09:19:39Z</time><speed>0.000</speed><sat>26</sat></trkpt>
  <trkpt lat="45.58836887" lon="2.80356210"><ele>1073.910</ele><time>2026-09-23T09:19:42Z</time><speed>0.000</speed><sat>27</sat></trkpt>
  <trkpt lat="45.58836904" lon="2.80355959"><ele>1073.689</ele><time>2026-09-23T09:19:45Z</time><speed>0.000</speed><sat>27</sat></trkpt>
  <trkpt lat="45.58836760" lon="2.80356316"><ele>1073.453</ele><time>2026-09-23T09:19:48Z</time><speed>0.000</speed><sat>27</sat></trkpt>
  <trkpt lat="45.58836749" lon="2.80356297"><ele>1073.418</ele><time>2026-09-23T09:19:51Z</time><speed>0.000</speed><sat>25</sat></trkpt>
  <trkpt lat="45.58836768" lon="2.80356201"><ele>1073.449</ele><time>2026-09-23T09:19:54Z</time><speed>0.000</speed><sat>27</sat></trkpt>
  <trkpt lat="45.58836873" lon="2.80356262"><ele>1073.450</ele><time>2026-09-23T09:19:57Z</time><speed>0.000</speed><sat>28</sat></trkpt>
  <trkpt lat="45.58836935" lon="2.80356309"><ele>1073.476</ele><time>2026-09-23T09:20:00Z</time><speed>0.000</speed><sat>27</sat></trkpt>
  <trkpt lat="45.58837025" lon="2.80356368"><ele>1073.499</ele><time>2026-09-23T09:20:03Z</time><speed>0.000</speed><sat>26</sat></trkpt>
  <trkpt lat="45.58837124" lon="2.80356230"><ele>1073.760</ele><time>2026-09-23T09:20:06Z</time><speed>0.000</speed><sat>26</sat></trkpt>
  <trkpt lat="45.58837152" lon="2.80356171"><ele>1073.743</ele><time>2026-09-23T09:20:09Z</time><speed>0.000</speed><sat>28</sat></trkpt>
  <trkpt lat="45.58837153" lon="2.80356121"><ele>1073.745</ele><time>2026-09-23T09:20:12Z</time><speed>0.000</speed><sat>28</sat></trkpt>
  <trkpt lat="45.58837162" lon="2.80356500"><ele>1073.856</ele><time>2026-09-23T09:20:15Z</time><speed>0.000</speed><sat>26</sat></trkpt>
  <trkpt lat="45.58837513" lon="2.80356516"><ele>1073.973</ele><time>2026-09-23T09:20:18Z</time><speed>0.000</speed><sat>27</sat></trkpt>
  <trkpt lat="45.58837047" lon="2.80356559"><ele>1074.847</ele><time>2026-09-23T09:20:21Z</time><speed>0.230</speed><sat>27</sat></trkpt>
  <trkpt lat="45.58836721" lon="2.80356113"><ele>1074.887</ele><time>2026-09-23T09:20:24Z</time><speed>0.000</speed><sat>27</sat></trkpt>
  <trkpt lat="45.58836317" lon="2.80355904"><ele>1074.902</ele><time>2026-09-23T09:20:27Z</time><speed>0.000</speed><sat>26</sat></trkpt>
  <trkpt lat="45.58837191" lon="2.80355588"><ele>1074.626</ele><time>2026-09-23T09:20:30Z</time><speed>0.830</speed><sat>27</sat></trkpt>
  <trkpt lat="45.58838763" lon="2.80354924"><ele>1074.844</ele><time>2026-09-23T09:20:33Z</time><speed>0.220</speed><sat>27</sat></trkpt>
  <trkpt lat="45.58839298" lon="2.80353973"><ele>1075.587</ele><time>2026-09-23T09:20:36Z</time><speed>0.590</speed><sat>27</sat></trkpt>
  <trkpt lat="45.58842852" lon="2.80354138"><ele>1073.584</ele><time>2026-09-23T09:20:39Z</time><speed>1.220</speed><sat>29</sat></trkpt>
  <trkpt lat="45.58844244" lon="2.80355295"><ele>1072.817</ele><time>2026-09-23T09:20:42Z</time><speed>0.270</speed><sat>30</sat></trkpt>
  <trkpt lat="45.58844059" lon="2.80354407"><ele>1072.330</ele><time>2026-09-23T09:20:45Z</time><speed>0.000</speed><sat>30</sat></trkpt>
  <trkpt lat="45.58843888" lon="2.80354305"><ele>1072.163</ele><time>2026-09-23T09:20:48Z</time><speed>0.000</speed><sat>30</sat></trkpt>
  <trkpt lat="45.58843815" lon="2.80354257"><ele>1072.192</ele><time>2026-09-23T09:20:51Z</time><speed>0.000</speed><sat>25</sat></trkpt>
  <trkpt lat="45.58843618" lon="2.80353961"><ele>1072.050</ele><time>2026-09-23T09:20:54Z</time><speed>0.000</speed><sat>28</sat></trkpt>
  <trkpt lat="45.58843583" lon="2.80353924"><ele>1071.991</ele><time>2026-09-23T09:20:57Z</time><speed>0.000</speed><sat>29</sat></trkpt>
  <trkpt lat="45.58843555" lon="2.80353863"><ele>1071.932</ele><time>2026-09-23T09:21:00Z</time><speed>0.000</speed><sat>28</sat></trkpt>
  <trkpt lat="45.58842972" lon="2.80354285"><ele>1071.315</ele><time>2026-09-23T09:21:03Z</time><speed>0.400</speed><sat>26</sat></trkpt>
  <trkpt lat="45.58843118" lon="2.80353853"><ele>1071.335</ele><time>2026-09-23T09:21:06Z</time><speed>0.000</speed><sat>26</sat></trkpt>
  <trkpt lat="45.58843039" lon="2.80353216"><ele>1071.811</ele><time>2026-09-23T09:21:09Z</time><speed>0.220</speed><sat>30</sat></trkpt>
  <trkpt lat="45.58842432" lon="2.80353011"><ele>1071.568</ele><time>2026-09-23T09:21:12Z</time><speed>0.300</speed><sat>30</sat></trkpt>
  <trkpt lat="45.58842305" lon="2.80353119"><ele>1071.491</ele><time>2026-09-23T09:21:15Z</time><speed>0.000</speed><sat>29</sat></trkpt>
  <trkpt lat="45.58842879" lon="2.80354605"><ele>1071.570</ele><time>2026-09-23T09:21:18Z</time><speed>0.170</speed><sat>29</sat></trkpt>
  <trkpt lat="45.58843320" lon="2.80355518"><ele>1071.535</ele><time>2026-09-23T09:21:21Z</time><speed>0.000</speed><sat>30</sat></trkpt>
  <trkpt lat="45.58843346" lon="2.80355577"><ele>1071.598</ele><time>2026-09-23T09:21:24Z</time><speed>0.000</speed><sat>30</sat></trkpt>
  <trkpt lat="45.58843349" lon="2.80355583"><ele>1071.616</ele><time>2026-09-23T09:21:27Z</time><speed>0.000</speed><sat>30</sat></trkpt>
  <trkpt lat="45.58843263" lon="2.80355533"><ele>1071.099</ele><time>2026-09-23T09:21:30Z</time><speed>0.000</speed><sat>28</sat></trkpt>
  <trkpt lat="45.58842859" lon="2.80355694"><ele>1071.873</ele><time>2026-09-23T09:21:33Z</time><speed>0.330</speed><sat>30</sat></trkpt>
  <trkpt lat="45.58842718" lon="2.80355084"><ele>1071.953</ele><time>2026-09-23T09:21:36Z</time><speed>0.000</speed><sat>30</sat></trkpt>
 </trkseg>
</trk>

</gpx>
 
