<?xml version="1.0" encoding="UTF-8"?>
<!-- Created with BasicAirData GPS Logger for Android - ver. 3.3.0 -->
<!-- Track 7 = 2520 TrackPoints + 0 Placemarks -->

<!-- Track Statistics (based on Total Time | Time in Movement): -->
<!--  Distance = 4.54 km -->
<!--  Duration = 02:06:03 | 56:59 -->
<!--  Altitude Gap = -10 m -->
<!--  Max Speed = 53 km/h -->
<!--  Avg Speed = 2.2 | 4.8 km/h -->
<!--  Direction = 32° -->
<!--  Activity = car -->
<!--  Altitudes = Raw -->

<gpx version="1.0"
     creator="BasicAirData GPS Logger 3.3.0"
     xmlns="http://www.topografix.com/GPX/1/0"
     xmlns:xsi="http://www.w3.org/2001/XMLSchema-instance"
     xsi:schemaLocation="http://www.topografix.com/GPX/1/0 http://www.topografix.com/GPX/1/0/gpx.xsd">
<name>Lac de Guéry 25/09/2026</name>
<desc>Lac de Guery</desc>
<time>2026-09-29T13:21:51Z</time>
<keywords>car</keywords>
<bounds minlat="45.61562251" minlon="2.81052119" maxlat="45.62698789" maxlon="2.82690331" />

<trk>
 <name>Track 20260925-094410</name>
 <trkseg>
  <trkpt lat="45.62038822" lon="2.82045218"><ele>1313.924</ele><time>2026-09-25T07:44:10Z</time><speed>0.000</speed><sat>29</sat></trkpt>
  <trkpt lat="45.62037729" lon="2.82046470"><ele>1315.241</ele><time>2026-09-25T07:44:13Z</time><speed>0.000</speed><sat>29</sat></trkpt>
  <trkpt lat="45.62036966" lon="2.82047751"><ele>1314.788</ele><time>2026-09-25T07:44:16Z</time><speed>0.330</speed><sat>30</sat></trkpt>
  <trkpt lat="45.62038249" lon="2.82050536"><ele>1315.512</ele><time>2026-09-25T07:44:19Z</time><speed>0.900</speed><sat>32</sat></trkpt>
  <trkpt lat="45.62039409" lon="2.82051986"><ele>1315.809</ele><time>2026-09-25T07:44:22Z</time><speed>0.630</speed><sat>33</sat></trkpt>
  <trkpt lat="45.62040749" lon="2.82053441"><ele>1315.969</ele><time>2026-09-25T07:44:25Z</time><speed>0.460</speed><sat>28</sat></trkpt>
  <trkpt lat="45.62042101" lon="2.82054243"><ele>1316.321</ele><time>2026-09-25T07:44:28Z</time><speed>0.820</speed><sat>32</sat></trkpt>
  <trkpt lat="45.62044007" lon="2.82056026"><ele>1316.836</ele><time>2026-09-25T07:44:31Z</time><speed>1.270</speed><sat>35</sat></trkpt>
  <trkpt lat="45.62045117" lon="2.82058677"><ele>1316.365</ele><time>2026-09-25T07:44:34Z</time><speed>1.010</speed><sat>34</sat></trkpt>
  <trkpt lat="45.62046668" lon="2.82061975"><ele>1316.093</ele><time>2026-09-25T07:44:37Z</time><speed>0.740</speed><sat>32</sat></trkpt>
  <trkpt lat="45.62046426" lon="2.82062560"><ele>1315.901</ele><time>2026-09-25T07:44:40Z</time><speed>0.000</speed><sat>32</sat></trkpt>
  <trkpt lat="45.62046381" lon="2.82062529"><ele>1315.913</ele><time>2026-09-25T07:44:43Z</time><speed>0.000</speed><sat>32</sat></trkpt>
  <trkpt lat="45.62046374" lon="2.82062525"><ele>1315.920</ele><time>2026-09-25T07:44:46Z</time><speed>0.000</speed><sat>30</sat></trkpt>
  <trkpt lat="45.62046292" lon="2.82062886"><ele>1315.810</ele><time>2026-09-25T07:44:49Z</time><speed>0.400</speed><sat>29</sat></trkpt>
  <trkpt lat="45.62045396" lon="2.82066090"><ele>1315.483</ele><time>2026-09-25T07:44:52Z</time><speed>0.850</speed><sat>28</sat></trkpt>
  <trkpt lat="45.62044874" lon="2.82069840"><ele>1315.275</ele><time>2026-09-25T07:44:55Z</time><speed>1.180</speed><sat>29</sat></trkpt>
  <trkpt lat="45.62043584" lon="2.82074205"><ele>1314.762</ele><time>2026-09-25T07:44:58Z</time><speed>1.100</speed><sat>30</sat></trkpt>
  <trkpt lat="45.62041292" lon="2.82077374"><ele>1314.889</ele><time>2026-09-25T07:45:01Z</time><speed>1.230</speed><sat>29</sat></trkpt>
  <trkpt lat="45.62038770" lon="2.82080606"><ele>1314.722</ele><time>2026-09-25T07:45:04Z</time><speed>1.130</speed><sat>27</sat></trkpt>
  <trkpt lat="45.62036420" lon="2.82083604"><ele>1314.099</ele><time>2026-09-25T07:45:07Z</time><speed>1.080</speed><sat>28</sat></trkpt>
  <trkpt lat="45.62034093" lon="2.82086166"><ele>1313.906</ele><time>2026-09-25T07:45:10Z</time><speed>1.200</speed><sat>28</sat></trkpt>
  <trkpt lat="45.62031777" lon="2.82089643"><ele>1313.225</ele><time>2026-09-25T07:45:13Z</time><speed>1.070</speed><sat>28</sat></trkpt>
  <trkpt lat="45.62029382" lon="2.82092193"><ele>1312.728</ele><time>2026-09-25T07:45:16Z</time><speed>1.240</speed><sat>28</sat></trkpt>
  <trkpt lat="45.62026484" lon="2.82094234"><ele>1312.065</ele><time>2026-09-25T07:45:19Z</time><speed>1.150</speed><sat>26</sat></trkpt>
  <trkpt lat="45.62023221" lon="2.82095642"><ele>1311.790</ele><time>2026-09-25T07:45:22Z</time><speed>1.370</speed><sat>28</sat></trkpt>
  <trkpt lat="45.62020000" lon="2.82097212"><ele>1311.307</ele><time>2026-09-25T07:45:25Z</time><speed>1.150</speed><sat>27</sat></trkpt>
  <trkpt lat="45.62017187" lon="2.82099435"><ele>1311.261</ele><time>2026-09-25T07:45:28Z</time><speed>1.310</speed><sat>26</sat></trkpt>
  <trkpt lat="45.62014771" lon="2.82101882"><ele>1310.499</ele><time>2026-09-25T07:45:31Z</time><speed>0.990</speed><sat>26</sat></trkpt>
  <trkpt lat="45.62012092" lon="2.82104844"><ele>1310.496</ele><time>2026-09-25T07:45:34Z</time><speed>1.380</speed><sat>27</sat></trkpt>
  <trkpt lat="45.62008420" lon="2.82106731"><ele>1308.962</ele><time>2026-09-25T07:45:37Z</time><speed>1.300</speed><sat>28</sat></trkpt>
  <trkpt lat="45.62004920" lon="2.82108348"><ele>1308.690</ele><time>2026-09-25T07:45:40Z</time><speed>1.330</speed><sat>27</sat></trkpt>
  <trkpt lat="45.62001722" lon="2.82110455"><ele>1308.541</ele><time>2026-09-25T07:45:43Z</time><speed>1.300</speed><sat>29</sat></trkpt>
  <trkpt lat="45.61998477" lon="2.82112445"><ele>1307.782</ele><time>2026-09-25T07:45:46Z</time><speed>1.280</speed><sat>29</sat></trkpt>
  <trkpt lat="45.61995363" lon="2.82113631"><ele>1308.486</ele><time>2026-09-25T07:45:49Z</time><speed>1.160</speed><sat>28</sat></trkpt>
  <trkpt lat="45.61992387" lon="2.82116076"><ele>1307.606</ele><time>2026-09-25T07:45:52Z</time><speed>1.370</speed><sat>31</sat></trkpt>
  <trkpt lat="45.61988993" lon="2.82118909"><ele>1307.561</ele><time>2026-09-25T07:45:55Z</time><speed>1.500</speed><sat>30</sat></trkpt>
  <trkpt lat="45.61986306" lon="2.82121283"><ele>1307.172</ele><time>2026-09-25T07:45:58Z</time><speed>1.120</speed><sat>29</sat></trkpt>
  <trkpt lat="45.61983388" lon="2.82123365"><ele>1306.801</ele><time>2026-09-25T07:46:01Z</time><speed>1.190</speed><sat>29</sat></trkpt>
  <trkpt lat="45.61980672" lon="2.82124889"><ele>1307.213</ele><time>2026-09-25T07:46:04Z</time><speed>1.020</speed><sat>28</sat></trkpt>
  <trkpt lat="45.61978881" lon="2.82131035"><ele>1307.184</ele><time>2026-09-25T07:46:07Z</time><speed>1.680</speed><sat>27</sat></trkpt>
  <trkpt lat="45.61975677" lon="2.82131855"><ele>1306.808</ele><time>2026-09-25T07:46:10Z</time><speed>1.350</speed><sat>30</sat></trkpt>
  <trkpt lat="45.61972914" lon="2.82132428"><ele>1305.741</ele><time>2026-09-25T07:46:13Z</time><speed>1.350</speed><sat>31</sat></trkpt>
  <trkpt lat="45.61969816" lon="2.82133554"><ele>1304.582</ele><time>2026-09-25T07:46:16Z</time><speed>1.160</speed><sat>27</sat></trkpt>
  <trkpt lat="45.61967011" lon="2.82135242"><ele>1304.451</ele><time>2026-09-25T07:46:19Z</time><speed>1.300</speed><sat>27</sat></trkpt>
  <trkpt lat="45.61964958" lon="2.82138230"><ele>1304.715</ele><time>2026-09-25T07:46:22Z</time><speed>1.140</speed><sat>25</sat></trkpt>
  <trkpt lat="45.61963200" lon="2.82141450"><ele>1303.523</ele><time>2026-09-25T07:46:25Z</time><speed>1.290</speed><sat>26</sat></trkpt>
  <trkpt lat="45.61962296" lon="2.82145528"><ele>1302.932</ele><time>2026-09-25T07:46:28Z</time><speed>1.150</speed><sat>25</sat></trkpt>
  <trkpt lat="45.61961902" lon="2.82150176"><ele>1303.012</ele><time>2026-09-25T07:46:31Z</time><speed>1.150</speed><sat>28</sat></trkpt>
  <trkpt lat="45.61962359" lon="2.82154424"><ele>1302.650</ele><time>2026-09-25T07:46:34Z</time><speed>1.160</speed><sat>26</sat></trkpt>
  <trkpt lat="45.61962756" lon="2.82158293"><ele>1302.534</ele><time>2026-09-25T07:46:37Z</time><speed>1.070</speed><sat>27</sat></trkpt>
  <trkpt lat="45.61962854" lon="2.82162902"><ele>1302.561</ele><time>2026-09-25T07:46:40Z</time><speed>1.250</speed><sat>26</sat></trkpt>
  <trkpt lat="45.61962642" lon="2.82167215"><ele>1302.231</ele><time>2026-09-25T07:46:43Z</time><speed>1.150</speed><sat>26</sat></trkpt>
  <trkpt lat="45.61962385" lon="2.82171762"><ele>1302.132</ele><time>2026-09-25T07:46:46Z</time><speed>1.230</speed><sat>26</sat></trkpt>
  <trkpt lat="45.61962151" lon="2.82176470"><ele>1302.047</ele><time>2026-09-25T07:46:49Z</time><speed>1.220</speed><sat>25</sat></trkpt>
  <trkpt lat="45.61961801" lon="2.82181690"><ele>1302.064</ele><time>2026-09-25T07:46:52Z</time><speed>1.340</speed><sat>24</sat></trkpt>
  <trkpt lat="45.61961144" lon="2.82187011"><ele>1301.806</ele><time>2026-09-25T07:46:55Z</time><speed>1.230</speed><sat>24</sat></trkpt>
  <trkpt lat="45.61960419" lon="2.82191672"><ele>1301.797</ele><time>2026-09-25T07:46:58Z</time><speed>1.090</speed><sat>24</sat></trkpt>
  <trkpt lat="45.61959667" lon="2.82195452"><ele>1301.583</ele><time>2026-09-25T07:47:01Z</time><speed>1.210</speed><sat>25</sat></trkpt>
  <trkpt lat="45.61958671" lon="2.82199743"><ele>1301.318</ele><time>2026-09-25T07:47:04Z</time><speed>1.040</speed><sat>27</sat></trkpt>
  <trkpt lat="45.61957399" lon="2.82202973"><ele>1301.906</ele><time>2026-09-25T07:47:07Z</time><speed>0.920</speed><sat>27</sat></trkpt>
  <trkpt lat="45.61956589" lon="2.82205446"><ele>1302.567</ele><time>2026-09-25T07:47:10Z</time><speed>0.710</speed><sat>25</sat></trkpt>
  <trkpt lat="45.61954953" lon="2.82208685"><ele>1302.505</ele><time>2026-09-25T07:47:13Z</time><speed>1.000</speed><sat>24</sat></trkpt>
  <trkpt lat="45.61953875" lon="2.82211726"><ele>1302.313</ele><time>2026-09-25T07:47:16Z</time><speed>0.810</speed><sat>22</sat></trkpt>
  <trkpt lat="45.61951939" lon="2.82214235"><ele>1302.237</ele><time>2026-09-25T07:47:19Z</time><speed>1.140</speed><sat>26</sat></trkpt>
  <trkpt lat="45.61949865" lon="2.82216402"><ele>1301.693</ele><time>2026-09-25T07:47:22Z</time><speed>1.180</speed><sat>26</sat></trkpt>
  <trkpt lat="45.61947544" lon="2.82218786"><ele>1300.665</ele><time>2026-09-25T07:47:25Z</time><speed>1.110</speed><sat>27</sat></trkpt>
  <trkpt lat="45.61945013" lon="2.82220488"><ele>1300.209</ele><time>2026-09-25T07:47:28Z</time><speed>1.120</speed><sat>26</sat></trkpt>
  <trkpt lat="45.61941898" lon="2.82221285"><ele>1300.083</ele><time>2026-09-25T07:47:31Z</time><speed>1.310</speed><sat>24</sat></trkpt>
  <trkpt lat="45.61938813" lon="2.82222879"><ele>1299.740</ele><time>2026-09-25T07:47:34Z</time><speed>1.120</speed><sat>22</sat></trkpt>
  <trkpt lat="45.61935605" lon="2.82222548"><ele>1299.192</ele><time>2026-09-25T07:47:37Z</time><speed>1.290</speed><sat>23</sat></trkpt>
  <trkpt lat="45.61932387" lon="2.82221928"><ele>1298.859</ele><time>2026-09-25T07:47:40Z</time><speed>1.290</speed><sat>23</sat></trkpt>
  <trkpt lat="45.61929372" lon="2.82221587"><ele>1298.075</ele><time>2026-09-25T07:47:43Z</time><speed>1.170</speed><sat>23</sat></trkpt>
  <trkpt lat="45.61926070" lon="2.82221208"><ele>1297.714</ele><time>2026-09-25T07:47:46Z</time><speed>1.230</speed><sat>25</sat></trkpt>
  <trkpt lat="45.61922228" lon="2.82221143"><ele>1297.312</ele><time>2026-09-25T07:47:49Z</time><speed>1.430</speed><sat>25</sat></trkpt>
  <trkpt lat="45.61918730" lon="2.82220999"><ele>1296.961</ele><time>2026-09-25T07:47:52Z</time><speed>1.270</speed><sat>24</sat></trkpt>
  <trkpt lat="45.61915272" lon="2.82220755"><ele>1296.547</ele><time>2026-09-25T07:47:55Z</time><speed>1.190</speed><sat>24</sat></trkpt>
  <trkpt lat="45.61911818" lon="2.82221794"><ele>1296.541</ele><time>2026-09-25T07:47:58Z</time><speed>1.390</speed><sat>25</sat></trkpt>
  <trkpt lat="45.61908204" lon="2.82223357"><ele>1297.084</ele><time>2026-09-25T07:48:01Z</time><speed>1.480</speed><sat>24</sat></trkpt>
  <trkpt lat="45.61904920" lon="2.82225094"><ele>1297.085</ele><time>2026-09-25T07:48:04Z</time><speed>1.300</speed><sat>25</sat></trkpt>
  <trkpt lat="45.61902045" lon="2.82227080"><ele>1296.953</ele><time>2026-09-25T07:48:07Z</time><speed>1.140</speed><sat>24</sat></trkpt>
  <trkpt lat="45.61898962" lon="2.82227994"><ele>1297.207</ele><time>2026-09-25T07:48:10Z</time><speed>1.080</speed><sat>26</sat></trkpt>
  <trkpt lat="45.61896446" lon="2.82229525"><ele>1297.107</ele><time>2026-09-25T07:48:13Z</time><speed>0.940</speed><sat>27</sat></trkpt>
  <trkpt lat="45.61894753" lon="2.82232887"><ele>1297.017</ele><time>2026-09-25T07:48:16Z</time><speed>0.000</speed><sat>27</sat></trkpt>
  <trkpt lat="45.61892926" lon="2.82234259"><ele>1296.534</ele><time>2026-09-25T07:48:19Z</time><speed>1.370</speed><sat>27</sat></trkpt>
  <trkpt lat="45.61890467" lon="2.82234391"><ele>1295.887</ele><time>2026-09-25T07:48:22Z</time><speed>0.950</speed><sat>28</sat></trkpt>
  <trkpt lat="45.61887104" lon="2.82233093"><ele>1295.499</ele><time>2026-09-25T07:48:25Z</time><speed>1.230</speed><sat>28</sat></trkpt>
  <trkpt lat="45.61884291" lon="2.82231067"><ele>1295.354</ele><time>2026-09-25T07:48:28Z</time><speed>1.140</speed><sat>27</sat></trkpt>
  <trkpt lat="45.61881185" lon="2.82230019"><ele>1295.307</ele><time>2026-09-25T07:48:31Z</time><speed>0.980</speed><sat>25</sat></trkpt>
  <trkpt lat="45.61882400" lon="2.82225772"><ele>1296.110</ele><time>2026-09-25T07:48:34Z</time><speed>0.000</speed><sat>26</sat></trkpt>
  <trkpt lat="45.61883175" lon="2.82225807"><ele>1296.716</ele><time>2026-09-25T07:48:37Z</time><speed>0.000</speed><sat>26</sat></trkpt>
  <trkpt lat="45.61883184" lon="2.82225812"><ele>1296.783</ele><time>2026-09-25T07:48:40Z</time><speed>0.000</speed><sat>26</sat></trkpt>
  <trkpt lat="45.61884030" lon="2.82225431"><ele>1296.510</ele><time>2026-09-25T07:48:43Z</time><speed>0.420</speed><sat>27</sat></trkpt>
  <trkpt lat="45.61883038" lon="2.82221970"><ele>1296.697</ele><time>2026-09-25T07:48:46Z</time><speed>1.580</speed><sat>27</sat></trkpt>
  <trkpt lat="45.61883066" lon="2.82218574"><ele>1295.391</ele><time>2026-09-25T07:48:49Z</time><speed>1.110</speed><sat>25</sat></trkpt>
  <trkpt lat="45.61882267" lon="2.82214163"><ele>1294.136</ele><time>2026-09-25T07:48:52Z</time><speed>1.150</speed><sat>26</sat></trkpt>
  <trkpt lat="45.61879869" lon="2.82210664"><ele>1293.537</ele><time>2026-09-25T07:48:55Z</time><speed>1.230</speed><sat>26</sat></trkpt>
  <trkpt lat="45.61875978" lon="2.82209605"><ele>1293.390</ele><time>2026-09-25T07:48:58Z</time><speed>1.420</speed><sat>27</sat></trkpt>
  <trkpt lat="45.61872499" lon="2.82208373"><ele>1292.960</ele><time>2026-09-25T07:49:01Z</time><speed>1.230</speed><sat>27</sat></trkpt>
  <trkpt lat="45.61869636" lon="2.82205150"><ele>1292.558</ele><time>2026-09-25T07:49:04Z</time><speed>1.190</speed><sat>25</sat></trkpt>
  <trkpt lat="45.61866646" lon="2.82203258"><ele>1291.493</ele><time>2026-09-25T07:49:07Z</time><speed>1.130</speed><sat>24</sat></trkpt>
  <trkpt lat="45.61863739" lon="2.82200952"><ele>1291.385</ele><time>2026-09-25T07:49:10Z</time><speed>1.170</speed><sat>25</sat></trkpt>
  <trkpt lat="45.61860680" lon="2.82199653"><ele>1291.403</ele><time>2026-09-25T07:49:13Z</time><speed>1.130</speed><sat>27</sat></trkpt>
  <trkpt lat="45.61857396" lon="2.82197514"><ele>1290.885</ele><time>2026-09-25T07:49:16Z</time><speed>1.160</speed><sat>27</sat></trkpt>
  <trkpt lat="45.61854504" lon="2.82193611"><ele>1291.281</ele><time>2026-09-25T07:49:19Z</time><speed>1.160</speed><sat>28</sat></trkpt>
  <trkpt lat="45.61852152" lon="2.82190095"><ele>1291.267</ele><time>2026-09-25T07:49:22Z</time><speed>0.990</speed><sat>29</sat></trkpt>
  <trkpt lat="45.61849294" lon="2.82187755"><ele>1291.270</ele><time>2026-09-25T07:49:25Z</time><speed>1.030</speed><sat>30</sat></trkpt>
  <trkpt lat="45.61847417" lon="2.82185930"><ele>1292.482</ele><time>2026-09-25T07:49:28Z</time><speed>0.480</speed><sat>30</sat></trkpt>
  <trkpt lat="45.61845995" lon="2.82183046"><ele>1292.143</ele><time>2026-09-25T07:49:31Z</time><speed>1.010</speed><sat>31</sat></trkpt>
  <trkpt lat="45.61844186" lon="2.82180065"><ele>1292.078</ele><time>2026-09-25T07:49:34Z</time><speed>1.100</speed><sat>31</sat></trkpt>
  <trkpt lat="45.61841476" lon="2.82178079"><ele>1291.908</ele><time>2026-09-25T07:49:37Z</time><speed>1.060</speed><sat>29</sat></trkpt>
  <trkpt lat="45.61839189" lon="2.82176772"><ele>1292.439</ele><time>2026-09-25T07:49:40Z</time><speed>0.870</speed><sat>30</sat></trkpt>
  <trkpt lat="45.61837055" lon="2.82176889"><ele>1292.657</ele><time>2026-09-25T07:49:43Z</time><speed>0.580</speed><sat>31</sat></trkpt>
  <trkpt lat="45.61836513" lon="2.82177076"><ele>1292.978</ele><time>2026-09-25T07:49:46Z</time><speed>0.000</speed><sat>30</sat></trkpt>
  <trkpt lat="45.61836619" lon="2.82177158"><ele>1293.429</ele><time>2026-09-25T07:49:49Z</time><speed>0.000</speed><sat>31</sat></trkpt>
  <trkpt lat="45.61836602" lon="2.82177128"><ele>1293.479</ele><time>2026-09-25T07:49:52Z</time><speed>0.000</speed><sat>29</sat></trkpt>
  <trkpt lat="45.61836583" lon="2.82177060"><ele>1293.670</ele><time>2026-09-25T07:49:55Z</time><speed>0.000</speed><sat>29</sat></trkpt>
  <trkpt lat="45.61836588" lon="2.82177062"><ele>1293.640</ele><time>2026-09-25T07:49:58Z</time><speed>0.000</speed><sat>31</sat></trkpt>
  <trkpt lat="45.61836595" lon="2.82177042"><ele>1293.604</ele><time>2026-09-25T07:50:01Z</time><speed>0.000</speed><sat>31</sat></trkpt>
  <trkpt lat="45.61836513" lon="2.82177587"><ele>1293.403</ele><time>2026-09-25T07:50:04Z</time><speed>0.000</speed><sat>32</sat></trkpt>
  <trkpt lat="45.61837584" lon="2.82177917"><ele>1293.470</ele><time>2026-09-25T07:50:07Z</time><speed>0.940</speed><sat>32</sat></trkpt>
  <trkpt lat="45.61840971" lon="2.82178773"><ele>1293.363</ele><time>2026-09-25T07:50:10Z</time><speed>1.090</speed><sat>28</sat></trkpt>
  <trkpt lat="45.61843418" lon="2.82180555"><ele>1294.088</ele><time>2026-09-25T07:50:13Z</time><speed>0.670</speed><sat>31</sat></trkpt>
  <trkpt lat="45.61843869" lon="2.82182840"><ele>1294.291</ele><time>2026-09-25T07:50:16Z</time><speed>0.680</speed><sat>30</sat></trkpt>
  <trkpt lat="45.61842752" lon="2.82183361"><ele>1294.822</ele><time>2026-09-25T07:50:19Z</time><speed>0.000</speed><sat>29</sat></trkpt>
  <trkpt lat="45.61842752" lon="2.82183275"><ele>1294.813</ele><time>2026-09-25T07:50:22Z</time><speed>0.000</speed><sat>30</sat></trkpt>
  <trkpt lat="45.61842763" lon="2.82183158"><ele>1294.809</ele><time>2026-09-25T07:50:25Z</time><speed>0.000</speed><sat>31</sat></trkpt>
  <trkpt lat="45.61842759" lon="2.82183142"><ele>1294.823</ele><time>2026-09-25T07:50:28Z</time><speed>0.000</speed><sat>31</sat></trkpt>
  <trkpt lat="45.61842716" lon="2.82183079"><ele>1294.909</ele><time>2026-09-25T07:50:31Z</time><speed>0.000</speed><sat>30</sat></trkpt>
  <trkpt lat="45.61842690" lon="2.82183100"><ele>1295.031</ele><time>2026-09-25T07:50:34Z</time><speed>0.000</speed><sat>31</sat></trkpt>
  <trkpt lat="45.61841416" lon="2.82180494"><ele>1294.632</ele><time>2026-09-25T07:50:37Z</time><speed>1.040</speed><sat>30</sat></trkpt>
  <trkpt lat="45.61840127" lon="2.82178003"><ele>1294.838</ele><time>2026-09-25T07:50:40Z</time><speed>0.630</speed><sat>30</sat></trkpt>
  <trkpt lat="45.61838828" lon="2.82178787"><ele>1294.883</ele><time>2026-09-25T07:50:43Z</time><speed>0.000</speed><sat>31</sat></trkpt>
  <trkpt lat="45.61838833" lon="2.82178903"><ele>1294.484</ele><time>2026-09-25T07:50:46Z</time><speed>0.220</speed><sat>32</sat></trkpt>
  <trkpt lat="45.61841022" lon="2.82183039"><ele>1294.576</ele><time>2026-09-25T07:50:49Z</time><speed>1.360</speed><sat>32</sat></trkpt>
  <trkpt lat="45.61842128" lon="2.82185140"><ele>1295.096</ele><time>2026-09-25T07:50:52Z</time><speed>0.000</speed><sat>32</sat></trkpt>
  <trkpt lat="45.61842171" lon="2.82185140"><ele>1295.083</ele><time>2026-09-25T07:50:55Z</time><speed>0.000</speed><sat>31</sat></trkpt>
  <trkpt lat="45.61842194" lon="2.82185185"><ele>1295.093</ele><time>2026-09-25T07:50:58Z</time><speed>0.000</speed><sat>33</sat></trkpt>
  <trkpt lat="45.61842201" lon="2.82185227"><ele>1295.073</ele><time>2026-09-25T07:51:01Z</time><speed>0.000</speed><sat>33</sat></trkpt>
  <trkpt lat="45.61842184" lon="2.82185202"><ele>1295.070</ele><time>2026-09-25T07:51:04Z</time><speed>0.000</speed><sat>31</sat></trkpt>
  <trkpt lat="45.61842173" lon="2.82185152"><ele>1295.076</ele><time>2026-09-25T07:51:07Z</time><speed>0.000</speed><sat>32</sat></trkpt>
  <trkpt lat="45.61842175" lon="2.82185155"><ele>1295.099</ele><time>2026-09-25T07:51:10Z</time><speed>0.000</speed><sat>32</sat></trkpt>
  <trkpt lat="45.61842168" lon="2.82185106"><ele>1295.025</ele><time>2026-09-25T07:51:13Z</time><speed>0.000</speed><sat>31</sat></trkpt>
  <trkpt lat="45.61841880" lon="2.82184042"><ele>1294.258</ele><time>2026-09-25T07:51:16Z</time><speed>0.770</speed><sat>33</sat></trkpt>
  <trkpt lat="45.61837812" lon="2.82179675"><ele>1294.187</ele><time>2026-09-25T07:51:19Z</time><speed>1.660</speed><sat>32</sat></trkpt>
  <trkpt lat="45.61834348" lon="2.82175112"><ele>1293.630</ele><time>2026-09-25T07:51:22Z</time><speed>1.420</speed><sat>33</sat></trkpt>
  <trkpt lat="45.61831505" lon="2.82170742"><ele>1294.449</ele><time>2026-09-25T07:51:25Z</time><speed>1.560</speed><sat>33</sat></trkpt>
  <trkpt lat="45.61830159" lon="2.82166218"><ele>1294.398</ele><time>2026-09-25T07:51:28Z</time><speed>1.100</speed><sat>34</sat></trkpt>
  <trkpt lat="45.61829008" lon="2.82162020"><ele>1295.295</ele><time>2026-09-25T07:51:31Z</time><speed>0.840</speed><sat>35</sat></trkpt>
  <trkpt lat="45.61827303" lon="2.82162292"><ele>1295.928</ele><time>2026-09-25T07:51:34Z</time><speed>0.000</speed><sat>34</sat></trkpt>
  <trkpt lat="45.61827002" lon="2.82162328"><ele>1295.394</ele><time>2026-09-25T07:51:37Z</time><speed>0.240</speed><sat>33</sat></trkpt>
  <trkpt lat="45.61825316" lon="2.82161717"><ele>1294.910</ele><time>2026-09-25T07:51:40Z</time><speed>0.620</speed><sat>31</sat></trkpt>
  <trkpt lat="45.61825951" lon="2.82158406"><ele>1295.671</ele><time>2026-09-25T07:51:43Z</time><speed>0.770</speed><sat>33</sat></trkpt>
  <trkpt lat="45.61826420" lon="2.82159056"><ele>1296.001</ele><time>2026-09-25T07:51:46Z</time><speed>0.000</speed><sat>34</sat></trkpt>
  <trkpt lat="45.61826468" lon="2.82159138"><ele>1296.019</ele><time>2026-09-25T07:51:49Z</time><speed>0.000</speed><sat>33</sat></trkpt>
  <trkpt lat="45.61826512" lon="2.82159187"><ele>1296.009</ele><time>2026-09-25T07:51:52Z</time><speed>0.000</speed><sat>32</sat></trkpt>
  <trkpt lat="45.61826553" lon="2.82159237"><ele>1295.976</ele><time>2026-09-25T07:51:55Z</time><speed>0.000</speed><sat>30</sat></trkpt>
  <trkpt lat="45.61826562" lon="2.82159249"><ele>1295.972</ele><time>2026-09-25T07:51:58Z</time><speed>0.000</speed><sat>32</sat></trkpt>
  <trkpt lat="45.61826557" lon="2.82159218"><ele>1295.971</ele><time>2026-09-25T07:52:01Z</time><speed>0.000</speed><sat>32</sat></trkpt>
  <trkpt lat="45.61826549" lon="2.82159163"><ele>1295.985</ele><time>2026-09-25T07:52:04Z</time><speed>0.000</speed><sat>33</sat></trkpt>
  <trkpt lat="45.61826480" lon="2.82158796"><ele>1295.443</ele><time>2026-09-25T07:52:07Z</time><speed>0.340</speed><sat>33</sat></trkpt>
  <trkpt lat="45.61824680" lon="2.82158152"><ele>1295.125</ele><time>2026-09-25T07:52:10Z</time><speed>0.750</speed><sat>33</sat></trkpt>
  <trkpt lat="45.61822336" lon="2.82159119"><ele>1294.507</ele><time>2026-09-25T07:52:13Z</time><speed>1.100</speed><sat>33</sat></trkpt>
  <trkpt lat="45.61820200" lon="2.82159455"><ele>1293.958</ele><time>2026-09-25T07:52:16Z</time><speed>0.370</speed><sat>31</sat></trkpt>
  <trkpt lat="45.61819256" lon="2.82160479"><ele>1294.049</ele><time>2026-09-25T07:52:19Z</time><speed>0.350</speed><sat>32</sat></trkpt>
  <trkpt lat="45.61819283" lon="2.82160726"><ele>1294.026</ele><time>2026-09-25T07:52:22Z</time><speed>0.000</speed><sat>32</sat></trkpt>
  <trkpt lat="45.61819156" lon="2.82161660"><ele>1294.120</ele><time>2026-09-25T07:52:25Z</time><speed>0.000</speed><sat>31</sat></trkpt>
  <trkpt lat="45.61819153" lon="2.82161709"><ele>1294.097</ele><time>2026-09-25T07:52:28Z</time><speed>0.000</speed><sat>32</sat></trkpt>
  <trkpt lat="45.61819990" lon="2.82163326"><ele>1294.001</ele><time>2026-09-25T07:52:31Z</time><speed>0.230</speed><sat>32</sat></trkpt>
  <trkpt lat="45.61820336" lon="2.82162555"><ele>1293.958</ele><time>2026-09-25T07:52:34Z</time><speed>0.000</speed><sat>32</sat></trkpt>
  <trkpt lat="45.61820130" lon="2.82162947"><ele>1294.172</ele><time>2026-09-25T07:52:37Z</time><speed>0.190</speed><sat>32</sat></trkpt>
  <trkpt lat="45.61820096" lon="2.82165807"><ele>1294.470</ele><time>2026-09-25T07:52:40Z</time><speed>0.940</speed><sat>33</sat></trkpt>
  <trkpt lat="45.61819121" lon="2.82167175"><ele>1294.951</ele><time>2026-09-25T07:52:43Z</time><speed>1.140</speed><sat>33</sat></trkpt>
  <trkpt lat="45.61817867" lon="2.82167251"><ele>1294.693</ele><time>2026-09-25T07:52:46Z</time><speed>0.000</speed><sat>33</sat></trkpt>
  <trkpt lat="45.61817812" lon="2.82167392"><ele>1294.901</ele><time>2026-09-25T07:52:49Z</time><speed>0.230</speed><sat>32</sat></trkpt>
  <trkpt lat="45.61817141" lon="2.82168949"><ele>1294.532</ele><time>2026-09-25T07:52:52Z</time><speed>0.290</speed><sat>32</sat></trkpt>
  <trkpt lat="45.61817042" lon="2.82169168"><ele>1294.671</ele><time>2026-09-25T07:52:55Z</time><speed>0.000</speed><sat>32</sat></trkpt>
  <trkpt lat="45.61818756" lon="2.82167411"><ele>1294.561</ele><time>2026-09-25T07:52:58Z</time><speed>1.440</speed><sat>33</sat></trkpt>
  <trkpt lat="45.61819779" lon="2.82163765"><ele>1294.193</ele><time>2026-09-25T07:53:01Z</time><speed>0.980</speed><sat>34</sat></trkpt>
  <trkpt lat="45.61819449" lon="2.82160180"><ele>1293.557</ele><time>2026-09-25T07:53:04Z</time><speed>0.470</speed><sat>34</sat></trkpt>
  <trkpt lat="45.61819584" lon="2.82159011"><ele>1293.152</ele><time>2026-09-25T07:53:07Z</time><speed>0.550</speed><sat>33</sat></trkpt>
  <trkpt lat="45.61820553" lon="2.82158107"><ele>1293.019</ele><time>2026-09-25T07:53:10Z</time><speed>0.190</speed><sat>35</sat></trkpt>
  <trkpt lat="45.61820985" lon="2.82158549"><ele>1293.020</ele><time>2026-09-25T07:53:13Z</time><speed>0.000</speed><sat>36</sat></trkpt>
  <trkpt lat="45.61820870" lon="2.82158784"><ele>1292.610</ele><time>2026-09-25T07:53:16Z</time><speed>0.000</speed><sat>35</sat></trkpt>
  <trkpt lat="45.61820256" lon="2.82160585"><ele>1292.540</ele><time>2026-09-25T07:53:19Z</time><speed>0.530</speed><sat>34</sat></trkpt>
  <trkpt lat="45.61821672" lon="2.82161283"><ele>1293.166</ele><time>2026-09-25T07:53:22Z</time><speed>0.430</speed><sat>35</sat></trkpt>
  <trkpt lat="45.61821480" lon="2.82160061"><ele>1292.632</ele><time>2026-09-25T07:53:25Z</time><speed>0.000</speed><sat>34</sat></trkpt>
  <trkpt lat="45.61821114" lon="2.82159355"><ele>1292.356</ele><time>2026-09-25T07:53:28Z</time><speed>0.180</speed><sat>33</sat></trkpt>
  <trkpt lat="45.61820876" lon="2.82159472"><ele>1292.648</ele><time>2026-09-25T07:53:31Z</time><speed>0.150</speed><sat>33</sat></trkpt>
  <trkpt lat="45.61821342" lon="2.82158559"><ele>1293.018</ele><time>2026-09-25T07:53:34Z</time><speed>0.210</speed><sat>33</sat></trkpt>
  <trkpt lat="45.61820776" lon="2.82157966"><ele>1292.220</ele><time>2026-09-25T07:53:37Z</time><speed>0.000</speed><sat>32</sat></trkpt>
  <trkpt lat="45.61820981" lon="2.82158139"><ele>1292.813</ele><time>2026-09-25T07:53:40Z</time><speed>0.490</speed><sat>32</sat></trkpt>
  <trkpt lat="45.61821026" lon="2.82157731"><ele>1292.976</ele><time>2026-09-25T07:53:43Z</time><speed>0.000</speed><sat>32</sat></trkpt>
  <trkpt lat="45.61820885" lon="2.82158500"><ele>1292.741</ele><time>2026-09-25T07:53:46Z</time><speed>0.160</speed><sat>33</sat></trkpt>
  <trkpt lat="45.61820852" lon="2.82158763"><ele>1292.953</ele><time>2026-09-25T07:53:49Z</time><speed>0.250</speed><sat>33</sat></trkpt>
  <trkpt lat="45.61820141" lon="2.82158640"><ele>1293.429</ele><time>2026-09-25T07:53:52Z</time><speed>0.170</speed><sat>34</sat></trkpt>
  <trkpt lat="45.61820546" lon="2.82159350"><ele>1293.434</ele><time>2026-09-25T07:53:55Z</time><speed>0.170</speed><sat>36</sat></trkpt>
  <trkpt lat="45.61820481" lon="2.82159434"><ele>1293.837</ele><time>2026-09-25T07:53:58Z</time><speed>0.370</speed><sat>37</sat></trkpt>
  <trkpt lat="45.61820239" lon="2.82160777"><ele>1293.766</ele><time>2026-09-25T07:54:01Z</time><speed>0.270</speed><sat>36</sat></trkpt>
  <trkpt lat="45.61820539" lon="2.82160637"><ele>1293.745</ele><time>2026-09-25T07:54:04Z</time><speed>0.000</speed><sat>34</sat></trkpt>
  <trkpt lat="45.61820689" lon="2.82161049"><ele>1294.556</ele><time>2026-09-25T07:54:07Z</time><speed>0.330</speed><sat>32</sat></trkpt>
  <trkpt lat="45.61821036" lon="2.82161142"><ele>1294.527</ele><time>2026-09-25T07:54:10Z</time><speed>0.000</speed><sat>33</sat></trkpt>
  <trkpt lat="45.61821220" lon="2.82161111"><ele>1294.511</ele><time>2026-09-25T07:54:13Z</time><speed>0.000</speed><sat>34</sat></trkpt>
  <trkpt lat="45.61821233" lon="2.82161116"><ele>1294.511</ele><time>2026-09-25T07:54:16Z</time><speed>0.000</speed><sat>33</sat></trkpt>
  <trkpt lat="45.61820991" lon="2.82161125"><ele>1294.738</ele><time>2026-09-25T07:54:19Z</time><speed>0.000</speed><sat>33</sat></trkpt>
  <trkpt lat="45.61820967" lon="2.82161070"><ele>1294.751</ele><time>2026-09-25T07:54:22Z</time><speed>0.000</speed><sat>33</sat></trkpt>
  <trkpt lat="45.61820740" lon="2.82161421"><ele>1294.879</ele><time>2026-09-25T07:54:25Z</time><speed>0.000</speed><sat>32</sat></trkpt>
  <trkpt lat="45.61820775" lon="2.82161957"><ele>1294.937</ele><time>2026-09-25T07:54:28Z</time><speed>0.200</speed><sat>32</sat></trkpt>
  <trkpt lat="45.61821771" lon="2.82162671"><ele>1294.371</ele><time>2026-09-25T07:54:31Z</time><speed>0.560</speed><sat>31</sat></trkpt>
  <trkpt lat="45.61821407" lon="2.82161558"><ele>1294.924</ele><time>2026-09-25T07:54:34Z</time><speed>0.260</speed><sat>32</sat></trkpt>
  <trkpt lat="45.61821265" lon="2.82161564"><ele>1294.886</ele><time>2026-09-25T07:54:37Z</time><speed>0.000</speed><sat>32</sat></trkpt>
  <trkpt lat="45.61821256" lon="2.82161532"><ele>1294.881</ele><time>2026-09-25T07:54:40Z</time><speed>0.000</speed><sat>31</sat></trkpt>
  <trkpt lat="45.61821039" lon="2.82162362"><ele>1294.906</ele><time>2026-09-25T07:54:43Z</time><speed>0.280</speed><sat>31</sat></trkpt>
  <trkpt lat="45.61821157" lon="2.82162447"><ele>1294.866</ele><time>2026-09-25T07:54:46Z</time><speed>0.000</speed><sat>35</sat></trkpt>
  <trkpt lat="45.61821182" lon="2.82162421"><ele>1294.843</ele><time>2026-09-25T07:54:49Z</time><speed>0.000</speed><sat>33</sat></trkpt>
  <trkpt lat="45.61821485" lon="2.82161900"><ele>1294.646</ele><time>2026-09-25T07:54:52Z</time><speed>0.320</speed><sat>31</sat></trkpt>
  <trkpt lat="45.61821906" lon="2.82161924"><ele>1293.871</ele><time>2026-09-25T07:54:55Z</time><speed>0.000</speed><sat>32</sat></trkpt>
  <trkpt lat="45.61821918" lon="2.82161876"><ele>1293.882</ele><time>2026-09-25T07:54:58Z</time><speed>0.000</speed><sat>34</sat></trkpt>
  <trkpt lat="45.61821753" lon="2.82162016"><ele>1293.918</ele><time>2026-09-25T07:55:01Z</time><speed>0.000</speed><sat>35</sat></trkpt>
  <trkpt lat="45.61821738" lon="2.82162057"><ele>1293.936</ele><time>2026-09-25T07:55:04Z</time><speed>0.000</speed><sat>34</sat></trkpt>
  <trkpt lat="45.61821720" lon="2.82161993"><ele>1293.973</ele><time>2026-09-25T07:55:07Z</time><speed>0.000</speed><sat>31</sat></trkpt>
  <trkpt lat="45.61821692" lon="2.82161890"><ele>1294.009</ele><time>2026-09-25T07:55:10Z</time><speed>0.000</speed><sat>32</sat></trkpt>
  <trkpt lat="45.61821560" lon="2.82161226"><ele>1294.097</ele><time>2026-09-25T07:55:13Z</time><speed>0.620</speed><sat>33</sat></trkpt>
  <trkpt lat="45.61821454" lon="2.82160825"><ele>1294.205</ele><time>2026-09-25T07:55:16Z</time><speed>0.000</speed><sat>34</sat></trkpt>
  <trkpt lat="45.61821384" lon="2.82162061"><ele>1293.764</ele><time>2026-09-25T07:55:19Z</time><speed>0.420</speed><sat>33</sat></trkpt>
  <trkpt lat="45.61821042" lon="2.82162042"><ele>1294.103</ele><time>2026-09-25T07:55:22Z</time><speed>0.000</speed><sat>34</sat></trkpt>
  <trkpt lat="45.61820491" lon="2.82162228"><ele>1294.481</ele><time>2026-09-25T07:55:25Z</time><speed>0.000</speed><sat>33</sat></trkpt>
  <trkpt lat="45.61820598" lon="2.82162154"><ele>1294.616</ele><time>2026-09-25T07:55:28Z</time><speed>0.000</speed><sat>33</sat></trkpt>
  <trkpt lat="45.61820860" lon="2.82162023"><ele>1294.233</ele><time>2026-09-25T07:55:31Z</time><speed>0.000</speed><sat>32</sat></trkpt>
  <trkpt lat="45.61820841" lon="2.82162040"><ele>1294.160</ele><time>2026-09-25T07:55:34Z</time><speed>0.000</speed><sat>31</sat></trkpt>
  <trkpt lat="45.61820825" lon="2.82162076"><ele>1294.156</ele><time>2026-09-25T07:55:37Z</time><speed>0.000</speed><sat>31</sat></trkpt>
  <trkpt lat="45.61820863" lon="2.82162098"><ele>1294.283</ele><time>2026-09-25T07:55:40Z</time><speed>0.000</speed><sat>30</sat></trkpt>
  <trkpt lat="45.61820730" lon="2.82162094"><ele>1293.865</ele><time>2026-09-25T07:55:43Z</time><speed>0.000</speed><sat>30</sat></trkpt>
  <trkpt lat="45.61820690" lon="2.82162094"><ele>1293.806</ele><time>2026-09-25T07:55:46Z</time><speed>0.000</speed><sat>30</sat></trkpt>
  <trkpt lat="45.61820684" lon="2.82162090"><ele>1293.750</ele><time>2026-09-25T07:55:49Z</time><speed>0.000</speed><sat>30</sat></trkpt>
  <trkpt lat="45.61820647" lon="2.82162044"><ele>1293.740</ele><time>2026-09-25T07:55:52Z</time><speed>0.000</speed><sat>31</sat></trkpt>
  <trkpt lat="45.61820634" lon="2.82162046"><ele>1293.742</ele><time>2026-09-25T07:55:55Z</time><speed>0.000</speed><sat>32</sat></trkpt>
  <trkpt lat="45.61820460" lon="2.82162112"><ele>1293.875</ele><time>2026-09-25T07:55:58Z</time><speed>0.000</speed><sat>32</sat></trkpt>
  <trkpt lat="45.61820444" lon="2.82162112"><ele>1293.882</ele><time>2026-09-25T07:56:01Z</time><speed>0.000</speed><sat>32</sat></trkpt>
  <trkpt lat="45.61820397" lon="2.82162132"><ele>1293.605</ele><time>2026-09-25T07:56:04Z</time><speed>0.000</speed><sat>33</sat></trkpt>
  <trkpt lat="45.61820370" lon="2.82162141"><ele>1293.613</ele><time>2026-09-25T07:56:07Z</time><speed>0.000</speed><sat>33</sat></trkpt>
  <trkpt lat="45.61820357" lon="2.82162147"><ele>1293.602</ele><time>2026-09-25T07:56:10Z</time><speed>0.000</speed><sat>33</sat></trkpt>
  <trkpt lat="45.61820350" lon="2.82162154"><ele>1293.601</ele><time>2026-09-25T07:56:13Z</time><speed>0.000</speed><sat>32</sat></trkpt>
  <trkpt lat="45.61820349" lon="2.82162154"><ele>1293.599</ele><time>2026-09-25T07:56:16Z</time><speed>0.000</speed><sat>29</sat></trkpt>
  <trkpt lat="45.61820347" lon="2.82162153"><ele>1293.599</ele><time>2026-09-25T07:56:19Z</time><speed>0.000</speed><sat>29</sat></trkpt>
  <trkpt lat="45.61820345" lon="2.82162152"><ele>1293.597</ele><time>2026-09-25T07:56:22Z</time><speed>0.000</speed><sat>29</sat></trkpt>
  <trkpt lat="45.61820345" lon="2.82162152"><ele>1293.596</ele><time>2026-09-25T07:56:25Z</time><speed>0.000</speed><sat>30</sat></trkpt>
  <trkpt lat="45.61820591" lon="2.82162358"><ele>1293.474</ele><time>2026-09-25T07:56:28Z</time><speed>0.000</speed><sat>29</sat></trkpt>
  <trkpt lat="45.61820646" lon="2.82162360"><ele>1293.468</ele><time>2026-09-25T07:56:31Z</time><speed>0.000</speed><sat>31</sat></trkpt>
  <trkpt lat="45.61820570" lon="2.82162236"><ele>1294.212</ele><time>2026-09-25T07:56:34Z</time><speed>0.000</speed><sat>31</sat></trkpt>
  <trkpt lat="45.61820559" lon="2.82162257"><ele>1294.220</ele><time>2026-09-25T07:56:37Z</time><speed>0.000</speed><sat>31</sat></trkpt>
  <trkpt lat="45.61820569" lon="2.82162203"><ele>1294.166</ele><time>2026-09-25T07:56:40Z</time><speed>0.000</speed><sat>31</sat></trkpt>
  <trkpt lat="45.61820720" lon="2.82162137"><ele>1294.774</ele><time>2026-09-25T07:56:43Z</time><speed>0.000</speed><sat>31</sat></trkpt>
  <trkpt lat="45.61820759" lon="2.82162009"><ele>1294.793</ele><time>2026-09-25T07:56:46Z</time><speed>0.000</speed><sat>30</sat></trkpt>
  <trkpt lat="45.61820846" lon="2.82162196"><ele>1294.782</ele><time>2026-09-25T07:56:49Z</time><speed>0.000</speed><sat>31</sat></trkpt>
  <trkpt lat="45.61820839" lon="2.82162181"><ele>1294.771</ele><time>2026-09-25T07:56:52Z</time><speed>0.000</speed><sat>31</sat></trkpt>
  <trkpt lat="45.61820827" lon="2.82162187"><ele>1294.793</ele><time>2026-09-25T07:56:55Z</time><speed>0.000</speed><sat>30</sat></trkpt>
  <trkpt lat="45.61821101" lon="2.82161559"><ele>1294.838</ele><time>2026-09-25T07:56:58Z</time><speed>0.000</speed><sat>31</sat></trkpt>
  <trkpt lat="45.61821112" lon="2.82161513"><ele>1294.826</ele><time>2026-09-25T07:57:01Z</time><speed>0.000</speed><sat>31</sat></trkpt>
  <trkpt lat="45.61821086" lon="2.82161517"><ele>1294.859</ele><time>2026-09-25T07:57:04Z</time><speed>0.000</speed><sat>32</sat></trkpt>
  <trkpt lat="45.61821075" lon="2.82161507"><ele>1294.850</ele><time>2026-09-25T07:57:07Z</time><speed>0.000</speed><sat>32</sat></trkpt>
  <trkpt lat="45.61821029" lon="2.82161493"><ele>1294.874</ele><time>2026-09-25T07:57:10Z</time><speed>0.000</speed><sat>32</sat></trkpt>
  <trkpt lat="45.61821110" lon="2.82161982"><ele>1295.843</ele><time>2026-09-25T07:57:13Z</time><speed>0.000</speed><sat>32</sat></trkpt>
  <trkpt lat="45.61820818" lon="2.82162501"><ele>1296.469</ele><time>2026-09-25T07:57:16Z</time><speed>0.000</speed><sat>31</sat></trkpt>
  <trkpt lat="45.61820796" lon="2.82162586"><ele>1296.485</ele><time>2026-09-25T07:57:19Z</time><speed>0.000</speed><sat>32</sat></trkpt>
  <trkpt lat="45.61820790" lon="2.82162645"><ele>1296.505</ele><time>2026-09-25T07:57:22Z</time><speed>0.000</speed><sat>31</sat></trkpt>
  <trkpt lat="45.61820798" lon="2.82162654"><ele>1296.490</ele><time>2026-09-25T07:57:25Z</time><speed>0.000</speed><sat>30</sat></trkpt>
  <trkpt lat="45.61820803" lon="2.82162768"><ele>1296.346</ele><time>2026-09-25T07:57:28Z</time><speed>0.000</speed><sat>31</sat></trkpt>
  <trkpt lat="45.61820983" lon="2.82163019"><ele>1296.287</ele><time>2026-09-25T07:57:31Z</time><speed>0.460</speed><sat>30</sat></trkpt>
  <trkpt lat="45.61821463" lon="2.82162093"><ele>1296.169</ele><time>2026-09-25T07:57:34Z</time><speed>0.000</speed><sat>30</sat></trkpt>
  <trkpt lat="45.61821368" lon="2.82162340"><ele>1296.106</ele><time>2026-09-25T07:57:37Z</time><speed>0.000</speed><sat>31</sat></trkpt>
  <trkpt lat="45.61821359" lon="2.82162339"><ele>1296.133</ele><time>2026-09-25T07:57:40Z</time><speed>0.000</speed><sat>32</sat></trkpt>
  <trkpt lat="45.61821354" lon="2.82162342"><ele>1296.148</ele><time>2026-09-25T07:57:43Z</time><speed>0.000</speed><sat>32</sat></trkpt>
  <trkpt lat="45.61821358" lon="2.82162349"><ele>1296.169</ele><time>2026-09-25T07:57:46Z</time><speed>0.000</speed><sat>30</sat></trkpt>
  <trkpt lat="45.61821361" lon="2.82162301"><ele>1296.124</ele><time>2026-09-25T07:57:49Z</time><speed>0.000</speed><sat>33</sat></trkpt>
  <trkpt lat="45.61821384" lon="2.82162248"><ele>1296.076</ele><time>2026-09-25T07:57:52Z</time><speed>0.000</speed><sat>34</sat></trkpt>
  <trkpt lat="45.61821394" lon="2.82162224"><ele>1296.053</ele><time>2026-09-25T07:57:55Z</time><speed>0.000</speed><sat>31</sat></trkpt>
  <trkpt lat="45.61821483" lon="2.82161907"><ele>1295.784</ele><time>2026-09-25T07:57:58Z</time><speed>0.300</speed><sat>31</sat></trkpt>
  <trkpt lat="45.61821536" lon="2.82161334"><ele>1295.142</ele><time>2026-09-25T07:58:01Z</time><speed>0.000</speed><sat>31</sat></trkpt>
  <trkpt lat="45.61821548" lon="2.82161262"><ele>1295.152</ele><time>2026-09-25T07:58:04Z</time><speed>0.000</speed><sat>31</sat></trkpt>
  <trkpt lat="45.61821543" lon="2.82161200"><ele>1295.159</ele><time>2026-09-25T07:58:07Z</time><speed>0.000</speed><sat>31</sat></trkpt>
  <trkpt lat="45.61821513" lon="2.82161139"><ele>1295.179</ele><time>2026-09-25T07:58:10Z</time><speed>0.000</speed><sat>31</sat></trkpt>
  <trkpt lat="45.61821324" lon="2.82161146"><ele>1294.670</ele><time>2026-09-25T07:58:13Z</time><speed>0.160</speed><sat>32</sat></trkpt>
  <trkpt lat="45.61821179" lon="2.82160496"><ele>1294.507</ele><time>2026-09-25T07:58:16Z</time><speed>0.450</speed><sat>32</sat></trkpt>
  <trkpt lat="45.61821570" lon="2.82160338"><ele>1294.192</ele><time>2026-09-25T07:58:19Z</time><speed>0.000</speed><sat>31</sat></trkpt>
  <trkpt lat="45.61821583" lon="2.82160315"><ele>1294.198</ele><time>2026-09-25T07:58:22Z</time><speed>0.000</speed><sat>32</sat></trkpt>
  <trkpt lat="45.61821428" lon="2.82160396"><ele>1294.383</ele><time>2026-09-25T07:58:25Z</time><speed>0.000</speed><sat>31</sat></trkpt>
  <trkpt lat="45.61821263" lon="2.82160329"><ele>1294.114</ele><time>2026-09-25T07:58:28Z</time><speed>0.170</speed><sat>31</sat></trkpt>
  <trkpt lat="45.61821314" lon="2.82159899"><ele>1294.319</ele><time>2026-09-25T07:58:31Z</time><speed>0.000</speed><sat>31</sat></trkpt>
  <trkpt lat="45.61821284" lon="2.82159859"><ele>1294.280</ele><time>2026-09-25T07:58:34Z</time><speed>0.000</speed><sat>32</sat></trkpt>
  <trkpt lat="45.61821327" lon="2.82159847"><ele>1294.241</ele><time>2026-09-25T07:58:37Z</time><speed>0.000</speed><sat>32</sat></trkpt>
  <trkpt lat="45.61821318" lon="2.82160656"><ele>1295.420</ele><time>2026-09-25T07:58:40Z</time><speed>0.370</speed><sat>32</sat></trkpt>
  <trkpt lat="45.61821143" lon="2.82160902"><ele>1295.483</ele><time>2026-09-25T07:58:43Z</time><speed>0.000</speed><sat>31</sat></trkpt>
  <trkpt lat="45.61821153" lon="2.82160866"><ele>1295.495</ele><time>2026-09-25T07:58:46Z</time><speed>0.000</speed><sat>31</sat></trkpt>
  <trkpt lat="45.61820438" lon="2.82160024"><ele>1294.915</ele><time>2026-09-25T07:58:49Z</time><speed>0.470</speed><sat>31</sat></trkpt>
  <trkpt lat="45.61819589" lon="2.82156142"><ele>1294.952</ele><time>2026-09-25T07:58:52Z</time><speed>0.960</speed><sat>33</sat></trkpt>
  <trkpt lat="45.61819471" lon="2.82151837"><ele>1295.161</ele><time>2026-09-25T07:58:55Z</time><speed>0.910</speed><sat>32</sat></trkpt>
  <trkpt lat="45.61819228" lon="2.82148025"><ele>1295.469</ele><time>2026-09-25T07:58:58Z</time><speed>0.850</speed><sat>31</sat></trkpt>
  <trkpt lat="45.61819716" lon="2.82144713"><ele>1295.351</ele><time>2026-09-25T07:59:01Z</time><speed>0.860</speed><sat>31</sat></trkpt>
  <trkpt lat="45.61820076" lon="2.82141445"><ele>1295.481</ele><time>2026-09-25T07:59:04Z</time><speed>0.860</speed><sat>31</sat></trkpt>
  <trkpt lat="45.61819419" lon="2.82139138"><ele>1295.509</ele><time>2026-09-25T07:59:07Z</time><speed>0.400</speed><sat>30</sat></trkpt>
  <trkpt lat="45.61819835" lon="2.82136912"><ele>1295.159</ele><time>2026-09-25T07:59:10Z</time><speed>0.580</speed><sat>31</sat></trkpt>
  <trkpt lat="45.61820001" lon="2.82134404"><ele>1295.670</ele><time>2026-09-25T07:59:13Z</time><speed>0.940</speed><sat>31</sat></trkpt>
  <trkpt lat="45.61820460" lon="2.82131638"><ele>1295.991</ele><time>2026-09-25T07:59:16Z</time><speed>0.790</speed><sat>31</sat></trkpt>
  <trkpt lat="45.61820770" lon="2.82129315"><ele>1295.935</ele><time>2026-09-25T07:59:19Z</time><speed>0.700</speed><sat>33</sat></trkpt>
  <trkpt lat="45.61820991" lon="2.82126494"><ele>1296.038</ele><time>2026-09-25T07:59:22Z</time><speed>0.810</speed><sat>33</sat></trkpt>
  <trkpt lat="45.61821210" lon="2.82123509"><ele>1295.995</ele><time>2026-09-25T07:59:25Z</time><speed>0.710</speed><sat>32</sat></trkpt>
  <trkpt lat="45.61821602" lon="2.82119965"><ele>1296.869</ele><time>2026-09-25T07:59:28Z</time><speed>0.650</speed><sat>31</sat></trkpt>
  <trkpt lat="45.61821192" lon="2.82116517"><ele>1297.133</ele><time>2026-09-25T07:59:31Z</time><speed>0.800</speed><sat>30</sat></trkpt>
  <trkpt lat="45.61821304" lon="2.82112932"><ele>1297.380</ele><time>2026-09-25T07:59:34Z</time><speed>0.680</speed><sat>31</sat></trkpt>
  <trkpt lat="45.61820122" lon="2.82110167"><ele>1296.904</ele><time>2026-09-25T07:59:37Z</time><speed>0.740</speed><sat>30</sat></trkpt>
  <trkpt lat="45.61819460" lon="2.82106448"><ele>1296.007</ele><time>2026-09-25T07:59:40Z</time><speed>0.690</speed><sat>30</sat></trkpt>
  <trkpt lat="45.61819411" lon="2.82102947"><ele>1295.522</ele><time>2026-09-25T07:59:43Z</time><speed>0.580</speed><sat>29</sat></trkpt>
  <trkpt lat="45.61818864" lon="2.82101057"><ele>1294.926</ele><time>2026-09-25T07:59:46Z</time><speed>0.000</speed><sat>29</sat></trkpt>
  <trkpt lat="45.61818152" lon="2.82101004"><ele>1294.967</ele><time>2026-09-25T07:59:49Z</time><speed>0.680</speed><sat>29</sat></trkpt>
  <trkpt lat="45.61817392" lon="2.82101660"><ele>1295.474</ele><time>2026-09-25T07:59:52Z</time><speed>0.000</speed><sat>29</sat></trkpt>
  <trkpt lat="45.61817362" lon="2.82101690"><ele>1295.465</ele><time>2026-09-25T07:59:55Z</time><speed>0.000</speed><sat>29</sat></trkpt>
  <trkpt lat="45.61817138" lon="2.82101505"><ele>1295.865</ele><time>2026-09-25T07:59:58Z</time><speed>0.000</speed><sat>29</sat></trkpt>
  <trkpt lat="45.61817133" lon="2.82101404"><ele>1295.903</ele><time>2026-09-25T08:00:01Z</time><speed>0.000</speed><sat>29</sat></trkpt>
  <trkpt lat="45.61817129" lon="2.82101432"><ele>1295.891</ele><time>2026-09-25T08:00:04Z</time><speed>0.000</speed><sat>29</sat></trkpt>
  <trkpt lat="45.61817158" lon="2.82101717"><ele>1295.486</ele><time>2026-09-25T08:00:07Z</time><speed>0.000</speed><sat>29</sat></trkpt>
  <trkpt lat="45.61817205" lon="2.82101185"><ele>1295.395</ele><time>2026-09-25T08:00:10Z</time><speed>0.400</speed><sat>29</sat></trkpt>
  <trkpt lat="45.61816796" lon="2.82096618"><ele>1294.699</ele><time>2026-09-25T08:00:13Z</time><speed>1.370</speed><sat>29</sat></trkpt>
  <trkpt lat="45.61815139" lon="2.82090881"><ele>1293.640</ele><time>2026-09-25T08:00:16Z</time><speed>1.380</speed><sat>30</sat></trkpt>
  <trkpt lat="45.61815257" lon="2.82087031"><ele>1292.594</ele><time>2026-09-25T08:00:19Z</time><speed>0.790</speed><sat>29</sat></trkpt>
  <trkpt lat="45.61816303" lon="2.82083155"><ele>1293.021</ele><time>2026-09-25T08:00:22Z</time><speed>0.900</speed><sat>29</sat></trkpt>
  <trkpt lat="45.61815744" lon="2.82078662"><ele>1291.900</ele><time>2026-09-25T08:00:25Z</time><speed>1.120</speed><sat>28</sat></trkpt>
  <trkpt lat="45.61815095" lon="2.82073228"><ele>1291.930</ele><time>2026-09-25T08:00:28Z</time><speed>1.070</speed><sat>28</sat></trkpt>
  <trkpt lat="45.61815004" lon="2.82065757"><ele>1292.322</ele><time>2026-09-25T08:00:31Z</time><speed>1.590</speed><sat>28</sat></trkpt>
  <trkpt lat="45.61815683" lon="2.82059808"><ele>1292.809</ele><time>2026-09-25T08:00:34Z</time><speed>1.250</speed><sat>30</sat></trkpt>
  <trkpt lat="45.61815295" lon="2.82054254"><ele>1292.162</ele><time>2026-09-25T08:00:37Z</time><speed>1.200</speed><sat>30</sat></trkpt>
  <trkpt lat="45.61816321" lon="2.82049155"><ele>1293.399</ele><time>2026-09-25T08:00:40Z</time><speed>1.030</speed><sat>29</sat></trkpt>
  <trkpt lat="45.61817424" lon="2.82048008"><ele>1293.033</ele><time>2026-09-25T08:00:43Z</time><speed>0.000</speed><sat>31</sat></trkpt>
  <trkpt lat="45.61817461" lon="2.82047936"><ele>1293.103</ele><time>2026-09-25T08:00:46Z</time><speed>0.000</speed><sat>31</sat></trkpt>
  <trkpt lat="45.61817457" lon="2.82047921"><ele>1293.178</ele><time>2026-09-25T08:00:49Z</time><speed>0.000</speed><sat>30</sat></trkpt>
  <trkpt lat="45.61817588" lon="2.82047658"><ele>1293.828</ele><time>2026-09-25T08:00:52Z</time><speed>0.000</speed><sat>30</sat></trkpt>
  <trkpt lat="45.61817664" lon="2.82047489"><ele>1293.799</ele><time>2026-09-25T08:00:55Z</time><speed>0.000</speed><sat>28</sat></trkpt>
  <trkpt lat="45.61817711" lon="2.82047404"><ele>1293.890</ele><time>2026-09-25T08:00:58Z</time><speed>0.000</speed><sat>29</sat></trkpt>
  <trkpt lat="45.61817653" lon="2.82047109"><ele>1294.063</ele><time>2026-09-25T08:01:01Z</time><speed>0.000</speed><sat>29</sat></trkpt>
  <trkpt lat="45.61817687" lon="2.82047074"><ele>1294.007</ele><time>2026-09-25T08:01:04Z</time><speed>0.000</speed><sat>29</sat></trkpt>
  <trkpt lat="45.61817722" lon="2.82047050"><ele>1293.932</ele><time>2026-09-25T08:01:07Z</time><speed>0.000</speed><sat>28</sat></trkpt>
  <trkpt lat="45.61817820" lon="2.82047146"><ele>1294.231</ele><time>2026-09-25T08:01:10Z</time><speed>0.180</speed><sat>29</sat></trkpt>
  <trkpt lat="45.61817948" lon="2.82047438"><ele>1294.187</ele><time>2026-09-25T08:01:13Z</time><speed>0.000</speed><sat>29</sat></trkpt>
  <trkpt lat="45.61817987" lon="2.82047410"><ele>1294.162</ele><time>2026-09-25T08:01:16Z</time><speed>0.000</speed><sat>29</sat></trkpt>
  <trkpt lat="45.61818013" lon="2.82047418"><ele>1294.153</ele><time>2026-09-25T08:01:19Z</time><speed>0.000</speed><sat>29</sat></trkpt>
  <trkpt lat="45.61818066" lon="2.82047423"><ele>1294.178</ele><time>2026-09-25T08:01:22Z</time><speed>0.000</speed><sat>29</sat></trkpt>
  <trkpt lat="45.61818102" lon="2.82047436"><ele>1294.240</ele><time>2026-09-25T08:01:25Z</time><speed>0.000</speed><sat>29</sat></trkpt>
  <trkpt lat="45.61818084" lon="2.82047467"><ele>1294.222</ele><time>2026-09-25T08:01:28Z</time><speed>0.000</speed><sat>30</sat></trkpt>
  <trkpt lat="45.61818082" lon="2.82047439"><ele>1294.191</ele><time>2026-09-25T08:01:31Z</time><speed>0.000</speed><sat>29</sat></trkpt>
  <trkpt lat="45.61818090" lon="2.82047346"><ele>1294.170</ele><time>2026-09-25T08:01:34Z</time><speed>0.000</speed><sat>29</sat></trkpt>
  <trkpt lat="45.61818098" lon="2.82047251"><ele>1294.162</ele><time>2026-09-25T08:01:37Z</time><speed>0.000</speed><sat>29</sat></trkpt>
  <trkpt lat="45.61818095" lon="2.82047229"><ele>1294.143</ele><time>2026-09-25T08:01:40Z</time><speed>0.000</speed><sat>27</sat></trkpt>
  <trkpt lat="45.61818063" lon="2.82047269"><ele>1294.128</ele><time>2026-09-25T08:01:43Z</time><speed>0.000</speed><sat>30</sat></trkpt>
  <trkpt lat="45.61818042" lon="2.82047285"><ele>1294.094</ele><time>2026-09-25T08:01:46Z</time><speed>0.000</speed><sat>31</sat></trkpt>
  <trkpt lat="45.61818054" lon="2.82047289"><ele>1294.026</ele><time>2026-09-25T08:01:49Z</time><speed>0.000</speed><sat>28</sat></trkpt>
  <trkpt lat="45.61818079" lon="2.82047304"><ele>1294.017</ele><time>2026-09-25T08:01:52Z</time><speed>0.000</speed><sat>30</sat></trkpt>
  <trkpt lat="45.61818117" lon="2.82047327"><ele>1293.992</ele><time>2026-09-25T08:01:55Z</time><speed>0.000</speed><sat>30</sat></trkpt>
  <trkpt lat="45.61817996" lon="2.82047526"><ele>1293.898</ele><time>2026-09-25T08:01:58Z</time><speed>0.000</speed><sat>30</sat></trkpt>
  <trkpt lat="45.61817986" lon="2.82047529"><ele>1293.858</ele><time>2026-09-25T08:02:01Z</time><speed>0.000</speed><sat>31</sat></trkpt>
  <trkpt lat="45.61818003" lon="2.82047502"><ele>1293.876</ele><time>2026-09-25T08:02:04Z</time><speed>0.000</speed><sat>31</sat></trkpt>
  <trkpt lat="45.61818060" lon="2.82047454"><ele>1293.772</ele><time>2026-09-25T08:02:07Z</time><speed>0.000</speed><sat>28</sat></trkpt>
  <trkpt lat="45.61818096" lon="2.82047401"><ele>1293.689</ele><time>2026-09-25T08:02:10Z</time><speed>0.000</speed><sat>29</sat></trkpt>
  <trkpt lat="45.61818123" lon="2.82047364"><ele>1293.625</ele><time>2026-09-25T08:02:13Z</time><speed>0.000</speed><sat>30</sat></trkpt>
  <trkpt lat="45.61818139" lon="2.82047313"><ele>1293.563</ele><time>2026-09-25T08:02:16Z</time><speed>0.000</speed><sat>29</sat></trkpt>
  <trkpt lat="45.61818154" lon="2.82047281"><ele>1293.509</ele><time>2026-09-25T08:02:19Z</time><speed>0.000</speed><sat>30</sat></trkpt>
  <trkpt lat="45.61818181" lon="2.82047262"><ele>1293.465</ele><time>2026-09-25T08:02:22Z</time><speed>0.000</speed><sat>30</sat></trkpt>
  <trkpt lat="45.61818194" lon="2.82047267"><ele>1293.418</ele><time>2026-09-25T08:02:25Z</time><speed>0.000</speed><sat>28</sat></trkpt>
  <trkpt lat="45.61818207" lon="2.82047272"><ele>1293.415</ele><time>2026-09-25T08:02:28Z</time><speed>0.000</speed><sat>28</sat></trkpt>
  <trkpt lat="45.61818166" lon="2.82047186"><ele>1293.454</ele><time>2026-09-25T08:02:31Z</time><speed>0.000</speed><sat>28</sat></trkpt>
  <trkpt lat="45.61817824" lon="2.82047180"><ele>1293.398</ele><time>2026-09-25T08:02:34Z</time><speed>0.220</speed><sat>28</sat></trkpt>
  <trkpt lat="45.61817866" lon="2.82047724"><ele>1293.396</ele><time>2026-09-25T08:02:37Z</time><speed>0.000</speed><sat>29</sat></trkpt>
  <trkpt lat="45.61815832" lon="2.82044673"><ele>1294.597</ele><time>2026-09-25T08:02:40Z</time><speed>1.770</speed><sat>29</sat></trkpt>
  <trkpt lat="45.61813764" lon="2.82040914"><ele>1293.767</ele><time>2026-09-25T08:02:43Z</time><speed>1.170</speed><sat>28</sat></trkpt>
  <trkpt lat="45.61812613" lon="2.82036703"><ele>1293.833</ele><time>2026-09-25T08:02:46Z</time><speed>0.260</speed><sat>27</sat></trkpt>
  <trkpt lat="45.61812519" lon="2.82031054"><ele>1294.407</ele><time>2026-09-25T08:02:49Z</time><speed>1.900</speed><sat>28</sat></trkpt>
  <trkpt lat="45.61811999" lon="2.82022125"><ele>1295.995</ele><time>2026-09-25T08:02:52Z</time><speed>2.080</speed><sat>27</sat></trkpt>
  <trkpt lat="45.61810683" lon="2.82015406"><ele>1295.233</ele><time>2026-09-25T08:02:55Z</time><speed>1.890</speed><sat>26</sat></trkpt>
  <trkpt lat="45.61809035" lon="2.82008465"><ele>1295.228</ele><time>2026-09-25T08:02:58Z</time><speed>1.890</speed><sat>28</sat></trkpt>
  <trkpt lat="45.61808098" lon="2.82001715"><ele>1295.098</ele><time>2026-09-25T08:03:01Z</time><speed>1.790</speed><sat>31</sat></trkpt>
  <trkpt lat="45.61807351" lon="2.81995212"><ele>1294.668</ele><time>2026-09-25T08:03:04Z</time><speed>1.790</speed><sat>31</sat></trkpt>
  <trkpt lat="45.61806929" lon="2.81989257"><ele>1295.152</ele><time>2026-09-25T08:03:07Z</time><speed>1.780</speed><sat>32</sat></trkpt>
  <trkpt lat="45.61806453" lon="2.81981840"><ele>1294.581</ele><time>2026-09-25T08:03:10Z</time><speed>1.820</speed><sat>30</sat></trkpt>
  <trkpt lat="45.61806483" lon="2.81974230"><ele>1294.747</ele><time>2026-09-25T08:03:13Z</time><speed>1.880</speed><sat>29</sat></trkpt>
  <trkpt lat="45.61805369" lon="2.81966517"><ele>1294.946</ele><time>2026-09-25T08:03:16Z</time><speed>2.000</speed><sat>29</sat></trkpt>
  <trkpt lat="45.61803976" lon="2.81958200"><ele>1295.316</ele><time>2026-09-25T08:03:19Z</time><speed>2.120</speed><sat>28</sat></trkpt>
  <trkpt lat="45.61802051" lon="2.81950818"><ele>1295.221</ele><time>2026-09-25T08:03:22Z</time><speed>2.030</speed><sat>28</sat></trkpt>
  <trkpt lat="45.61800812" lon="2.81943426"><ele>1295.391</ele><time>2026-09-25T08:03:25Z</time><speed>1.860</speed><sat>28</sat></trkpt>
  <trkpt lat="45.61799017" lon="2.81936828"><ele>1294.243</ele><time>2026-09-25T08:03:28Z</time><speed>1.770</speed><sat>28</sat></trkpt>
  <trkpt lat="45.61797064" lon="2.81929578"><ele>1294.319</ele><time>2026-09-25T08:03:31Z</time><speed>2.070</speed><sat>28</sat></trkpt>
  <trkpt lat="45.61795099" lon="2.81922636"><ele>1293.687</ele><time>2026-09-25T08:03:34Z</time><speed>1.840</speed><sat>29</sat></trkpt>
  <trkpt lat="45.61792949" lon="2.81915094"><ele>1294.039</ele><time>2026-09-25T08:03:37Z</time><speed>2.020</speed><sat>31</sat></trkpt>
  <trkpt lat="45.61790863" lon="2.81907411"><ele>1295.283</ele><time>2026-09-25T08:03:40Z</time><speed>2.160</speed><sat>32</sat></trkpt>
  <trkpt lat="45.61789029" lon="2.81899831"><ele>1295.460</ele><time>2026-09-25T08:03:43Z</time><speed>2.040</speed><sat>33</sat></trkpt>
  <trkpt lat="45.61787427" lon="2.81892455"><ele>1295.760</ele><time>2026-09-25T08:03:46Z</time><speed>2.020</speed><sat>33</sat></trkpt>
  <trkpt lat="45.61785488" lon="2.81885265"><ele>1295.322</ele><time>2026-09-25T08:03:49Z</time><speed>2.060</speed><sat>33</sat></trkpt>
  <trkpt lat="45.61783551" lon="2.81878229"><ele>1295.146</ele><time>2026-09-25T08:03:52Z</time><speed>1.880</speed><sat>33</sat></trkpt>
  <trkpt lat="45.61782346" lon="2.81871131"><ele>1294.780</ele><time>2026-09-25T08:03:55Z</time><speed>1.970</speed><sat>31</sat></trkpt>
  <trkpt lat="45.61781691" lon="2.81863920"><ele>1295.330</ele><time>2026-09-25T08:03:58Z</time><speed>2.040</speed><sat>31</sat></trkpt>
  <trkpt lat="45.61780915" lon="2.81856355"><ele>1295.162</ele><time>2026-09-25T08:04:01Z</time><speed>1.960</speed><sat>29</sat></trkpt>
  <trkpt lat="45.61780433" lon="2.81848986"><ele>1295.081</ele><time>2026-09-25T08:04:04Z</time><speed>2.000</speed><sat>29</sat></trkpt>
  <trkpt lat="45.61778903" lon="2.81841328"><ele>1295.446</ele><time>2026-09-25T08:04:07Z</time><speed>2.160</speed><sat>29</sat></trkpt>
  <trkpt lat="45.61776933" lon="2.81834398"><ele>1296.632</ele><time>2026-09-25T08:04:10Z</time><speed>2.070</speed><sat>27</sat></trkpt>
  <trkpt lat="45.61776465" lon="2.81828828"><ele>1296.677</ele><time>2026-09-25T08:04:13Z</time><speed>2.020</speed><sat>26</sat></trkpt>
  <trkpt lat="45.61780484" lon="2.81825118"><ele>1295.876</ele><time>2026-09-25T08:04:16Z</time><speed>1.910</speed><sat>27</sat></trkpt>
  <trkpt lat="45.61784143" lon="2.81821395"><ele>1296.086</ele><time>2026-09-25T08:04:19Z</time><speed>1.750</speed><sat>32</sat></trkpt>
  <trkpt lat="45.61786204" lon="2.81815747"><ele>1296.650</ele><time>2026-09-25T08:04:22Z</time><speed>1.790</speed><sat>32</sat></trkpt>
  <trkpt lat="45.61787186" lon="2.81812244"><ele>1298.185</ele><time>2026-09-25T08:04:25Z</time><speed>1.580</speed><sat>30</sat></trkpt>
  <trkpt lat="45.61789562" lon="2.81808428"><ele>1297.923</ele><time>2026-09-25T08:04:28Z</time><speed>1.410</speed><sat>28</sat></trkpt>
  <trkpt lat="45.61787096" lon="2.81802952"><ele>1300.773</ele><time>2026-09-25T08:04:31Z</time><speed>1.390</speed><sat>28</sat></trkpt>
  <trkpt lat="45.61783376" lon="2.81801053"><ele>1303.744</ele><time>2026-09-25T08:04:34Z</time><speed>1.180</speed><sat>29</sat></trkpt>
  <trkpt lat="45.61781493" lon="2.81799602"><ele>1305.513</ele><time>2026-09-25T08:04:37Z</time><speed>0.000</speed><sat>27</sat></trkpt>
  <trkpt lat="45.61781513" lon="2.81799831"><ele>1305.442</ele><time>2026-09-25T08:04:40Z</time><speed>0.000</speed><sat>29</sat></trkpt>
  <trkpt lat="45.61781641" lon="2.81800070"><ele>1305.349</ele><time>2026-09-25T08:04:43Z</time><speed>0.000</speed><sat>31</sat></trkpt>
  <trkpt lat="45.61781657" lon="2.81800071"><ele>1305.175</ele><time>2026-09-25T08:04:46Z</time><speed>0.000</speed><sat>32</sat></trkpt>
  <trkpt lat="45.61781531" lon="2.81800962"><ele>1304.875</ele><time>2026-09-25T08:04:49Z</time><speed>0.000</speed><sat>29</sat></trkpt>
  <trkpt lat="45.61781502" lon="2.81801122"><ele>1304.978</ele><time>2026-09-25T08:04:52Z</time><speed>0.000</speed><sat>28</sat></trkpt>
  <trkpt lat="45.61781499" lon="2.81801086"><ele>1304.926</ele><time>2026-09-25T08:04:55Z</time><speed>0.000</speed><sat>28</sat></trkpt>
  <trkpt lat="45.61781491" lon="2.81801075"><ele>1304.910</ele><time>2026-09-25T08:04:58Z</time><speed>0.000</speed><sat>29</sat></trkpt>
  <trkpt lat="45.61781468" lon="2.81801103"><ele>1304.990</ele><time>2026-09-25T08:05:01Z</time><speed>0.000</speed><sat>29</sat></trkpt>
  <trkpt lat="45.61781497" lon="2.81801136"><ele>1304.970</ele><time>2026-09-25T08:05:04Z</time><speed>0.000</speed><sat>28</sat></trkpt>
  <trkpt lat="45.61781477" lon="2.81801151"><ele>1305.097</ele><time>2026-09-25T08:05:07Z</time><speed>0.000</speed><sat>29</sat></trkpt>
  <trkpt lat="45.61781460" lon="2.81801120"><ele>1305.051</ele><time>2026-09-25T08:05:10Z</time><speed>0.000</speed><sat>30</sat></trkpt>
  <trkpt lat="45.61781059" lon="2.81801620"><ele>1304.478</ele><time>2026-09-25T08:05:13Z</time><speed>0.000</speed><sat>30</sat></trkpt>
  <trkpt lat="45.61781233" lon="2.81802011"><ele>1304.585</ele><time>2026-09-25T08:05:16Z</time><speed>0.000</speed><sat>30</sat></trkpt>
  <trkpt lat="45.61781255" lon="2.81802046"><ele>1304.597</ele><time>2026-09-25T08:05:19Z</time><speed>0.000</speed><sat>30</sat></trkpt>
  <trkpt lat="45.61781360" lon="2.81801941"><ele>1304.372</ele><time>2026-09-25T08:05:22Z</time><speed>0.230</speed><sat>28</sat></trkpt>
  <trkpt lat="45.61781868" lon="2.81803881"><ele>1303.549</ele><time>2026-09-25T08:05:25Z</time><speed>0.230</speed><sat>24</sat></trkpt>
  <trkpt lat="45.61781654" lon="2.81804436"><ele>1303.534</ele><time>2026-09-25T08:05:28Z</time><speed>0.000</speed><sat>26</sat></trkpt>
  <trkpt lat="45.61781651" lon="2.81804457"><ele>1303.535</ele><time>2026-09-25T08:05:31Z</time><speed>0.000</speed><sat>26</sat></trkpt>
  <trkpt lat="45.61781645" lon="2.81804468"><ele>1303.533</ele><time>2026-09-25T08:05:34Z</time><speed>0.000</speed><sat>23</sat></trkpt>
  <trkpt lat="45.61781638" lon="2.81804485"><ele>1303.539</ele><time>2026-09-25T08:05:37Z</time><speed>0.000</speed><sat>24</sat></trkpt>
  <trkpt lat="45.61781641" lon="2.81804534"><ele>1303.605</ele><time>2026-09-25T08:05:40Z</time><speed>0.000</speed><sat>25</sat></trkpt>
  <trkpt lat="45.61781672" lon="2.81804567"><ele>1303.636</ele><time>2026-09-25T08:05:43Z</time><speed>0.000</speed><sat>25</sat></trkpt>
  <trkpt lat="45.61781736" lon="2.81804625"><ele>1303.683</ele><time>2026-09-25T08:05:46Z</time><speed>0.000</speed><sat>23</sat></trkpt>
  <trkpt lat="45.61781698" lon="2.81804692"><ele>1303.696</ele><time>2026-09-25T08:05:49Z</time><speed>0.000</speed><sat>24</sat></trkpt>
  <trkpt lat="45.61781693" lon="2.81804716"><ele>1303.631</ele><time>2026-09-25T08:05:52Z</time><speed>0.000</speed><sat>25</sat></trkpt>
  <trkpt lat="45.61781717" lon="2.81804784"><ele>1303.687</ele><time>2026-09-25T08:05:55Z</time><speed>0.000</speed><sat>25</sat></trkpt>
  <trkpt lat="45.61781713" lon="2.81804865"><ele>1303.686</ele><time>2026-09-25T08:05:58Z</time><speed>0.000</speed><sat>27</sat></trkpt>
  <trkpt lat="45.61781735" lon="2.81804979"><ele>1303.735</ele><time>2026-09-25T08:06:01Z</time><speed>0.000</speed><sat>26</sat></trkpt>
  <trkpt lat="45.61781696" lon="2.81805057"><ele>1303.714</ele><time>2026-09-25T08:06:04Z</time><speed>0.000</speed><sat>26</sat></trkpt>
  <trkpt lat="45.61781692" lon="2.81805116"><ele>1303.719</ele><time>2026-09-25T08:06:07Z</time><speed>0.000</speed><sat>27</sat></trkpt>
  <trkpt lat="45.61781687" lon="2.81805187"><ele>1303.721</ele><time>2026-09-25T08:06:10Z</time><speed>0.000</speed><sat>27</sat></trkpt>
  <trkpt lat="45.61781685" lon="2.81805277"><ele>1303.759</ele><time>2026-09-25T08:06:13Z</time><speed>0.000</speed><sat>26</sat></trkpt>
  <trkpt lat="45.61781702" lon="2.81805374"><ele>1303.737</ele><time>2026-09-25T08:06:16Z</time><speed>0.000</speed><sat>26</sat></trkpt>
  <trkpt lat="45.61781726" lon="2.81805379"><ele>1303.740</ele><time>2026-09-25T08:06:19Z</time><speed>0.000</speed><sat>26</sat></trkpt>
  <trkpt lat="45.61781733" lon="2.81805462"><ele>1303.683</ele><time>2026-09-25T08:06:22Z</time><speed>0.000</speed><sat>26</sat></trkpt>
  <trkpt lat="45.61781733" lon="2.81805469"><ele>1303.762</ele><time>2026-09-25T08:06:25Z</time><speed>0.000</speed><sat>26</sat></trkpt>
  <trkpt lat="45.61781751" lon="2.81805527"><ele>1303.795</ele><time>2026-09-25T08:06:28Z</time><speed>0.000</speed><sat>26</sat></trkpt>
  <trkpt lat="45.61781750" lon="2.81805547"><ele>1303.818</ele><time>2026-09-25T08:06:31Z</time><speed>0.000</speed><sat>26</sat></trkpt>
  <trkpt lat="45.61781243" lon="2.81806090"><ele>1303.712</ele><time>2026-09-25T08:06:34Z</time><speed>0.510</speed><sat>27</sat></trkpt>
  <trkpt lat="45.61779327" lon="2.81805539"><ele>1302.327</ele><time>2026-09-25T08:06:37Z</time><speed>0.790</speed><sat>25</sat></trkpt>
  <trkpt lat="45.61777844" lon="2.81804403"><ele>1301.988</ele><time>2026-09-25T08:06:40Z</time><speed>0.720</speed><sat>23</sat></trkpt>
  <trkpt lat="45.61775964" lon="2.81802532"><ele>1301.393</ele><time>2026-09-25T08:06:43Z</time><speed>0.720</speed><sat>23</sat></trkpt>
  <trkpt lat="45.61773934" lon="2.81800028"><ele>1301.236</ele><time>2026-09-25T08:06:46Z</time><speed>1.080</speed><sat>24</sat></trkpt>
  <trkpt lat="45.61771570" lon="2.81797889"><ele>1301.402</ele><time>2026-09-25T08:06:49Z</time><speed>0.970</speed><sat>24</sat></trkpt>
  <trkpt lat="45.61768667" lon="2.81798599"><ele>1299.761</ele><time>2026-09-25T08:06:52Z</time><speed>1.020</speed><sat>25</sat></trkpt>
  <trkpt lat="45.61767059" lon="2.81800940"><ele>1299.679</ele><time>2026-09-25T08:06:55Z</time><speed>0.450</speed><sat>26</sat></trkpt>
  <trkpt lat="45.61765421" lon="2.81802435"><ele>1300.192</ele><time>2026-09-25T08:06:58Z</time><speed>0.710</speed><sat>27</sat></trkpt>
  <trkpt lat="45.61763249" lon="2.81803652"><ele>1300.438</ele><time>2026-09-25T08:07:01Z</time><speed>0.760</speed><sat>27</sat></trkpt>
  <trkpt lat="45.61760547" lon="2.81803941"><ele>1301.057</ele><time>2026-09-25T08:07:04Z</time><speed>0.840</speed><sat>27</sat></trkpt>
  <trkpt lat="45.61757884" lon="2.81804095"><ele>1300.061</ele><time>2026-09-25T08:07:07Z</time><speed>0.890</speed><sat>28</sat></trkpt>
  <trkpt lat="45.61755475" lon="2.81805037"><ele>1298.810</ele><time>2026-09-25T08:07:10Z</time><speed>0.960</speed><sat>27</sat></trkpt>
  <trkpt lat="45.61752438" lon="2.81805677"><ele>1299.958</ele><time>2026-09-25T08:07:13Z</time><speed>1.020</speed><sat>27</sat></trkpt>
  <trkpt lat="45.61749163" lon="2.81807114"><ele>1299.911</ele><time>2026-09-25T08:07:16Z</time><speed>0.900</speed><sat>28</sat></trkpt>
  <trkpt lat="45.61746387" lon="2.81808488"><ele>1300.002</ele><time>2026-09-25T08:07:19Z</time><speed>0.910</speed><sat>30</sat></trkpt>
  <trkpt lat="45.61743856" lon="2.81810852"><ele>1299.669</ele><time>2026-09-25T08:07:22Z</time><speed>0.980</speed><sat>30</sat></trkpt>
  <trkpt lat="45.61740692" lon="2.81812661"><ele>1298.143</ele><time>2026-09-25T08:07:25Z</time><speed>1.020</speed><sat>30</sat></trkpt>
  <trkpt lat="45.61737728" lon="2.81813965"><ele>1298.271</ele><time>2026-09-25T08:07:28Z</time><speed>1.080</speed><sat>31</sat></trkpt>
  <trkpt lat="45.61734622" lon="2.81815076"><ele>1298.330</ele><time>2026-09-25T08:07:31Z</time><speed>1.090</speed><sat>31</sat></trkpt>
  <trkpt lat="45.61731725" lon="2.81816372"><ele>1297.516</ele><time>2026-09-25T08:07:34Z</time><speed>1.080</speed><sat>30</sat></trkpt>
  <trkpt lat="45.61728661" lon="2.81817066"><ele>1298.071</ele><time>2026-09-25T08:07:37Z</time><speed>1.050</speed><sat>30</sat></trkpt>
  <trkpt lat="45.61725462" lon="2.81817483"><ele>1298.477</ele><time>2026-09-25T08:07:40Z</time><speed>1.050</speed><sat>31</sat></trkpt>
  <trkpt lat="45.61722031" lon="2.81816792"><ele>1299.415</ele><time>2026-09-25T08:07:43Z</time><speed>1.060</speed><sat>32</sat></trkpt>
  <trkpt lat="45.61719370" lon="2.81815467"><ele>1299.753</ele><time>2026-09-25T08:07:46Z</time><speed>1.030</speed><sat>32</sat></trkpt>
  <trkpt lat="45.61716289" lon="2.81813861"><ele>1299.111</ele><time>2026-09-25T08:07:49Z</time><speed>1.140</speed><sat>32</sat></trkpt>
  <trkpt lat="45.61713118" lon="2.81812073"><ele>1299.249</ele><time>2026-09-25T08:07:52Z</time><speed>1.080</speed><sat>32</sat></trkpt>
  <trkpt lat="45.61710108" lon="2.81810432"><ele>1299.636</ele><time>2026-09-25T08:07:55Z</time><speed>1.080</speed><sat>32</sat></trkpt>
  <trkpt lat="45.61707693" lon="2.81808102"><ele>1299.779</ele><time>2026-09-25T08:07:58Z</time><speed>0.890</speed><sat>34</sat></trkpt>
  <trkpt lat="45.61705020" lon="2.81807268"><ele>1300.809</ele><time>2026-09-25T08:08:01Z</time><speed>0.960</speed><sat>34</sat></trkpt>
  <trkpt lat="45.61701497" lon="2.81807484"><ele>1300.320</ele><time>2026-09-25T08:08:04Z</time><speed>1.550</speed><sat>33</sat></trkpt>
  <trkpt lat="45.61697908" lon="2.81806616"><ele>1301.635</ele><time>2026-09-25T08:08:07Z</time><speed>0.970</speed><sat>32</sat></trkpt>
  <trkpt lat="45.61694065" lon="2.81805632"><ele>1300.487</ele><time>2026-09-25T08:08:10Z</time><speed>1.060</speed><sat>32</sat></trkpt>
  <trkpt lat="45.61690102" lon="2.81804622"><ele>1301.048</ele><time>2026-09-25T08:08:13Z</time><speed>1.290</speed><sat>33</sat></trkpt>
  <trkpt lat="45.61686076" lon="2.81804182"><ele>1299.564</ele><time>2026-09-25T08:08:16Z</time><speed>1.210</speed><sat>32</sat></trkpt>
  <trkpt lat="45.61682585" lon="2.81802539"><ele>1300.451</ele><time>2026-09-25T08:08:19Z</time><speed>1.230</speed><sat>33</sat></trkpt>
  <trkpt lat="45.61679623" lon="2.81800021"><ele>1302.032</ele><time>2026-09-25T08:08:22Z</time><speed>1.130</speed><sat>33</sat></trkpt>
  <trkpt lat="45.61677269" lon="2.81797487"><ele>1302.080</ele><time>2026-09-25T08:08:25Z</time><speed>1.100</speed><sat>32</sat></trkpt>
  <trkpt lat="45.61674966" lon="2.81794921"><ele>1302.152</ele><time>2026-09-25T08:08:28Z</time><speed>1.080</speed><sat>32</sat></trkpt>
  <trkpt lat="45.61673214" lon="2.81791873"><ele>1301.851</ele><time>2026-09-25T08:08:31Z</time><speed>1.000</speed><sat>33</sat></trkpt>
  <trkpt lat="45.61671572" lon="2.81789739"><ele>1301.495</ele><time>2026-09-25T08:08:34Z</time><speed>0.950</speed><sat>32</sat></trkpt>
  <trkpt lat="45.61668971" lon="2.81787262"><ele>1302.682</ele><time>2026-09-25T08:08:37Z</time><speed>0.970</speed><sat>33</sat></trkpt>
  <trkpt lat="45.61667799" lon="2.81784397"><ele>1302.599</ele><time>2026-09-25T08:08:40Z</time><speed>0.880</speed><sat>33</sat></trkpt>
  <trkpt lat="45.61666639" lon="2.81782064"><ele>1303.028</ele><time>2026-09-25T08:08:43Z</time><speed>0.840</speed><sat>31</sat></trkpt>
  <trkpt lat="45.61666728" lon="2.81779611"><ele>1303.563</ele><time>2026-09-25T08:08:46Z</time><speed>0.790</speed><sat>32</sat></trkpt>
  <trkpt lat="45.61667871" lon="2.81776774"><ele>1302.625</ele><time>2026-09-25T08:08:49Z</time><speed>1.060</speed><sat>32</sat></trkpt>
  <trkpt lat="45.61667094" lon="2.81773475"><ele>1302.534</ele><time>2026-09-25T08:08:52Z</time><speed>0.910</speed><sat>31</sat></trkpt>
  <trkpt lat="45.61667021" lon="2.81769921"><ele>1302.883</ele><time>2026-09-25T08:08:55Z</time><speed>0.850</speed><sat>32</sat></trkpt>
  <trkpt lat="45.61666377" lon="2.81766888"><ele>1302.997</ele><time>2026-09-25T08:08:58Z</time><speed>0.910</speed><sat>33</sat></trkpt>
  <trkpt lat="45.61666091" lon="2.81763149"><ele>1303.490</ele><time>2026-09-25T08:09:01Z</time><speed>0.830</speed><sat>33</sat></trkpt>
  <trkpt lat="45.61666608" lon="2.81759502"><ele>1303.704</ele><time>2026-09-25T08:09:04Z</time><speed>0.930</speed><sat>31</sat></trkpt>
  <trkpt lat="45.61667422" lon="2.81756378"><ele>1305.885</ele><time>2026-09-25T08:09:07Z</time><speed>0.820</speed><sat>32</sat></trkpt>
  <trkpt lat="45.61668686" lon="2.81753405"><ele>1308.063</ele><time>2026-09-25T08:09:10Z</time><speed>0.810</speed><sat>33</sat></trkpt>
  <trkpt lat="45.61669685" lon="2.81750529"><ele>1308.347</ele><time>2026-09-25T08:09:13Z</time><speed>0.810</speed><sat>33</sat></trkpt>
  <trkpt lat="45.61670471" lon="2.81746640"><ele>1307.907</ele><time>2026-09-25T08:09:16Z</time><speed>0.830</speed><sat>32</sat></trkpt>
  <trkpt lat="45.61671400" lon="2.81743295"><ele>1308.266</ele><time>2026-09-25T08:09:19Z</time><speed>0.760</speed><sat>32</sat></trkpt>
  <trkpt lat="45.61671759" lon="2.81739774"><ele>1307.731</ele><time>2026-09-25T08:09:22Z</time><speed>0.760</speed><sat>33</sat></trkpt>
  <trkpt lat="45.61672963" lon="2.81735971"><ele>1307.393</ele><time>2026-09-25T08:09:25Z</time><speed>0.720</speed><sat>33</sat></trkpt>
  <trkpt lat="45.61674752" lon="2.81733327"><ele>1308.039</ele><time>2026-09-25T08:09:28Z</time><speed>0.850</speed><sat>31</sat></trkpt>
  <trkpt lat="45.61676389" lon="2.81729534"><ele>1308.873</ele><time>2026-09-25T08:09:31Z</time><speed>0.820</speed><sat>32</sat></trkpt>
  <trkpt lat="45.61677868" lon="2.81725438"><ele>1310.053</ele><time>2026-09-25T08:09:34Z</time><speed>0.770</speed><sat>33</sat></trkpt>
  <trkpt lat="45.61679201" lon="2.81721380"><ele>1308.406</ele><time>2026-09-25T08:09:37Z</time><speed>0.800</speed><sat>33</sat></trkpt>
  <trkpt lat="45.61680342" lon="2.81716848"><ele>1308.484</ele><time>2026-09-25T08:09:40Z</time><speed>0.890</speed><sat>31</sat></trkpt>
  <trkpt lat="45.61681821" lon="2.81712829"><ele>1309.817</ele><time>2026-09-25T08:09:43Z</time><speed>0.920</speed><sat>31</sat></trkpt>
  <trkpt lat="45.61682661" lon="2.81708516"><ele>1310.072</ele><time>2026-09-25T08:09:46Z</time><speed>0.890</speed><sat>31</sat></trkpt>
  <trkpt lat="45.61683810" lon="2.81705475"><ele>1309.760</ele><time>2026-09-25T08:09:49Z</time><speed>0.800</speed><sat>32</sat></trkpt>
  <trkpt lat="45.61685615" lon="2.81704482"><ele>1310.478</ele><time>2026-09-25T08:09:52Z</time><speed>1.170</speed><sat>30</sat></trkpt>
  <trkpt lat="45.61687000" lon="2.81702234"><ele>1310.482</ele><time>2026-09-25T08:09:55Z</time><speed>0.760</speed><sat>31</sat></trkpt>
  <trkpt lat="45.61687955" lon="2.81699740"><ele>1311.331</ele><time>2026-09-25T08:09:58Z</time><speed>0.800</speed><sat>31</sat></trkpt>
  <trkpt lat="45.61689109" lon="2.81697236"><ele>1311.891</ele><time>2026-09-25T08:10:01Z</time><speed>0.820</speed><sat>30</sat></trkpt>
  <trkpt lat="45.61690714" lon="2.81695252"><ele>1311.283</ele><time>2026-09-25T08:10:04Z</time><speed>0.850</speed><sat>28</sat></trkpt>
  <trkpt lat="45.61692548" lon="2.81693275"><ele>1312.899</ele><time>2026-09-25T08:10:07Z</time><speed>0.820</speed><sat>29</sat></trkpt>
  <trkpt lat="45.61694389" lon="2.81690153"><ele>1312.033</ele><time>2026-09-25T08:10:10Z</time><speed>0.820</speed><sat>27</sat></trkpt>
  <trkpt lat="45.61696213" lon="2.81687168"><ele>1312.576</ele><time>2026-09-25T08:10:13Z</time><speed>0.870</speed><sat>28</sat></trkpt>
  <trkpt lat="45.61697104" lon="2.81683118"><ele>1312.249</ele><time>2026-09-25T08:10:16Z</time><speed>0.890</speed><sat>29</sat></trkpt>
  <trkpt lat="45.61696109" lon="2.81679110"><ele>1312.606</ele><time>2026-09-25T08:10:19Z</time><speed>0.970</speed><sat>30</sat></trkpt>
  <trkpt lat="45.61694132" lon="2.81676243"><ele>1312.783</ele><time>2026-09-25T08:10:22Z</time><speed>0.920</speed><sat>29</sat></trkpt>
  <trkpt lat="45.61691871" lon="2.81674779"><ele>1311.677</ele><time>2026-09-25T08:10:25Z</time><speed>0.810</speed><sat>28</sat></trkpt>
  <trkpt lat="45.61690108" lon="2.81672685"><ele>1313.525</ele><time>2026-09-25T08:10:28Z</time><speed>0.830</speed><sat>30</sat></trkpt>
  <trkpt lat="45.61688366" lon="2.81670530"><ele>1311.602</ele><time>2026-09-25T08:10:31Z</time><speed>0.820</speed><sat>30</sat></trkpt>
  <trkpt lat="45.61686731" lon="2.81668081"><ele>1311.526</ele><time>2026-09-25T08:10:34Z</time><speed>0.830</speed><sat>31</sat></trkpt>
  <trkpt lat="45.61685311" lon="2.81665025"><ele>1313.049</ele><time>2026-09-25T08:10:37Z</time><speed>0.870</speed><sat>32</sat></trkpt>
  <trkpt lat="45.61683327" lon="2.81663283"><ele>1313.678</ele><time>2026-09-25T08:10:40Z</time><speed>0.800</speed><sat>32</sat></trkpt>
  <trkpt lat="45.61681653" lon="2.81660007"><ele>1313.926</ele><time>2026-09-25T08:10:43Z</time><speed>0.840</speed><sat>30</sat></trkpt>
  <trkpt lat="45.61680285" lon="2.81658703"><ele>1314.390</ele><time>2026-09-25T08:10:46Z</time><speed>0.000</speed><sat>30</sat></trkpt>
  <trkpt lat="45.61679348" lon="2.81658055"><ele>1315.637</ele><time>2026-09-25T08:10:49Z</time><speed>0.000</speed><sat>31</sat></trkpt>
  <trkpt lat="45.61677491" lon="2.81659247"><ele>1315.648</ele><time>2026-09-25T08:10:52Z</time><speed>0.000</speed><sat>30</sat></trkpt>
  <trkpt lat="45.61677454" lon="2.81659355"><ele>1315.550</ele><time>2026-09-25T08:10:55Z</time><speed>0.000</speed><sat>30</sat></trkpt>
  <trkpt lat="45.61677415" lon="2.81659353"><ele>1315.463</ele><time>2026-09-25T08:10:58Z</time><speed>0.000</speed><sat>29</sat></trkpt>
  <trkpt lat="45.61677322" lon="2.81659322"><ele>1315.293</ele><time>2026-09-25T08:11:01Z</time><speed>0.000</speed><sat>27</sat></trkpt>
  <trkpt lat="45.61677284" lon="2.81659330"><ele>1315.240</ele><time>2026-09-25T08:11:04Z</time><speed>0.000</speed><sat>27</sat></trkpt>
  <trkpt lat="45.61677216" lon="2.81660064"><ele>1314.868</ele><time>2026-09-25T08:11:07Z</time><speed>0.000</speed><sat>28</sat></trkpt>
  <trkpt lat="45.61676979" lon="2.81660787"><ele>1314.891</ele><time>2026-09-25T08:11:10Z</time><speed>0.000</speed><sat>28</sat></trkpt>
  <trkpt lat="45.61676967" lon="2.81660839"><ele>1314.871</ele><time>2026-09-25T08:11:13Z</time><speed>0.000</speed><sat>27</sat></trkpt>
  <trkpt lat="45.61676942" lon="2.81660923"><ele>1314.788</ele><time>2026-09-25T08:11:16Z</time><speed>0.000</speed><sat>27</sat></trkpt>
  <trkpt lat="45.61676906" lon="2.81661040"><ele>1314.723</ele><time>2026-09-25T08:11:19Z</time><speed>0.000</speed><sat>29</sat></trkpt>
  <trkpt lat="45.61676844" lon="2.81661209"><ele>1314.585</ele><time>2026-09-25T08:11:22Z</time><speed>0.000</speed><sat>29</sat></trkpt>
  <trkpt lat="45.61676826" lon="2.81661347"><ele>1314.431</ele><time>2026-09-25T08:11:25Z</time><speed>0.000</speed><sat>30</sat></trkpt>
  <trkpt lat="45.61676812" lon="2.81661399"><ele>1314.412</ele><time>2026-09-25T08:11:28Z</time><speed>0.000</speed><sat>29</sat></trkpt>
  <trkpt lat="45.61676842" lon="2.81661516"><ele>1314.425</ele><time>2026-09-25T08:11:31Z</time><speed>0.000</speed><sat>28</sat></trkpt>
  <trkpt lat="45.61676876" lon="2.81661479"><ele>1314.389</ele><time>2026-09-25T08:11:34Z</time><speed>0.000</speed><sat>28</sat></trkpt>
  <trkpt lat="45.61676849" lon="2.81661500"><ele>1314.257</ele><time>2026-09-25T08:11:37Z</time><speed>0.000</speed><sat>28</sat></trkpt>
  <trkpt lat="45.61676859" lon="2.81661475"><ele>1314.282</ele><time>2026-09-25T08:11:40Z</time><speed>0.000</speed><sat>28</sat></trkpt>
  <trkpt lat="45.61676860" lon="2.81661481"><ele>1314.247</ele><time>2026-09-25T08:11:43Z</time><speed>0.000</speed><sat>26</sat></trkpt>
  <trkpt lat="45.61676773" lon="2.81661639"><ele>1314.280</ele><time>2026-09-25T08:11:46Z</time><speed>0.000</speed><sat>28</sat></trkpt>
  <trkpt lat="45.61676779" lon="2.81661672"><ele>1314.273</ele><time>2026-09-25T08:11:49Z</time><speed>0.000</speed><sat>29</sat></trkpt>
  <trkpt lat="45.61676762" lon="2.81661694"><ele>1314.319</ele><time>2026-09-25T08:11:52Z</time><speed>0.000</speed><sat>29</sat></trkpt>
  <trkpt lat="45.61676767" lon="2.81661708"><ele>1314.301</ele><time>2026-09-25T08:11:55Z</time><speed>0.000</speed><sat>29</sat></trkpt>
  <trkpt lat="45.61676778" lon="2.81661709"><ele>1314.296</ele><time>2026-09-25T08:11:58Z</time><speed>0.000</speed><sat>29</sat></trkpt>
  <trkpt lat="45.61676775" lon="2.81661719"><ele>1314.243</ele><time>2026-09-25T08:12:01Z</time><speed>0.000</speed><sat>29</sat></trkpt>
  <trkpt lat="45.61676790" lon="2.81661835"><ele>1314.093</ele><time>2026-09-25T08:12:04Z</time><speed>0.000</speed><sat>29</sat></trkpt>
  <trkpt lat="45.61676788" lon="2.81661919"><ele>1314.029</ele><time>2026-09-25T08:12:07Z</time><speed>0.000</speed><sat>30</sat></trkpt>
  <trkpt lat="45.61676759" lon="2.81661991"><ele>1314.009</ele><time>2026-09-25T08:12:10Z</time><speed>0.000</speed><sat>31</sat></trkpt>
  <trkpt lat="45.61676712" lon="2.81662064"><ele>1313.911</ele><time>2026-09-25T08:12:13Z</time><speed>0.000</speed><sat>30</sat></trkpt>
  <trkpt lat="45.61676642" lon="2.81662110"><ele>1313.880</ele><time>2026-09-25T08:12:16Z</time><speed>0.000</speed><sat>30</sat></trkpt>
  <trkpt lat="45.61676597" lon="2.81662122"><ele>1313.854</ele><time>2026-09-25T08:12:19Z</time><speed>0.000</speed><sat>30</sat></trkpt>
  <trkpt lat="45.61676554" lon="2.81662169"><ele>1313.887</ele><time>2026-09-25T08:12:22Z</time><speed>0.000</speed><sat>30</sat></trkpt>
  <trkpt lat="45.61676524" lon="2.81662188"><ele>1313.900</ele><time>2026-09-25T08:12:25Z</time><speed>0.000</speed><sat>30</sat></trkpt>
  <trkpt lat="45.61676506" lon="2.81662213"><ele>1313.922</ele><time>2026-09-25T08:12:28Z</time><speed>0.000</speed><sat>29</sat></trkpt>
  <trkpt lat="45.61676498" lon="2.81662290"><ele>1313.976</ele><time>2026-09-25T08:12:31Z</time><speed>0.000</speed><sat>29</sat></trkpt>
  <trkpt lat="45.61676459" lon="2.81662322"><ele>1314.032</ele><time>2026-09-25T08:12:34Z</time><speed>0.000</speed><sat>29</sat></trkpt>
  <trkpt lat="45.61676412" lon="2.81662372"><ele>1314.078</ele><time>2026-09-25T08:12:37Z</time><speed>0.000</speed><sat>29</sat></trkpt>
  <trkpt lat="45.61676388" lon="2.81662460"><ele>1314.100</ele><time>2026-09-25T08:12:40Z</time><speed>0.000</speed><sat>28</sat></trkpt>
  <trkpt lat="45.61676385" lon="2.81662531"><ele>1314.108</ele><time>2026-09-25T08:12:43Z</time><speed>0.000</speed><sat>25</sat></trkpt>
  <trkpt lat="45.61676383" lon="2.81662573"><ele>1314.104</ele><time>2026-09-25T08:12:46Z</time><speed>0.000</speed><sat>27</sat></trkpt>
  <trkpt lat="45.61676395" lon="2.81662707"><ele>1314.063</ele><time>2026-09-25T08:12:49Z</time><speed>0.000</speed><sat>27</sat></trkpt>
  <trkpt lat="45.61676388" lon="2.81662851"><ele>1313.977</ele><time>2026-09-25T08:12:52Z</time><speed>0.000</speed><sat>27</sat></trkpt>
  <trkpt lat="45.61676399" lon="2.81662992"><ele>1313.933</ele><time>2026-09-25T08:12:55Z</time><speed>0.000</speed><sat>27</sat></trkpt>
  <trkpt lat="45.61676391" lon="2.81663006"><ele>1313.899</ele><time>2026-09-25T08:12:58Z</time><speed>0.000</speed><sat>29</sat></trkpt>
  <trkpt lat="45.61676396" lon="2.81663015"><ele>1313.909</ele><time>2026-09-25T08:13:01Z</time><speed>0.000</speed><sat>30</sat></trkpt>
  <trkpt lat="45.61676409" lon="2.81663051"><ele>1313.922</ele><time>2026-09-25T08:13:04Z</time><speed>0.000</speed><sat>27</sat></trkpt>
  <trkpt lat="45.61676416" lon="2.81663121"><ele>1313.923</ele><time>2026-09-25T08:13:07Z</time><speed>0.000</speed><sat>27</sat></trkpt>
  <trkpt lat="45.61676430" lon="2.81663151"><ele>1314.010</ele><time>2026-09-25T08:13:10Z</time><speed>0.000</speed><sat>26</sat></trkpt>
  <trkpt lat="45.61676430" lon="2.81663182"><ele>1314.115</ele><time>2026-09-25T08:13:13Z</time><speed>0.000</speed><sat>29</sat></trkpt>
  <trkpt lat="45.61676424" lon="2.81663243"><ele>1314.200</ele><time>2026-09-25T08:13:16Z</time><speed>0.000</speed><sat>29</sat></trkpt>
  <trkpt lat="45.61676431" lon="2.81663266"><ele>1314.232</ele><time>2026-09-25T08:13:19Z</time><speed>0.000</speed><sat>27</sat></trkpt>
  <trkpt lat="45.61676439" lon="2.81663292"><ele>1314.285</ele><time>2026-09-25T08:13:22Z</time><speed>0.000</speed><sat>28</sat></trkpt>
  <trkpt lat="45.61676440" lon="2.81663326"><ele>1314.303</ele><time>2026-09-25T08:13:25Z</time><speed>0.000</speed><sat>27</sat></trkpt>
  <trkpt lat="45.61676423" lon="2.81663380"><ele>1314.217</ele><time>2026-09-25T08:13:28Z</time><speed>0.000</speed><sat>27</sat></trkpt>
  <trkpt lat="45.61676399" lon="2.81663484"><ele>1314.107</ele><time>2026-09-25T08:13:31Z</time><speed>0.000</speed><sat>28</sat></trkpt>
  <trkpt lat="45.61676435" lon="2.81663651"><ele>1314.060</ele><time>2026-09-25T08:13:34Z</time><speed>0.000</speed><sat>26</sat></trkpt>
  <trkpt lat="45.61676432" lon="2.81663741"><ele>1314.016</ele><time>2026-09-25T08:13:37Z</time><speed>0.000</speed><sat>24</sat></trkpt>
  <trkpt lat="45.61676429" lon="2.81663789"><ele>1314.000</ele><time>2026-09-25T08:13:40Z</time><speed>0.000</speed><sat>26</sat></trkpt>
  <trkpt lat="45.61676425" lon="2.81663905"><ele>1313.952</ele><time>2026-09-25T08:13:43Z</time><speed>0.000</speed><sat>27</sat></trkpt>
  <trkpt lat="45.61676425" lon="2.81663964"><ele>1313.933</ele><time>2026-09-25T08:13:46Z</time><speed>0.000</speed><sat>27</sat></trkpt>
  <trkpt lat="45.61676421" lon="2.81664029"><ele>1313.876</ele><time>2026-09-25T08:13:49Z</time><speed>0.000</speed><sat>25</sat></trkpt>
  <trkpt lat="45.61676409" lon="2.81664105"><ele>1313.831</ele><time>2026-09-25T08:13:52Z</time><speed>0.000</speed><sat>25</sat></trkpt>
  <trkpt lat="45.61676405" lon="2.81664143"><ele>1313.821</ele><time>2026-09-25T08:13:55Z</time><speed>0.000</speed><sat>26</sat></trkpt>
  <trkpt lat="45.61676428" lon="2.81664222"><ele>1313.801</ele><time>2026-09-25T08:13:58Z</time><speed>0.000</speed><sat>26</sat></trkpt>
  <trkpt lat="45.61676426" lon="2.81664226"><ele>1313.788</ele><time>2026-09-25T08:14:01Z</time><speed>0.000</speed><sat>27</sat></trkpt>
  <trkpt lat="45.61676120" lon="2.81664604"><ele>1314.301</ele><time>2026-09-25T08:14:04Z</time><speed>0.000</speed><sat>27</sat></trkpt>
  <trkpt lat="45.61676098" lon="2.81664662"><ele>1314.283</ele><time>2026-09-25T08:14:07Z</time><speed>0.000</speed><sat>28</sat></trkpt>
  <trkpt lat="45.61676063" lon="2.81664666"><ele>1314.190</ele><time>2026-09-25T08:14:10Z</time><speed>0.000</speed><sat>28</sat></trkpt>
  <trkpt lat="45.61676079" lon="2.81664672"><ele>1314.178</ele><time>2026-09-25T08:14:13Z</time><speed>0.000</speed><sat>28</sat></trkpt>
  <trkpt lat="45.61676089" lon="2.81664716"><ele>1314.117</ele><time>2026-09-25T08:14:16Z</time><speed>0.000</speed><sat>28</sat></trkpt>
  <trkpt lat="45.61676117" lon="2.81664811"><ele>1314.132</ele><time>2026-09-25T08:14:19Z</time><speed>0.000</speed><sat>29</sat></trkpt>
  <trkpt lat="45.61676111" lon="2.81664872"><ele>1314.123</ele><time>2026-09-25T08:14:22Z</time><speed>0.000</speed><sat>28</sat></trkpt>
  <trkpt lat="45.61676116" lon="2.81664895"><ele>1314.116</ele><time>2026-09-25T08:14:25Z</time><speed>0.000</speed><sat>27</sat></trkpt>
  <trkpt lat="45.61676110" lon="2.81664899"><ele>1314.110</ele><time>2026-09-25T08:14:28Z</time><speed>0.000</speed><sat>27</sat></trkpt>
  <trkpt lat="45.61676144" lon="2.81664953"><ele>1314.170</ele><time>2026-09-25T08:14:31Z</time><speed>0.000</speed><sat>27</sat></trkpt>
  <trkpt lat="45.61676171" lon="2.81664990"><ele>1314.559</ele><time>2026-09-25T08:14:34Z</time><speed>0.000</speed><sat>27</sat></trkpt>
  <trkpt lat="45.61675932" lon="2.81663237"><ele>1315.859</ele><time>2026-09-25T08:14:37Z</time><speed>0.530</speed><sat>28</sat></trkpt>
  <trkpt lat="45.61676044" lon="2.81661812"><ele>1315.648</ele><time>2026-09-25T08:14:40Z</time><speed>0.000</speed><sat>31</sat></trkpt>
  <trkpt lat="45.61675496" lon="2.81658875"><ele>1316.872</ele><time>2026-09-25T08:14:43Z</time><speed>0.750</speed><sat>31</sat></trkpt>
  <trkpt lat="45.61674707" lon="2.81656962"><ele>1319.526</ele><time>2026-09-25T08:14:46Z</time><speed>0.490</speed><sat>30</sat></trkpt>
  <trkpt lat="45.61674498" lon="2.81654293"><ele>1319.468</ele><time>2026-09-25T08:14:49Z</time><speed>0.000</speed><sat>30</sat></trkpt>
  <trkpt lat="45.61675186" lon="2.81651953"><ele>1319.974</ele><time>2026-09-25T08:14:52Z</time><speed>0.740</speed><sat>31</sat></trkpt>
  <trkpt lat="45.61675763" lon="2.81648863"><ele>1320.705</ele><time>2026-09-25T08:14:55Z</time><speed>0.760</speed><sat>33</sat></trkpt>
  <trkpt lat="45.61675140" lon="2.81645764"><ele>1321.036</ele><time>2026-09-25T08:14:58Z</time><speed>0.760</speed><sat>32</sat></trkpt>
  <trkpt lat="45.61674915" lon="2.81642538"><ele>1321.903</ele><time>2026-09-25T08:15:01Z</time><speed>0.760</speed><sat>32</sat></trkpt>
  <trkpt lat="45.61674623" lon="2.81639334"><ele>1321.894</ele><time>2026-09-25T08:15:04Z</time><speed>0.780</speed><sat>33</sat></trkpt>
  <trkpt lat="45.61675033" lon="2.81636654"><ele>1322.431</ele><time>2026-09-25T08:15:07Z</time><speed>0.000</speed><sat>32</sat></trkpt>
  <trkpt lat="45.61675205" lon="2.81635620"><ele>1322.119</ele><time>2026-09-25T08:15:10Z</time><speed>0.000</speed><sat>31</sat></trkpt>
  <trkpt lat="45.61676118" lon="2.81635172"><ele>1322.303</ele><time>2026-09-25T08:15:13Z</time><speed>0.000</speed><sat>31</sat></trkpt>
  <trkpt lat="45.61677264" lon="2.81635130"><ele>1322.482</ele><time>2026-09-25T08:15:16Z</time><speed>0.760</speed><sat>30</sat></trkpt>
  <trkpt lat="45.61679002" lon="2.81633872"><ele>1324.559</ele><time>2026-09-25T08:15:19Z</time><speed>0.900</speed><sat>30</sat></trkpt>
  <trkpt lat="45.61679216" lon="2.81631040"><ele>1323.326</ele><time>2026-09-25T08:15:22Z</time><speed>0.730</speed><sat>32</sat></trkpt>
  <trkpt lat="45.61677868" lon="2.81627893"><ele>1323.746</ele><time>2026-09-25T08:15:25Z</time><speed>1.060</speed><sat>33</sat></trkpt>
  <trkpt lat="45.61677328" lon="2.81625844"><ele>1323.387</ele><time>2026-09-25T08:15:28Z</time><speed>0.590</speed><sat>31</sat></trkpt>
  <trkpt lat="45.61678399" lon="2.81624373"><ele>1322.746</ele><time>2026-09-25T08:15:31Z</time><speed>0.750</speed><sat>30</sat></trkpt>
  <trkpt lat="45.61678825" lon="2.81624514"><ele>1323.875</ele><time>2026-09-25T08:15:34Z</time><speed>0.720</speed><sat>31</sat></trkpt>
  <trkpt lat="45.61678986" lon="2.81625053"><ele>1324.947</ele><time>2026-09-25T08:15:37Z</time><speed>0.290</speed><sat>31</sat></trkpt>
  <trkpt lat="45.61679515" lon="2.81625946"><ele>1325.499</ele><time>2026-09-25T08:15:40Z</time><speed>0.000</speed><sat>30</sat></trkpt>
  <trkpt lat="45.61680900" lon="2.81624833"><ele>1325.755</ele><time>2026-09-25T08:15:43Z</time><speed>0.980</speed><sat>30</sat></trkpt>
  <trkpt lat="45.61681070" lon="2.81621962"><ele>1326.688</ele><time>2026-09-25T08:15:46Z</time><speed>0.760</speed><sat>31</sat></trkpt>
  <trkpt lat="45.61680823" lon="2.81618568"><ele>1326.828</ele><time>2026-09-25T08:15:49Z</time><speed>0.890</speed><sat>32</sat></trkpt>
  <trkpt lat="45.61679578" lon="2.81616335"><ele>1328.350</ele><time>2026-09-25T08:15:52Z</time><speed>0.700</speed><sat>31</sat></trkpt>
  <trkpt lat="45.61679129" lon="2.81613706"><ele>1327.393</ele><time>2026-09-25T08:15:55Z</time><speed>0.880</speed><sat>30</sat></trkpt>
  <trkpt lat="45.61677574" lon="2.81612462"><ele>1328.933</ele><time>2026-09-25T08:15:58Z</time><speed>0.610</speed><sat>31</sat></trkpt>
  <trkpt lat="45.61676707" lon="2.81611186"><ele>1328.974</ele><time>2026-09-25T08:16:01Z</time><speed>0.540</speed><sat>30</sat></trkpt>
  <trkpt lat="45.61677018" lon="2.81611077"><ele>1329.017</ele><time>2026-09-25T08:16:04Z</time><speed>0.000</speed><sat>28</sat></trkpt>
  <trkpt lat="45.61677106" lon="2.81611100"><ele>1328.945</ele><time>2026-09-25T08:16:07Z</time><speed>0.000</speed><sat>31</sat></trkpt>
  <trkpt lat="45.61675222" lon="2.81613173"><ele>1328.284</ele><time>2026-09-25T08:16:10Z</time><speed>0.000</speed><sat>31</sat></trkpt>
  <trkpt lat="45.61676517" lon="2.81613572"><ele>1328.984</ele><time>2026-09-25T08:16:13Z</time><speed>0.680</speed><sat>29</sat></trkpt>
  <trkpt lat="45.61678882" lon="2.81617889"><ele>1330.250</ele><time>2026-09-25T08:16:16Z</time><speed>0.750</speed><sat>31</sat></trkpt>
  <trkpt lat="45.61680684" lon="2.81619522"><ele>1330.583</ele><time>2026-09-25T08:16:19Z</time><speed>0.000</speed><sat>31</sat></trkpt>
  <trkpt lat="45.61683181" lon="2.81620967"><ele>1329.871</ele><time>2026-09-25T08:16:22Z</time><speed>0.550</speed><sat>30</sat></trkpt>
  <trkpt lat="45.61684826" lon="2.81622149"><ele>1329.815</ele><time>2026-09-25T08:16:25Z</time><speed>0.410</speed><sat>29</sat></trkpt>
  <trkpt lat="45.61686308" lon="2.81622170"><ele>1330.843</ele><time>2026-09-25T08:16:28Z</time><speed>0.620</speed><sat>29</sat></trkpt>
  <trkpt lat="45.61687693" lon="2.81622003"><ele>1329.770</ele><time>2026-09-25T08:16:31Z</time><speed>0.590</speed><sat>28</sat></trkpt>
  <trkpt lat="45.61689293" lon="2.81623013"><ele>1329.729</ele><time>2026-09-25T08:16:34Z</time><speed>0.000</speed><sat>29</sat></trkpt>
  <trkpt lat="45.61689844" lon="2.81623318"><ele>1330.691</ele><time>2026-09-25T08:16:37Z</time><speed>0.170</speed><sat>27</sat></trkpt>
  <trkpt lat="45.61690295" lon="2.81624028"><ele>1331.654</ele><time>2026-09-25T08:16:40Z</time><speed>0.400</speed><sat>32</sat></trkpt>
  <trkpt lat="45.61691270" lon="2.81621380"><ele>1331.797</ele><time>2026-09-25T08:16:43Z</time><speed>0.700</speed><sat>32</sat></trkpt>
  <trkpt lat="45.61692783" lon="2.81621422"><ele>1332.195</ele><time>2026-09-25T08:16:46Z</time><speed>0.820</speed><sat>31</sat></trkpt>
  <trkpt lat="45.61693854" lon="2.81621455"><ele>1331.295</ele><time>2026-09-25T08:16:49Z</time><speed>0.700</speed><sat>30</sat></trkpt>
  <trkpt lat="45.61695266" lon="2.81622406"><ele>1331.505</ele><time>2026-09-25T08:16:52Z</time><speed>0.660</speed><sat>30</sat></trkpt>
  <trkpt lat="45.61697152" lon="2.81622455"><ele>1330.945</ele><time>2026-09-25T08:16:55Z</time><speed>0.490</speed><sat>31</sat></trkpt>
  <trkpt lat="45.61698550" lon="2.81623541"><ele>1332.172</ele><time>2026-09-25T08:16:58Z</time><speed>0.470</speed><sat>31</sat></trkpt>
  <trkpt lat="45.61699906" lon="2.81624788"><ele>1334.287</ele><time>2026-09-25T08:17:01Z</time><speed>0.730</speed><sat>30</sat></trkpt>
  <trkpt lat="45.61701651" lon="2.81625134"><ele>1334.259</ele><time>2026-09-25T08:17:04Z</time><speed>0.540</speed><sat>30</sat></trkpt>
  <trkpt lat="45.61703396" lon="2.81624856"><ele>1334.609</ele><time>2026-09-25T08:17:07Z</time><speed>0.590</speed><sat>31</sat></trkpt>
  <trkpt lat="45.61704755" lon="2.81624992"><ele>1335.278</ele><time>2026-09-25T08:17:10Z</time><speed>0.440</speed><sat>30</sat></trkpt>
  <trkpt lat="45.61705433" lon="2.81625551"><ele>1335.112</ele><time>2026-09-25T08:17:13Z</time><speed>0.000</speed><sat>30</sat></trkpt>
  <trkpt lat="45.61706138" lon="2.81624435"><ele>1335.490</ele><time>2026-09-25T08:17:16Z</time><speed>0.350</speed><sat>30</sat></trkpt>
  <trkpt lat="45.61706872" lon="2.81624659"><ele>1336.262</ele><time>2026-09-25T08:17:19Z</time><speed>0.270</speed><sat>29</sat></trkpt>
  <trkpt lat="45.61708824" lon="2.81624328"><ele>1336.894</ele><time>2026-09-25T08:17:22Z</time><speed>0.590</speed><sat>30</sat></trkpt>
  <trkpt lat="45.61710267" lon="2.81624183"><ele>1337.931</ele><time>2026-09-25T08:17:25Z</time><speed>0.570</speed><sat>33</sat></trkpt>
  <trkpt lat="45.61711227" lon="2.81622443"><ele>1338.788</ele><time>2026-09-25T08:17:28Z</time><speed>0.000</speed><sat>34</sat></trkpt>
  <trkpt lat="45.61712055" lon="2.81621748"><ele>1338.913</ele><time>2026-09-25T08:17:31Z</time><speed>0.000</speed><sat>33</sat></trkpt>
  <trkpt lat="45.61712881" lon="2.81620457"><ele>1339.235</ele><time>2026-09-25T08:17:34Z</time><speed>0.580</speed><sat>33</sat></trkpt>
  <trkpt lat="45.61714045" lon="2.81618643"><ele>1339.707</ele><time>2026-09-25T08:17:37Z</time><speed>0.610</speed><sat>32</sat></trkpt>
  <trkpt lat="45.61714608" lon="2.81615616"><ele>1339.854</ele><time>2026-09-25T08:17:40Z</time><speed>0.630</speed><sat>32</sat></trkpt>
  <trkpt lat="45.61715704" lon="2.81613897"><ele>1339.365</ele><time>2026-09-25T08:17:43Z</time><speed>0.560</speed><sat>32</sat></trkpt>
  <trkpt lat="45.61716625" lon="2.81612472"><ele>1339.842</ele><time>2026-09-25T08:17:46Z</time><speed>0.710</speed><sat>32</sat></trkpt>
  <trkpt lat="45.61716928" lon="2.81611906"><ele>1340.281</ele><time>2026-09-25T08:17:49Z</time><speed>0.000</speed><sat>31</sat></trkpt>
  <trkpt lat="45.61717818" lon="2.81609236"><ele>1341.219</ele><time>2026-09-25T08:17:52Z</time><speed>0.540</speed><sat>29</sat></trkpt>
  <trkpt lat="45.61716563" lon="2.81605682"><ele>1339.469</ele><time>2026-09-25T08:17:55Z</time><speed>0.560</speed><sat>29</sat></trkpt>
  <trkpt lat="45.61715474" lon="2.81604472"><ele>1339.898</ele><time>2026-09-25T08:17:58Z</time><speed>0.000</speed><sat>34</sat></trkpt>
  <trkpt lat="45.61714545" lon="2.81603832"><ele>1340.099</ele><time>2026-09-25T08:18:01Z</time><speed>0.380</speed><sat>33</sat></trkpt>
  <trkpt lat="45.61713898" lon="2.81601953"><ele>1339.431</ele><time>2026-09-25T08:18:04Z</time><speed>0.750</speed><sat>34</sat></trkpt>
  <trkpt lat="45.61713931" lon="2.81600856"><ele>1338.687</ele><time>2026-09-25T08:18:07Z</time><speed>0.520</speed><sat>33</sat></trkpt>
  <trkpt lat="45.61713195" lon="2.81599536"><ele>1339.513</ele><time>2026-09-25T08:18:10Z</time><speed>0.230</speed><sat>33</sat></trkpt>
  <trkpt lat="45.61713054" lon="2.81597292"><ele>1341.308</ele><time>2026-09-25T08:18:13Z</time><speed>0.490</speed><sat>32</sat></trkpt>
  <trkpt lat="45.61712585" lon="2.81595358"><ele>1341.435</ele><time>2026-09-25T08:18:16Z</time><speed>0.490</speed><sat>34</sat></trkpt>
  <trkpt lat="45.61712524" lon="2.81593736"><ele>1341.367</ele><time>2026-09-25T08:18:19Z</time><speed>0.540</speed><sat>34</sat></trkpt>
  <trkpt lat="45.61713035" lon="2.81592964"><ele>1342.411</ele><time>2026-09-25T08:18:22Z</time><speed>0.430</speed><sat>32</sat></trkpt>
  <trkpt lat="45.61712751" lon="2.81590986"><ele>1342.290</ele><time>2026-09-25T08:18:25Z</time><speed>0.790</speed><sat>31</sat></trkpt>
  <trkpt lat="45.61712926" lon="2.81588709"><ele>1341.100</ele><time>2026-09-25T08:18:28Z</time><speed>0.540</speed><sat>32</sat></trkpt>
  <trkpt lat="45.61712645" lon="2.81586063"><ele>1341.726</ele><time>2026-09-25T08:18:31Z</time><speed>0.500</speed><sat>33</sat></trkpt>
  <trkpt lat="45.61712143" lon="2.81583584"><ele>1342.251</ele><time>2026-09-25T08:18:34Z</time><speed>0.240</speed><sat>33</sat></trkpt>
  <trkpt lat="45.61711079" lon="2.81581146"><ele>1343.417</ele><time>2026-09-25T08:18:37Z</time><speed>0.820</speed><sat>34</sat></trkpt>
  <trkpt lat="45.61709992" lon="2.81580608"><ele>1343.824</ele><time>2026-09-25T08:18:40Z</time><speed>0.000</speed><sat>33</sat></trkpt>
  <trkpt lat="45.61709727" lon="2.81578900"><ele>1343.678</ele><time>2026-09-25T08:18:43Z</time><speed>0.490</speed><sat>31</sat></trkpt>
  <trkpt lat="45.61709455" lon="2.81577029"><ele>1344.153</ele><time>2026-09-25T08:18:46Z</time><speed>0.430</speed><sat>32</sat></trkpt>
  <trkpt lat="45.61708918" lon="2.81576093"><ele>1343.253</ele><time>2026-09-25T08:18:49Z</time><speed>0.440</speed><sat>33</sat></trkpt>
  <trkpt lat="45.61708273" lon="2.81574120"><ele>1343.691</ele><time>2026-09-25T08:18:52Z</time><speed>0.580</speed><sat>35</sat></trkpt>
  <trkpt lat="45.61707659" lon="2.81572423"><ele>1343.772</ele><time>2026-09-25T08:18:55Z</time><speed>0.420</speed><sat>35</sat></trkpt>
  <trkpt lat="45.61706383" lon="2.81571428"><ele>1342.966</ele><time>2026-09-25T08:18:58Z</time><speed>0.460</speed><sat>33</sat></trkpt>
  <trkpt lat="45.61705296" lon="2.81570758"><ele>1342.889</ele><time>2026-09-25T08:19:01Z</time><speed>0.000</speed><sat>34</sat></trkpt>
  <trkpt lat="45.61705237" lon="2.81568994"><ele>1343.070</ele><time>2026-09-25T08:19:04Z</time><speed>0.580</speed><sat>33</sat></trkpt>
  <trkpt lat="45.61705424" lon="2.81568206"><ele>1343.353</ele><time>2026-09-25T08:19:07Z</time><speed>0.000</speed><sat>34</sat></trkpt>
  <trkpt lat="45.61705406" lon="2.81568156"><ele>1343.379</ele><time>2026-09-25T08:19:10Z</time><speed>0.000</speed><sat>32</sat></trkpt>
  <trkpt lat="45.61705386" lon="2.81568135"><ele>1343.370</ele><time>2026-09-25T08:19:13Z</time><speed>0.000</speed><sat>31</sat></trkpt>
  <trkpt lat="45.61705383" lon="2.81568126"><ele>1343.378</ele><time>2026-09-25T08:19:16Z</time><speed>0.000</speed><sat>29</sat></trkpt>
  <trkpt lat="45.61705889" lon="2.81567686"><ele>1343.973</ele><time>2026-09-25T08:19:19Z</time><speed>0.000</speed><sat>29</sat></trkpt>
  <trkpt lat="45.61705120" lon="2.81567282"><ele>1343.467</ele><time>2026-09-25T08:19:22Z</time><speed>0.000</speed><sat>28</sat></trkpt>
  <trkpt lat="45.61705105" lon="2.81567172"><ele>1343.525</ele><time>2026-09-25T08:19:28Z</time><speed>0.000</speed><sat>28</sat></trkpt>
  <trkpt lat="45.61705131" lon="2.81567127"><ele>1343.472</ele><time>2026-09-25T08:19:31Z</time><speed>0.000</speed><sat>29</sat></trkpt>
  <trkpt lat="45.61705076" lon="2.81567077"><ele>1343.433</ele><time>2026-09-25T08:19:34Z</time><speed>0.000</speed><sat>29</sat></trkpt>
  <trkpt lat="45.61704994" lon="2.81567070"><ele>1343.274</ele><time>2026-09-25T08:19:37Z</time><speed>0.000</speed><sat>28</sat></trkpt>
  <trkpt lat="45.61705038" lon="2.81567010"><ele>1343.213</ele><time>2026-09-25T08:19:40Z</time><speed>0.000</speed><sat>26</sat></trkpt>
  <trkpt lat="45.61705042" lon="2.81566963"><ele>1343.149</ele><time>2026-09-25T08:19:43Z</time><speed>0.000</speed><sat>26</sat></trkpt>
  <trkpt lat="45.61705059" lon="2.81566928"><ele>1343.023</ele><time>2026-09-25T08:19:46Z</time><speed>0.000</speed><sat>27</sat></trkpt>
  <trkpt lat="45.61705063" lon="2.81566850"><ele>1343.034</ele><time>2026-09-25T08:19:49Z</time><speed>0.000</speed><sat>27</sat></trkpt>
  <trkpt lat="45.61705042" lon="2.81566870"><ele>1343.017</ele><time>2026-09-25T08:19:52Z</time><speed>0.000</speed><sat>28</sat></trkpt>
  <trkpt lat="45.61705035" lon="2.81566855"><ele>1343.020</ele><time>2026-09-25T08:19:55Z</time><speed>0.000</speed><sat>29</sat></trkpt>
  <trkpt lat="45.61705041" lon="2.81566892"><ele>1342.997</ele><time>2026-09-25T08:19:58Z</time><speed>0.000</speed><sat>29</sat></trkpt>
  <trkpt lat="45.61705037" lon="2.81566901"><ele>1343.018</ele><time>2026-09-25T08:20:01Z</time><speed>0.000</speed><sat>29</sat></trkpt>
  <trkpt lat="45.61704891" lon="2.81566712"><ele>1343.124</ele><time>2026-09-25T08:20:04Z</time><speed>0.000</speed><sat>29</sat></trkpt>
  <trkpt lat="45.61704870" lon="2.81566723"><ele>1343.170</ele><time>2026-09-25T08:20:07Z</time><speed>0.000</speed><sat>29</sat></trkpt>
  <trkpt lat="45.61704953" lon="2.81566730"><ele>1343.185</ele><time>2026-09-25T08:20:10Z</time><speed>0.000</speed><sat>27</sat></trkpt>
  <trkpt lat="45.61704968" lon="2.81566733"><ele>1343.203</ele><time>2026-09-25T08:20:13Z</time><speed>0.000</speed><sat>24</sat></trkpt>
  <trkpt lat="45.61704965" lon="2.81566724"><ele>1343.175</ele><time>2026-09-25T08:20:16Z</time><speed>0.000</speed><sat>26</sat></trkpt>
  <trkpt lat="45.61704956" lon="2.81566705"><ele>1343.122</ele><time>2026-09-25T08:20:19Z</time><speed>0.000</speed><sat>27</sat></trkpt>
  <trkpt lat="45.61704963" lon="2.81566667"><ele>1343.067</ele><time>2026-09-25T08:20:22Z</time><speed>0.000</speed><sat>27</sat></trkpt>
  <trkpt lat="45.61705025" lon="2.81566653"><ele>1343.055</ele><time>2026-09-25T08:20:25Z</time><speed>0.000</speed><sat>27</sat></trkpt>
  <trkpt lat="45.61705063" lon="2.81566675"><ele>1343.126</ele><time>2026-09-25T08:20:28Z</time><speed>0.000</speed><sat>25</sat></trkpt>
  <trkpt lat="45.61705109" lon="2.81566705"><ele>1343.236</ele><time>2026-09-25T08:20:31Z</time><speed>0.000</speed><sat>28</sat></trkpt>
  <trkpt lat="45.61705095" lon="2.81566755"><ele>1343.380</ele><time>2026-09-25T08:20:34Z</time><speed>0.000</speed><sat>28</sat></trkpt>
  <trkpt lat="45.61705085" lon="2.81566762"><ele>1343.419</ele><time>2026-09-25T08:20:37Z</time><speed>0.000</speed><sat>28</sat></trkpt>
  <trkpt lat="45.61705105" lon="2.81566777"><ele>1343.447</ele><time>2026-09-25T08:20:40Z</time><speed>0.000</speed><sat>28</sat></trkpt>
  <trkpt lat="45.61705080" lon="2.81566960"><ele>1343.348</ele><time>2026-09-25T08:20:43Z</time><speed>0.000</speed><sat>28</sat></trkpt>
  <trkpt lat="45.61704803" lon="2.81567014"><ele>1343.930</ele><time>2026-09-25T08:20:46Z</time><speed>0.000</speed><sat>28</sat></trkpt>
  <trkpt lat="45.61704825" lon="2.81567026"><ele>1343.906</ele><time>2026-09-25T08:20:49Z</time><speed>0.000</speed><sat>29</sat></trkpt>
  <trkpt lat="45.61705072" lon="2.81566953"><ele>1343.699</ele><time>2026-09-25T08:20:52Z</time><speed>0.000</speed><sat>29</sat></trkpt>
  <trkpt lat="45.61705091" lon="2.81566976"><ele>1343.713</ele><time>2026-09-25T08:20:55Z</time><speed>0.000</speed><sat>29</sat></trkpt>
  <trkpt lat="45.61705095" lon="2.81566980"><ele>1343.727</ele><time>2026-09-25T08:20:58Z</time><speed>0.000</speed><sat>30</sat></trkpt>
  <trkpt lat="45.61705110" lon="2.81566984"><ele>1343.742</ele><time>2026-09-25T08:21:01Z</time><speed>0.000</speed><sat>27</sat></trkpt>
  <trkpt lat="45.61705116" lon="2.81566958"><ele>1343.726</ele><time>2026-09-25T08:21:04Z</time><speed>0.000</speed><sat>25</sat></trkpt>
  <trkpt lat="45.61705093" lon="2.81566935"><ele>1343.713</ele><time>2026-09-25T08:21:07Z</time><speed>0.000</speed><sat>28</sat></trkpt>
  <trkpt lat="45.61704720" lon="2.81567598"><ele>1343.241</ele><time>2026-09-25T08:21:10Z</time><speed>0.190</speed><sat>29</sat></trkpt>
  <trkpt lat="45.61704968" lon="2.81568426"><ele>1343.156</ele><time>2026-09-25T08:21:13Z</time><speed>0.000</speed><sat>29</sat></trkpt>
  <trkpt lat="45.61704993" lon="2.81568483"><ele>1343.161</ele><time>2026-09-25T08:21:16Z</time><speed>0.000</speed><sat>30</sat></trkpt>
  <trkpt lat="45.61705161" lon="2.81568596"><ele>1343.302</ele><time>2026-09-25T08:21:19Z</time><speed>0.000</speed><sat>30</sat></trkpt>
  <trkpt lat="45.61705443" lon="2.81568981"><ele>1344.326</ele><time>2026-09-25T08:21:22Z</time><speed>0.370</speed><sat>30</sat></trkpt>
  <trkpt lat="45.61705634" lon="2.81568785"><ele>1344.275</ele><time>2026-09-25T08:21:25Z</time><speed>0.000</speed><sat>32</sat></trkpt>
  <trkpt lat="45.61705647" lon="2.81568761"><ele>1344.300</ele><time>2026-09-25T08:21:28Z</time><speed>0.000</speed><sat>31</sat></trkpt>
  <trkpt lat="45.61705693" lon="2.81568776"><ele>1344.222</ele><time>2026-09-25T08:21:31Z</time><speed>0.250</speed><sat>27</sat></trkpt>
  <trkpt lat="45.61705834" lon="2.81568846"><ele>1343.862</ele><time>2026-09-25T08:21:34Z</time><speed>0.000</speed><sat>29</sat></trkpt>
  <trkpt lat="45.61705920" lon="2.81568891"><ele>1343.863</ele><time>2026-09-25T08:21:37Z</time><speed>0.000</speed><sat>30</sat></trkpt>
  <trkpt lat="45.61705935" lon="2.81568926"><ele>1343.902</ele><time>2026-09-25T08:21:40Z</time><speed>0.000</speed><sat>31</sat></trkpt>
  <trkpt lat="45.61705932" lon="2.81568905"><ele>1343.977</ele><time>2026-09-25T08:21:43Z</time><speed>0.000</speed><sat>33</sat></trkpt>
  <trkpt lat="45.61705946" lon="2.81568933"><ele>1343.996</ele><time>2026-09-25T08:21:46Z</time><speed>0.000</speed><sat>34</sat></trkpt>
  <trkpt lat="45.61705944" lon="2.81569012"><ele>1344.078</ele><time>2026-09-25T08:21:49Z</time><speed>0.290</speed><sat>32</sat></trkpt>
  <trkpt lat="45.61705793" lon="2.81569018"><ele>1344.097</ele><time>2026-09-25T08:21:52Z</time><speed>0.000</speed><sat>29</sat></trkpt>
  <trkpt lat="45.61705792" lon="2.81569002"><ele>1344.058</ele><time>2026-09-25T08:21:55Z</time><speed>0.000</speed><sat>31</sat></trkpt>
  <trkpt lat="45.61705802" lon="2.81569007"><ele>1344.064</ele><time>2026-09-25T08:21:58Z</time><speed>0.000</speed><sat>31</sat></trkpt>
  <trkpt lat="45.61705724" lon="2.81569072"><ele>1344.222</ele><time>2026-09-25T08:22:01Z</time><speed>0.000</speed><sat>32</sat></trkpt>
  <trkpt lat="45.61705672" lon="2.81569041"><ele>1344.210</ele><time>2026-09-25T08:22:04Z</time><speed>0.000</speed><sat>30</sat></trkpt>
  <trkpt lat="45.61705669" lon="2.81569014"><ele>1344.205</ele><time>2026-09-25T08:22:07Z</time><speed>0.000</speed><sat>30</sat></trkpt>
  <trkpt lat="45.61705694" lon="2.81569037"><ele>1344.206</ele><time>2026-09-25T08:22:10Z</time><speed>0.000</speed><sat>29</sat></trkpt>
  <trkpt lat="45.61705670" lon="2.81569007"><ele>1344.198</ele><time>2026-09-25T08:22:13Z</time><speed>0.000</speed><sat>33</sat></trkpt>
  <trkpt lat="45.61705665" lon="2.81568975"><ele>1344.158</ele><time>2026-09-25T08:22:16Z</time><speed>0.000</speed><sat>34</sat></trkpt>
  <trkpt lat="45.61705678" lon="2.81568922"><ele>1344.119</ele><time>2026-09-25T08:22:19Z</time><speed>0.000</speed><sat>33</sat></trkpt>
  <trkpt lat="45.61705711" lon="2.81568901"><ele>1344.089</ele><time>2026-09-25T08:22:22Z</time><speed>0.000</speed><sat>33</sat></trkpt>
  <trkpt lat="45.61705713" lon="2.81568920"><ele>1344.081</ele><time>2026-09-25T08:22:25Z</time><speed>0.000</speed><sat>34</sat></trkpt>
  <trkpt lat="45.61705707" lon="2.81568918"><ele>1344.041</ele><time>2026-09-25T08:22:28Z</time><speed>0.000</speed><sat>34</sat></trkpt>
  <trkpt lat="45.61705748" lon="2.81568827"><ele>1344.061</ele><time>2026-09-25T08:22:31Z</time><speed>0.000</speed><sat>33</sat></trkpt>
  <trkpt lat="45.61705793" lon="2.81568731"><ele>1344.076</ele><time>2026-09-25T08:22:34Z</time><speed>0.000</speed><sat>34</sat></trkpt>
  <trkpt lat="45.61705843" lon="2.81568576"><ele>1344.131</ele><time>2026-09-25T08:22:37Z</time><speed>0.000</speed><sat>32</sat></trkpt>
  <trkpt lat="45.61705879" lon="2.81568511"><ele>1344.110</ele><time>2026-09-25T08:22:40Z</time><speed>0.000</speed><sat>31</sat></trkpt>
  <trkpt lat="45.61705894" lon="2.81568462"><ele>1344.118</ele><time>2026-09-25T08:22:43Z</time><speed>0.000</speed><sat>31</sat></trkpt>
  <trkpt lat="45.61705884" lon="2.81568438"><ele>1344.069</ele><time>2026-09-25T08:22:46Z</time><speed>0.000</speed><sat>32</sat></trkpt>
  <trkpt lat="45.61705879" lon="2.81568413"><ele>1344.048</ele><time>2026-09-25T08:22:49Z</time><speed>0.000</speed><sat>33</sat></trkpt>
  <trkpt lat="45.61705882" lon="2.81568422"><ele>1344.065</ele><time>2026-09-25T08:22:52Z</time><speed>0.000</speed><sat>33</sat></trkpt>
  <trkpt lat="45.61705913" lon="2.81568448"><ele>1344.094</ele><time>2026-09-25T08:22:55Z</time><speed>0.000</speed><sat>31</sat></trkpt>
  <trkpt lat="45.61705929" lon="2.81568427"><ele>1344.099</ele><time>2026-09-25T08:22:58Z</time><speed>0.000</speed><sat>31</sat></trkpt>
  <trkpt lat="45.61705940" lon="2.81568405"><ele>1344.095</ele><time>2026-09-25T08:23:01Z</time><speed>0.000</speed><sat>31</sat></trkpt>
  <trkpt lat="45.61705975" lon="2.81568394"><ele>1344.117</ele><time>2026-09-25T08:23:04Z</time><speed>0.000</speed><sat>31</sat></trkpt>
  <trkpt lat="45.61705971" lon="2.81568386"><ele>1344.104</ele><time>2026-09-25T08:23:07Z</time><speed>0.000</speed><sat>31</sat></trkpt>
  <trkpt lat="45.61705965" lon="2.81568362"><ele>1344.123</ele><time>2026-09-25T08:23:10Z</time><speed>0.000</speed><sat>32</sat></trkpt>
  <trkpt lat="45.61705845" lon="2.81568106"><ele>1343.644</ele><time>2026-09-25T08:23:13Z</time><speed>0.000</speed><sat>32</sat></trkpt>
  <trkpt lat="45.61705582" lon="2.81567782"><ele>1343.922</ele><time>2026-09-25T08:23:16Z</time><speed>0.200</speed><sat>32</sat></trkpt>
  <trkpt lat="45.61705271" lon="2.81567992"><ele>1343.940</ele><time>2026-09-25T08:23:19Z</time><speed>0.310</speed><sat>32</sat></trkpt>
  <trkpt lat="45.61705266" lon="2.81568304"><ele>1343.963</ele><time>2026-09-25T08:23:22Z</time><speed>0.000</speed><sat>29</sat></trkpt>
  <trkpt lat="45.61705272" lon="2.81568254"><ele>1343.953</ele><time>2026-09-25T08:23:25Z</time><speed>0.000</speed><sat>30</sat></trkpt>
  <trkpt lat="45.61705271" lon="2.81568232"><ele>1343.895</ele><time>2026-09-25T08:23:28Z</time><speed>0.000</speed><sat>31</sat></trkpt>
  <trkpt lat="45.61705266" lon="2.81568229"><ele>1343.896</ele><time>2026-09-25T08:23:31Z</time><speed>0.000</speed><sat>31</sat></trkpt>
  <trkpt lat="45.61705217" lon="2.81568172"><ele>1343.867</ele><time>2026-09-25T08:23:34Z</time><speed>0.000</speed><sat>31</sat></trkpt>
  <trkpt lat="45.61705187" lon="2.81568156"><ele>1343.885</ele><time>2026-09-25T08:23:37Z</time><speed>0.000</speed><sat>31</sat></trkpt>
  <trkpt lat="45.61705183" lon="2.81568159"><ele>1343.892</ele><time>2026-09-25T08:23:40Z</time><speed>0.000</speed><sat>30</sat></trkpt>
  <trkpt lat="45.61705179" lon="2.81568164"><ele>1343.897</ele><time>2026-09-25T08:23:43Z</time><speed>0.000</speed><sat>27</sat></trkpt>
  <trkpt lat="45.61705173" lon="2.81568170"><ele>1343.898</ele><time>2026-09-25T08:23:46Z</time><speed>0.000</speed><sat>26</sat></trkpt>
  <trkpt lat="45.61705172" lon="2.81568154"><ele>1343.886</ele><time>2026-09-25T08:23:49Z</time><speed>0.000</speed><sat>27</sat></trkpt>
  <trkpt lat="45.61705167" lon="2.81568128"><ele>1343.875</ele><time>2026-09-25T08:23:52Z</time><speed>0.000</speed><sat>27</sat></trkpt>
  <trkpt lat="45.61705138" lon="2.81568124"><ele>1343.906</ele><time>2026-09-25T08:23:55Z</time><speed>0.000</speed><sat>26</sat></trkpt>
  <trkpt lat="45.61705117" lon="2.81568111"><ele>1343.896</ele><time>2026-09-25T08:23:58Z</time><speed>0.000</speed><sat>27</sat></trkpt>
  <trkpt lat="45.61705115" lon="2.81568088"><ele>1343.906</ele><time>2026-09-25T08:24:01Z</time><speed>0.000</speed><sat>27</sat></trkpt>
  <trkpt lat="45.61705009" lon="2.81568116"><ele>1343.891</ele><time>2026-09-25T08:24:04Z</time><speed>0.000</speed><sat>25</sat></trkpt>
  <trkpt lat="45.61704987" lon="2.81568070"><ele>1343.856</ele><time>2026-09-25T08:24:07Z</time><speed>0.000</speed><sat>28</sat></trkpt>
  <trkpt lat="45.61704955" lon="2.81568061"><ele>1343.837</ele><time>2026-09-25T08:24:10Z</time><speed>0.000</speed><sat>30</sat></trkpt>
  <trkpt lat="45.61704914" lon="2.81568019"><ele>1343.818</ele><time>2026-09-25T08:24:13Z</time><speed>0.000</speed><sat>28</sat></trkpt>
  <trkpt lat="45.61704906" lon="2.81568009"><ele>1343.816</ele><time>2026-09-25T08:24:16Z</time><speed>0.000</speed><sat>27</sat></trkpt>
  <trkpt lat="45.61704893" lon="2.81567990"><ele>1343.800</ele><time>2026-09-25T08:24:19Z</time><speed>0.000</speed><sat>27</sat></trkpt>
  <trkpt lat="45.61704886" lon="2.81567959"><ele>1343.783</ele><time>2026-09-25T08:24:22Z</time><speed>0.000</speed><sat>29</sat></trkpt>
  <trkpt lat="45.61704881" lon="2.81567952"><ele>1343.771</ele><time>2026-09-25T08:24:25Z</time><speed>0.000</speed><sat>30</sat></trkpt>
  <trkpt lat="45.61704872" lon="2.81567958"><ele>1343.767</ele><time>2026-09-25T08:24:28Z</time><speed>0.000</speed><sat>26</sat></trkpt>
  <trkpt lat="45.61704856" lon="2.81567957"><ele>1343.751</ele><time>2026-09-25T08:24:31Z</time><speed>0.000</speed><sat>24</sat></trkpt>
  <trkpt lat="45.61704819" lon="2.81567949"><ele>1343.721</ele><time>2026-09-25T08:24:34Z</time><speed>0.000</speed><sat>25</sat></trkpt>
  <trkpt lat="45.61704811" lon="2.81567942"><ele>1343.707</ele><time>2026-09-25T08:24:37Z</time><speed>0.000</speed><sat>27</sat></trkpt>
  <trkpt lat="45.61704810" lon="2.81567915"><ele>1343.673</ele><time>2026-09-25T08:24:40Z</time><speed>0.000</speed><sat>26</sat></trkpt>
  <trkpt lat="45.61704757" lon="2.81567951"><ele>1343.668</ele><time>2026-09-25T08:24:43Z</time><speed>0.000</speed><sat>28</sat></trkpt>
  <trkpt lat="45.61704694" lon="2.81567959"><ele>1343.462</ele><time>2026-09-25T08:24:46Z</time><speed>0.000</speed><sat>31</sat></trkpt>
  <trkpt lat="45.61704593" lon="2.81567306"><ele>1343.241</ele><time>2026-09-25T08:24:49Z</time><speed>0.000</speed><sat>31</sat></trkpt>
  <trkpt lat="45.61704594" lon="2.81567288"><ele>1343.236</ele><time>2026-09-25T08:24:52Z</time><speed>0.000</speed><sat>30</sat></trkpt>
  <trkpt lat="45.61704578" lon="2.81567253"><ele>1343.204</ele><time>2026-09-25T08:24:55Z</time><speed>0.000</speed><sat>32</sat></trkpt>
  <trkpt lat="45.61704577" lon="2.81567294"><ele>1343.152</ele><time>2026-09-25T08:24:58Z</time><speed>0.000</speed><sat>32</sat></trkpt>
  <trkpt lat="45.61704563" lon="2.81567304"><ele>1343.152</ele><time>2026-09-25T08:25:01Z</time><speed>0.000</speed><sat>33</sat></trkpt>
  <trkpt lat="45.61704570" lon="2.81567629"><ele>1343.307</ele><time>2026-09-25T08:25:04Z</time><speed>0.220</speed><sat>31</sat></trkpt>
  <trkpt lat="45.61705065" lon="2.81568026"><ele>1343.612</ele><time>2026-09-25T08:25:07Z</time><speed>0.000</speed><sat>31</sat></trkpt>
  <trkpt lat="45.61704940" lon="2.81567986"><ele>1343.653</ele><time>2026-09-25T08:25:10Z</time><speed>0.000</speed><sat>31</sat></trkpt>
  <trkpt lat="45.61706045" lon="2.81568705"><ele>1343.544</ele><time>2026-09-25T08:25:13Z</time><speed>0.210</speed><sat>34</sat></trkpt>
  <trkpt lat="45.61706510" lon="2.81568926"><ele>1343.271</ele><time>2026-09-25T08:25:16Z</time><speed>0.000</speed><sat>34</sat></trkpt>
  <trkpt lat="45.61706535" lon="2.81568939"><ele>1343.280</ele><time>2026-09-25T08:25:19Z</time><speed>0.000</speed><sat>33</sat></trkpt>
  <trkpt lat="45.61706724" lon="2.81569398"><ele>1343.097</ele><time>2026-09-25T08:25:22Z</time><speed>0.000</speed><sat>30</sat></trkpt>
  <trkpt lat="45.61706780" lon="2.81569490"><ele>1343.202</ele><time>2026-09-25T08:25:25Z</time><speed>0.000</speed><sat>30</sat></trkpt>
  <trkpt lat="45.61707167" lon="2.81569996"><ele>1343.420</ele><time>2026-09-25T08:25:28Z</time><speed>0.000</speed><sat>33</sat></trkpt>
  <trkpt lat="45.61707996" lon="2.81570459"><ele>1343.669</ele><time>2026-09-25T08:25:31Z</time><speed>0.000</speed><sat>33</sat></trkpt>
  <trkpt lat="45.61709508" lon="2.81569858"><ele>1343.127</ele><time>2026-09-25T08:25:34Z</time><speed>0.420</speed><sat>34</sat></trkpt>
  <trkpt lat="45.61709719" lon="2.81569282"><ele>1343.262</ele><time>2026-09-25T08:25:37Z</time><speed>0.000</speed><sat>33</sat></trkpt>
  <trkpt lat="45.61710813" lon="2.81568738"><ele>1342.941</ele><time>2026-09-25T08:25:40Z</time><speed>0.500</speed><sat>33</sat></trkpt>
  <trkpt lat="45.61711207" lon="2.81568766"><ele>1342.958</ele><time>2026-09-25T08:25:43Z</time><speed>0.000</speed><sat>33</sat></trkpt>
  <trkpt lat="45.61711231" lon="2.81566678"><ele>1342.803</ele><time>2026-09-25T08:25:46Z</time><speed>1.170</speed><sat>32</sat></trkpt>
  <trkpt lat="45.61711234" lon="2.81565118"><ele>1343.609</ele><time>2026-09-25T08:25:49Z</time><speed>0.000</speed><sat>33</sat></trkpt>
  <trkpt lat="45.61711461" lon="2.81562558"><ele>1345.269</ele><time>2026-09-25T08:25:52Z</time><speed>0.620</speed><sat>33</sat></trkpt>
  <trkpt lat="45.61711870" lon="2.81561905"><ele>1345.614</ele><time>2026-09-25T08:25:55Z</time><speed>0.000</speed><sat>33</sat></trkpt>
  <trkpt lat="45.61712893" lon="2.81560026"><ele>1346.221</ele><time>2026-09-25T08:25:58Z</time><speed>0.960</speed><sat>31</sat></trkpt>
  <trkpt lat="45.61714636" lon="2.81558026"><ele>1346.130</ele><time>2026-09-25T08:26:01Z</time><speed>0.940</speed><sat>32</sat></trkpt>
  <trkpt lat="45.61715898" lon="2.81555516"><ele>1347.540</ele><time>2026-09-25T08:26:04Z</time><speed>0.680</speed><sat>32</sat></trkpt>
  <trkpt lat="45.61715779" lon="2.81552231"><ele>1348.491</ele><time>2026-09-25T08:26:07Z</time><speed>0.670</speed><sat>33</sat></trkpt>
  <trkpt lat="45.61715548" lon="2.81550194"><ele>1348.911</ele><time>2026-09-25T08:26:10Z</time><speed>0.650</speed><sat>34</sat></trkpt>
  <trkpt lat="45.61717556" lon="2.81547926"><ele>1350.228</ele><time>2026-09-25T08:26:13Z</time><speed>0.520</speed><sat>34</sat></trkpt>
  <trkpt lat="45.61719646" lon="2.81546530"><ele>1350.729</ele><time>2026-09-25T08:26:16Z</time><speed>0.320</speed><sat>31</sat></trkpt>
  <trkpt lat="45.61720379" lon="2.81543455"><ele>1350.740</ele><time>2026-09-25T08:26:19Z</time><speed>0.900</speed><sat>32</sat></trkpt>
  <trkpt lat="45.61720961" lon="2.81541107"><ele>1352.165</ele><time>2026-09-25T08:26:22Z</time><speed>0.630</speed><sat>33</sat></trkpt>
  <trkpt lat="45.61721141" lon="2.81538816"><ele>1352.109</ele><time>2026-09-25T08:26:25Z</time><speed>0.620</speed><sat>32</sat></trkpt>
  <trkpt lat="45.61721589" lon="2.81535398"><ele>1353.900</ele><time>2026-09-25T08:26:28Z</time><speed>0.510</speed><sat>32</sat></trkpt>
  <trkpt lat="45.61721831" lon="2.81532887"><ele>1354.128</ele><time>2026-09-25T08:26:31Z</time><speed>0.640</speed><sat>33</sat></trkpt>
  <trkpt lat="45.61723071" lon="2.81530669"><ele>1354.887</ele><time>2026-09-25T08:26:34Z</time><speed>0.730</speed><sat>33</sat></trkpt>
  <trkpt lat="45.61723531" lon="2.81527635"><ele>1355.207</ele><time>2026-09-25T08:26:37Z</time><speed>0.760</speed><sat>33</sat></trkpt>
  <trkpt lat="45.61724547" lon="2.81524684"><ele>1355.890</ele><time>2026-09-25T08:26:40Z</time><speed>0.930</speed><sat>34</sat></trkpt>
  <trkpt lat="45.61724879" lon="2.81521948"><ele>1356.842</ele><time>2026-09-25T08:26:43Z</time><speed>0.710</speed><sat>36</sat></trkpt>
  <trkpt lat="45.61724867" lon="2.81518525"><ele>1355.744</ele><time>2026-09-25T08:26:46Z</time><speed>0.740</speed><sat>36</sat></trkpt>
  <trkpt lat="45.61724538" lon="2.81515184"><ele>1356.575</ele><time>2026-09-25T08:26:49Z</time><speed>0.680</speed><sat>34</sat></trkpt>
  <trkpt lat="45.61724244" lon="2.81511497"><ele>1357.187</ele><time>2026-09-25T08:26:52Z</time><speed>0.840</speed><sat>35</sat></trkpt>
  <trkpt lat="45.61723150" lon="2.81507977"><ele>1358.514</ele><time>2026-09-25T08:26:55Z</time><speed>0.690</speed><sat>36</sat></trkpt>
  <trkpt lat="45.61722754" lon="2.81504408"><ele>1359.219</ele><time>2026-09-25T08:26:58Z</time><speed>0.730</speed><sat>37</sat></trkpt>
  <trkpt lat="45.61722015" lon="2.81500070"><ele>1359.541</ele><time>2026-09-25T08:27:01Z</time><speed>0.770</speed><sat>37</sat></trkpt>
  <trkpt lat="45.61721486" lon="2.81495859"><ele>1359.917</ele><time>2026-09-25T08:27:04Z</time><speed>0.830</speed><sat>37</sat></trkpt>
  <trkpt lat="45.61720389" lon="2.81494364"><ele>1358.866</ele><time>2026-09-25T08:27:07Z</time><speed>0.000</speed><sat>37</sat></trkpt>
  <trkpt lat="45.61718830" lon="2.81491224"><ele>1358.154</ele><time>2026-09-25T08:27:10Z</time><speed>0.770</speed><sat>34</sat></trkpt>
  <trkpt lat="45.61718880" lon="2.81488382"><ele>1359.267</ele><time>2026-09-25T08:27:13Z</time><speed>0.750</speed><sat>35</sat></trkpt>
  <trkpt lat="45.61717946" lon="2.81484866"><ele>1358.863</ele><time>2026-09-25T08:27:16Z</time><speed>0.640</speed><sat>35</sat></trkpt>
  <trkpt lat="45.61715375" lon="2.81481973"><ele>1359.487</ele><time>2026-09-25T08:27:19Z</time><speed>0.940</speed><sat>35</sat></trkpt>
  <trkpt lat="45.61713354" lon="2.81479143"><ele>1358.791</ele><time>2026-09-25T08:27:22Z</time><speed>0.660</speed><sat>37</sat></trkpt>
  <trkpt lat="45.61711642" lon="2.81475275"><ele>1358.583</ele><time>2026-09-25T08:27:25Z</time><speed>0.700</speed><sat>37</sat></trkpt>
  <trkpt lat="45.61710356" lon="2.81472114"><ele>1358.060</ele><time>2026-09-25T08:27:28Z</time><speed>0.660</speed><sat>35</sat></trkpt>
  <trkpt lat="45.61709602" lon="2.81469463"><ele>1358.616</ele><time>2026-09-25T08:27:31Z</time><speed>0.670</speed><sat>36</sat></trkpt>
  <trkpt lat="45.61709411" lon="2.81465834"><ele>1359.847</ele><time>2026-09-25T08:27:34Z</time><speed>0.660</speed><sat>36</sat></trkpt>
  <trkpt lat="45.61708247" lon="2.81462172"><ele>1359.372</ele><time>2026-09-25T08:27:37Z</time><speed>0.700</speed><sat>37</sat></trkpt>
  <trkpt lat="45.61707921" lon="2.81458932"><ele>1359.521</ele><time>2026-09-25T08:27:40Z</time><speed>0.700</speed><sat>36</sat></trkpt>
  <trkpt lat="45.61707540" lon="2.81455618"><ele>1360.488</ele><time>2026-09-25T08:27:43Z</time><speed>0.660</speed><sat>36</sat></trkpt>
  <trkpt lat="45.61706661" lon="2.81451330"><ele>1359.247</ele><time>2026-09-25T08:27:46Z</time><speed>0.800</speed><sat>36</sat></trkpt>
  <trkpt lat="45.61705242" lon="2.81446941"><ele>1358.022</ele><time>2026-09-25T08:27:49Z</time><speed>0.790</speed><sat>36</sat></trkpt>
  <trkpt lat="45.61703758" lon="2.81442286"><ele>1359.737</ele><time>2026-09-25T08:27:52Z</time><speed>0.710</speed><sat>37</sat></trkpt>
  <trkpt lat="45.61703564" lon="2.81438346"><ele>1359.261</ele><time>2026-09-25T08:27:55Z</time><speed>0.810</speed><sat>37</sat></trkpt>
  <trkpt lat="45.61703212" lon="2.81434696"><ele>1359.230</ele><time>2026-09-25T08:27:58Z</time><speed>0.710</speed><sat>36</sat></trkpt>
  <trkpt lat="45.61702311" lon="2.81430356"><ele>1358.782</ele><time>2026-09-25T08:28:01Z</time><speed>0.830</speed><sat>36</sat></trkpt>
  <trkpt lat="45.61700186" lon="2.81426764"><ele>1357.762</ele><time>2026-09-25T08:28:04Z</time><speed>0.740</speed><sat>33</sat></trkpt>
  <trkpt lat="45.61698028" lon="2.81424114"><ele>1357.894</ele><time>2026-09-25T08:28:07Z</time><speed>0.470</speed><sat>30</sat></trkpt>
  <trkpt lat="45.61696048" lon="2.81421849"><ele>1357.823</ele><time>2026-09-25T08:28:10Z</time><speed>0.870</speed><sat>31</sat></trkpt>
  <trkpt lat="45.61693701" lon="2.81419371"><ele>1357.362</ele><time>2026-09-25T08:28:13Z</time><speed>0.910</speed><sat>33</sat></trkpt>
  <trkpt lat="45.61691181" lon="2.81417000"><ele>1356.634</ele><time>2026-09-25T08:28:16Z</time><speed>0.840</speed><sat>33</sat></trkpt>
  <trkpt lat="45.61689758" lon="2.81414088"><ele>1356.800</ele><time>2026-09-25T08:28:19Z</time><speed>0.930</speed><sat>33</sat></trkpt>
  <trkpt lat="45.61687661" lon="2.81411345"><ele>1357.083</ele><time>2026-09-25T08:28:22Z</time><speed>0.890</speed><sat>34</sat></trkpt>
  <trkpt lat="45.61685475" lon="2.81408888"><ele>1356.968</ele><time>2026-09-25T08:28:25Z</time><speed>0.950</speed><sat>33</sat></trkpt>
  <trkpt lat="45.61682792" lon="2.81406774"><ele>1357.286</ele><time>2026-09-25T08:28:28Z</time><speed>1.240</speed><sat>34</sat></trkpt>
  <trkpt lat="45.61680981" lon="2.81404185"><ele>1358.364</ele><time>2026-09-25T08:28:31Z</time><speed>1.040</speed><sat>33</sat></trkpt>
  <trkpt lat="45.61678377" lon="2.81401086"><ele>1358.669</ele><time>2026-09-25T08:28:34Z</time><speed>1.170</speed><sat>36</sat></trkpt>
  <trkpt lat="45.61676684" lon="2.81396613"><ele>1360.039</ele><time>2026-09-25T08:28:37Z</time><speed>1.130</speed><sat>37</sat></trkpt>
  <trkpt lat="45.61674114" lon="2.81391888"><ele>1360.080</ele><time>2026-09-25T08:28:40Z</time><speed>1.200</speed><sat>36</sat></trkpt>
  <trkpt lat="45.61672306" lon="2.81388284"><ele>1361.191</ele><time>2026-09-25T08:28:43Z</time><speed>1.140</speed><sat>37</sat></trkpt>
  <trkpt lat="45.61670162" lon="2.81384687"><ele>1360.823</ele><time>2026-09-25T08:28:46Z</time><speed>0.990</speed><sat>36</sat></trkpt>
  <trkpt lat="45.61667667" lon="2.81381380"><ele>1360.240</ele><time>2026-09-25T08:28:49Z</time><speed>1.140</speed><sat>37</sat></trkpt>
  <trkpt lat="45.61665592" lon="2.81377706"><ele>1360.410</ele><time>2026-09-25T08:28:52Z</time><speed>0.970</speed><sat>37</sat></trkpt>
  <trkpt lat="45.61662373" lon="2.81374457"><ele>1359.717</ele><time>2026-09-25T08:28:55Z</time><speed>1.240</speed><sat>37</sat></trkpt>
  <trkpt lat="45.61659976" lon="2.81371945"><ele>1359.649</ele><time>2026-09-25T08:28:58Z</time><speed>0.930</speed><sat>37</sat></trkpt>
  <trkpt lat="45.61656959" lon="2.81369203"><ele>1359.516</ele><time>2026-09-25T08:29:01Z</time><speed>1.140</speed><sat>35</sat></trkpt>
  <trkpt lat="45.61654180" lon="2.81366914"><ele>1359.252</ele><time>2026-09-25T08:29:04Z</time><speed>1.160</speed><sat>35</sat></trkpt>
  <trkpt lat="45.61651030" lon="2.81363197"><ele>1360.267</ele><time>2026-09-25T08:29:07Z</time><speed>1.740</speed><sat>33</sat></trkpt>
  <trkpt lat="45.61647994" lon="2.81359669"><ele>1360.423</ele><time>2026-09-25T08:29:10Z</time><speed>1.390</speed><sat>33</sat></trkpt>
  <trkpt lat="45.61645170" lon="2.81356993"><ele>1359.692</ele><time>2026-09-25T08:29:13Z</time><speed>1.340</speed><sat>33</sat></trkpt>
  <trkpt lat="45.61642791" lon="2.81355289"><ele>1359.385</ele><time>2026-09-25T08:29:16Z</time><speed>0.950</speed><sat>34</sat></trkpt>
  <trkpt lat="45.61641697" lon="2.81352338"><ele>1359.159</ele><time>2026-09-25T08:29:19Z</time><speed>0.000</speed><sat>34</sat></trkpt>
  <trkpt lat="45.61641766" lon="2.81349945"><ele>1358.991</ele><time>2026-09-25T08:29:22Z</time><speed>0.550</speed><sat>33</sat></trkpt>
  <trkpt lat="45.61640735" lon="2.81351494"><ele>1358.927</ele><time>2026-09-25T08:29:25Z</time><speed>1.380</speed><sat>33</sat></trkpt>
  <trkpt lat="45.61638323" lon="2.81349389"><ele>1358.541</ele><time>2026-09-25T08:29:28Z</time><speed>3.220</speed><sat>33</sat></trkpt>
  <trkpt lat="45.61637467" lon="2.81348222"><ele>1359.505</ele><time>2026-09-25T08:29:31Z</time><speed>0.870</speed><sat>33</sat></trkpt>
  <trkpt lat="45.61636890" lon="2.81348272"><ele>1359.890</ele><time>2026-09-25T08:29:34Z</time><speed>0.470</speed><sat>34</sat></trkpt>
  <trkpt lat="45.61636760" lon="2.81348647"><ele>1359.871</ele><time>2026-09-25T08:29:37Z</time><speed>0.000</speed><sat>34</sat></trkpt>
  <trkpt lat="45.61636702" lon="2.81348646"><ele>1359.867</ele><time>2026-09-25T08:29:40Z</time><speed>0.000</speed><sat>33</sat></trkpt>
  <trkpt lat="45.61636643" lon="2.81348647"><ele>1359.824</ele><time>2026-09-25T08:29:43Z</time><speed>0.000</speed><sat>33</sat></trkpt>
  <trkpt lat="45.61636632" lon="2.81348647"><ele>1359.855</ele><time>2026-09-25T08:29:46Z</time><speed>0.000</speed><sat>33</sat></trkpt>
  <trkpt lat="45.61636632" lon="2.81348633"><ele>1359.889</ele><time>2026-09-25T08:29:49Z</time><speed>0.000</speed><sat>33</sat></trkpt>
  <trkpt lat="45.61636255" lon="2.81348527"><ele>1359.149</ele><time>2026-09-25T08:29:52Z</time><speed>0.440</speed><sat>33</sat></trkpt>
  <trkpt lat="45.61636126" lon="2.81348873"><ele>1359.305</ele><time>2026-09-25T08:29:55Z</time><speed>0.160</speed><sat>33</sat></trkpt>
  <trkpt lat="45.61636397" lon="2.81348715"><ele>1359.226</ele><time>2026-09-25T08:29:58Z</time><speed>0.310</speed><sat>33</sat></trkpt>
  <trkpt lat="45.61636459" lon="2.81348709"><ele>1359.248</ele><time>2026-09-25T08:30:01Z</time><speed>0.000</speed><sat>33</sat></trkpt>
  <trkpt lat="45.61636470" lon="2.81348668"><ele>1359.272</ele><time>2026-09-25T08:30:04Z</time><speed>0.000</speed><sat>33</sat></trkpt>
  <trkpt lat="45.61636497" lon="2.81348738"><ele>1359.240</ele><time>2026-09-25T08:30:07Z</time><speed>0.000</speed><sat>33</sat></trkpt>
  <trkpt lat="45.61636499" lon="2.81348773"><ele>1359.239</ele><time>2026-09-25T08:30:10Z</time><speed>0.000</speed><sat>33</sat></trkpt>
  <trkpt lat="45.61636482" lon="2.81348767"><ele>1359.213</ele><time>2026-09-25T08:30:13Z</time><speed>0.000</speed><sat>33</sat></trkpt>
  <trkpt lat="45.61636684" lon="2.81349667"><ele>1358.592</ele><time>2026-09-25T08:30:16Z</time><speed>0.410</speed><sat>32</sat></trkpt>
  <trkpt lat="45.61636949" lon="2.81351056"><ele>1358.175</ele><time>2026-09-25T08:30:19Z</time><speed>0.000</speed><sat>32</sat></trkpt>
  <trkpt lat="45.61636823" lon="2.81349785"><ele>1358.589</ele><time>2026-09-25T08:30:22Z</time><speed>0.000</speed><sat>33</sat></trkpt>
  <trkpt lat="45.61636846" lon="2.81349537"><ele>1358.636</ele><time>2026-09-25T08:30:25Z</time><speed>0.000</speed><sat>33</sat></trkpt>
  <trkpt lat="45.61636894" lon="2.81349442"><ele>1358.695</ele><time>2026-09-25T08:30:28Z</time><speed>0.000</speed><sat>33</sat></trkpt>
  <trkpt lat="45.61636926" lon="2.81349391"><ele>1358.696</ele><time>2026-09-25T08:30:31Z</time><speed>0.000</speed><sat>34</sat></trkpt>
  <trkpt lat="45.61637109" lon="2.81348957"><ele>1359.284</ele><time>2026-09-25T08:30:34Z</time><speed>0.200</speed><sat>34</sat></trkpt>
  <trkpt lat="45.61637203" lon="2.81348779"><ele>1359.325</ele><time>2026-09-25T08:30:37Z</time><speed>0.000</speed><sat>34</sat></trkpt>
  <trkpt lat="45.61637213" lon="2.81348784"><ele>1359.351</ele><time>2026-09-25T08:30:40Z</time><speed>0.000</speed><sat>33</sat></trkpt>
  <trkpt lat="45.61637265" lon="2.81348796"><ele>1359.411</ele><time>2026-09-25T08:30:43Z</time><speed>0.000</speed><sat>33</sat></trkpt>
  <trkpt lat="45.61637366" lon="2.81348836"><ele>1359.460</ele><time>2026-09-25T08:30:46Z</time><speed>0.000</speed><sat>33</sat></trkpt>
  <trkpt lat="45.61637175" lon="2.81349108"><ele>1359.723</ele><time>2026-09-25T08:30:49Z</time><speed>0.380</speed><sat>33</sat></trkpt>
  <trkpt lat="45.61637073" lon="2.81350546"><ele>1360.090</ele><time>2026-09-25T08:30:52Z</time><speed>0.420</speed><sat>34</sat></trkpt>
  <trkpt lat="45.61637509" lon="2.81351032"><ele>1360.578</ele><time>2026-09-25T08:30:55Z</time><speed>0.000</speed><sat>34</sat></trkpt>
  <trkpt lat="45.61637536" lon="2.81351114"><ele>1360.602</ele><time>2026-09-25T08:30:58Z</time><speed>0.000</speed><sat>34</sat></trkpt>
  <trkpt lat="45.61637484" lon="2.81351176"><ele>1360.577</ele><time>2026-09-25T08:31:01Z</time><speed>0.160</speed><sat>35</sat></trkpt>
  <trkpt lat="45.61637428" lon="2.81351023"><ele>1360.593</ele><time>2026-09-25T08:31:04Z</time><speed>0.000</speed><sat>36</sat></trkpt>
  <trkpt lat="45.61637433" lon="2.81351024"><ele>1360.588</ele><time>2026-09-25T08:31:07Z</time><speed>0.000</speed><sat>36</sat></trkpt>
  <trkpt lat="45.61637420" lon="2.81350999"><ele>1360.572</ele><time>2026-09-25T08:31:10Z</time><speed>0.000</speed><sat>35</sat></trkpt>
  <trkpt lat="45.61637361" lon="2.81350921"><ele>1360.587</ele><time>2026-09-25T08:31:13Z</time><speed>0.160</speed><sat>34</sat></trkpt>
  <trkpt lat="45.61637492" lon="2.81350180"><ele>1360.536</ele><time>2026-09-25T08:31:16Z</time><speed>0.000</speed><sat>35</sat></trkpt>
  <trkpt lat="45.61637510" lon="2.81350154"><ele>1360.580</ele><time>2026-09-25T08:31:19Z</time><speed>0.000</speed><sat>35</sat></trkpt>
  <trkpt lat="45.61637469" lon="2.81350317"><ele>1360.711</ele><time>2026-09-25T08:31:22Z</time><speed>0.000</speed><sat>34</sat></trkpt>
  <trkpt lat="45.61637545" lon="2.81350334"><ele>1360.732</ele><time>2026-09-25T08:31:25Z</time><speed>0.000</speed><sat>35</sat></trkpt>
  <trkpt lat="45.61637785" lon="2.81350371"><ele>1360.749</ele><time>2026-09-25T08:31:28Z</time><speed>0.000</speed><sat>35</sat></trkpt>
  <trkpt lat="45.61637774" lon="2.81350358"><ele>1360.642</ele><time>2026-09-25T08:31:31Z</time><speed>0.000</speed><sat>35</sat></trkpt>
  <trkpt lat="45.61637776" lon="2.81350352"><ele>1360.589</ele><time>2026-09-25T08:31:34Z</time><speed>0.000</speed><sat>35</sat></trkpt>
  <trkpt lat="45.61637750" lon="2.81347492"><ele>1360.203</ele><time>2026-09-25T08:31:37Z</time><speed>0.920</speed><sat>35</sat></trkpt>
  <trkpt lat="45.61637582" lon="2.81343245"><ele>1359.928</ele><time>2026-09-25T08:31:40Z</time><speed>0.930</speed><sat>35</sat></trkpt>
  <trkpt lat="45.61636969" lon="2.81339526"><ele>1359.805</ele><time>2026-09-25T08:31:43Z</time><speed>0.870</speed><sat>35</sat></trkpt>
  <trkpt lat="45.61637146" lon="2.81336303"><ele>1360.041</ele><time>2026-09-25T08:31:46Z</time><speed>0.870</speed><sat>35</sat></trkpt>
  <trkpt lat="45.61636910" lon="2.81332016"><ele>1361.319</ele><time>2026-09-25T08:31:49Z</time><speed>1.190</speed><sat>35</sat></trkpt>
  <trkpt lat="45.61635942" lon="2.81327073"><ele>1362.157</ele><time>2026-09-25T08:31:52Z</time><speed>1.500</speed><sat>35</sat></trkpt>
  <trkpt lat="45.61635054" lon="2.81321743"><ele>1362.877</ele><time>2026-09-25T08:31:55Z</time><speed>1.360</speed><sat>35</sat></trkpt>
  <trkpt lat="45.61634551" lon="2.81317641"><ele>1363.176</ele><time>2026-09-25T08:31:58Z</time><speed>1.440</speed><sat>34</sat></trkpt>
  <trkpt lat="45.61633641" lon="2.81313449"><ele>1363.346</ele><time>2026-09-25T08:32:01Z</time><speed>0.930</speed><sat>34</sat></trkpt>
  <trkpt lat="45.61633056" lon="2.81309113"><ele>1363.572</ele><time>2026-09-25T08:32:04Z</time><speed>1.060</speed><sat>34</sat></trkpt>
  <trkpt lat="45.61632213" lon="2.81305060"><ele>1363.708</ele><time>2026-09-25T08:32:07Z</time><speed>1.240</speed><sat>34</sat></trkpt>
  <trkpt lat="45.61631154" lon="2.81300952"><ele>1364.022</ele><time>2026-09-25T08:32:10Z</time><speed>1.220</speed><sat>34</sat></trkpt>
  <trkpt lat="45.61630243" lon="2.81297442"><ele>1364.290</ele><time>2026-09-25T08:32:13Z</time><speed>1.190</speed><sat>32</sat></trkpt>
  <trkpt lat="45.61629232" lon="2.81294780"><ele>1364.039</ele><time>2026-09-25T08:32:16Z</time><speed>0.610</speed><sat>32</sat></trkpt>
  <trkpt lat="45.61628578" lon="2.81294127"><ele>1363.937</ele><time>2026-09-25T08:32:19Z</time><speed>0.310</speed><sat>32</sat></trkpt>
  <trkpt lat="45.61627185" lon="2.81293074"><ele>1363.898</ele><time>2026-09-25T08:32:22Z</time><speed>0.000</speed><sat>33</sat></trkpt>
  <trkpt lat="45.61626268" lon="2.81294031"><ele>1362.710</ele><time>2026-09-25T08:32:25Z</time><speed>0.500</speed><sat>34</sat></trkpt>
  <trkpt lat="45.61625783" lon="2.81293110"><ele>1362.490</ele><time>2026-09-25T08:32:28Z</time><speed>1.410</speed><sat>33</sat></trkpt>
  <trkpt lat="45.61626741" lon="2.81289566"><ele>1362.013</ele><time>2026-09-25T08:32:31Z</time><speed>0.930</speed><sat>34</sat></trkpt>
  <trkpt lat="45.61625134" lon="2.81286719"><ele>1361.437</ele><time>2026-09-25T08:32:34Z</time><speed>1.600</speed><sat>34</sat></trkpt>
  <trkpt lat="45.61622395" lon="2.81283277"><ele>1362.367</ele><time>2026-09-25T08:32:37Z</time><speed>1.230</speed><sat>32</sat></trkpt>
  <trkpt lat="45.61620044" lon="2.81278414"><ele>1361.207</ele><time>2026-09-25T08:32:40Z</time><speed>1.310</speed><sat>34</sat></trkpt>
  <trkpt lat="45.61616561" lon="2.81275636"><ele>1360.604</ele><time>2026-09-25T08:32:43Z</time><speed>1.290</speed><sat>35</sat></trkpt>
  <trkpt lat="45.61613626" lon="2.81271602"><ele>1359.959</ele><time>2026-09-25T08:32:46Z</time><speed>1.290</speed><sat>34</sat></trkpt>
  <trkpt lat="45.61610449" lon="2.81267636"><ele>1359.040</ele><time>2026-09-25T08:32:49Z</time><speed>1.350</speed><sat>32</sat></trkpt>
  <trkpt lat="45.61607058" lon="2.81263294"><ele>1360.615</ele><time>2026-09-25T08:32:52Z</time><speed>1.210</speed><sat>33</sat></trkpt>
  <trkpt lat="45.61604156" lon="2.81260082"><ele>1361.426</ele><time>2026-09-25T08:32:55Z</time><speed>1.110</speed><sat>32</sat></trkpt>
  <trkpt lat="45.61601724" lon="2.81257134"><ele>1362.643</ele><time>2026-09-25T08:32:58Z</time><speed>1.040</speed><sat>32</sat></trkpt>
  <trkpt lat="45.61599373" lon="2.81253997"><ele>1362.778</ele><time>2026-09-25T08:33:01Z</time><speed>1.160</speed><sat>31</sat></trkpt>
  <trkpt lat="45.61597028" lon="2.81250278"><ele>1364.321</ele><time>2026-09-25T08:33:04Z</time><speed>1.050</speed><sat>32</sat></trkpt>
  <trkpt lat="45.61594670" lon="2.81247211"><ele>1364.387</ele><time>2026-09-25T08:33:07Z</time><speed>1.130</speed><sat>32</sat></trkpt>
  <trkpt lat="45.61593445" lon="2.81243064"><ele>1366.194</ele><time>2026-09-25T08:33:10Z</time><speed>1.040</speed><sat>32</sat></trkpt>
  <trkpt lat="45.61592335" lon="2.81238953"><ele>1367.305</ele><time>2026-09-25T08:33:13Z</time><speed>1.230</speed><sat>33</sat></trkpt>
  <trkpt lat="45.61590505" lon="2.81235948"><ele>1367.362</ele><time>2026-09-25T08:33:16Z</time><speed>1.010</speed><sat>34</sat></trkpt>
  <trkpt lat="45.61588989" lon="2.81232897"><ele>1367.909</ele><time>2026-09-25T08:33:19Z</time><speed>1.060</speed><sat>33</sat></trkpt>
  <trkpt lat="45.61588020" lon="2.81230939"><ele>1367.786</ele><time>2026-09-25T08:33:22Z</time><speed>0.980</speed><sat>31</sat></trkpt>
  <trkpt lat="45.61586590" lon="2.81228679"><ele>1368.969</ele><time>2026-09-25T08:33:25Z</time><speed>0.840</speed><sat>31</sat></trkpt>
  <trkpt lat="45.61585241" lon="2.81226988"><ele>1369.525</ele><time>2026-09-25T08:33:28Z</time><speed>0.970</speed><sat>31</sat></trkpt>
  <trkpt lat="45.61583802" lon="2.81224379"><ele>1369.215</ele><time>2026-09-25T08:33:31Z</time><speed>1.120</speed><sat>32</sat></trkpt>
  <trkpt lat="45.61581957" lon="2.81222382"><ele>1368.823</ele><time>2026-09-25T08:33:34Z</time><speed>0.820</speed><sat>32</sat></trkpt>
  <trkpt lat="45.61580651" lon="2.81219130"><ele>1368.316</ele><time>2026-09-25T08:33:37Z</time><speed>1.060</speed><sat>31</sat></trkpt>
  <trkpt lat="45.61579804" lon="2.81215432"><ele>1367.868</ele><time>2026-09-25T08:33:40Z</time><speed>1.350</speed><sat>30</sat></trkpt>
  <trkpt lat="45.61578776" lon="2.81212284"><ele>1368.039</ele><time>2026-09-25T08:33:43Z</time><speed>0.740</speed><sat>30</sat></trkpt>
  <trkpt lat="45.61576854" lon="2.81209560"><ele>1367.863</ele><time>2026-09-25T08:33:46Z</time><speed>0.960</speed><sat>29</sat></trkpt>
  <trkpt lat="45.61575639" lon="2.81206578"><ele>1368.558</ele><time>2026-09-25T08:33:49Z</time><speed>0.870</speed><sat>30</sat></trkpt>
  <trkpt lat="45.61574901" lon="2.81204625"><ele>1368.149</ele><time>2026-09-25T08:33:52Z</time><speed>0.450</speed><sat>30</sat></trkpt>
  <trkpt lat="45.61574325" lon="2.81202979"><ele>1368.003</ele><time>2026-09-25T08:33:55Z</time><speed>0.750</speed><sat>31</sat></trkpt>
  <trkpt lat="45.61573815" lon="2.81201508"><ele>1367.895</ele><time>2026-09-25T08:33:58Z</time><speed>0.000</speed><sat>32</sat></trkpt>
  <trkpt lat="45.61573730" lon="2.81201409"><ele>1367.836</ele><time>2026-09-25T08:34:01Z</time><speed>0.000</speed><sat>31</sat></trkpt>
  <trkpt lat="45.61573210" lon="2.81200493"><ele>1368.004</ele><time>2026-09-25T08:34:04Z</time><speed>0.540</speed><sat>30</sat></trkpt>
  <trkpt lat="45.61572307" lon="2.81197806"><ele>1368.522</ele><time>2026-09-25T08:34:07Z</time><speed>0.980</speed><sat>31</sat></trkpt>
  <trkpt lat="45.61571874" lon="2.81196600"><ele>1368.460</ele><time>2026-09-25T08:34:10Z</time><speed>0.000</speed><sat>30</sat></trkpt>
  <trkpt lat="45.61571888" lon="2.81196583"><ele>1368.415</ele><time>2026-09-25T08:34:13Z</time><speed>0.000</speed><sat>30</sat></trkpt>
  <trkpt lat="45.61571916" lon="2.81196573"><ele>1368.422</ele><time>2026-09-25T08:34:16Z</time><speed>0.000</speed><sat>30</sat></trkpt>
  <trkpt lat="45.61571911" lon="2.81196671"><ele>1368.390</ele><time>2026-09-25T08:34:19Z</time><speed>0.000</speed><sat>31</sat></trkpt>
  <trkpt lat="45.61571894" lon="2.81196678"><ele>1368.392</ele><time>2026-09-25T08:34:22Z</time><speed>0.000</speed><sat>31</sat></trkpt>
  <trkpt lat="45.61571874" lon="2.81196643"><ele>1368.393</ele><time>2026-09-25T08:34:25Z</time><speed>0.000</speed><sat>31</sat></trkpt>
  <trkpt lat="45.61571804" lon="2.81196680"><ele>1368.446</ele><time>2026-09-25T08:34:28Z</time><speed>0.000</speed><sat>32</sat></trkpt>
  <trkpt lat="45.61571981" lon="2.81196189"><ele>1368.439</ele><time>2026-09-25T08:34:31Z</time><speed>0.420</speed><sat>32</sat></trkpt>
  <trkpt lat="45.61570290" lon="2.81192937"><ele>1368.463</ele><time>2026-09-25T08:34:34Z</time><speed>0.840</speed><sat>32</sat></trkpt>
  <trkpt lat="45.61571223" lon="2.81189798"><ele>1368.497</ele><time>2026-09-25T08:34:37Z</time><speed>0.780</speed><sat>33</sat></trkpt>
  <trkpt lat="45.61571359" lon="2.81187852"><ele>1368.898</ele><time>2026-09-25T08:34:40Z</time><speed>0.480</speed><sat>33</sat></trkpt>
  <trkpt lat="45.61571111" lon="2.81186918"><ele>1369.081</ele><time>2026-09-25T08:34:43Z</time><speed>0.000</speed><sat>34</sat></trkpt>
  <trkpt lat="45.61571011" lon="2.81186868"><ele>1369.046</ele><time>2026-09-25T08:34:46Z</time><speed>0.000</speed><sat>34</sat></trkpt>
  <trkpt lat="45.61570963" lon="2.81186867"><ele>1369.074</ele><time>2026-09-25T08:34:49Z</time><speed>0.000</speed><sat>31</sat></trkpt>
  <trkpt lat="45.61570939" lon="2.81186887"><ele>1369.082</ele><time>2026-09-25T08:34:52Z</time><speed>0.000</speed><sat>30</sat></trkpt>
  <trkpt lat="45.61571339" lon="2.81187031"><ele>1369.060</ele><time>2026-09-25T08:34:55Z</time><speed>0.000</speed><sat>28</sat></trkpt>
  <trkpt lat="45.61569801" lon="2.81185906"><ele>1369.143</ele><time>2026-09-25T08:34:58Z</time><speed>0.850</speed><sat>28</sat></trkpt>
  <trkpt lat="45.61568980" lon="2.81186906"><ele>1368.968</ele><time>2026-09-25T08:35:01Z</time><speed>0.290</speed><sat>28</sat></trkpt>
  <trkpt lat="45.61566132" lon="2.81186025"><ele>1371.119</ele><time>2026-09-25T08:35:04Z</time><speed>0.990</speed><sat>28</sat></trkpt>
  <trkpt lat="45.61565263" lon="2.81185085"><ele>1371.034</ele><time>2026-09-25T08:35:07Z</time><speed>0.000</speed><sat>29</sat></trkpt>
  <trkpt lat="45.61562981" lon="2.81183988"><ele>1373.154</ele><time>2026-09-25T08:35:10Z</time><speed>1.070</speed><sat>31</sat></trkpt>
  <trkpt lat="45.61562251" lon="2.81183982"><ele>1372.575</ele><time>2026-09-25T08:35:13Z</time><speed>0.000</speed><sat>29</sat></trkpt>
  <trkpt lat="45.61562441" lon="2.81184433"><ele>1372.516</ele><time>2026-09-25T08:35:16Z</time><speed>0.000</speed><sat>26</sat></trkpt>
  <trkpt lat="45.61562443" lon="2.81184513"><ele>1372.556</ele><time>2026-09-25T08:35:19Z</time><speed>0.000</speed><sat>26</sat></trkpt>
  <trkpt lat="45.61562861" lon="2.81185538"><ele>1372.160</ele><time>2026-09-25T08:35:22Z</time><speed>0.000</speed><sat>23</sat></trkpt>
  <trkpt lat="45.61562884" lon="2.81185596"><ele>1372.198</ele><time>2026-09-25T08:35:25Z</time><speed>0.000</speed><sat>22</sat></trkpt>
  <trkpt lat="45.61563761" lon="2.81186494"><ele>1371.934</ele><time>2026-09-25T08:35:28Z</time><speed>0.180</speed><sat>27</sat></trkpt>
  <trkpt lat="45.61564098" lon="2.81186721"><ele>1371.959</ele><time>2026-09-25T08:35:31Z</time><speed>0.000</speed><sat>27</sat></trkpt>
  <trkpt lat="45.61564291" lon="2.81186556"><ele>1371.652</ele><time>2026-09-25T08:35:34Z</time><speed>0.280</speed><sat>26</sat></trkpt>
  <trkpt lat="45.61564582" lon="2.81186690"><ele>1371.682</ele><time>2026-09-25T08:35:37Z</time><speed>0.000</speed><sat>27</sat></trkpt>
  <trkpt lat="45.61564607" lon="2.81186628"><ele>1371.733</ele><time>2026-09-25T08:35:40Z</time><speed>0.000</speed><sat>24</sat></trkpt>
  <trkpt lat="45.61564632" lon="2.81186700"><ele>1371.757</ele><time>2026-09-25T08:35:43Z</time><speed>0.000</speed><sat>24</sat></trkpt>
  <trkpt lat="45.61564646" lon="2.81186726"><ele>1371.730</ele><time>2026-09-25T08:35:46Z</time><speed>0.000</speed><sat>24</sat></trkpt>
  <trkpt lat="45.61565048" lon="2.81187306"><ele>1371.818</ele><time>2026-09-25T08:35:49Z</time><speed>0.000</speed><sat>26</sat></trkpt>
  <trkpt lat="45.61565177" lon="2.81187562"><ele>1371.813</ele><time>2026-09-25T08:35:52Z</time><speed>0.000</speed><sat>27</sat></trkpt>
  <trkpt lat="45.61565252" lon="2.81187643"><ele>1371.840</ele><time>2026-09-25T08:35:55Z</time><speed>0.000</speed><sat>27</sat></trkpt>
  <trkpt lat="45.61565308" lon="2.81187652"><ele>1371.802</ele><time>2026-09-25T08:35:58Z</time><speed>0.000</speed><sat>27</sat></trkpt>
  <trkpt lat="45.61565382" lon="2.81187706"><ele>1371.786</ele><time>2026-09-25T08:36:01Z</time><speed>0.000</speed><sat>26</sat></trkpt>
  <trkpt lat="45.61565460" lon="2.81187721"><ele>1371.794</ele><time>2026-09-25T08:36:04Z</time><speed>0.000</speed><sat>26</sat></trkpt>
  <trkpt lat="45.61565541" lon="2.81187745"><ele>1371.806</ele><time>2026-09-25T08:36:07Z</time><speed>0.000</speed><sat>28</sat></trkpt>
  <trkpt lat="45.61565578" lon="2.81187710"><ele>1371.787</ele><time>2026-09-25T08:36:10Z</time><speed>0.000</speed><sat>27</sat></trkpt>
  <trkpt lat="45.61565625" lon="2.81187519"><ele>1371.771</ele><time>2026-09-25T08:36:13Z</time><speed>0.000</speed><sat>26</sat></trkpt>
  <trkpt lat="45.61565605" lon="2.81187444"><ele>1371.735</ele><time>2026-09-25T08:36:16Z</time><speed>0.000</speed><sat>26</sat></trkpt>
  <trkpt lat="45.61565587" lon="2.81187367"><ele>1371.695</ele><time>2026-09-25T08:36:19Z</time><speed>0.000</speed><sat>27</sat></trkpt>
  <trkpt lat="45.61565580" lon="2.81186900"><ele>1371.451</ele><time>2026-09-25T08:36:22Z</time><speed>0.000</speed><sat>27</sat></trkpt>
  <trkpt lat="45.61566245" lon="2.81187668"><ele>1371.685</ele><time>2026-09-25T08:36:25Z</time><speed>0.000</speed><sat>24</sat></trkpt>
  <trkpt lat="45.61566453" lon="2.81187713"><ele>1371.652</ele><time>2026-09-25T08:36:28Z</time><speed>0.000</speed><sat>24</sat></trkpt>
  <trkpt lat="45.61566434" lon="2.81187730"><ele>1371.689</ele><time>2026-09-25T08:36:31Z</time><speed>0.000</speed><sat>28</sat></trkpt>
  <trkpt lat="45.61566435" lon="2.81187571"><ele>1371.484</ele><time>2026-09-25T08:36:34Z</time><speed>0.000</speed><sat>29</sat></trkpt>
  <trkpt lat="45.61566751" lon="2.81187982"><ele>1371.494</ele><time>2026-09-25T08:36:37Z</time><speed>0.000</speed><sat>29</sat></trkpt>
  <trkpt lat="45.61567378" lon="2.81188183"><ele>1371.309</ele><time>2026-09-25T08:36:40Z</time><speed>0.240</speed><sat>28</sat></trkpt>
  <trkpt lat="45.61567621" lon="2.81188323"><ele>1371.160</ele><time>2026-09-25T08:36:43Z</time><speed>0.170</speed><sat>26</sat></trkpt>
  <trkpt lat="45.61567579" lon="2.81188293"><ele>1371.164</ele><time>2026-09-25T08:36:46Z</time><speed>0.000</speed><sat>25</sat></trkpt>
  <trkpt lat="45.61567565" lon="2.81188281"><ele>1371.142</ele><time>2026-09-25T08:36:49Z</time><speed>0.000</speed><sat>25</sat></trkpt>
  <trkpt lat="45.61567555" lon="2.81188246"><ele>1371.092</ele><time>2026-09-25T08:36:52Z</time><speed>0.000</speed><sat>27</sat></trkpt>
  <trkpt lat="45.61567547" lon="2.81188217"><ele>1371.061</ele><time>2026-09-25T08:36:55Z</time><speed>0.000</speed><sat>27</sat></trkpt>
  <trkpt lat="45.61567180" lon="2.81187777"><ele>1370.827</ele><time>2026-09-25T08:36:58Z</time><speed>0.000</speed><sat>29</sat></trkpt>
  <trkpt lat="45.61567084" lon="2.81187784"><ele>1370.647</ele><time>2026-09-25T08:37:01Z</time><speed>0.000</speed><sat>29</sat></trkpt>
  <trkpt lat="45.61567070" lon="2.81187770"><ele>1370.604</ele><time>2026-09-25T08:37:04Z</time><speed>0.000</speed><sat>30</sat></trkpt>
  <trkpt lat="45.61567053" lon="2.81187724"><ele>1370.532</ele><time>2026-09-25T08:37:07Z</time><speed>0.000</speed><sat>30</sat></trkpt>
  <trkpt lat="45.61567047" lon="2.81187717"><ele>1370.465</ele><time>2026-09-25T08:37:10Z</time><speed>0.000</speed><sat>31</sat></trkpt>
  <trkpt lat="45.61567049" lon="2.81187712"><ele>1370.413</ele><time>2026-09-25T08:37:13Z</time><speed>0.000</speed><sat>30</sat></trkpt>
  <trkpt lat="45.61567339" lon="2.81188380"><ele>1370.820</ele><time>2026-09-25T08:37:16Z</time><speed>0.240</speed><sat>29</sat></trkpt>
  <trkpt lat="45.61567747" lon="2.81187974"><ele>1370.628</ele><time>2026-09-25T08:37:19Z</time><speed>0.000</speed><sat>31</sat></trkpt>
  <trkpt lat="45.61567790" lon="2.81187924"><ele>1370.614</ele><time>2026-09-25T08:37:22Z</time><speed>0.000</speed><sat>29</sat></trkpt>
  <trkpt lat="45.61567836" lon="2.81187901"><ele>1370.568</ele><time>2026-09-25T08:37:25Z</time><speed>0.000</speed><sat>28</sat></trkpt>
  <trkpt lat="45.61567818" lon="2.81187856"><ele>1370.522</ele><time>2026-09-25T08:37:28Z</time><speed>0.000</speed><sat>27</sat></trkpt>
  <trkpt lat="45.61567957" lon="2.81187307"><ele>1370.316</ele><time>2026-09-25T08:37:31Z</time><speed>0.000</speed><sat>29</sat></trkpt>
  <trkpt lat="45.61568012" lon="2.81187279"><ele>1370.345</ele><time>2026-09-25T08:37:34Z</time><speed>0.000</speed><sat>28</sat></trkpt>
  <trkpt lat="45.61568715" lon="2.81185814"><ele>1370.441</ele><time>2026-09-25T08:37:37Z</time><speed>0.290</speed><sat>25</sat></trkpt>
  <trkpt lat="45.61568963" lon="2.81185394"><ele>1370.456</ele><time>2026-09-25T08:37:40Z</time><speed>0.000</speed><sat>32</sat></trkpt>
  <trkpt lat="45.61568966" lon="2.81185376"><ele>1370.460</ele><time>2026-09-25T08:37:43Z</time><speed>0.000</speed><sat>36</sat></trkpt>
  <trkpt lat="45.61569174" lon="2.81185005"><ele>1370.585</ele><time>2026-09-25T08:37:46Z</time><speed>0.400</speed><sat>35</sat></trkpt>
  <trkpt lat="45.61569742" lon="2.81184844"><ele>1370.053</ele><time>2026-09-25T08:37:49Z</time><speed>0.000</speed><sat>28</sat></trkpt>
  <trkpt lat="45.61569791" lon="2.81184912"><ele>1370.060</ele><time>2026-09-25T08:37:52Z</time><speed>0.000</speed><sat>27</sat></trkpt>
  <trkpt lat="45.61569825" lon="2.81184960"><ele>1370.073</ele><time>2026-09-25T08:37:55Z</time><speed>0.000</speed><sat>26</sat></trkpt>
  <trkpt lat="45.61569835" lon="2.81184974"><ele>1370.072</ele><time>2026-09-25T08:37:58Z</time><speed>0.000</speed><sat>29</sat></trkpt>
  <trkpt lat="45.61569851" lon="2.81185010"><ele>1370.075</ele><time>2026-09-25T08:38:01Z</time><speed>0.000</speed><sat>29</sat></trkpt>
  <trkpt lat="45.61569861" lon="2.81185046"><ele>1370.070</ele><time>2026-09-25T08:38:04Z</time><speed>0.000</speed><sat>26</sat></trkpt>
  <trkpt lat="45.61569861" lon="2.81185062"><ele>1370.064</ele><time>2026-09-25T08:38:07Z</time><speed>0.000</speed><sat>25</sat></trkpt>
  <trkpt lat="45.61569862" lon="2.81185053"><ele>1370.068</ele><time>2026-09-25T08:38:10Z</time><speed>0.000</speed><sat>25</sat></trkpt>
  <trkpt lat="45.61569861" lon="2.81185039"><ele>1370.073</ele><time>2026-09-25T08:38:13Z</time><speed>0.000</speed><sat>26</sat></trkpt>
  <trkpt lat="45.61569850" lon="2.81185036"><ele>1370.053</ele><time>2026-09-25T08:38:16Z</time><speed>0.000</speed><sat>26</sat></trkpt>
  <trkpt lat="45.61569846" lon="2.81185015"><ele>1370.062</ele><time>2026-09-25T08:38:19Z</time><speed>0.000</speed><sat>29</sat></trkpt>
  <trkpt lat="45.61569836" lon="2.81184972"><ele>1370.069</ele><time>2026-09-25T08:38:22Z</time><speed>0.000</speed><sat>28</sat></trkpt>
  <trkpt lat="45.61569855" lon="2.81184972"><ele>1370.096</ele><time>2026-09-25T08:38:25Z</time><speed>0.000</speed><sat>26</sat></trkpt>
  <trkpt lat="45.61569861" lon="2.81184979"><ele>1370.120</ele><time>2026-09-25T08:38:28Z</time><speed>0.000</speed><sat>28</sat></trkpt>
  <trkpt lat="45.61569867" lon="2.81184989"><ele>1370.123</ele><time>2026-09-25T08:38:31Z</time><speed>0.000</speed><sat>29</sat></trkpt>
  <trkpt lat="45.61569870" lon="2.81184991"><ele>1370.124</ele><time>2026-09-25T08:38:34Z</time><speed>0.000</speed><sat>30</sat></trkpt>
  <trkpt lat="45.61569870" lon="2.81184988"><ele>1370.125</ele><time>2026-09-25T08:38:37Z</time><speed>0.000</speed><sat>26</sat></trkpt>
  <trkpt lat="45.61569872" lon="2.81184985"><ele>1370.126</ele><time>2026-09-25T08:38:40Z</time><speed>0.000</speed><sat>26</sat></trkpt>
  <trkpt lat="45.61569871" lon="2.81184988"><ele>1370.123</ele><time>2026-09-25T08:38:43Z</time><speed>0.000</speed><sat>27</sat></trkpt>
  <trkpt lat="45.61569872" lon="2.81184984"><ele>1370.125</ele><time>2026-09-25T08:38:46Z</time><speed>0.000</speed><sat>30</sat></trkpt>
  <trkpt lat="45.61569874" lon="2.81184993"><ele>1370.127</ele><time>2026-09-25T08:38:49Z</time><speed>0.000</speed><sat>30</sat></trkpt>
  <trkpt lat="45.61569877" lon="2.81185008"><ele>1370.126</ele><time>2026-09-25T08:38:52Z</time><speed>0.000</speed><sat>30</sat></trkpt>
  <trkpt lat="45.61569964" lon="2.81185341"><ele>1370.113</ele><time>2026-09-25T08:38:55Z</time><speed>0.000</speed><sat>29</sat></trkpt>
  <trkpt lat="45.61569972" lon="2.81185422"><ele>1370.117</ele><time>2026-09-25T08:38:58Z</time><speed>0.000</speed><sat>28</sat></trkpt>
  <trkpt lat="45.61569977" lon="2.81185436"><ele>1370.119</ele><time>2026-09-25T08:39:01Z</time><speed>0.000</speed><sat>29</sat></trkpt>
  <trkpt lat="45.61569980" lon="2.81185443"><ele>1370.120</ele><time>2026-09-25T08:39:04Z</time><speed>0.000</speed><sat>31</sat></trkpt>
  <trkpt lat="45.61569982" lon="2.81185450"><ele>1370.120</ele><time>2026-09-25T08:39:07Z</time><speed>0.000</speed><sat>28</sat></trkpt>
  <trkpt lat="45.61569984" lon="2.81185455"><ele>1370.115</ele><time>2026-09-25T08:39:10Z</time><speed>0.000</speed><sat>30</sat></trkpt>
  <trkpt lat="45.61569983" lon="2.81185460"><ele>1370.114</ele><time>2026-09-25T08:39:13Z</time><speed>0.000</speed><sat>29</sat></trkpt>
  <trkpt lat="45.61569983" lon="2.81185458"><ele>1370.121</ele><time>2026-09-25T08:39:16Z</time><speed>0.000</speed><sat>31</sat></trkpt>
  <trkpt lat="45.61570013" lon="2.81185500"><ele>1369.929</ele><time>2026-09-25T08:39:19Z</time><speed>0.000</speed><sat>32</sat></trkpt>
  <trkpt lat="45.61570018" lon="2.81185485"><ele>1369.918</ele><time>2026-09-25T08:39:22Z</time><speed>0.000</speed><sat>30</sat></trkpt>
  <trkpt lat="45.61570012" lon="2.81185478"><ele>1369.912</ele><time>2026-09-25T08:39:25Z</time><speed>0.000</speed><sat>27</sat></trkpt>
  <trkpt lat="45.61570005" lon="2.81185475"><ele>1369.911</ele><time>2026-09-25T08:39:28Z</time><speed>0.000</speed><sat>26</sat></trkpt>
  <trkpt lat="45.61569999" lon="2.81185478"><ele>1369.908</ele><time>2026-09-25T08:39:31Z</time><speed>0.000</speed><sat>29</sat></trkpt>
  <trkpt lat="45.61569995" lon="2.81185477"><ele>1369.907</ele><time>2026-09-25T08:39:34Z</time><speed>0.000</speed><sat>29</sat></trkpt>
  <trkpt lat="45.61569995" lon="2.81185484"><ele>1369.911</ele><time>2026-09-25T08:39:37Z</time><speed>0.000</speed><sat>29</sat></trkpt>
  <trkpt lat="45.61569984" lon="2.81185489"><ele>1369.919</ele><time>2026-09-25T08:39:40Z</time><speed>0.000</speed><sat>29</sat></trkpt>
  <trkpt lat="45.61569968" lon="2.81185498"><ele>1369.931</ele><time>2026-09-25T08:39:43Z</time><speed>0.000</speed><sat>31</sat></trkpt>
  <trkpt lat="45.61569953" lon="2.81185485"><ele>1369.932</ele><time>2026-09-25T08:39:46Z</time><speed>0.000</speed><sat>32</sat></trkpt>
  <trkpt lat="45.61569949" lon="2.81185477"><ele>1369.936</ele><time>2026-09-25T08:39:49Z</time><speed>0.000</speed><sat>29</sat></trkpt>
  <trkpt lat="45.61569939" lon="2.81185488"><ele>1369.922</ele><time>2026-09-25T08:39:52Z</time><speed>0.000</speed><sat>26</sat></trkpt>
  <trkpt lat="45.61569949" lon="2.81185488"><ele>1369.916</ele><time>2026-09-25T08:39:55Z</time><speed>0.000</speed><sat>26</sat></trkpt>
  <trkpt lat="45.61569961" lon="2.81185487"><ele>1369.911</ele><time>2026-09-25T08:39:58Z</time><speed>0.000</speed><sat>26</sat></trkpt>
  <trkpt lat="45.61569960" lon="2.81185486"><ele>1369.906</ele><time>2026-09-25T08:40:01Z</time><speed>0.000</speed><sat>27</sat></trkpt>
  <trkpt lat="45.61569960" lon="2.81185487"><ele>1369.905</ele><time>2026-09-25T08:40:04Z</time><speed>0.000</speed><sat>28</sat></trkpt>
  <trkpt lat="45.61569957" lon="2.81185484"><ele>1369.903</ele><time>2026-09-25T08:40:07Z</time><speed>0.000</speed><sat>29</sat></trkpt>
  <trkpt lat="45.61570088" lon="2.81185100"><ele>1369.910</ele><time>2026-09-25T08:40:10Z</time><speed>0.000</speed><sat>27</sat></trkpt>
  <trkpt lat="45.61570080" lon="2.81184974"><ele>1369.924</ele><time>2026-09-25T08:40:13Z</time><speed>0.000</speed><sat>27</sat></trkpt>
  <trkpt lat="45.61570086" lon="2.81184998"><ele>1369.917</ele><time>2026-09-25T08:40:16Z</time><speed>0.000</speed><sat>29</sat></trkpt>
  <trkpt lat="45.61570106" lon="2.81185052"><ele>1369.920</ele><time>2026-09-25T08:40:19Z</time><speed>0.000</speed><sat>31</sat></trkpt>
  <trkpt lat="45.61570113" lon="2.81185124"><ele>1369.902</ele><time>2026-09-25T08:40:22Z</time><speed>0.000</speed><sat>28</sat></trkpt>
  <trkpt lat="45.61570132" lon="2.81185230"><ele>1369.882</ele><time>2026-09-25T08:40:25Z</time><speed>0.000</speed><sat>28</sat></trkpt>
  <trkpt lat="45.61570138" lon="2.81185292"><ele>1369.869</ele><time>2026-09-25T08:40:28Z</time><speed>0.000</speed><sat>28</sat></trkpt>
  <trkpt lat="45.61570141" lon="2.81185272"><ele>1369.844</ele><time>2026-09-25T08:40:31Z</time><speed>0.000</speed><sat>26</sat></trkpt>
  <trkpt lat="45.61570154" lon="2.81185297"><ele>1369.849</ele><time>2026-09-25T08:40:34Z</time><speed>0.000</speed><sat>25</sat></trkpt>
  <trkpt lat="45.61570145" lon="2.81185323"><ele>1369.832</ele><time>2026-09-25T08:40:37Z</time><speed>0.000</speed><sat>27</sat></trkpt>
  <trkpt lat="45.61570144" lon="2.81185323"><ele>1369.831</ele><time>2026-09-25T08:40:40Z</time><speed>0.000</speed><sat>29</sat></trkpt>
  <trkpt lat="45.61570145" lon="2.81185322"><ele>1369.833</ele><time>2026-09-25T08:40:43Z</time><speed>0.000</speed><sat>30</sat></trkpt>
  <trkpt lat="45.61570142" lon="2.81185323"><ele>1369.833</ele><time>2026-09-25T08:40:46Z</time><speed>0.000</speed><sat>29</sat></trkpt>
  <trkpt lat="45.61570141" lon="2.81185324"><ele>1369.834</ele><time>2026-09-25T08:40:49Z</time><speed>0.000</speed><sat>28</sat></trkpt>
  <trkpt lat="45.61570141" lon="2.81185326"><ele>1369.836</ele><time>2026-09-25T08:40:52Z</time><speed>0.000</speed><sat>28</sat></trkpt>
  <trkpt lat="45.61570138" lon="2.81185334"><ele>1369.845</ele><time>2026-09-25T08:40:55Z</time><speed>0.000</speed><sat>28</sat></trkpt>
  <trkpt lat="45.61570140" lon="2.81185339"><ele>1369.845</ele><time>2026-09-25T08:40:58Z</time><speed>0.000</speed><sat>29</sat></trkpt>
  <trkpt lat="45.61570139" lon="2.81185337"><ele>1369.844</ele><time>2026-09-25T08:41:01Z</time><speed>0.000</speed><sat>29</sat></trkpt>
  <trkpt lat="45.61570139" lon="2.81185335"><ele>1369.845</ele><time>2026-09-25T08:41:04Z</time><speed>0.000</speed><sat>31</sat></trkpt>
  <trkpt lat="45.61570137" lon="2.81185335"><ele>1369.846</ele><time>2026-09-25T08:41:07Z</time><speed>0.000</speed><sat>31</sat></trkpt>
  <trkpt lat="45.61570136" lon="2.81185333"><ele>1369.844</ele><time>2026-09-25T08:41:10Z</time><speed>0.000</speed><sat>28</sat></trkpt>
  <trkpt lat="45.61570136" lon="2.81185334"><ele>1369.841</ele><time>2026-09-25T08:41:13Z</time><speed>0.000</speed><sat>28</sat></trkpt>
  <trkpt lat="45.61570131" lon="2.81185330"><ele>1369.842</ele><time>2026-09-25T08:41:16Z</time><speed>0.000</speed><sat>30</sat></trkpt>
  <trkpt lat="45.61570129" lon="2.81185324"><ele>1369.845</ele><time>2026-09-25T08:41:19Z</time><speed>0.000</speed><sat>30</sat></trkpt>
  <trkpt lat="45.61570130" lon="2.81185318"><ele>1369.848</ele><time>2026-09-25T08:41:22Z</time><speed>0.000</speed><sat>31</sat></trkpt>
  <trkpt lat="45.61570131" lon="2.81185313"><ele>1369.850</ele><time>2026-09-25T08:41:25Z</time><speed>0.000</speed><sat>28</sat></trkpt>
  <trkpt lat="45.61570132" lon="2.81185308"><ele>1369.858</ele><time>2026-09-25T08:41:28Z</time><speed>0.000</speed><sat>27</sat></trkpt>
  <trkpt lat="45.61570133" lon="2.81185304"><ele>1369.864</ele><time>2026-09-25T08:41:31Z</time><speed>0.000</speed><sat>27</sat></trkpt>
  <trkpt lat="45.61570136" lon="2.81185301"><ele>1369.868</ele><time>2026-09-25T08:41:34Z</time><speed>0.000</speed><sat>28</sat></trkpt>
  <trkpt lat="45.61570138" lon="2.81185302"><ele>1369.874</ele><time>2026-09-25T08:41:37Z</time><speed>0.000</speed><sat>27</sat></trkpt>
  <trkpt lat="45.61570140" lon="2.81185302"><ele>1369.877</ele><time>2026-09-25T08:41:40Z</time><speed>0.000</speed><sat>25</sat></trkpt>
  <trkpt lat="45.61570138" lon="2.81185305"><ele>1369.878</ele><time>2026-09-25T08:41:43Z</time><speed>0.000</speed><sat>28</sat></trkpt>
  <trkpt lat="45.61570137" lon="2.81185310"><ele>1369.878</ele><time>2026-09-25T08:41:46Z</time><speed>0.000</speed><sat>29</sat></trkpt>
  <trkpt lat="45.61570129" lon="2.81185317"><ele>1369.884</ele><time>2026-09-25T08:41:49Z</time><speed>0.000</speed><sat>29</sat></trkpt>
  <trkpt lat="45.61570128" lon="2.81185316"><ele>1369.886</ele><time>2026-09-25T08:41:52Z</time><speed>0.000</speed><sat>29</sat></trkpt>
  <trkpt lat="45.61570128" lon="2.81185314"><ele>1369.890</ele><time>2026-09-25T08:41:55Z</time><speed>0.000</speed><sat>31</sat></trkpt>
  <trkpt lat="45.61570129" lon="2.81185331"><ele>1369.888</ele><time>2026-09-25T08:41:58Z</time><speed>0.000</speed><sat>28</sat></trkpt>
  <trkpt lat="45.61570129" lon="2.81185338"><ele>1369.890</ele><time>2026-09-25T08:42:01Z</time><speed>0.000</speed><sat>26</sat></trkpt>
  <trkpt lat="45.61570119" lon="2.81185338"><ele>1369.886</ele><time>2026-09-25T08:42:04Z</time><speed>0.000</speed><sat>27</sat></trkpt>
  <trkpt lat="45.61570117" lon="2.81185345"><ele>1369.897</ele><time>2026-09-25T08:42:07Z</time><speed>0.000</speed><sat>27</sat></trkpt>
  <trkpt lat="45.61570123" lon="2.81185355"><ele>1369.902</ele><time>2026-09-25T08:42:10Z</time><speed>0.000</speed><sat>29</sat></trkpt>
  <trkpt lat="45.61570108" lon="2.81185359"><ele>1369.892</ele><time>2026-09-25T08:42:13Z</time><speed>0.000</speed><sat>29</sat></trkpt>
  <trkpt lat="45.61570108" lon="2.81185352"><ele>1369.882</ele><time>2026-09-25T08:42:16Z</time><speed>0.000</speed><sat>28</sat></trkpt>
  <trkpt lat="45.61570117" lon="2.81185337"><ele>1369.837</ele><time>2026-09-25T08:42:19Z</time><speed>0.000</speed><sat>28</sat></trkpt>
  <trkpt lat="45.61570102" lon="2.81185397"><ele>1369.765</ele><time>2026-09-25T08:42:22Z</time><speed>0.150</speed><sat>30</sat></trkpt>
  <trkpt lat="45.61570165" lon="2.81185396"><ele>1369.719</ele><time>2026-09-25T08:42:25Z</time><speed>0.000</speed><sat>32</sat></trkpt>
  <trkpt lat="45.61570164" lon="2.81185409"><ele>1369.715</ele><time>2026-09-25T08:42:28Z</time><speed>0.000</speed><sat>32</sat></trkpt>
  <trkpt lat="45.61570167" lon="2.81185445"><ele>1369.717</ele><time>2026-09-25T08:42:31Z</time><speed>0.000</speed><sat>27</sat></trkpt>
  <trkpt lat="45.61570116" lon="2.81185429"><ele>1369.715</ele><time>2026-09-25T08:42:34Z</time><speed>0.000</speed><sat>29</sat></trkpt>
  <trkpt lat="45.61570090" lon="2.81185411"><ele>1369.723</ele><time>2026-09-25T08:42:37Z</time><speed>0.000</speed><sat>29</sat></trkpt>
  <trkpt lat="45.61570076" lon="2.81185465"><ele>1369.743</ele><time>2026-09-25T08:42:40Z</time><speed>0.000</speed><sat>29</sat></trkpt>
  <trkpt lat="45.61570054" lon="2.81185470"><ele>1369.723</ele><time>2026-09-25T08:42:43Z</time><speed>0.000</speed><sat>30</sat></trkpt>
  <trkpt lat="45.61570055" lon="2.81185472"><ele>1369.726</ele><time>2026-09-25T08:42:46Z</time><speed>0.000</speed><sat>29</sat></trkpt>
  <trkpt lat="45.61570038" lon="2.81185492"><ele>1369.699</ele><time>2026-09-25T08:42:49Z</time><speed>0.000</speed><sat>28</sat></trkpt>
  <trkpt lat="45.61570033" lon="2.81185517"><ele>1369.692</ele><time>2026-09-25T08:42:52Z</time><speed>0.000</speed><sat>28</sat></trkpt>
  <trkpt lat="45.61570029" lon="2.81185522"><ele>1369.690</ele><time>2026-09-25T08:42:55Z</time><speed>0.000</speed><sat>28</sat></trkpt>
  <trkpt lat="45.61570025" lon="2.81185521"><ele>1369.695</ele><time>2026-09-25T08:42:58Z</time><speed>0.000</speed><sat>28</sat></trkpt>
  <trkpt lat="45.61570019" lon="2.81185521"><ele>1369.696</ele><time>2026-09-25T08:43:01Z</time><speed>0.000</speed><sat>27</sat></trkpt>
  <trkpt lat="45.61570011" lon="2.81185512"><ele>1369.699</ele><time>2026-09-25T08:43:04Z</time><speed>0.000</speed><sat>25</sat></trkpt>
  <trkpt lat="45.61570006" lon="2.81185504"><ele>1369.696</ele><time>2026-09-25T08:43:07Z</time><speed>0.000</speed><sat>25</sat></trkpt>
  <trkpt lat="45.61570014" lon="2.81185515"><ele>1369.719</ele><time>2026-09-25T08:43:10Z</time><speed>0.000</speed><sat>28</sat></trkpt>
  <trkpt lat="45.61570002" lon="2.81185510"><ele>1369.755</ele><time>2026-09-25T08:43:13Z</time><speed>0.000</speed><sat>29</sat></trkpt>
  <trkpt lat="45.61569997" lon="2.81185539"><ele>1369.706</ele><time>2026-09-25T08:43:16Z</time><speed>0.000</speed><sat>28</sat></trkpt>
  <trkpt lat="45.61569995" lon="2.81185573"><ele>1369.684</ele><time>2026-09-25T08:43:19Z</time><speed>0.000</speed><sat>28</sat></trkpt>
  <trkpt lat="45.61569991" lon="2.81185584"><ele>1369.693</ele><time>2026-09-25T08:43:22Z</time><speed>0.000</speed><sat>28</sat></trkpt>
  <trkpt lat="45.61569989" lon="2.81185598"><ele>1369.690</ele><time>2026-09-25T08:43:25Z</time><speed>0.000</speed><sat>27</sat></trkpt>
  <trkpt lat="45.61570000" lon="2.81185635"><ele>1369.686</ele><time>2026-09-25T08:43:28Z</time><speed>0.000</speed><sat>28</sat></trkpt>
  <trkpt lat="45.61569999" lon="2.81185662"><ele>1369.705</ele><time>2026-09-25T08:43:31Z</time><speed>0.000</speed><sat>31</sat></trkpt>
  <trkpt lat="45.61570004" lon="2.81185654"><ele>1369.675</ele><time>2026-09-25T08:43:34Z</time><speed>0.000</speed><sat>29</sat></trkpt>
  <trkpt lat="45.61570002" lon="2.81185641"><ele>1369.647</ele><time>2026-09-25T08:43:37Z</time><speed>0.000</speed><sat>27</sat></trkpt>
  <trkpt lat="45.61570010" lon="2.81185686"><ele>1369.641</ele><time>2026-09-25T08:43:40Z</time><speed>0.000</speed><sat>28</sat></trkpt>
  <trkpt lat="45.61570012" lon="2.81185659"><ele>1369.641</ele><time>2026-09-25T08:43:43Z</time><speed>0.000</speed><sat>26</sat></trkpt>
  <trkpt lat="45.61570293" lon="2.81186384"><ele>1370.269</ele><time>2026-09-25T08:43:46Z</time><speed>0.260</speed><sat>27</sat></trkpt>
  <trkpt lat="45.61572792" lon="2.81188785"><ele>1371.459</ele><time>2026-09-25T08:43:51Z</time><speed>1.090</speed><sat>28</sat></trkpt>
  <trkpt lat="45.61576161" lon="2.81190496"><ele>1373.505</ele><time>2026-09-25T08:43:54Z</time><speed>2.320</speed><sat>29</sat></trkpt>
  <trkpt lat="45.61577980" lon="2.81187631"><ele>1372.409</ele><time>2026-09-25T08:43:57Z</time><speed>1.060</speed><sat>29</sat></trkpt>
  <trkpt lat="45.61580170" lon="2.81184442"><ele>1371.992</ele><time>2026-09-25T08:44:00Z</time><speed>1.240</speed><sat>35</sat></trkpt>
  <trkpt lat="45.61582332" lon="2.81181918"><ele>1371.552</ele><time>2026-09-25T08:44:03Z</time><speed>1.190</speed><sat>36</sat></trkpt>
  <trkpt lat="45.61585021" lon="2.81179131"><ele>1370.758</ele><time>2026-09-25T08:44:06Z</time><speed>1.390</speed><sat>36</sat></trkpt>
  <trkpt lat="45.61588039" lon="2.81176712"><ele>1369.174</ele><time>2026-09-25T08:44:09Z</time><speed>1.500</speed><sat>35</sat></trkpt>
  <trkpt lat="45.61591112" lon="2.81173479"><ele>1367.881</ele><time>2026-09-25T08:44:12Z</time><speed>1.420</speed><sat>33</sat></trkpt>
  <trkpt lat="45.61593268" lon="2.81173166"><ele>1365.016</ele><time>2026-09-25T08:44:15Z</time><speed>1.110</speed><sat>35</sat></trkpt>
  <trkpt lat="45.61594922" lon="2.81174196"><ele>1365.152</ele><time>2026-09-25T08:44:18Z</time><speed>1.040</speed><sat>36</sat></trkpt>
  <trkpt lat="45.61596443" lon="2.81172359"><ele>1363.974</ele><time>2026-09-25T08:44:21Z</time><speed>0.960</speed><sat>37</sat></trkpt>
  <trkpt lat="45.61598579" lon="2.81172325"><ele>1364.579</ele><time>2026-09-25T08:44:24Z</time><speed>0.840</speed><sat>37</sat></trkpt>
  <trkpt lat="45.61599867" lon="2.81170457"><ele>1364.426</ele><time>2026-09-25T08:44:27Z</time><speed>0.850</speed><sat>35</sat></trkpt>
  <trkpt lat="45.61601298" lon="2.81170847"><ele>1364.780</ele><time>2026-09-25T08:44:30Z</time><speed>0.000</speed><sat>35</sat></trkpt>
  <trkpt lat="45.61601131" lon="2.81171051"><ele>1364.918</ele><time>2026-09-25T08:44:33Z</time><speed>0.180</speed><sat>34</sat></trkpt>
  <trkpt lat="45.61600997" lon="2.81171139"><ele>1364.954</ele><time>2026-09-25T08:44:36Z</time><speed>0.000</speed><sat>34</sat></trkpt>
  <trkpt lat="45.61600984" lon="2.81171170"><ele>1364.967</ele><time>2026-09-25T08:44:39Z</time><speed>0.000</speed><sat>36</sat></trkpt>
  <trkpt lat="45.61601744" lon="2.81171722"><ele>1365.759</ele><time>2026-09-25T08:44:42Z</time><speed>0.680</speed><sat>36</sat></trkpt>
  <trkpt lat="45.61603006" lon="2.81169081"><ele>1366.353</ele><time>2026-09-25T08:44:45Z</time><speed>0.810</speed><sat>36</sat></trkpt>
  <trkpt lat="45.61603879" lon="2.81167267"><ele>1367.906</ele><time>2026-09-25T08:44:48Z</time><speed>0.880</speed><sat>37</sat></trkpt>
  <trkpt lat="45.61605326" lon="2.81166462"><ele>1369.271</ele><time>2026-09-25T08:44:51Z</time><speed>0.800</speed><sat>37</sat></trkpt>
  <trkpt lat="45.61606356" lon="2.81165094"><ele>1368.166</ele><time>2026-09-25T08:44:54Z</time><speed>0.000</speed><sat>38</sat></trkpt>
  <trkpt lat="45.61606449" lon="2.81164226"><ele>1368.484</ele><time>2026-09-25T08:44:57Z</time><speed>0.210</speed><sat>36</sat></trkpt>
  <trkpt lat="45.61606036" lon="2.81162760"><ele>1368.058</ele><time>2026-09-25T08:45:00Z</time><speed>0.170</speed><sat>35</sat></trkpt>
  <trkpt lat="45.61605805" lon="2.81163239"><ele>1368.101</ele><time>2026-09-25T08:45:03Z</time><speed>0.000</speed><sat>35</sat></trkpt>
  <trkpt lat="45.61605801" lon="2.81163255"><ele>1368.100</ele><time>2026-09-25T08:45:06Z</time><speed>0.000</speed><sat>37</sat></trkpt>
  <trkpt lat="45.61607087" lon="2.81162918"><ele>1369.186</ele><time>2026-09-25T08:45:09Z</time><speed>0.370</speed><sat>37</sat></trkpt>
  <trkpt lat="45.61607462" lon="2.81162834"><ele>1369.202</ele><time>2026-09-25T08:45:12Z</time><speed>0.000</speed><sat>37</sat></trkpt>
  <trkpt lat="45.61608366" lon="2.81162346"><ele>1369.163</ele><time>2026-09-25T08:45:15Z</time><speed>0.690</speed><sat>37</sat></trkpt>
  <trkpt lat="45.61610241" lon="2.81159973"><ele>1370.437</ele><time>2026-09-25T08:45:18Z</time><speed>0.000</speed><sat>35</sat></trkpt>
  <trkpt lat="45.61611868" lon="2.81159180"><ele>1370.359</ele><time>2026-09-25T08:45:21Z</time><speed>0.730</speed><sat>37</sat></trkpt>
  <trkpt lat="45.61613291" lon="2.81158249"><ele>1370.528</ele><time>2026-09-25T08:45:24Z</time><speed>0.510</speed><sat>35</sat></trkpt>
  <trkpt lat="45.61614946" lon="2.81156569"><ele>1370.639</ele><time>2026-09-25T08:45:27Z</time><speed>0.770</speed><sat>37</sat></trkpt>
  <trkpt lat="45.61616285" lon="2.81155480"><ele>1369.955</ele><time>2026-09-25T08:45:30Z</time><speed>0.680</speed><sat>38</sat></trkpt>
  <trkpt lat="45.61616986" lon="2.81153961"><ele>1370.431</ele><time>2026-09-25T08:45:33Z</time><speed>0.000</speed><sat>35</sat></trkpt>
  <trkpt lat="45.61618736" lon="2.81152672"><ele>1371.111</ele><time>2026-09-25T08:45:36Z</time><speed>0.630</speed><sat>34</sat></trkpt>
  <trkpt lat="45.61620170" lon="2.81151317"><ele>1371.037</ele><time>2026-09-25T08:45:39Z</time><speed>0.590</speed><sat>34</sat></trkpt>
  <trkpt lat="45.61620138" lon="2.81150233"><ele>1373.104</ele><time>2026-09-25T08:45:42Z</time><speed>0.870</speed><sat>33</sat></trkpt>
  <trkpt lat="45.61619992" lon="2.81148842"><ele>1373.399</ele><time>2026-09-25T08:45:45Z</time><speed>0.160</speed><sat>35</sat></trkpt>
  <trkpt lat="45.61622085" lon="2.81148388"><ele>1374.040</ele><time>2026-09-25T08:45:48Z</time><speed>0.580</speed><sat>36</sat></trkpt>
  <trkpt lat="45.61623663" lon="2.81147896"><ele>1374.506</ele><time>2026-09-25T08:45:51Z</time><speed>0.560</speed><sat>34</sat></trkpt>
  <trkpt lat="45.61625724" lon="2.81147447"><ele>1374.745</ele><time>2026-09-25T08:45:54Z</time><speed>0.740</speed><sat>34</sat></trkpt>
  <trkpt lat="45.61628275" lon="2.81147218"><ele>1374.930</ele><time>2026-09-25T08:45:57Z</time><speed>0.720</speed><sat>37</sat></trkpt>
  <trkpt lat="45.61630173" lon="2.81147247"><ele>1375.220</ele><time>2026-09-25T08:46:00Z</time><speed>0.340</speed><sat>37</sat></trkpt>
  <trkpt lat="45.61631181" lon="2.81147089"><ele>1375.347</ele><time>2026-09-25T08:46:03Z</time><speed>0.000</speed><sat>37</sat></trkpt>
  <trkpt lat="45.61631474" lon="2.81146303"><ele>1375.292</ele><time>2026-09-25T08:46:06Z</time><speed>0.440</speed><sat>37</sat></trkpt>
  <trkpt lat="45.61632909" lon="2.81143524"><ele>1374.646</ele><time>2026-09-25T08:46:09Z</time><speed>0.710</speed><sat>35</sat></trkpt>
  <trkpt lat="45.61633054" lon="2.81139740"><ele>1373.343</ele><time>2026-09-25T08:46:12Z</time><speed>0.670</speed><sat>37</sat></trkpt>
  <trkpt lat="45.61633251" lon="2.81136912"><ele>1373.771</ele><time>2026-09-25T08:46:15Z</time><speed>0.790</speed><sat>36</sat></trkpt>
  <trkpt lat="45.61633737" lon="2.81134848"><ele>1372.429</ele><time>2026-09-25T08:46:18Z</time><speed>0.360</speed><sat>33</sat></trkpt>
  <trkpt lat="45.61634217" lon="2.81133368"><ele>1372.462</ele><time>2026-09-25T08:46:21Z</time><speed>0.320</speed><sat>33</sat></trkpt>
  <trkpt lat="45.61634741" lon="2.81133041"><ele>1372.086</ele><time>2026-09-25T08:46:24Z</time><speed>0.000</speed><sat>35</sat></trkpt>
  <trkpt lat="45.61636149" lon="2.81132198"><ele>1373.365</ele><time>2026-09-25T08:46:27Z</time><speed>0.000</speed><sat>36</sat></trkpt>
  <trkpt lat="45.61636980" lon="2.81130136"><ele>1374.625</ele><time>2026-09-25T08:46:30Z</time><speed>0.650</speed><sat>35</sat></trkpt>
  <trkpt lat="45.61638442" lon="2.81129608"><ele>1374.826</ele><time>2026-09-25T08:46:33Z</time><speed>0.490</speed><sat>36</sat></trkpt>
  <trkpt lat="45.61639919" lon="2.81127964"><ele>1376.508</ele><time>2026-09-25T08:46:36Z</time><speed>0.800</speed><sat>33</sat></trkpt>
  <trkpt lat="45.61641600" lon="2.81125347"><ele>1377.947</ele><time>2026-09-25T08:46:39Z</time><speed>0.790</speed><sat>36</sat></trkpt>
  <trkpt lat="45.61642467" lon="2.81125876"><ele>1377.329</ele><time>2026-09-25T08:46:42Z</time><speed>0.650</speed><sat>37</sat></trkpt>
  <trkpt lat="45.61642343" lon="2.81126351"><ele>1376.245</ele><time>2026-09-25T08:46:45Z</time><speed>0.570</speed><sat>38</sat></trkpt>
  <trkpt lat="45.61642185" lon="2.81127637"><ele>1375.797</ele><time>2026-09-25T08:46:48Z</time><speed>0.350</speed><sat>36</sat></trkpt>
  <trkpt lat="45.61642023" lon="2.81127708"><ele>1375.776</ele><time>2026-09-25T08:46:51Z</time><speed>0.000</speed><sat>34</sat></trkpt>
  <trkpt lat="45.61642050" lon="2.81127518"><ele>1376.029</ele><time>2026-09-25T08:46:54Z</time><speed>0.000</speed><sat>32</sat></trkpt>
  <trkpt lat="45.61642783" lon="2.81127170"><ele>1376.926</ele><time>2026-09-25T08:46:57Z</time><speed>0.000</speed><sat>33</sat></trkpt>
  <trkpt lat="45.61639707" lon="2.81127450"><ele>1376.471</ele><time>2026-09-25T08:47:00Z</time><speed>1.470</speed><sat>36</sat></trkpt>
  <trkpt lat="45.61642782" lon="2.81127055"><ele>1378.310</ele><time>2026-09-25T08:47:03Z</time><speed>1.260</speed><sat>37</sat></trkpt>
  <trkpt lat="45.61648011" lon="2.81126404"><ele>1378.691</ele><time>2026-09-25T08:47:06Z</time><speed>1.070</speed><sat>36</sat></trkpt>
  <trkpt lat="45.61649772" lon="2.81122515"><ele>1378.558</ele><time>2026-09-25T08:47:09Z</time><speed>0.720</speed><sat>35</sat></trkpt>
  <trkpt lat="45.61648973" lon="2.81121874"><ele>1376.941</ele><time>2026-09-25T08:47:12Z</time><speed>0.180</speed><sat>37</sat></trkpt>
  <trkpt lat="45.61648813" lon="2.81122013"><ele>1376.843</ele><time>2026-09-25T08:47:15Z</time><speed>0.000</speed><sat>37</sat></trkpt>
  <trkpt lat="45.61649036" lon="2.81121310"><ele>1377.622</ele><time>2026-09-25T08:47:18Z</time><speed>0.420</speed><sat>35</sat></trkpt>
  <trkpt lat="45.61651044" lon="2.81119300"><ele>1377.491</ele><time>2026-09-25T08:47:21Z</time><speed>0.610</speed><sat>36</sat></trkpt>
  <trkpt lat="45.61651919" lon="2.81118393"><ele>1377.072</ele><time>2026-09-25T08:47:24Z</time><speed>0.420</speed><sat>38</sat></trkpt>
  <trkpt lat="45.61653544" lon="2.81117057"><ele>1377.819</ele><time>2026-09-25T08:47:27Z</time><speed>0.280</speed><sat>35</sat></trkpt>
  <trkpt lat="45.61655062" lon="2.81116520"><ele>1376.760</ele><time>2026-09-25T08:47:30Z</time><speed>1.370</speed><sat>35</sat></trkpt>
  <trkpt lat="45.61655546" lon="2.81116107"><ele>1376.763</ele><time>2026-09-25T08:47:33Z</time><speed>0.000</speed><sat>36</sat></trkpt>
  <trkpt lat="45.61655538" lon="2.81116079"><ele>1376.756</ele><time>2026-09-25T08:47:36Z</time><speed>0.000</speed><sat>37</sat></trkpt>
  <trkpt lat="45.61655533" lon="2.81116071"><ele>1376.761</ele><time>2026-09-25T08:47:39Z</time><speed>0.000</speed><sat>37</sat></trkpt>
  <trkpt lat="45.61655520" lon="2.81116053"><ele>1376.749</ele><time>2026-09-25T08:47:42Z</time><speed>0.000</speed><sat>37</sat></trkpt>
  <trkpt lat="45.61655261" lon="2.81115777"><ele>1376.913</ele><time>2026-09-25T08:47:45Z</time><speed>0.000</speed><sat>35</sat></trkpt>
  <trkpt lat="45.61655587" lon="2.81115700"><ele>1376.962</ele><time>2026-09-25T08:47:48Z</time><speed>0.330</speed><sat>37</sat></trkpt>
  <trkpt lat="45.61656304" lon="2.81115548"><ele>1376.357</ele><time>2026-09-25T08:47:51Z</time><speed>0.320</speed><sat>37</sat></trkpt>
  <trkpt lat="45.61657075" lon="2.81115364"><ele>1376.467</ele><time>2026-09-25T08:47:54Z</time><speed>0.000</speed><sat>35</sat></trkpt>
  <trkpt lat="45.61657101" lon="2.81115315"><ele>1376.459</ele><time>2026-09-25T08:47:57Z</time><speed>0.000</speed><sat>37</sat></trkpt>
  <trkpt lat="45.61657093" lon="2.81115306"><ele>1376.503</ele><time>2026-09-25T08:48:00Z</time><speed>0.000</speed><sat>35</sat></trkpt>
  <trkpt lat="45.61657074" lon="2.81115312"><ele>1376.536</ele><time>2026-09-25T08:48:03Z</time><speed>0.000</speed><sat>30</sat></trkpt>
  <trkpt lat="45.61658030" lon="2.81114299"><ele>1376.640</ele><time>2026-09-25T08:48:06Z</time><speed>0.250</speed><sat>29</sat></trkpt>
  <trkpt lat="45.61658151" lon="2.81114225"><ele>1376.559</ele><time>2026-09-25T08:48:09Z</time><speed>0.000</speed><sat>31</sat></trkpt>
  <trkpt lat="45.61658171" lon="2.81114165"><ele>1376.578</ele><time>2026-09-25T08:48:12Z</time><speed>0.000</speed><sat>36</sat></trkpt>
  <trkpt lat="45.61658169" lon="2.81114129"><ele>1376.586</ele><time>2026-09-25T08:48:15Z</time><speed>0.000</speed><sat>37</sat></trkpt>
  <trkpt lat="45.61658169" lon="2.81114136"><ele>1376.605</ele><time>2026-09-25T08:48:18Z</time><speed>0.000</speed><sat>34</sat></trkpt>
  <trkpt lat="45.61658177" lon="2.81114138"><ele>1376.602</ele><time>2026-09-25T08:48:21Z</time><speed>0.000</speed><sat>36</sat></trkpt>
  <trkpt lat="45.61658603" lon="2.81114160"><ele>1376.621</ele><time>2026-09-25T08:48:24Z</time><speed>0.000</speed><sat>36</sat></trkpt>
  <trkpt lat="45.61660756" lon="2.81115688"><ele>1377.192</ele><time>2026-09-25T08:48:27Z</time><speed>0.000</speed><sat>34</sat></trkpt>
  <trkpt lat="45.61660575" lon="2.81115075"><ele>1377.181</ele><time>2026-09-25T08:48:30Z</time><speed>0.000</speed><sat>33</sat></trkpt>
  <trkpt lat="45.61661384" lon="2.81114766"><ele>1377.474</ele><time>2026-09-25T08:48:33Z</time><speed>0.440</speed><sat>35</sat></trkpt>
  <trkpt lat="45.61663691" lon="2.81114304"><ele>1377.409</ele><time>2026-09-25T08:48:36Z</time><speed>0.940</speed><sat>35</sat></trkpt>
  <trkpt lat="45.61665268" lon="2.81111064"><ele>1377.016</ele><time>2026-09-25T08:48:39Z</time><speed>1.130</speed><sat>33</sat></trkpt>
  <trkpt lat="45.61667014" lon="2.81109548"><ele>1377.634</ele><time>2026-09-25T08:48:42Z</time><speed>0.970</speed><sat>31</sat></trkpt>
  <trkpt lat="45.61668940" lon="2.81108681"><ele>1377.582</ele><time>2026-09-25T08:48:45Z</time><speed>0.800</speed><sat>32</sat></trkpt>
  <trkpt lat="45.61670780" lon="2.81107697"><ele>1377.429</ele><time>2026-09-25T08:48:48Z</time><speed>0.670</speed><sat>34</sat></trkpt>
  <trkpt lat="45.61672365" lon="2.81106748"><ele>1377.506</ele><time>2026-09-25T08:48:51Z</time><speed>0.680</speed><sat>34</sat></trkpt>
  <trkpt lat="45.61674467" lon="2.81107107"><ele>1377.617</ele><time>2026-09-25T08:48:54Z</time><speed>1.180</speed><sat>34</sat></trkpt>
  <trkpt lat="45.61676718" lon="2.81106448"><ele>1377.692</ele><time>2026-09-25T08:48:57Z</time><speed>0.860</speed><sat>33</sat></trkpt>
  <trkpt lat="45.61678259" lon="2.81104545"><ele>1378.030</ele><time>2026-09-25T08:49:00Z</time><speed>0.770</speed><sat>33</sat></trkpt>
  <trkpt lat="45.61678847" lon="2.81103307"><ele>1377.673</ele><time>2026-09-25T08:49:03Z</time><speed>0.230</speed><sat>33</sat></trkpt>
  <trkpt lat="45.61678755" lon="2.81102969"><ele>1378.060</ele><time>2026-09-25T08:49:06Z</time><speed>0.450</speed><sat>31</sat></trkpt>
  <trkpt lat="45.61678864" lon="2.81102986"><ele>1378.272</ele><time>2026-09-25T08:49:09Z</time><speed>0.180</speed><sat>32</sat></trkpt>
  <trkpt lat="45.61677976" lon="2.81103200"><ele>1378.032</ele><time>2026-09-25T08:49:12Z</time><speed>0.350</speed><sat>33</sat></trkpt>
  <trkpt lat="45.61677779" lon="2.81102972"><ele>1377.686</ele><time>2026-09-25T08:49:15Z</time><speed>0.000</speed><sat>33</sat></trkpt>
  <trkpt lat="45.61676630" lon="2.81102024"><ele>1377.073</ele><time>2026-09-25T08:49:18Z</time><speed>0.400</speed><sat>35</sat></trkpt>
  <trkpt lat="45.61676942" lon="2.81100979"><ele>1377.646</ele><time>2026-09-25T08:49:21Z</time><speed>0.280</speed><sat>33</sat></trkpt>
  <trkpt lat="45.61676020" lon="2.81099214"><ele>1377.714</ele><time>2026-09-25T08:49:24Z</time><speed>0.360</speed><sat>34</sat></trkpt>
  <trkpt lat="45.61675700" lon="2.81097575"><ele>1378.462</ele><time>2026-09-25T08:49:27Z</time><speed>0.570</speed><sat>34</sat></trkpt>
  <trkpt lat="45.61676170" lon="2.81095371"><ele>1380.180</ele><time>2026-09-25T08:49:30Z</time><speed>0.390</speed><sat>35</sat></trkpt>
  <trkpt lat="45.61676463" lon="2.81093919"><ele>1380.867</ele><time>2026-09-25T08:49:33Z</time><speed>0.170</speed><sat>35</sat></trkpt>
  <trkpt lat="45.61678194" lon="2.81093086"><ele>1381.899</ele><time>2026-09-25T08:49:36Z</time><speed>0.760</speed><sat>34</sat></trkpt>
  <trkpt lat="45.61679072" lon="2.81091390"><ele>1382.037</ele><time>2026-09-25T08:49:39Z</time><speed>0.660</speed><sat>34</sat></trkpt>
  <trkpt lat="45.61680505" lon="2.81089344"><ele>1382.521</ele><time>2026-09-25T08:49:42Z</time><speed>0.760</speed><sat>36</sat></trkpt>
  <trkpt lat="45.61682304" lon="2.81087903"><ele>1383.221</ele><time>2026-09-25T08:49:45Z</time><speed>0.750</speed><sat>36</sat></trkpt>
  <trkpt lat="45.61684199" lon="2.81085364"><ele>1383.507</ele><time>2026-09-25T08:49:48Z</time><speed>1.180</speed><sat>37</sat></trkpt>
  <trkpt lat="45.61686472" lon="2.81083806"><ele>1383.367</ele><time>2026-09-25T08:49:51Z</time><speed>1.100</speed><sat>36</sat></trkpt>
  <trkpt lat="45.61688566" lon="2.81081179"><ele>1383.728</ele><time>2026-09-25T08:49:54Z</time><speed>1.250</speed><sat>36</sat></trkpt>
  <trkpt lat="45.61690979" lon="2.81078452"><ele>1384.191</ele><time>2026-09-25T08:49:57Z</time><speed>1.240</speed><sat>36</sat></trkpt>
  <trkpt lat="45.61693066" lon="2.81076267"><ele>1384.229</ele><time>2026-09-25T08:50:00Z</time><speed>1.010</speed><sat>38</sat></trkpt>
  <trkpt lat="45.61695620" lon="2.81075349"><ele>1384.788</ele><time>2026-09-25T08:50:03Z</time><speed>0.980</speed><sat>39</sat></trkpt>
  <trkpt lat="45.61696707" lon="2.81074821"><ele>1385.093</ele><time>2026-09-25T08:50:06Z</time><speed>0.210</speed><sat>39</sat></trkpt>
  <trkpt lat="45.61698854" lon="2.81073590"><ele>1385.292</ele><time>2026-09-25T08:50:09Z</time><speed>0.000</speed><sat>38</sat></trkpt>
  <trkpt lat="45.61698607" lon="2.81074318"><ele>1385.360</ele><time>2026-09-25T08:50:12Z</time><speed>0.000</speed><sat>39</sat></trkpt>
  <trkpt lat="45.61698642" lon="2.81074397"><ele>1385.413</ele><time>2026-09-25T08:50:15Z</time><speed>0.000</speed><sat>37</sat></trkpt>
  <trkpt lat="45.61699287" lon="2.81074175"><ele>1385.537</ele><time>2026-09-25T08:50:18Z</time><speed>0.940</speed><sat>37</sat></trkpt>
  <trkpt lat="45.61701026" lon="2.81071413"><ele>1386.332</ele><time>2026-09-25T08:50:21Z</time><speed>1.030</speed><sat>39</sat></trkpt>
  <trkpt lat="45.61702484" lon="2.81068592"><ele>1386.319</ele><time>2026-09-25T08:50:24Z</time><speed>0.660</speed><sat>39</sat></trkpt>
  <trkpt lat="45.61704059" lon="2.81065429"><ele>1387.091</ele><time>2026-09-25T08:50:27Z</time><speed>0.910</speed><sat>39</sat></trkpt>
  <trkpt lat="45.61704300" lon="2.81062407"><ele>1387.083</ele><time>2026-09-25T08:50:30Z</time><speed>0.970</speed><sat>39</sat></trkpt>
  <trkpt lat="45.61704756" lon="2.81060555"><ele>1386.974</ele><time>2026-09-25T08:50:33Z</time><speed>0.460</speed><sat>35</sat></trkpt>
  <trkpt lat="45.61705524" lon="2.81059283"><ele>1387.358</ele><time>2026-09-25T08:50:36Z</time><speed>0.000</speed><sat>39</sat></trkpt>
  <trkpt lat="45.61705965" lon="2.81059061"><ele>1387.546</ele><time>2026-09-25T08:50:39Z</time><speed>0.000</speed><sat>39</sat></trkpt>
  <trkpt lat="45.61706226" lon="2.81059097"><ele>1387.592</ele><time>2026-09-25T08:50:42Z</time><speed>0.000</speed><sat>39</sat></trkpt>
  <trkpt lat="45.61706525" lon="2.81058241"><ele>1387.635</ele><time>2026-09-25T08:50:45Z</time><speed>0.600</speed><sat>39</sat></trkpt>
  <trkpt lat="45.61707105" lon="2.81057487"><ele>1387.741</ele><time>2026-09-25T08:50:48Z</time><speed>0.000</speed><sat>39</sat></trkpt>
  <trkpt lat="45.61707440" lon="2.81057036"><ele>1387.935</ele><time>2026-09-25T08:50:51Z</time><speed>0.000</speed><sat>39</sat></trkpt>
  <trkpt lat="45.61707814" lon="2.81056329"><ele>1388.294</ele><time>2026-09-25T08:50:54Z</time><speed>0.550</speed><sat>39</sat></trkpt>
  <trkpt lat="45.61707620" lon="2.81055938"><ele>1388.402</ele><time>2026-09-25T08:50:57Z</time><speed>0.520</speed><sat>39</sat></trkpt>
  <trkpt lat="45.61707716" lon="2.81055304"><ele>1388.673</ele><time>2026-09-25T08:51:00Z</time><speed>0.480</speed><sat>39</sat></trkpt>
  <trkpt lat="45.61708101" lon="2.81054114"><ele>1388.467</ele><time>2026-09-25T08:51:03Z</time><speed>0.240</speed><sat>39</sat></trkpt>
  <trkpt lat="45.61709476" lon="2.81052119"><ele>1388.345</ele><time>2026-09-25T08:51:06Z</time><speed>1.050</speed><sat>39</sat></trkpt>
  <trkpt lat="45.61709780" lon="2.81052317"><ele>1388.607</ele><time>2026-09-25T08:51:09Z</time><speed>0.320</speed><sat>39</sat></trkpt>
  <trkpt lat="45.61710263" lon="2.81054946"><ele>1388.633</ele><time>2026-09-25T08:51:12Z</time><speed>0.730</speed><sat>39</sat></trkpt>
  <trkpt lat="45.61709833" lon="2.81058611"><ele>1387.812</ele><time>2026-09-25T08:51:15Z</time><speed>0.240</speed><sat>39</sat></trkpt>
  <trkpt lat="45.61710221" lon="2.81058985"><ele>1387.688</ele><time>2026-09-25T08:51:18Z</time><speed>0.150</speed><sat>39</sat></trkpt>
  <trkpt lat="45.61710395" lon="2.81059295"><ele>1387.443</ele><time>2026-09-25T08:51:21Z</time><speed>0.000</speed><sat>39</sat></trkpt>
  <trkpt lat="45.61710363" lon="2.81059486"><ele>1387.544</ele><time>2026-09-25T08:51:24Z</time><speed>0.200</speed><sat>39</sat></trkpt>
  <trkpt lat="45.61710262" lon="2.81059507"><ele>1387.471</ele><time>2026-09-25T08:51:27Z</time><speed>0.000</speed><sat>39</sat></trkpt>
  <trkpt lat="45.61710310" lon="2.81059514"><ele>1387.473</ele><time>2026-09-25T08:51:30Z</time><speed>0.000</speed><sat>39</sat></trkpt>
  <trkpt lat="45.61710332" lon="2.81059533"><ele>1387.460</ele><time>2026-09-25T08:51:33Z</time><speed>0.000</speed><sat>39</sat></trkpt>
  <trkpt lat="45.61710326" lon="2.81059520"><ele>1387.415</ele><time>2026-09-25T08:51:36Z</time><speed>0.000</speed><sat>39</sat></trkpt>
  <trkpt lat="45.61710314" lon="2.81059577"><ele>1387.396</ele><time>2026-09-25T08:51:39Z</time><speed>0.000</speed><sat>39</sat></trkpt>
  <trkpt lat="45.61712444" lon="2.81060697"><ele>1387.504</ele><time>2026-09-25T08:51:42Z</time><speed>1.120</speed><sat>39</sat></trkpt>
  <trkpt lat="45.61715199" lon="2.81063904"><ele>1387.409</ele><time>2026-09-25T08:51:45Z</time><speed>1.620</speed><sat>39</sat></trkpt>
  <trkpt lat="45.61718703" lon="2.81066805"><ele>1387.682</ele><time>2026-09-25T08:51:48Z</time><speed>1.440</speed><sat>39</sat></trkpt>
  <trkpt lat="45.61721718" lon="2.81068557"><ele>1387.720</ele><time>2026-09-25T08:51:51Z</time><speed>1.380</speed><sat>38</sat></trkpt>
  <trkpt lat="45.61725196" lon="2.81070128"><ele>1387.340</ele><time>2026-09-25T08:51:54Z</time><speed>1.270</speed><sat>38</sat></trkpt>
  <trkpt lat="45.61728367" lon="2.81072535"><ele>1387.103</ele><time>2026-09-25T08:51:57Z</time><speed>1.220</speed><sat>39</sat></trkpt>
  <trkpt lat="45.61731967" lon="2.81075145"><ele>1386.420</ele><time>2026-09-25T08:52:00Z</time><speed>1.360</speed><sat>37</sat></trkpt>
  <trkpt lat="45.61735372" lon="2.81075746"><ele>1385.870</ele><time>2026-09-25T08:52:03Z</time><speed>1.120</speed><sat>37</sat></trkpt>
  <trkpt lat="45.61739302" lon="2.81076887"><ele>1385.909</ele><time>2026-09-25T08:52:06Z</time><speed>1.360</speed><sat>38</sat></trkpt>
  <trkpt lat="45.61742422" lon="2.81078284"><ele>1385.732</ele><time>2026-09-25T08:52:09Z</time><speed>1.490</speed><sat>39</sat></trkpt>
  <trkpt lat="45.61745764" lon="2.81079652"><ele>1385.527</ele><time>2026-09-25T08:52:12Z</time><speed>1.010</speed><sat>39</sat></trkpt>
  <trkpt lat="45.61749755" lon="2.81080714"><ele>1385.706</ele><time>2026-09-25T08:52:15Z</time><speed>1.380</speed><sat>39</sat></trkpt>
  <trkpt lat="45.61753062" lon="2.81080360"><ele>1385.301</ele><time>2026-09-25T08:52:18Z</time><speed>1.330</speed><sat>38</sat></trkpt>
  <trkpt lat="45.61756610" lon="2.81080454"><ele>1384.740</ele><time>2026-09-25T08:52:21Z</time><speed>1.100</speed><sat>38</sat></trkpt>
  <trkpt lat="45.61760003" lon="2.81080210"><ele>1384.723</ele><time>2026-09-25T08:52:24Z</time><speed>1.010</speed><sat>38</sat></trkpt>
  <trkpt lat="45.61762949" lon="2.81079919"><ele>1384.258</ele><time>2026-09-25T08:52:27Z</time><speed>1.280</speed><sat>38</sat></trkpt>
  <trkpt lat="45.61765972" lon="2.81079285"><ele>1384.508</ele><time>2026-09-25T08:52:30Z</time><speed>1.350</speed><sat>38</sat></trkpt>
  <trkpt lat="45.61769127" lon="2.81078752"><ele>1384.515</ele><time>2026-09-25T08:52:33Z</time><speed>0.830</speed><sat>37</sat></trkpt>
  <trkpt lat="45.61772366" lon="2.81078232"><ele>1384.734</ele><time>2026-09-25T08:52:36Z</time><speed>1.020</speed><sat>37</sat></trkpt>
  <trkpt lat="45.61775542" lon="2.81077710"><ele>1384.962</ele><time>2026-09-25T08:52:39Z</time><speed>1.250</speed><sat>37</sat></trkpt>
  <trkpt lat="45.61778617" lon="2.81077586"><ele>1384.863</ele><time>2026-09-25T08:52:42Z</time><speed>1.160</speed><sat>36</sat></trkpt>
  <trkpt lat="45.61781849" lon="2.81076647"><ele>1385.054</ele><time>2026-09-25T08:52:45Z</time><speed>0.920</speed><sat>38</sat></trkpt>
  <trkpt lat="45.61784585" lon="2.81075610"><ele>1385.169</ele><time>2026-09-25T08:52:48Z</time><speed>0.740</speed><sat>38</sat></trkpt>
  <trkpt lat="45.61786523" lon="2.81073717"><ele>1385.051</ele><time>2026-09-25T08:52:51Z</time><speed>0.510</speed><sat>37</sat></trkpt>
  <trkpt lat="45.61788306" lon="2.81074760"><ele>1384.712</ele><time>2026-09-25T08:52:54Z</time><speed>0.500</speed><sat>37</sat></trkpt>
  <trkpt lat="45.61790825" lon="2.81076998"><ele>1385.171</ele><time>2026-09-25T08:52:57Z</time><speed>1.540</speed><sat>38</sat></trkpt>
  <trkpt lat="45.61793652" lon="2.81076706"><ele>1385.358</ele><time>2026-09-25T08:53:00Z</time><speed>1.070</speed><sat>38</sat></trkpt>
  <trkpt lat="45.61795805" lon="2.81074890"><ele>1385.740</ele><time>2026-09-25T08:53:03Z</time><speed>0.940</speed><sat>38</sat></trkpt>
  <trkpt lat="45.61797895" lon="2.81072693"><ele>1385.934</ele><time>2026-09-25T08:53:06Z</time><speed>0.990</speed><sat>39</sat></trkpt>
  <trkpt lat="45.61799730" lon="2.81070379"><ele>1385.640</ele><time>2026-09-25T08:53:09Z</time><speed>0.650</speed><sat>39</sat></trkpt>
  <trkpt lat="45.61801371" lon="2.81068067"><ele>1385.688</ele><time>2026-09-25T08:53:12Z</time><speed>0.830</speed><sat>39</sat></trkpt>
  <trkpt lat="45.61802775" lon="2.81067100"><ele>1385.704</ele><time>2026-09-25T08:53:15Z</time><speed>0.530</speed><sat>39</sat></trkpt>
  <trkpt lat="45.61804705" lon="2.81067249"><ele>1385.974</ele><time>2026-09-25T08:53:18Z</time><speed>0.750</speed><sat>39</sat></trkpt>
  <trkpt lat="45.61807304" lon="2.81066562"><ele>1386.451</ele><time>2026-09-25T08:53:21Z</time><speed>0.850</speed><sat>39</sat></trkpt>
  <trkpt lat="45.61809587" lon="2.81065771"><ele>1386.117</ele><time>2026-09-25T08:53:24Z</time><speed>0.710</speed><sat>38</sat></trkpt>
  <trkpt lat="45.61812712" lon="2.81065813"><ele>1386.253</ele><time>2026-09-25T08:53:27Z</time><speed>1.080</speed><sat>38</sat></trkpt>
  <trkpt lat="45.61815090" lon="2.81065290"><ele>1386.277</ele><time>2026-09-25T08:53:30Z</time><speed>0.830</speed><sat>38</sat></trkpt>
  <trkpt lat="45.61817762" lon="2.81063809"><ele>1386.464</ele><time>2026-09-25T08:53:33Z</time><speed>1.090</speed><sat>39</sat></trkpt>
  <trkpt lat="45.61820434" lon="2.81063224"><ele>1385.866</ele><time>2026-09-25T08:53:36Z</time><speed>1.030</speed><sat>39</sat></trkpt>
  <trkpt lat="45.61823392" lon="2.81061671"><ele>1386.026</ele><time>2026-09-25T08:53:39Z</time><speed>1.310</speed><sat>38</sat></trkpt>
  <trkpt lat="45.61826162" lon="2.81060367"><ele>1386.563</ele><time>2026-09-25T08:53:42Z</time><speed>0.970</speed><sat>38</sat></trkpt>
  <trkpt lat="45.61829078" lon="2.81059670"><ele>1386.690</ele><time>2026-09-25T08:53:45Z</time><speed>0.840</speed><sat>38</sat></trkpt>
  <trkpt lat="45.61831145" lon="2.81058179"><ele>1386.547</ele><time>2026-09-25T08:53:48Z</time><speed>0.790</speed><sat>39</sat></trkpt>
  <trkpt lat="45.61832808" lon="2.81056919"><ele>1386.304</ele><time>2026-09-25T08:53:51Z</time><speed>0.470</speed><sat>39</sat></trkpt>
  <trkpt lat="45.61833097" lon="2.81058038"><ele>1386.238</ele><time>2026-09-25T08:53:54Z</time><speed>0.640</speed><sat>39</sat></trkpt>
  <trkpt lat="45.61832906" lon="2.81058602"><ele>1385.956</ele><time>2026-09-25T08:53:57Z</time><speed>0.000</speed><sat>38</sat></trkpt>
  <trkpt lat="45.61835149" lon="2.81058844"><ele>1386.497</ele><time>2026-09-25T08:54:00Z</time><speed>1.080</speed><sat>38</sat></trkpt>
  <trkpt lat="45.61837215" lon="2.81059516"><ele>1386.577</ele><time>2026-09-25T08:54:03Z</time><speed>0.960</speed><sat>38</sat></trkpt>
  <trkpt lat="45.61838287" lon="2.81057445"><ele>1386.621</ele><time>2026-09-25T08:54:06Z</time><speed>0.000</speed><sat>37</sat></trkpt>
  <trkpt lat="45.61840554" lon="2.81056523"><ele>1387.093</ele><time>2026-09-25T08:54:09Z</time><speed>0.590</speed><sat>39</sat></trkpt>
  <trkpt lat="45.61842004" lon="2.81057388"><ele>1387.344</ele><time>2026-09-25T08:54:12Z</time><speed>0.920</speed><sat>39</sat></trkpt>
  <trkpt lat="45.61843309" lon="2.81057871"><ele>1387.634</ele><time>2026-09-25T08:54:15Z</time><speed>0.550</speed><sat>38</sat></trkpt>
  <trkpt lat="45.61844602" lon="2.81058670"><ele>1387.624</ele><time>2026-09-25T08:54:18Z</time><speed>0.750</speed><sat>38</sat></trkpt>
  <trkpt lat="45.61844947" lon="2.81058707"><ele>1387.484</ele><time>2026-09-25T08:54:21Z</time><speed>0.000</speed><sat>39</sat></trkpt>
  <trkpt lat="45.61844557" lon="2.81057790"><ele>1387.301</ele><time>2026-09-25T08:54:24Z</time><speed>0.000</speed><sat>38</sat></trkpt>
  <trkpt lat="45.61844478" lon="2.81057620"><ele>1387.252</ele><time>2026-09-25T08:54:27Z</time><speed>0.000</speed><sat>38</sat></trkpt>
  <trkpt lat="45.61843770" lon="2.81057450"><ele>1386.963</ele><time>2026-09-25T08:54:30Z</time><speed>0.000</speed><sat>39</sat></trkpt>
  <trkpt lat="45.61843697" lon="2.81057395"><ele>1386.897</ele><time>2026-09-25T08:54:33Z</time><speed>0.000</speed><sat>38</sat></trkpt>
  <trkpt lat="45.61842978" lon="2.81057532"><ele>1386.645</ele><time>2026-09-25T08:54:36Z</time><speed>0.340</speed><sat>39</sat></trkpt>
  <trkpt lat="45.61842853" lon="2.81057590"><ele>1386.604</ele><time>2026-09-25T08:54:39Z</time><speed>0.000</speed><sat>39</sat></trkpt>
  <trkpt lat="45.61842778" lon="2.81057797"><ele>1386.523</ele><time>2026-09-25T08:54:42Z</time><speed>0.000</speed><sat>38</sat></trkpt>
  <trkpt lat="45.61842711" lon="2.81057882"><ele>1386.486</ele><time>2026-09-25T08:54:45Z</time><speed>0.000</speed><sat>39</sat></trkpt>
  <trkpt lat="45.61842652" lon="2.81057976"><ele>1386.546</ele><time>2026-09-25T08:54:48Z</time><speed>0.000</speed><sat>38</sat></trkpt>
  <trkpt lat="45.61842559" lon="2.81057695"><ele>1386.274</ele><time>2026-09-25T08:54:51Z</time><speed>0.150</speed><sat>39</sat></trkpt>
  <trkpt lat="45.61841798" lon="2.81058139"><ele>1386.017</ele><time>2026-09-25T08:54:54Z</time><speed>0.400</speed><sat>39</sat></trkpt>
  <trkpt lat="45.61842570" lon="2.81058671"><ele>1385.758</ele><time>2026-09-25T08:54:57Z</time><speed>0.330</speed><sat>39</sat></trkpt>
  <trkpt lat="45.61843732" lon="2.81058086"><ele>1385.717</ele><time>2026-09-25T08:55:00Z</time><speed>0.380</speed><sat>39</sat></trkpt>
  <trkpt lat="45.61845026" lon="2.81057832"><ele>1385.647</ele><time>2026-09-25T08:55:03Z</time><speed>0.280</speed><sat>38</sat></trkpt>
  <trkpt lat="45.61846898" lon="2.81057690"><ele>1386.240</ele><time>2026-09-25T08:55:06Z</time><speed>0.570</speed><sat>38</sat></trkpt>
  <trkpt lat="45.61847252" lon="2.81057874"><ele>1386.400</ele><time>2026-09-25T08:55:09Z</time><speed>0.000</speed><sat>38</sat></trkpt>
  <trkpt lat="45.61847277" lon="2.81058555"><ele>1386.671</ele><time>2026-09-25T08:55:12Z</time><speed>0.610</speed><sat>38</sat></trkpt>
  <trkpt lat="45.61847728" lon="2.81060850"><ele>1386.570</ele><time>2026-09-25T08:55:15Z</time><speed>0.290</speed><sat>38</sat></trkpt>
  <trkpt lat="45.61847698" lon="2.81063069"><ele>1386.672</ele><time>2026-09-25T08:55:18Z</time><speed>0.380</speed><sat>39</sat></trkpt>
  <trkpt lat="45.61847037" lon="2.81062762"><ele>1386.272</ele><time>2026-09-25T08:55:21Z</time><speed>0.000</speed><sat>39</sat></trkpt>
  <trkpt lat="45.61849341" lon="2.81060997"><ele>1387.552</ele><time>2026-09-25T08:55:24Z</time><speed>0.250</speed><sat>39</sat></trkpt>
  <trkpt lat="45.61849077" lon="2.81061237"><ele>1387.906</ele><time>2026-09-25T08:55:27Z</time><speed>0.000</speed><sat>39</sat></trkpt>
  <trkpt lat="45.61849029" lon="2.81061167"><ele>1387.843</ele><time>2026-09-25T08:55:30Z</time><speed>0.000</speed><sat>38</sat></trkpt>
  <trkpt lat="45.61848854" lon="2.81061514"><ele>1387.331</ele><time>2026-09-25T08:55:33Z</time><speed>0.170</speed><sat>38</sat></trkpt>
  <trkpt lat="45.61848829" lon="2.81061431"><ele>1387.313</ele><time>2026-09-25T08:55:36Z</time><speed>0.000</speed><sat>38</sat></trkpt>
  <trkpt lat="45.61848834" lon="2.81061435"><ele>1387.320</ele><time>2026-09-25T08:55:39Z</time><speed>0.000</speed><sat>38</sat></trkpt>
  <trkpt lat="45.61848824" lon="2.81061446"><ele>1387.331</ele><time>2026-09-25T08:55:42Z</time><speed>0.000</speed><sat>38</sat></trkpt>
  <trkpt lat="45.61848821" lon="2.81061467"><ele>1387.312</ele><time>2026-09-25T08:55:45Z</time><speed>0.000</speed><sat>38</sat></trkpt>
  <trkpt lat="45.61848806" lon="2.81061506"><ele>1387.294</ele><time>2026-09-25T08:55:48Z</time><speed>0.000</speed><sat>38</sat></trkpt>
  <trkpt lat="45.61848814" lon="2.81061503"><ele>1387.242</ele><time>2026-09-25T08:55:51Z</time><speed>0.000</speed><sat>38</sat></trkpt>
  <trkpt lat="45.61848863" lon="2.81061449"><ele>1387.554</ele><time>2026-09-25T08:55:54Z</time><speed>0.240</speed><sat>37</sat></trkpt>
  <trkpt lat="45.61848507" lon="2.81062703"><ele>1387.435</ele><time>2026-09-25T08:55:57Z</time><speed>0.420</speed><sat>38</sat></trkpt>
  <trkpt lat="45.61848713" lon="2.81063496"><ele>1387.401</ele><time>2026-09-25T08:56:00Z</time><speed>0.260</speed><sat>38</sat></trkpt>
  <trkpt lat="45.61848703" lon="2.81063593"><ele>1387.645</ele><time>2026-09-25T08:56:03Z</time><speed>0.000</speed><sat>38</sat></trkpt>
  <trkpt lat="45.61848618" lon="2.81063605"><ele>1387.524</ele><time>2026-09-25T08:56:06Z</time><speed>0.000</speed><sat>38</sat></trkpt>
  <trkpt lat="45.61848529" lon="2.81063760"><ele>1387.583</ele><time>2026-09-25T08:56:09Z</time><speed>0.000</speed><sat>38</sat></trkpt>
  <trkpt lat="45.61848522" lon="2.81063789"><ele>1387.586</ele><time>2026-09-25T08:56:12Z</time><speed>0.000</speed><sat>38</sat></trkpt>
  <trkpt lat="45.61848519" lon="2.81063814"><ele>1387.572</ele><time>2026-09-25T08:56:15Z</time><speed>0.000</speed><sat>38</sat></trkpt>
  <trkpt lat="45.61848503" lon="2.81063867"><ele>1387.560</ele><time>2026-09-25T08:56:18Z</time><speed>0.000</speed><sat>38</sat></trkpt>
  <trkpt lat="45.61848475" lon="2.81063927"><ele>1387.581</ele><time>2026-09-25T08:56:21Z</time><speed>0.000</speed><sat>38</sat></trkpt>
  <trkpt lat="45.61848463" lon="2.81063932"><ele>1387.580</ele><time>2026-09-25T08:56:24Z</time><speed>0.000</speed><sat>38</sat></trkpt>
  <trkpt lat="45.61849225" lon="2.81064322"><ele>1387.079</ele><time>2026-09-25T08:56:27Z</time><speed>0.630</speed><sat>38</sat></trkpt>
  <trkpt lat="45.61850457" lon="2.81065383"><ele>1386.712</ele><time>2026-09-25T08:56:30Z</time><speed>0.710</speed><sat>38</sat></trkpt>
  <trkpt lat="45.61851833" lon="2.81066274"><ele>1387.129</ele><time>2026-09-25T08:56:33Z</time><speed>0.610</speed><sat>38</sat></trkpt>
  <trkpt lat="45.61853787" lon="2.81068170"><ele>1387.028</ele><time>2026-09-25T08:56:36Z</time><speed>1.060</speed><sat>38</sat></trkpt>
  <trkpt lat="45.61857396" lon="2.81069774"><ele>1387.397</ele><time>2026-09-25T08:56:39Z</time><speed>1.590</speed><sat>38</sat></trkpt>
  <trkpt lat="45.61860900" lon="2.81067127"><ele>1388.461</ele><time>2026-09-25T08:56:42Z</time><speed>1.310</speed><sat>38</sat></trkpt>
  <trkpt lat="45.61863549" lon="2.81068039"><ele>1387.555</ele><time>2026-09-25T08:56:45Z</time><speed>1.520</speed><sat>39</sat></trkpt>
  <trkpt lat="45.61866494" lon="2.81071950"><ele>1385.974</ele><time>2026-09-25T08:56:48Z</time><speed>1.560</speed><sat>39</sat></trkpt>
  <trkpt lat="45.61869457" lon="2.81075053"><ele>1385.561</ele><time>2026-09-25T08:56:51Z</time><speed>1.470</speed><sat>39</sat></trkpt>
  <trkpt lat="45.61873273" lon="2.81079415"><ele>1386.204</ele><time>2026-09-25T08:56:54Z</time><speed>1.820</speed><sat>39</sat></trkpt>
  <trkpt lat="45.61877831" lon="2.81081206"><ele>1385.951</ele><time>2026-09-25T08:56:57Z</time><speed>1.530</speed><sat>38</sat></trkpt>
  <trkpt lat="45.61881297" lon="2.81083082"><ele>1386.680</ele><time>2026-09-25T08:57:00Z</time><speed>1.290</speed><sat>38</sat></trkpt>
  <trkpt lat="45.61885006" lon="2.81085147"><ele>1387.195</ele><time>2026-09-25T08:57:03Z</time><speed>1.490</speed><sat>38</sat></trkpt>
  <trkpt lat="45.61888180" lon="2.81088671"><ele>1387.568</ele><time>2026-09-25T08:57:06Z</time><speed>1.610</speed><sat>39</sat></trkpt>
  <trkpt lat="45.61888929" lon="2.81090270"><ele>1388.008</ele><time>2026-09-25T08:57:09Z</time><speed>0.000</speed><sat>38</sat></trkpt>
  <trkpt lat="45.61888877" lon="2.81090322"><ele>1388.009</ele><time>2026-09-25T08:57:12Z</time><speed>0.000</speed><sat>39</sat></trkpt>
  <trkpt lat="45.61888867" lon="2.81090487"><ele>1388.055</ele><time>2026-09-25T08:57:15Z</time><speed>0.000</speed><sat>39</sat></trkpt>
  <trkpt lat="45.61889231" lon="2.81092100"><ele>1387.711</ele><time>2026-09-25T08:57:18Z</time><speed>1.040</speed><sat>39</sat></trkpt>
  <trkpt lat="45.61891122" lon="2.81094753"><ele>1386.550</ele><time>2026-09-25T08:57:21Z</time><speed>0.960</speed><sat>39</sat></trkpt>
  <trkpt lat="45.61892733" lon="2.81098646"><ele>1385.726</ele><time>2026-09-25T08:57:24Z</time><speed>0.740</speed><sat>39</sat></trkpt>
  <trkpt lat="45.61894396" lon="2.81101948"><ele>1385.837</ele><time>2026-09-25T08:57:27Z</time><speed>1.360</speed><sat>39</sat></trkpt>
  <trkpt lat="45.61896839" lon="2.81105673"><ele>1386.020</ele><time>2026-09-25T08:57:30Z</time><speed>1.270</speed><sat>39</sat></trkpt>
  <trkpt lat="45.61898539" lon="2.81109590"><ele>1384.903</ele><time>2026-09-25T08:57:33Z</time><speed>1.410</speed><sat>39</sat></trkpt>
  <trkpt lat="45.61901328" lon="2.81112963"><ele>1384.497</ele><time>2026-09-25T08:57:36Z</time><speed>1.240</speed><sat>39</sat></trkpt>
  <trkpt lat="45.61903305" lon="2.81117324"><ele>1383.918</ele><time>2026-09-25T08:57:39Z</time><speed>1.290</speed><sat>37</sat></trkpt>
  <trkpt lat="45.61905528" lon="2.81122939"><ele>1383.651</ele><time>2026-09-25T08:57:42Z</time><speed>1.890</speed><sat>37</sat></trkpt>
  <trkpt lat="45.61907593" lon="2.81127967"><ele>1383.682</ele><time>2026-09-25T08:57:45Z</time><speed>1.340</speed><sat>39</sat></trkpt>
  <trkpt lat="45.61910403" lon="2.81132513"><ele>1384.140</ele><time>2026-09-25T08:57:48Z</time><speed>1.830</speed><sat>39</sat></trkpt>
  <trkpt lat="45.61912919" lon="2.81137008"><ele>1384.658</ele><time>2026-09-25T08:57:51Z</time><speed>1.260</speed><sat>39</sat></trkpt>
  <trkpt lat="45.61915805" lon="2.81140440"><ele>1385.151</ele><time>2026-09-25T08:57:54Z</time><speed>1.570</speed><sat>38</sat></trkpt>
  <trkpt lat="45.61918107" lon="2.81144283"><ele>1385.330</ele><time>2026-09-25T08:57:57Z</time><speed>1.130</speed><sat>39</sat></trkpt>
  <trkpt lat="45.61921251" lon="2.81148299"><ele>1385.635</ele><time>2026-09-25T08:58:00Z</time><speed>1.530</speed><sat>39</sat></trkpt>
  <trkpt lat="45.61923973" lon="2.81153095"><ele>1385.742</ele><time>2026-09-25T08:58:03Z</time><speed>1.350</speed><sat>39</sat></trkpt>
  <trkpt lat="45.61926901" lon="2.81155983"><ele>1385.450</ele><time>2026-09-25T08:58:06Z</time><speed>1.400</speed><sat>38</sat></trkpt>
  <trkpt lat="45.61930276" lon="2.81158808"><ele>1386.030</ele><time>2026-09-25T08:58:09Z</time><speed>1.340</speed><sat>37</sat></trkpt>
  <trkpt lat="45.61932774" lon="2.81162093"><ele>1385.774</ele><time>2026-09-25T08:58:12Z</time><speed>1.150</speed><sat>37</sat></trkpt>
  <trkpt lat="45.61936003" lon="2.81166173"><ele>1386.135</ele><time>2026-09-25T08:58:15Z</time><speed>1.410</speed><sat>37</sat></trkpt>
  <trkpt lat="45.61939150" lon="2.81168768"><ele>1386.124</ele><time>2026-09-25T08:58:18Z</time><speed>1.490</speed><sat>37</sat></trkpt>
  <trkpt lat="45.61942385" lon="2.81171664"><ele>1386.457</ele><time>2026-09-25T08:58:21Z</time><speed>1.200</speed><sat>37</sat></trkpt>
  <trkpt lat="45.61944152" lon="2.81175055"><ele>1386.842</ele><time>2026-09-25T08:58:24Z</time><speed>1.140</speed><sat>38</sat></trkpt>
  <trkpt lat="45.61946640" lon="2.81177614"><ele>1386.936</ele><time>2026-09-25T08:58:27Z</time><speed>1.350</speed><sat>38</sat></trkpt>
  <trkpt lat="45.61949373" lon="2.81180323"><ele>1386.730</ele><time>2026-09-25T08:58:30Z</time><speed>1.480</speed><sat>38</sat></trkpt>
  <trkpt lat="45.61952201" lon="2.81183107"><ele>1386.733</ele><time>2026-09-25T08:58:33Z</time><speed>1.120</speed><sat>38</sat></trkpt>
  <trkpt lat="45.61954806" lon="2.81186340"><ele>1386.473</ele><time>2026-09-25T08:58:36Z</time><speed>1.290</speed><sat>38</sat></trkpt>
  <trkpt lat="45.61956516" lon="2.81189471"><ele>1386.233</ele><time>2026-09-25T08:58:39Z</time><speed>0.980</speed><sat>37</sat></trkpt>
  <trkpt lat="45.61958651" lon="2.81193100"><ele>1385.981</ele><time>2026-09-25T08:58:42Z</time><speed>1.010</speed><sat>38</sat></trkpt>
  <trkpt lat="45.61961055" lon="2.81196794"><ele>1385.962</ele><time>2026-09-25T08:58:45Z</time><speed>1.360</speed><sat>38</sat></trkpt>
  <trkpt lat="45.61963336" lon="2.81198449"><ele>1386.051</ele><time>2026-09-25T08:58:48Z</time><speed>1.000</speed><sat>38</sat></trkpt>
  <trkpt lat="45.61966312" lon="2.81200414"><ele>1385.582</ele><time>2026-09-25T08:58:51Z</time><speed>0.800</speed><sat>38</sat></trkpt>
  <trkpt lat="45.61969510" lon="2.81202808"><ele>1385.746</ele><time>2026-09-25T08:58:54Z</time><speed>1.030</speed><sat>37</sat></trkpt>
  <trkpt lat="45.61972349" lon="2.81205795"><ele>1386.034</ele><time>2026-09-25T08:58:57Z</time><speed>1.360</speed><sat>37</sat></trkpt>
  <trkpt lat="45.61975066" lon="2.81208594"><ele>1386.039</ele><time>2026-09-25T08:59:00Z</time><speed>1.510</speed><sat>38</sat></trkpt>
  <trkpt lat="45.61977706" lon="2.81210105"><ele>1386.199</ele><time>2026-09-25T08:59:03Z</time><speed>1.350</speed><sat>37</sat></trkpt>
  <trkpt lat="45.61978319" lon="2.81211072"><ele>1386.357</ele><time>2026-09-25T08:59:06Z</time><speed>0.000</speed><sat>37</sat></trkpt>
  <trkpt lat="45.61978283" lon="2.81211231"><ele>1386.328</ele><time>2026-09-25T08:59:09Z</time><speed>0.000</speed><sat>38</sat></trkpt>
  <trkpt lat="45.61978282" lon="2.81211266"><ele>1386.341</ele><time>2026-09-25T08:59:12Z</time><speed>0.000</speed><sat>37</sat></trkpt>
  <trkpt lat="45.61979271" lon="2.81212347"><ele>1386.216</ele><time>2026-09-25T08:59:15Z</time><speed>0.630</speed><sat>33</sat></trkpt>
  <trkpt lat="45.61981659" lon="2.81214920"><ele>1386.044</ele><time>2026-09-25T08:59:18Z</time><speed>1.100</speed><sat>36</sat></trkpt>
  <trkpt lat="45.61984548" lon="2.81218409"><ele>1385.981</ele><time>2026-09-25T08:59:21Z</time><speed>1.260</speed><sat>38</sat></trkpt>
  <trkpt lat="45.61987221" lon="2.81221801"><ele>1385.923</ele><time>2026-09-25T08:59:24Z</time><speed>1.630</speed><sat>38</sat></trkpt>
  <trkpt lat="45.61989348" lon="2.81224745"><ele>1386.211</ele><time>2026-09-25T08:59:27Z</time><speed>1.120</speed><sat>38</sat></trkpt>
  <trkpt lat="45.61992292" lon="2.81228668"><ele>1386.627</ele><time>2026-09-25T08:59:30Z</time><speed>1.400</speed><sat>37</sat></trkpt>
  <trkpt lat="45.61995089" lon="2.81231905"><ele>1386.407</ele><time>2026-09-25T08:59:33Z</time><speed>1.520</speed><sat>37</sat></trkpt>
  <trkpt lat="45.61998208" lon="2.81235140"><ele>1386.389</ele><time>2026-09-25T08:59:36Z</time><speed>1.350</speed><sat>37</sat></trkpt>
  <trkpt lat="45.61999878" lon="2.81238568"><ele>1386.245</ele><time>2026-09-25T08:59:39Z</time><speed>1.330</speed><sat>37</sat></trkpt>
  <trkpt lat="45.62001628" lon="2.81242290"><ele>1385.927</ele><time>2026-09-25T08:59:42Z</time><speed>1.150</speed><sat>38</sat></trkpt>
  <trkpt lat="45.62004039" lon="2.81246705"><ele>1385.983</ele><time>2026-09-25T08:59:45Z</time><speed>1.480</speed><sat>38</sat></trkpt>
  <trkpt lat="45.62006369" lon="2.81249683"><ele>1385.531</ele><time>2026-09-25T08:59:48Z</time><speed>1.160</speed><sat>37</sat></trkpt>
  <trkpt lat="45.62009546" lon="2.81253212"><ele>1385.641</ele><time>2026-09-25T08:59:51Z</time><speed>1.230</speed><sat>37</sat></trkpt>
  <trkpt lat="45.62012644" lon="2.81255713"><ele>1385.686</ele><time>2026-09-25T08:59:54Z</time><speed>1.720</speed><sat>39</sat></trkpt>
  <trkpt lat="45.62015332" lon="2.81258563"><ele>1385.875</ele><time>2026-09-25T08:59:57Z</time><speed>0.970</speed><sat>38</sat></trkpt>
  <trkpt lat="45.62018378" lon="2.81260977"><ele>1385.922</ele><time>2026-09-25T09:00:00Z</time><speed>1.060</speed><sat>38</sat></trkpt>
  <trkpt lat="45.62021540" lon="2.81262928"><ele>1386.192</ele><time>2026-09-25T09:00:03Z</time><speed>1.290</speed><sat>38</sat></trkpt>
  <trkpt lat="45.62024038" lon="2.81264504"><ele>1386.259</ele><time>2026-09-25T09:00:06Z</time><speed>1.210</speed><sat>39</sat></trkpt>
  <trkpt lat="45.62026979" lon="2.81265438"><ele>1386.701</ele><time>2026-09-25T09:00:09Z</time><speed>1.280</speed><sat>39</sat></trkpt>
  <trkpt lat="45.62029835" lon="2.81266087"><ele>1387.089</ele><time>2026-09-25T09:00:12Z</time><speed>1.350</speed><sat>39</sat></trkpt>
  <trkpt lat="45.62032208" lon="2.81265472"><ele>1387.035</ele><time>2026-09-25T09:00:15Z</time><speed>1.000</speed><sat>39</sat></trkpt>
  <trkpt lat="45.62033792" lon="2.81267767"><ele>1386.413</ele><time>2026-09-25T09:00:18Z</time><speed>1.690</speed><sat>39</sat></trkpt>
  <trkpt lat="45.62034055" lon="2.81268934"><ele>1386.503</ele><time>2026-09-25T09:00:21Z</time><speed>0.680</speed><sat>39</sat></trkpt>
  <trkpt lat="45.62035342" lon="2.81270826"><ele>1386.817</ele><time>2026-09-25T09:00:24Z</time><speed>0.710</speed><sat>39</sat></trkpt>
  <trkpt lat="45.62036864" lon="2.81271595"><ele>1386.624</ele><time>2026-09-25T09:00:27Z</time><speed>0.440</speed><sat>39</sat></trkpt>
  <trkpt lat="45.62037813" lon="2.81272344"><ele>1385.850</ele><time>2026-09-25T09:00:30Z</time><speed>0.640</speed><sat>39</sat></trkpt>
  <trkpt lat="45.62038339" lon="2.81273046"><ele>1385.942</ele><time>2026-09-25T09:00:33Z</time><speed>0.000</speed><sat>39</sat></trkpt>
  <trkpt lat="45.62038297" lon="2.81274039"><ele>1385.573</ele><time>2026-09-25T09:00:36Z</time><speed>0.280</speed><sat>39</sat></trkpt>
  <trkpt lat="45.62038518" lon="2.81275008"><ele>1385.563</ele><time>2026-09-25T09:00:39Z</time><speed>0.000</speed><sat>39</sat></trkpt>
  <trkpt lat="45.62038807" lon="2.81275801"><ele>1385.371</ele><time>2026-09-25T09:00:42Z</time><speed>0.370</speed><sat>39</sat></trkpt>
  <trkpt lat="45.62038931" lon="2.81277379"><ele>1384.753</ele><time>2026-09-25T09:00:45Z</time><speed>0.280</speed><sat>39</sat></trkpt>
  <trkpt lat="45.62038850" lon="2.81277534"><ele>1384.659</ele><time>2026-09-25T09:00:48Z</time><speed>0.000</speed><sat>39</sat></trkpt>
  <trkpt lat="45.62038826" lon="2.81277786"><ele>1384.606</ele><time>2026-09-25T09:00:51Z</time><speed>0.220</speed><sat>39</sat></trkpt>
  <trkpt lat="45.62039319" lon="2.81279741"><ele>1384.563</ele><time>2026-09-25T09:00:54Z</time><speed>0.620</speed><sat>39</sat></trkpt>
  <trkpt lat="45.62040730" lon="2.81281164"><ele>1384.734</ele><time>2026-09-25T09:00:57Z</time><speed>0.570</speed><sat>39</sat></trkpt>
  <trkpt lat="45.62043275" lon="2.81281401"><ele>1384.409</ele><time>2026-09-25T09:01:00Z</time><speed>0.490</speed><sat>39</sat></trkpt>
  <trkpt lat="45.62044782" lon="2.81281790"><ele>1384.182</ele><time>2026-09-25T09:01:03Z</time><speed>0.490</speed><sat>39</sat></trkpt>
  <trkpt lat="45.62046355" lon="2.81281800"><ele>1384.481</ele><time>2026-09-25T09:01:06Z</time><speed>0.880</speed><sat>39</sat></trkpt>
  <trkpt lat="45.62047172" lon="2.81282247"><ele>1383.611</ele><time>2026-09-25T09:01:09Z</time><speed>0.000</speed><sat>39</sat></trkpt>
  <trkpt lat="45.62047279" lon="2.81282425"><ele>1383.646</ele><time>2026-09-25T09:01:12Z</time><speed>0.000</speed><sat>39</sat></trkpt>
  <trkpt lat="45.62047328" lon="2.81282484"><ele>1383.657</ele><time>2026-09-25T09:01:15Z</time><speed>0.000</speed><sat>39</sat></trkpt>
  <trkpt lat="45.62047389" lon="2.81282560"><ele>1383.675</ele><time>2026-09-25T09:01:18Z</time><speed>0.000</speed><sat>39</sat></trkpt>
  <trkpt lat="45.62047420" lon="2.81282603"><ele>1383.703</ele><time>2026-09-25T09:01:21Z</time><speed>0.000</speed><sat>39</sat></trkpt>
  <trkpt lat="45.62047461" lon="2.81282626"><ele>1383.762</ele><time>2026-09-25T09:01:24Z</time><speed>0.000</speed><sat>39</sat></trkpt>
  <trkpt lat="45.62047500" lon="2.81282681"><ele>1383.777</ele><time>2026-09-25T09:01:27Z</time><speed>0.000</speed><sat>39</sat></trkpt>
  <trkpt lat="45.62047521" lon="2.81282754"><ele>1383.813</ele><time>2026-09-25T09:01:30Z</time><speed>0.000</speed><sat>39</sat></trkpt>
  <trkpt lat="45.62047537" lon="2.81282774"><ele>1383.815</ele><time>2026-09-25T09:01:33Z</time><speed>0.000</speed><sat>39</sat></trkpt>
  <trkpt lat="45.62047556" lon="2.81282798"><ele>1383.826</ele><time>2026-09-25T09:01:36Z</time><speed>0.000</speed><sat>39</sat></trkpt>
  <trkpt lat="45.62047556" lon="2.81282806"><ele>1383.824</ele><time>2026-09-25T09:01:39Z</time><speed>0.000</speed><sat>38</sat></trkpt>
  <trkpt lat="45.62047580" lon="2.81282832"><ele>1383.853</ele><time>2026-09-25T09:01:42Z</time><speed>0.000</speed><sat>37</sat></trkpt>
  <trkpt lat="45.62047621" lon="2.81282872"><ele>1383.889</ele><time>2026-09-25T09:01:45Z</time><speed>0.000</speed><sat>38</sat></trkpt>
  <trkpt lat="45.62047643" lon="2.81282889"><ele>1383.936</ele><time>2026-09-25T09:01:48Z</time><speed>0.000</speed><sat>39</sat></trkpt>
  <trkpt lat="45.62047666" lon="2.81282917"><ele>1383.972</ele><time>2026-09-25T09:01:51Z</time><speed>0.000</speed><sat>39</sat></trkpt>
  <trkpt lat="45.62047678" lon="2.81282914"><ele>1383.963</ele><time>2026-09-25T09:01:54Z</time><speed>0.000</speed><sat>39</sat></trkpt>
  <trkpt lat="45.62047680" lon="2.81282916"><ele>1383.912</ele><time>2026-09-25T09:01:57Z</time><speed>0.000</speed><sat>39</sat></trkpt>
  <trkpt lat="45.62048341" lon="2.81283138"><ele>1384.269</ele><time>2026-09-25T09:02:00Z</time><speed>0.870</speed><sat>38</sat></trkpt>
  <trkpt lat="45.62049064" lon="2.81282722"><ele>1384.285</ele><time>2026-09-25T09:02:03Z</time><speed>0.000</speed><sat>38</sat></trkpt>
  <trkpt lat="45.62048963" lon="2.81284100"><ele>1384.043</ele><time>2026-09-25T09:02:06Z</time><speed>0.710</speed><sat>39</sat></trkpt>
  <trkpt lat="45.62049016" lon="2.81287386"><ele>1383.955</ele><time>2026-09-25T09:02:09Z</time><speed>0.650</speed><sat>39</sat></trkpt>
  <trkpt lat="45.62048925" lon="2.81290401"><ele>1384.079</ele><time>2026-09-25T09:02:12Z</time><speed>1.050</speed><sat>39</sat></trkpt>
  <trkpt lat="45.62048978" lon="2.81292690"><ele>1383.956</ele><time>2026-09-25T09:02:15Z</time><speed>0.460</speed><sat>39</sat></trkpt>
  <trkpt lat="45.62049821" lon="2.81295493"><ele>1383.931</ele><time>2026-09-25T09:02:18Z</time><speed>0.830</speed><sat>39</sat></trkpt>
  <trkpt lat="45.62050613" lon="2.81300234"><ele>1383.964</ele><time>2026-09-25T09:02:21Z</time><speed>1.110</speed><sat>39</sat></trkpt>
  <trkpt lat="45.62050353" lon="2.81304546"><ele>1383.568</ele><time>2026-09-25T09:02:24Z</time><speed>1.210</speed><sat>39</sat></trkpt>
  <trkpt lat="45.62051201" lon="2.81308725"><ele>1383.539</ele><time>2026-09-25T09:02:27Z</time><speed>1.510</speed><sat>39</sat></trkpt>
  <trkpt lat="45.62050930" lon="2.81314019"><ele>1383.456</ele><time>2026-09-25T09:02:30Z</time><speed>1.360</speed><sat>39</sat></trkpt>
  <trkpt lat="45.62051266" lon="2.81317799"><ele>1383.504</ele><time>2026-09-25T09:02:33Z</time><speed>1.010</speed><sat>39</sat></trkpt>
  <trkpt lat="45.62051124" lon="2.81321926"><ele>1383.748</ele><time>2026-09-25T09:02:36Z</time><speed>1.360</speed><sat>38</sat></trkpt>
  <trkpt lat="45.62050523" lon="2.81325461"><ele>1384.017</ele><time>2026-09-25T09:02:39Z</time><speed>0.580</speed><sat>38</sat></trkpt>
  <trkpt lat="45.62049778" lon="2.81327637"><ele>1383.078</ele><time>2026-09-25T09:02:42Z</time><speed>0.440</speed><sat>39</sat></trkpt>
  <trkpt lat="45.62049926" lon="2.81330578"><ele>1382.439</ele><time>2026-09-25T09:02:45Z</time><speed>0.910</speed><sat>38</sat></trkpt>
  <trkpt lat="45.62050461" lon="2.81333846"><ele>1382.169</ele><time>2026-09-25T09:02:48Z</time><speed>1.290</speed><sat>39</sat></trkpt>
  <trkpt lat="45.62050697" lon="2.81338203"><ele>1382.167</ele><time>2026-09-25T09:02:51Z</time><speed>1.010</speed><sat>39</sat></trkpt>
  <trkpt lat="45.62050490" lon="2.81341918"><ele>1382.265</ele><time>2026-09-25T09:02:54Z</time><speed>0.950</speed><sat>39</sat></trkpt>
  <trkpt lat="45.62051386" lon="2.81345666"><ele>1382.149</ele><time>2026-09-25T09:02:57Z</time><speed>1.130</speed><sat>39</sat></trkpt>
  <trkpt lat="45.62051958" lon="2.81349376"><ele>1381.772</ele><time>2026-09-25T09:03:00Z</time><speed>1.070</speed><sat>38</sat></trkpt>
  <trkpt lat="45.62051943" lon="2.81351957"><ele>1381.668</ele><time>2026-09-25T09:03:03Z</time><speed>0.570</speed><sat>39</sat></trkpt>
  <trkpt lat="45.62052977" lon="2.81354387"><ele>1381.418</ele><time>2026-09-25T09:03:06Z</time><speed>1.140</speed><sat>39</sat></trkpt>
  <trkpt lat="45.62054298" lon="2.81357965"><ele>1381.413</ele><time>2026-09-25T09:03:09Z</time><speed>0.710</speed><sat>38</sat></trkpt>
  <trkpt lat="45.62054450" lon="2.81362168"><ele>1381.409</ele><time>2026-09-25T09:03:12Z</time><speed>0.970</speed><sat>39</sat></trkpt>
  <trkpt lat="45.62055102" lon="2.81365776"><ele>1381.670</ele><time>2026-09-25T09:03:15Z</time><speed>1.120</speed><sat>39</sat></trkpt>
  <trkpt lat="45.62057043" lon="2.81367154"><ele>1382.271</ele><time>2026-09-25T09:03:18Z</time><speed>0.640</speed><sat>39</sat></trkpt>
  <trkpt lat="45.62059299" lon="2.81367946"><ele>1382.496</ele><time>2026-09-25T09:03:21Z</time><speed>0.490</speed><sat>39</sat></trkpt>
  <trkpt lat="45.62060806" lon="2.81367805"><ele>1382.687</ele><time>2026-09-25T09:03:24Z</time><speed>0.430</speed><sat>39</sat></trkpt>
  <trkpt lat="45.62060812" lon="2.81367837"><ele>1382.641</ele><time>2026-09-25T09:03:27Z</time><speed>0.000</speed><sat>38</sat></trkpt>
  <trkpt lat="45.62060848" lon="2.81367975"><ele>1382.592</ele><time>2026-09-25T09:03:30Z</time><speed>0.000</speed><sat>39</sat></trkpt>
  <trkpt lat="45.62060865" lon="2.81368182"><ele>1382.556</ele><time>2026-09-25T09:03:33Z</time><speed>0.000</speed><sat>39</sat></trkpt>
  <trkpt lat="45.62060904" lon="2.81368275"><ele>1382.583</ele><time>2026-09-25T09:03:36Z</time><speed>0.000</speed><sat>39</sat></trkpt>
  <trkpt lat="45.62061209" lon="2.81368183"><ele>1382.917</ele><time>2026-09-25T09:03:39Z</time><speed>0.000</speed><sat>39</sat></trkpt>
  <trkpt lat="45.62061213" lon="2.81367959"><ele>1383.305</ele><time>2026-09-25T09:03:42Z</time><speed>0.000</speed><sat>39</sat></trkpt>
  <trkpt lat="45.62061128" lon="2.81367633"><ele>1383.255</ele><time>2026-09-25T09:03:45Z</time><speed>0.000</speed><sat>39</sat></trkpt>
  <trkpt lat="45.62061163" lon="2.81367622"><ele>1383.311</ele><time>2026-09-25T09:03:48Z</time><speed>0.000</speed><sat>38</sat></trkpt>
  <trkpt lat="45.62061172" lon="2.81367581"><ele>1383.340</ele><time>2026-09-25T09:03:51Z</time><speed>0.000</speed><sat>39</sat></trkpt>
  <trkpt lat="45.62061185" lon="2.81367521"><ele>1383.337</ele><time>2026-09-25T09:03:54Z</time><speed>0.000</speed><sat>39</sat></trkpt>
  <trkpt lat="45.62061187" lon="2.81367486"><ele>1383.353</ele><time>2026-09-25T09:03:57Z</time><speed>0.000</speed><sat>38</sat></trkpt>
  <trkpt lat="45.62061186" lon="2.81367449"><ele>1383.335</ele><time>2026-09-25T09:04:00Z</time><speed>0.000</speed><sat>39</sat></trkpt>
  <trkpt lat="45.62060980" lon="2.81367525"><ele>1383.192</ele><time>2026-09-25T09:04:03Z</time><speed>0.000</speed><sat>39</sat></trkpt>
  <trkpt lat="45.62060960" lon="2.81367583"><ele>1383.183</ele><time>2026-09-25T09:04:06Z</time><speed>0.000</speed><sat>39</sat></trkpt>
  <trkpt lat="45.62061038" lon="2.81367649"><ele>1383.227</ele><time>2026-09-25T09:04:09Z</time><speed>0.000</speed><sat>38</sat></trkpt>
  <trkpt lat="45.62061153" lon="2.81367509"><ele>1383.193</ele><time>2026-09-25T09:04:12Z</time><speed>0.000</speed><sat>39</sat></trkpt>
  <trkpt lat="45.62061175" lon="2.81367437"><ele>1383.214</ele><time>2026-09-25T09:04:15Z</time><speed>0.000</speed><sat>39</sat></trkpt>
  <trkpt lat="45.62061246" lon="2.81367352"><ele>1383.256</ele><time>2026-09-25T09:04:18Z</time><speed>0.000</speed><sat>39</sat></trkpt>
  <trkpt lat="45.62061252" lon="2.81367251"><ele>1383.305</ele><time>2026-09-25T09:04:21Z</time><speed>0.000</speed><sat>39</sat></trkpt>
  <trkpt lat="45.62061234" lon="2.81367169"><ele>1383.338</ele><time>2026-09-25T09:04:24Z</time><speed>0.000</speed><sat>39</sat></trkpt>
  <trkpt lat="45.62061273" lon="2.81367051"><ele>1383.299</ele><time>2026-09-25T09:04:27Z</time><speed>0.000</speed><sat>39</sat></trkpt>
  <trkpt lat="45.62061286" lon="2.81366921"><ele>1383.229</ele><time>2026-09-25T09:04:30Z</time><speed>0.000</speed><sat>39</sat></trkpt>
  <trkpt lat="45.62061321" lon="2.81366763"><ele>1383.188</ele><time>2026-09-25T09:04:33Z</time><speed>0.000</speed><sat>39</sat></trkpt>
  <trkpt lat="45.62061323" lon="2.81366745"><ele>1383.158</ele><time>2026-09-25T09:04:36Z</time><speed>0.000</speed><sat>39</sat></trkpt>
  <trkpt lat="45.62061407" lon="2.81366577"><ele>1383.295</ele><time>2026-09-25T09:04:39Z</time><speed>0.000</speed><sat>39</sat></trkpt>
  <trkpt lat="45.62061407" lon="2.81366140"><ele>1383.182</ele><time>2026-09-25T09:04:42Z</time><speed>0.190</speed><sat>39</sat></trkpt>
  <trkpt lat="45.62061403" lon="2.81366193"><ele>1383.235</ele><time>2026-09-25T09:04:45Z</time><speed>0.000</speed><sat>39</sat></trkpt>
  <trkpt lat="45.62061395" lon="2.81366299"><ele>1383.306</ele><time>2026-09-25T09:04:48Z</time><speed>0.000</speed><sat>39</sat></trkpt>
  <trkpt lat="45.62061412" lon="2.81366379"><ele>1383.316</ele><time>2026-09-25T09:04:51Z</time><speed>0.000</speed><sat>39</sat></trkpt>
  <trkpt lat="45.62061399" lon="2.81366399"><ele>1383.330</ele><time>2026-09-25T09:04:54Z</time><speed>0.000</speed><sat>38</sat></trkpt>
  <trkpt lat="45.62061242" lon="2.81366249"><ele>1383.087</ele><time>2026-09-25T09:04:57Z</time><speed>0.000</speed><sat>39</sat></trkpt>
  <trkpt lat="45.62061213" lon="2.81366169"><ele>1382.832</ele><time>2026-09-25T09:05:00Z</time><speed>0.000</speed><sat>38</sat></trkpt>
  <trkpt lat="45.62059703" lon="2.81366566"><ele>1382.606</ele><time>2026-09-25T09:05:03Z</time><speed>0.620</speed><sat>38</sat></trkpt>
  <trkpt lat="45.62058701" lon="2.81367316"><ele>1382.428</ele><time>2026-09-25T09:05:06Z</time><speed>0.630</speed><sat>38</sat></trkpt>
  <trkpt lat="45.62058017" lon="2.81368839"><ele>1382.488</ele><time>2026-09-25T09:05:09Z</time><speed>0.740</speed><sat>38</sat></trkpt>
  <trkpt lat="45.62057719" lon="2.81369642"><ele>1382.352</ele><time>2026-09-25T09:05:12Z</time><speed>0.000</speed><sat>38</sat></trkpt>
  <trkpt lat="45.62057684" lon="2.81369825"><ele>1382.391</ele><time>2026-09-25T09:05:15Z</time><speed>0.000</speed><sat>38</sat></trkpt>
  <trkpt lat="45.62057963" lon="2.81370922"><ele>1382.460</ele><time>2026-09-25T09:05:18Z</time><speed>0.000</speed><sat>38</sat></trkpt>
  <trkpt lat="45.62058056" lon="2.81371094"><ele>1382.483</ele><time>2026-09-25T09:05:21Z</time><speed>0.000</speed><sat>38</sat></trkpt>
  <trkpt lat="45.62058093" lon="2.81371150"><ele>1382.521</ele><time>2026-09-25T09:05:24Z</time><speed>0.000</speed><sat>38</sat></trkpt>
  <trkpt lat="45.62058118" lon="2.81371213"><ele>1382.505</ele><time>2026-09-25T09:05:27Z</time><speed>0.000</speed><sat>35</sat></trkpt>
  <trkpt lat="45.62057888" lon="2.81369898"><ele>1382.608</ele><time>2026-09-25T09:05:30Z</time><speed>0.360</speed><sat>36</sat></trkpt>
  <trkpt lat="45.62055854" lon="2.81371026"><ele>1382.673</ele><time>2026-09-25T09:05:33Z</time><speed>0.930</speed><sat>38</sat></trkpt>
  <trkpt lat="45.62055022" lon="2.81374684"><ele>1382.480</ele><time>2026-09-25T09:05:36Z</time><speed>1.180</speed><sat>38</sat></trkpt>
  <trkpt lat="45.62055121" lon="2.81377105"><ele>1381.978</ele><time>2026-09-25T09:05:39Z</time><speed>0.300</speed><sat>38</sat></trkpt>
  <trkpt lat="45.62055605" lon="2.81377453"><ele>1382.199</ele><time>2026-09-25T09:05:42Z</time><speed>0.410</speed><sat>38</sat></trkpt>
  <trkpt lat="45.62055900" lon="2.81376816"><ele>1382.601</ele><time>2026-09-25T09:05:45Z</time><speed>0.000</speed><sat>38</sat></trkpt>
  <trkpt lat="45.62056048" lon="2.81376467"><ele>1382.452</ele><time>2026-09-25T09:05:48Z</time><speed>0.000</speed><sat>38</sat></trkpt>
  <trkpt lat="45.62056067" lon="2.81376455"><ele>1382.445</ele><time>2026-09-25T09:05:51Z</time><speed>0.000</speed><sat>37</sat></trkpt>
  <trkpt lat="45.62056058" lon="2.81376444"><ele>1382.439</ele><time>2026-09-25T09:05:54Z</time><speed>0.000</speed><sat>38</sat></trkpt>
  <trkpt lat="45.62056055" lon="2.81376424"><ele>1382.427</ele><time>2026-09-25T09:05:57Z</time><speed>0.000</speed><sat>38</sat></trkpt>
  <trkpt lat="45.62056060" lon="2.81376404"><ele>1382.427</ele><time>2026-09-25T09:06:00Z</time><speed>0.000</speed><sat>37</sat></trkpt>
  <trkpt lat="45.62056062" lon="2.81376426"><ele>1382.435</ele><time>2026-09-25T09:06:03Z</time><speed>0.000</speed><sat>35</sat></trkpt>
  <trkpt lat="45.62056061" lon="2.81376442"><ele>1382.431</ele><time>2026-09-25T09:06:06Z</time><speed>0.000</speed><sat>37</sat></trkpt>
  <trkpt lat="45.62056071" lon="2.81376424"><ele>1382.439</ele><time>2026-09-25T09:06:09Z</time><speed>0.000</speed><sat>37</sat></trkpt>
  <trkpt lat="45.62055300" lon="2.81376469"><ele>1382.016</ele><time>2026-09-25T09:06:12Z</time><speed>0.000</speed><sat>36</sat></trkpt>
  <trkpt lat="45.62055222" lon="2.81376427"><ele>1381.996</ele><time>2026-09-25T09:06:15Z</time><speed>0.000</speed><sat>38</sat></trkpt>
  <trkpt lat="45.62055187" lon="2.81376452"><ele>1381.975</ele><time>2026-09-25T09:06:18Z</time><speed>0.000</speed><sat>37</sat></trkpt>
  <trkpt lat="45.62055122" lon="2.81376532"><ele>1381.985</ele><time>2026-09-25T09:06:21Z</time><speed>0.000</speed><sat>38</sat></trkpt>
  <trkpt lat="45.62055263" lon="2.81376461"><ele>1381.888</ele><time>2026-09-25T09:06:24Z</time><speed>0.000</speed><sat>38</sat></trkpt>
  <trkpt lat="45.62055126" lon="2.81376247"><ele>1381.799</ele><time>2026-09-25T09:06:27Z</time><speed>0.000</speed><sat>38</sat></trkpt>
  <trkpt lat="45.62055088" lon="2.81376188"><ele>1381.794</ele><time>2026-09-25T09:06:30Z</time><speed>0.000</speed><sat>38</sat></trkpt>
  <trkpt lat="45.62054996" lon="2.81376215"><ele>1381.765</ele><time>2026-09-25T09:06:33Z</time><speed>0.000</speed><sat>38</sat></trkpt>
  <trkpt lat="45.62054985" lon="2.81376209"><ele>1381.784</ele><time>2026-09-25T09:06:36Z</time><speed>0.000</speed><sat>38</sat></trkpt>
  <trkpt lat="45.62054976" lon="2.81376216"><ele>1381.780</ele><time>2026-09-25T09:06:39Z</time><speed>0.000</speed><sat>38</sat></trkpt>
  <trkpt lat="45.62054933" lon="2.81376197"><ele>1381.739</ele><time>2026-09-25T09:06:42Z</time><speed>0.000</speed><sat>38</sat></trkpt>
  <trkpt lat="45.62054921" lon="2.81376208"><ele>1381.700</ele><time>2026-09-25T09:06:45Z</time><speed>0.000</speed><sat>38</sat></trkpt>
  <trkpt lat="45.62054914" lon="2.81376213"><ele>1381.677</ele><time>2026-09-25T09:06:48Z</time><speed>0.000</speed><sat>38</sat></trkpt>
  <trkpt lat="45.62054907" lon="2.81376217"><ele>1381.676</ele><time>2026-09-25T09:06:51Z</time><speed>0.000</speed><sat>38</sat></trkpt>
  <trkpt lat="45.62054903" lon="2.81376236"><ele>1381.655</ele><time>2026-09-25T09:06:54Z</time><speed>0.000</speed><sat>38</sat></trkpt>
  <trkpt lat="45.62054893" lon="2.81376233"><ele>1381.646</ele><time>2026-09-25T09:06:57Z</time><speed>0.000</speed><sat>38</sat></trkpt>
  <trkpt lat="45.62054887" lon="2.81376242"><ele>1381.605</ele><time>2026-09-25T09:07:00Z</time><speed>0.000</speed><sat>39</sat></trkpt>
  <trkpt lat="45.62054875" lon="2.81376245"><ele>1381.589</ele><time>2026-09-25T09:07:03Z</time><speed>0.000</speed><sat>39</sat></trkpt>
  <trkpt lat="45.62054887" lon="2.81376252"><ele>1381.591</ele><time>2026-09-25T09:07:06Z</time><speed>0.000</speed><sat>39</sat></trkpt>
  <trkpt lat="45.62054895" lon="2.81376248"><ele>1381.595</ele><time>2026-09-25T09:07:09Z</time><speed>0.000</speed><sat>39</sat></trkpt>
  <trkpt lat="45.62054920" lon="2.81376242"><ele>1381.611</ele><time>2026-09-25T09:07:12Z</time><speed>0.000</speed><sat>39</sat></trkpt>
  <trkpt lat="45.62054936" lon="2.81376232"><ele>1381.637</ele><time>2026-09-25T09:07:15Z</time><speed>0.000</speed><sat>38</sat></trkpt>
  <trkpt lat="45.62054974" lon="2.81376236"><ele>1381.680</ele><time>2026-09-25T09:07:18Z</time><speed>0.000</speed><sat>39</sat></trkpt>
  <trkpt lat="45.62055038" lon="2.81376243"><ele>1381.655</ele><time>2026-09-25T09:07:21Z</time><speed>0.000</speed><sat>39</sat></trkpt>
  <trkpt lat="45.62055057" lon="2.81376228"><ele>1381.661</ele><time>2026-09-25T09:07:24Z</time><speed>0.000</speed><sat>39</sat></trkpt>
  <trkpt lat="45.62055079" lon="2.81376228"><ele>1381.664</ele><time>2026-09-25T09:07:27Z</time><speed>0.000</speed><sat>39</sat></trkpt>
  <trkpt lat="45.62054986" lon="2.81376197"><ele>1381.720</ele><time>2026-09-25T09:07:30Z</time><speed>0.000</speed><sat>39</sat></trkpt>
  <trkpt lat="45.62055145" lon="2.81376432"><ele>1381.712</ele><time>2026-09-25T09:07:33Z</time><speed>0.000</speed><sat>39</sat></trkpt>
  <trkpt lat="45.62055226" lon="2.81376395"><ele>1381.621</ele><time>2026-09-25T09:07:36Z</time><speed>0.000</speed><sat>39</sat></trkpt>
  <trkpt lat="45.62055275" lon="2.81376376"><ele>1381.552</ele><time>2026-09-25T09:07:39Z</time><speed>0.000</speed><sat>39</sat></trkpt>
  <trkpt lat="45.62055306" lon="2.81376361"><ele>1381.497</ele><time>2026-09-25T09:07:42Z</time><speed>0.000</speed><sat>38</sat></trkpt>
  <trkpt lat="45.62055345" lon="2.81376263"><ele>1381.442</ele><time>2026-09-25T09:07:45Z</time><speed>0.000</speed><sat>39</sat></trkpt>
  <trkpt lat="45.62055364" lon="2.81376241"><ele>1381.414</ele><time>2026-09-25T09:07:48Z</time><speed>0.000</speed><sat>39</sat></trkpt>
  <trkpt lat="45.62055376" lon="2.81376237"><ele>1381.418</ele><time>2026-09-25T09:07:51Z</time><speed>0.000</speed><sat>39</sat></trkpt>
  <trkpt lat="45.62055395" lon="2.81376205"><ele>1381.392</ele><time>2026-09-25T09:07:54Z</time><speed>0.000</speed><sat>39</sat></trkpt>
  <trkpt lat="45.62055415" lon="2.81376186"><ele>1381.352</ele><time>2026-09-25T09:07:57Z</time><speed>0.000</speed><sat>37</sat></trkpt>
  <trkpt lat="45.62055217" lon="2.81376103"><ele>1381.471</ele><time>2026-09-25T09:08:00Z</time><speed>0.000</speed><sat>38</sat></trkpt>
  <trkpt lat="45.62055162" lon="2.81376109"><ele>1381.472</ele><time>2026-09-25T09:08:03Z</time><speed>0.000</speed><sat>39</sat></trkpt>
  <trkpt lat="45.62054938" lon="2.81376069"><ele>1381.553</ele><time>2026-09-25T09:08:06Z</time><speed>0.240</speed><sat>39</sat></trkpt>
  <trkpt lat="45.62054801" lon="2.81376253"><ele>1381.653</ele><time>2026-09-25T09:08:09Z</time><speed>0.000</speed><sat>39</sat></trkpt>
  <trkpt lat="45.62054849" lon="2.81376364"><ele>1381.699</ele><time>2026-09-25T09:08:12Z</time><speed>0.000</speed><sat>39</sat></trkpt>
  <trkpt lat="45.62054886" lon="2.81376360"><ele>1381.669</ele><time>2026-09-25T09:08:15Z</time><speed>0.000</speed><sat>39</sat></trkpt>
  <trkpt lat="45.62054900" lon="2.81376358"><ele>1381.700</ele><time>2026-09-25T09:08:18Z</time><speed>0.000</speed><sat>39</sat></trkpt>
  <trkpt lat="45.62054924" lon="2.81376362"><ele>1381.709</ele><time>2026-09-25T09:08:21Z</time><speed>0.000</speed><sat>39</sat></trkpt>
  <trkpt lat="45.62054920" lon="2.81376362"><ele>1381.703</ele><time>2026-09-25T09:08:24Z</time><speed>0.000</speed><sat>39</sat></trkpt>
  <trkpt lat="45.62054735" lon="2.81376359"><ele>1381.886</ele><time>2026-09-25T09:08:27Z</time><speed>0.000</speed><sat>39</sat></trkpt>
  <trkpt lat="45.62055333" lon="2.81376562"><ele>1382.124</ele><time>2026-09-25T09:08:30Z</time><speed>0.000</speed><sat>39</sat></trkpt>
  <trkpt lat="45.62055160" lon="2.81376444"><ele>1382.981</ele><time>2026-09-25T09:08:33Z</time><speed>0.000</speed><sat>39</sat></trkpt>
  <trkpt lat="45.62055090" lon="2.81376518"><ele>1382.990</ele><time>2026-09-25T09:08:36Z</time><speed>0.000</speed><sat>39</sat></trkpt>
  <trkpt lat="45.62055116" lon="2.81376489"><ele>1383.034</ele><time>2026-09-25T09:08:39Z</time><speed>0.000</speed><sat>39</sat></trkpt>
  <trkpt lat="45.62055055" lon="2.81376492"><ele>1382.962</ele><time>2026-09-25T09:08:42Z</time><speed>0.000</speed><sat>39</sat></trkpt>
  <trkpt lat="45.62055050" lon="2.81376508"><ele>1382.943</ele><time>2026-09-25T09:08:45Z</time><speed>0.000</speed><sat>39</sat></trkpt>
  <trkpt lat="45.62055015" lon="2.81376678"><ele>1382.924</ele><time>2026-09-25T09:08:48Z</time><speed>0.000</speed><sat>39</sat></trkpt>
  <trkpt lat="45.62055106" lon="2.81376405"><ele>1382.692</ele><time>2026-09-25T09:08:51Z</time><speed>0.000</speed><sat>39</sat></trkpt>
  <trkpt lat="45.62055149" lon="2.81376180"><ele>1382.644</ele><time>2026-09-25T09:08:54Z</time><speed>0.000</speed><sat>39</sat></trkpt>
  <trkpt lat="45.62055178" lon="2.81376138"><ele>1382.631</ele><time>2026-09-25T09:08:57Z</time><speed>0.000</speed><sat>39</sat></trkpt>
  <trkpt lat="45.62055186" lon="2.81376124"><ele>1382.619</ele><time>2026-09-25T09:09:00Z</time><speed>0.000</speed><sat>37</sat></trkpt>
  <trkpt lat="45.62055192" lon="2.81376122"><ele>1382.637</ele><time>2026-09-25T09:09:03Z</time><speed>0.000</speed><sat>37</sat></trkpt>
  <trkpt lat="45.62054965" lon="2.81376239"><ele>1382.548</ele><time>2026-09-25T09:09:06Z</time><speed>0.000</speed><sat>38</sat></trkpt>
  <trkpt lat="45.62054957" lon="2.81376573"><ele>1382.586</ele><time>2026-09-25T09:09:09Z</time><speed>0.000</speed><sat>38</sat></trkpt>
  <trkpt lat="45.62054972" lon="2.81376601"><ele>1382.468</ele><time>2026-09-25T09:09:12Z</time><speed>0.170</speed><sat>38</sat></trkpt>
  <trkpt lat="45.62054511" lon="2.81377016"><ele>1382.576</ele><time>2026-09-25T09:09:15Z</time><speed>0.490</speed><sat>38</sat></trkpt>
  <trkpt lat="45.62053979" lon="2.81378014"><ele>1382.400</ele><time>2026-09-25T09:09:18Z</time><speed>0.000</speed><sat>38</sat></trkpt>
  <trkpt lat="45.62053931" lon="2.81378062"><ele>1382.384</ele><time>2026-09-25T09:09:21Z</time><speed>0.000</speed><sat>38</sat></trkpt>
  <trkpt lat="45.62053897" lon="2.81380517"><ele>1382.236</ele><time>2026-09-25T09:09:24Z</time><speed>0.720</speed><sat>38</sat></trkpt>
  <trkpt lat="45.62053696" lon="2.81382566"><ele>1382.214</ele><time>2026-09-25T09:09:27Z</time><speed>0.000</speed><sat>38</sat></trkpt>
  <trkpt lat="45.62053743" lon="2.81383081"><ele>1382.494</ele><time>2026-09-25T09:09:30Z</time><speed>0.000</speed><sat>38</sat></trkpt>
  <trkpt lat="45.62052896" lon="2.81385453"><ele>1382.431</ele><time>2026-09-25T09:09:33Z</time><speed>0.970</speed><sat>38</sat></trkpt>
  <trkpt lat="45.62052349" lon="2.81389320"><ele>1382.445</ele><time>2026-09-25T09:09:36Z</time><speed>1.140</speed><sat>38</sat></trkpt>
  <trkpt lat="45.62054125" lon="2.81393321"><ele>1382.281</ele><time>2026-09-25T09:09:39Z</time><speed>1.450</speed><sat>38</sat></trkpt>
  <trkpt lat="45.62053993" lon="2.81397134"><ele>1382.059</ele><time>2026-09-25T09:09:42Z</time><speed>0.880</speed><sat>38</sat></trkpt>
  <trkpt lat="45.62054488" lon="2.81401633"><ele>1381.716</ele><time>2026-09-25T09:09:45Z</time><speed>1.380</speed><sat>38</sat></trkpt>
  <trkpt lat="45.62054183" lon="2.81405465"><ele>1381.565</ele><time>2026-09-25T09:09:48Z</time><speed>0.850</speed><sat>38</sat></trkpt>
  <trkpt lat="45.62053006" lon="2.81409360"><ele>1381.635</ele><time>2026-09-25T09:09:51Z</time><speed>0.800</speed><sat>38</sat></trkpt>
  <trkpt lat="45.62051962" lon="2.81413930"><ele>1381.550</ele><time>2026-09-25T09:09:54Z</time><speed>1.000</speed><sat>38</sat></trkpt>
  <trkpt lat="45.62051741" lon="2.81417576"><ele>1381.412</ele><time>2026-09-25T09:09:57Z</time><speed>1.160</speed><sat>37</sat></trkpt>
  <trkpt lat="45.62050494" lon="2.81421163"><ele>1380.966</ele><time>2026-09-25T09:10:00Z</time><speed>1.090</speed><sat>38</sat></trkpt>
  <trkpt lat="45.62049030" lon="2.81424017"><ele>1380.246</ele><time>2026-09-25T09:10:03Z</time><speed>0.770</speed><sat>38</sat></trkpt>
  <trkpt lat="45.62045691" lon="2.81425027"><ele>1379.565</ele><time>2026-09-25T09:10:06Z</time><speed>1.300</speed><sat>38</sat></trkpt>
  <trkpt lat="45.62043604" lon="2.81428566"><ele>1379.582</ele><time>2026-09-25T09:10:09Z</time><speed>1.190</speed><sat>36</sat></trkpt>
  <trkpt lat="45.62042927" lon="2.81432495"><ele>1378.822</ele><time>2026-09-25T09:10:12Z</time><speed>0.860</speed><sat>35</sat></trkpt>
  <trkpt lat="45.62043728" lon="2.81438054"><ele>1378.546</ele><time>2026-09-25T09:10:15Z</time><speed>1.450</speed><sat>37</sat></trkpt>
  <trkpt lat="45.62043913" lon="2.81442638"><ele>1378.220</ele><time>2026-09-25T09:10:18Z</time><speed>1.120</speed><sat>38</sat></trkpt>
  <trkpt lat="45.62044091" lon="2.81446934"><ele>1378.704</ele><time>2026-09-25T09:10:21Z</time><speed>1.340</speed><sat>38</sat></trkpt>
  <trkpt lat="45.62042839" lon="2.81450699"><ele>1378.250</ele><time>2026-09-25T09:10:24Z</time><speed>0.890</speed><sat>38</sat></trkpt>
  <trkpt lat="45.62041326" lon="2.81454800"><ele>1377.967</ele><time>2026-09-25T09:10:27Z</time><speed>1.230</speed><sat>37</sat></trkpt>
  <trkpt lat="45.62041919" lon="2.81458479"><ele>1377.861</ele><time>2026-09-25T09:10:30Z</time><speed>1.310</speed><sat>37</sat></trkpt>
  <trkpt lat="45.62042327" lon="2.81462860"><ele>1378.103</ele><time>2026-09-25T09:10:33Z</time><speed>1.540</speed><sat>38</sat></trkpt>
  <trkpt lat="45.62042284" lon="2.81467051"><ele>1378.115</ele><time>2026-09-25T09:10:36Z</time><speed>1.010</speed><sat>38</sat></trkpt>
  <trkpt lat="45.62041897" lon="2.81470592"><ele>1377.637</ele><time>2026-09-25T09:10:39Z</time><speed>1.010</speed><sat>38</sat></trkpt>
  <trkpt lat="45.62041684" lon="2.81475550"><ele>1377.077</ele><time>2026-09-25T09:10:42Z</time><speed>1.170</speed><sat>38</sat></trkpt>
  <trkpt lat="45.62041480" lon="2.81479597"><ele>1376.868</ele><time>2026-09-25T09:10:45Z</time><speed>0.730</speed><sat>38</sat></trkpt>
  <trkpt lat="45.62042157" lon="2.81483678"><ele>1376.485</ele><time>2026-09-25T09:10:48Z</time><speed>0.900</speed><sat>38</sat></trkpt>
  <trkpt lat="45.62041894" lon="2.81486138"><ele>1376.073</ele><time>2026-09-25T09:10:51Z</time><speed>0.530</speed><sat>38</sat></trkpt>
  <trkpt lat="45.62041615" lon="2.81489180"><ele>1375.845</ele><time>2026-09-25T09:10:54Z</time><speed>0.920</speed><sat>38</sat></trkpt>
  <trkpt lat="45.62042537" lon="2.81493863"><ele>1375.811</ele><time>2026-09-25T09:10:57Z</time><speed>1.160</speed><sat>38</sat></trkpt>
  <trkpt lat="45.62042706" lon="2.81498211"><ele>1375.359</ele><time>2026-09-25T09:11:00Z</time><speed>1.370</speed><sat>38</sat></trkpt>
  <trkpt lat="45.62042221" lon="2.81502313"><ele>1375.189</ele><time>2026-09-25T09:11:03Z</time><speed>1.170</speed><sat>38</sat></trkpt>
  <trkpt lat="45.62041755" lon="2.81507290"><ele>1374.900</ele><time>2026-09-25T09:11:06Z</time><speed>1.180</speed><sat>38</sat></trkpt>
  <trkpt lat="45.62040362" lon="2.81510747"><ele>1374.749</ele><time>2026-09-25T09:11:09Z</time><speed>1.410</speed><sat>38</sat></trkpt>
  <trkpt lat="45.62038781" lon="2.81513746"><ele>1374.922</ele><time>2026-09-25T09:11:12Z</time><speed>1.350</speed><sat>37</sat></trkpt>
  <trkpt lat="45.62038163" lon="2.81516864"><ele>1374.376</ele><time>2026-09-25T09:11:15Z</time><speed>1.230</speed><sat>37</sat></trkpt>
  <trkpt lat="45.62035895" lon="2.81519113"><ele>1374.243</ele><time>2026-09-25T09:11:18Z</time><speed>1.320</speed><sat>37</sat></trkpt>
  <trkpt lat="45.62034299" lon="2.81522197"><ele>1374.065</ele><time>2026-09-25T09:11:21Z</time><speed>0.820</speed><sat>38</sat></trkpt>
  <trkpt lat="45.62033019" lon="2.81525533"><ele>1373.921</ele><time>2026-09-25T09:11:24Z</time><speed>1.070</speed><sat>37</sat></trkpt>
  <trkpt lat="45.62032755" lon="2.81528791"><ele>1373.440</ele><time>2026-09-25T09:11:27Z</time><speed>0.740</speed><sat>38</sat></trkpt>
  <trkpt lat="45.62032586" lon="2.81530415"><ele>1373.769</ele><time>2026-09-25T09:11:30Z</time><speed>0.990</speed><sat>38</sat></trkpt>
  <trkpt lat="45.62031237" lon="2.81534404"><ele>1373.242</ele><time>2026-09-25T09:11:33Z</time><speed>1.000</speed><sat>38</sat></trkpt>
  <trkpt lat="45.62029205" lon="2.81536440"><ele>1373.624</ele><time>2026-09-25T09:11:36Z</time><speed>1.170</speed><sat>38</sat></trkpt>
  <trkpt lat="45.62027114" lon="2.81538575"><ele>1372.891</ele><time>2026-09-25T09:11:39Z</time><speed>0.800</speed><sat>36</sat></trkpt>
  <trkpt lat="45.62024405" lon="2.81541460"><ele>1373.081</ele><time>2026-09-25T09:11:42Z</time><speed>1.390</speed><sat>33</sat></trkpt>
  <trkpt lat="45.62023839" lon="2.81544963"><ele>1372.339</ele><time>2026-09-25T09:11:45Z</time><speed>1.000</speed><sat>36</sat></trkpt>
  <trkpt lat="45.62023169" lon="2.81549550"><ele>1371.878</ele><time>2026-09-25T09:11:48Z</time><speed>1.320</speed><sat>38</sat></trkpt>
  <trkpt lat="45.62022479" lon="2.81553345"><ele>1371.521</ele><time>2026-09-25T09:11:51Z</time><speed>0.920</speed><sat>38</sat></trkpt>
  <trkpt lat="45.62020450" lon="2.81555763"><ele>1371.483</ele><time>2026-09-25T09:11:54Z</time><speed>0.870</speed><sat>37</sat></trkpt>
  <trkpt lat="45.62018326" lon="2.81557267"><ele>1371.296</ele><time>2026-09-25T09:11:57Z</time><speed>0.630</speed><sat>38</sat></trkpt>
  <trkpt lat="45.62016363" lon="2.81559116"><ele>1371.542</ele><time>2026-09-25T09:12:00Z</time><speed>0.970</speed><sat>37</sat></trkpt>
  <trkpt lat="45.62015337" lon="2.81561320"><ele>1371.836</ele><time>2026-09-25T09:12:03Z</time><speed>0.580</speed><sat>36</sat></trkpt>
  <trkpt lat="45.62013953" lon="2.81562218"><ele>1371.180</ele><time>2026-09-25T09:12:06Z</time><speed>0.380</speed><sat>36</sat></trkpt>
  <trkpt lat="45.62012734" lon="2.81562275"><ele>1371.608</ele><time>2026-09-25T09:12:09Z</time><speed>0.420</speed><sat>37</sat></trkpt>
  <trkpt lat="45.62010982" lon="2.81563414"><ele>1371.499</ele><time>2026-09-25T09:12:12Z</time><speed>0.570</speed><sat>36</sat></trkpt>
  <trkpt lat="45.62008838" lon="2.81565040"><ele>1370.985</ele><time>2026-09-25T09:12:15Z</time><speed>0.780</speed><sat>36</sat></trkpt>
  <trkpt lat="45.62007537" lon="2.81566232"><ele>1371.054</ele><time>2026-09-25T09:12:18Z</time><speed>0.590</speed><sat>36</sat></trkpt>
  <trkpt lat="45.62008199" lon="2.81568775"><ele>1371.589</ele><time>2026-09-25T09:12:21Z</time><speed>1.460</speed><sat>38</sat></trkpt>
  <trkpt lat="45.62009720" lon="2.81569209"><ele>1371.979</ele><time>2026-09-25T09:12:24Z</time><speed>0.370</speed><sat>38</sat></trkpt>
  <trkpt lat="45.62010745" lon="2.81570003"><ele>1372.186</ele><time>2026-09-25T09:12:27Z</time><speed>0.000</speed><sat>38</sat></trkpt>
  <trkpt lat="45.62009581" lon="2.81571255"><ele>1372.043</ele><time>2026-09-25T09:12:30Z</time><speed>0.570</speed><sat>38</sat></trkpt>
  <trkpt lat="45.62009573" lon="2.81572283"><ele>1372.465</ele><time>2026-09-25T09:12:33Z</time><speed>0.000</speed><sat>38</sat></trkpt>
  <trkpt lat="45.62008832" lon="2.81573139"><ele>1372.663</ele><time>2026-09-25T09:12:36Z</time><speed>0.000</speed><sat>38</sat></trkpt>
  <trkpt lat="45.62008793" lon="2.81571440"><ele>1373.391</ele><time>2026-09-25T09:12:39Z</time><speed>0.520</speed><sat>38</sat></trkpt>
  <trkpt lat="45.62007277" lon="2.81570590"><ele>1372.319</ele><time>2026-09-25T09:12:42Z</time><speed>1.040</speed><sat>39</sat></trkpt>
  <trkpt lat="45.62004496" lon="2.81569319"><ele>1371.669</ele><time>2026-09-25T09:12:45Z</time><speed>1.440</speed><sat>39</sat></trkpt>
  <trkpt lat="45.62002920" lon="2.81566347"><ele>1371.227</ele><time>2026-09-25T09:12:48Z</time><speed>0.840</speed><sat>38</sat></trkpt>
  <trkpt lat="45.62000933" lon="2.81564779"><ele>1370.846</ele><time>2026-09-25T09:12:51Z</time><speed>0.860</speed><sat>38</sat></trkpt>
  <trkpt lat="45.61999614" lon="2.81564786"><ele>1370.628</ele><time>2026-09-25T09:12:54Z</time><speed>0.580</speed><sat>38</sat></trkpt>
  <trkpt lat="45.61997294" lon="2.81564824"><ele>1370.097</ele><time>2026-09-25T09:12:57Z</time><speed>1.240</speed><sat>37</sat></trkpt>
  <trkpt lat="45.61995238" lon="2.81565826"><ele>1369.397</ele><time>2026-09-25T09:13:00Z</time><speed>0.680</speed><sat>38</sat></trkpt>
  <trkpt lat="45.61993637" lon="2.81565698"><ele>1369.167</ele><time>2026-09-25T09:13:03Z</time><speed>0.790</speed><sat>37</sat></trkpt>
  <trkpt lat="45.61992823" lon="2.81565466"><ele>1369.167</ele><time>2026-09-25T09:13:06Z</time><speed>0.000</speed><sat>37</sat></trkpt>
  <trkpt lat="45.61992844" lon="2.81565544"><ele>1369.173</ele><time>2026-09-25T09:13:09Z</time><speed>0.000</speed><sat>39</sat></trkpt>
  <trkpt lat="45.61992716" lon="2.81565757"><ele>1369.035</ele><time>2026-09-25T09:13:12Z</time><speed>0.300</speed><sat>39</sat></trkpt>
  <trkpt lat="45.61991917" lon="2.81565645"><ele>1369.106</ele><time>2026-09-25T09:13:15Z</time><speed>0.000</speed><sat>37</sat></trkpt>
  <trkpt lat="45.61991093" lon="2.81564961"><ele>1368.924</ele><time>2026-09-25T09:13:18Z</time><speed>0.000</speed><sat>39</sat></trkpt>
  <trkpt lat="45.61991012" lon="2.81564906"><ele>1368.940</ele><time>2026-09-25T09:13:21Z</time><speed>0.000</speed><sat>39</sat></trkpt>
  <trkpt lat="45.61991026" lon="2.81564869"><ele>1368.903</ele><time>2026-09-25T09:13:24Z</time><speed>0.000</speed><sat>39</sat></trkpt>
  <trkpt lat="45.61991041" lon="2.81564860"><ele>1368.814</ele><time>2026-09-25T09:13:27Z</time><speed>0.000</speed><sat>38</sat></trkpt>
  <trkpt lat="45.61991045" lon="2.81564883"><ele>1368.741</ele><time>2026-09-25T09:13:30Z</time><speed>0.000</speed><sat>39</sat></trkpt>
  <trkpt lat="45.61991054" lon="2.81564868"><ele>1368.732</ele><time>2026-09-25T09:13:33Z</time><speed>0.000</speed><sat>39</sat></trkpt>
  <trkpt lat="45.61991066" lon="2.81564863"><ele>1368.730</ele><time>2026-09-25T09:13:36Z</time><speed>0.000</speed><sat>34</sat></trkpt>
  <trkpt lat="45.61991067" lon="2.81564870"><ele>1368.722</ele><time>2026-09-25T09:13:39Z</time><speed>0.000</speed><sat>35</sat></trkpt>
  <trkpt lat="45.61991063" lon="2.81564887"><ele>1368.718</ele><time>2026-09-25T09:13:42Z</time><speed>0.000</speed><sat>37</sat></trkpt>
  <trkpt lat="45.61991058" lon="2.81564916"><ele>1368.736</ele><time>2026-09-25T09:13:45Z</time><speed>0.000</speed><sat>37</sat></trkpt>
  <trkpt lat="45.61991051" lon="2.81564945"><ele>1368.679</ele><time>2026-09-25T09:13:48Z</time><speed>0.000</speed><sat>37</sat></trkpt>
  <trkpt lat="45.61991023" lon="2.81564954"><ele>1368.640</ele><time>2026-09-25T09:13:51Z</time><speed>0.000</speed><sat>37</sat></trkpt>
  <trkpt lat="45.61991034" lon="2.81564975"><ele>1368.589</ele><time>2026-09-25T09:13:54Z</time><speed>0.000</speed><sat>36</sat></trkpt>
  <trkpt lat="45.61991037" lon="2.81565010"><ele>1368.565</ele><time>2026-09-25T09:13:57Z</time><speed>0.000</speed><sat>36</sat></trkpt>
  <trkpt lat="45.61991039" lon="2.81565019"><ele>1368.547</ele><time>2026-09-25T09:14:00Z</time><speed>0.000</speed><sat>37</sat></trkpt>
  <trkpt lat="45.61991034" lon="2.81565012"><ele>1368.548</ele><time>2026-09-25T09:14:03Z</time><speed>0.000</speed><sat>35</sat></trkpt>
  <trkpt lat="45.61991053" lon="2.81565018"><ele>1368.513</ele><time>2026-09-25T09:14:06Z</time><speed>0.000</speed><sat>33</sat></trkpt>
  <trkpt lat="45.61991058" lon="2.81565037"><ele>1368.486</ele><time>2026-09-25T09:14:09Z</time><speed>0.000</speed><sat>32</sat></trkpt>
  <trkpt lat="45.61991057" lon="2.81565074"><ele>1368.477</ele><time>2026-09-25T09:14:12Z</time><speed>0.000</speed><sat>36</sat></trkpt>
  <trkpt lat="45.61991063" lon="2.81565115"><ele>1368.489</ele><time>2026-09-25T09:14:15Z</time><speed>0.000</speed><sat>36</sat></trkpt>
  <trkpt lat="45.61991057" lon="2.81565129"><ele>1368.507</ele><time>2026-09-25T09:14:18Z</time><speed>0.000</speed><sat>35</sat></trkpt>
  <trkpt lat="45.61990882" lon="2.81564824"><ele>1368.545</ele><time>2026-09-25T09:14:21Z</time><speed>0.350</speed><sat>34</sat></trkpt>
  <trkpt lat="45.61988945" lon="2.81564614"><ele>1368.873</ele><time>2026-09-25T09:14:24Z</time><speed>1.230</speed><sat>37</sat></trkpt>
  <trkpt lat="45.61986931" lon="2.81568698"><ele>1371.312</ele><time>2026-09-25T09:14:27Z</time><speed>1.080</speed><sat>37</sat></trkpt>
  <trkpt lat="45.61988247" lon="2.81572988"><ele>1372.323</ele><time>2026-09-25T09:14:30Z</time><speed>1.490</speed><sat>37</sat></trkpt>
  <trkpt lat="45.61990882" lon="2.81569655"><ele>1373.567</ele><time>2026-09-25T09:14:33Z</time><speed>1.080</speed><sat>37</sat></trkpt>
  <trkpt lat="45.61994207" lon="2.81566483"><ele>1373.943</ele><time>2026-09-25T09:14:36Z</time><speed>1.200</speed><sat>37</sat></trkpt>
  <trkpt lat="45.61996274" lon="2.81563466"><ele>1373.175</ele><time>2026-09-25T09:14:39Z</time><speed>0.380</speed><sat>37</sat></trkpt>
  <trkpt lat="45.61997061" lon="2.81560790"><ele>1372.988</ele><time>2026-09-25T09:14:42Z</time><speed>0.710</speed><sat>38</sat></trkpt>
  <trkpt lat="45.61997387" lon="2.81557992"><ele>1372.926</ele><time>2026-09-25T09:14:45Z</time><speed>0.370</speed><sat>38</sat></trkpt>
  <trkpt lat="45.61998133" lon="2.81556771"><ele>1373.188</ele><time>2026-09-25T09:14:48Z</time><speed>1.030</speed><sat>38</sat></trkpt>
  <trkpt lat="45.61997729" lon="2.81557546"><ele>1372.886</ele><time>2026-09-25T09:14:51Z</time><speed>0.000</speed><sat>38</sat></trkpt>
  <trkpt lat="45.61997700" lon="2.81557679"><ele>1372.918</ele><time>2026-09-25T09:14:54Z</time><speed>0.000</speed><sat>38</sat></trkpt>
  <trkpt lat="45.61997661" lon="2.81557820"><ele>1372.955</ele><time>2026-09-25T09:14:57Z</time><speed>0.000</speed><sat>38</sat></trkpt>
  <trkpt lat="45.61997566" lon="2.81557963"><ele>1373.029</ele><time>2026-09-25T09:15:00Z</time><speed>0.000</speed><sat>38</sat></trkpt>
  <trkpt lat="45.61997514" lon="2.81558116"><ele>1373.090</ele><time>2026-09-25T09:15:03Z</time><speed>0.000</speed><sat>38</sat></trkpt>
  <trkpt lat="45.61997486" lon="2.81558267"><ele>1373.188</ele><time>2026-09-25T09:15:06Z</time><speed>0.000</speed><sat>37</sat></trkpt>
  <trkpt lat="45.61997472" lon="2.81558307"><ele>1373.218</ele><time>2026-09-25T09:15:09Z</time><speed>0.000</speed><sat>38</sat></trkpt>
  <trkpt lat="45.61997464" lon="2.81558309"><ele>1373.216</ele><time>2026-09-25T09:15:12Z</time><speed>0.000</speed><sat>38</sat></trkpt>
  <trkpt lat="45.61997461" lon="2.81558323"><ele>1373.232</ele><time>2026-09-25T09:15:15Z</time><speed>0.000</speed><sat>38</sat></trkpt>
  <trkpt lat="45.61997459" lon="2.81558356"><ele>1373.309</ele><time>2026-09-25T09:15:18Z</time><speed>0.000</speed><sat>38</sat></trkpt>
  <trkpt lat="45.61997443" lon="2.81558355"><ele>1373.284</ele><time>2026-09-25T09:15:21Z</time><speed>0.000</speed><sat>38</sat></trkpt>
  <trkpt lat="45.61997438" lon="2.81558346"><ele>1373.300</ele><time>2026-09-25T09:15:24Z</time><speed>0.000</speed><sat>38</sat></trkpt>
  <trkpt lat="45.61997422" lon="2.81558325"><ele>1373.290</ele><time>2026-09-25T09:15:27Z</time><speed>0.000</speed><sat>38</sat></trkpt>
  <trkpt lat="45.61997446" lon="2.81558344"><ele>1373.307</ele><time>2026-09-25T09:15:30Z</time><speed>0.000</speed><sat>38</sat></trkpt>
  <trkpt lat="45.61997464" lon="2.81558346"><ele>1373.308</ele><time>2026-09-25T09:15:33Z</time><speed>0.000</speed><sat>38</sat></trkpt>
  <trkpt lat="45.61997449" lon="2.81558377"><ele>1373.277</ele><time>2026-09-25T09:15:36Z</time><speed>0.000</speed><sat>38</sat></trkpt>
  <trkpt lat="45.61997453" lon="2.81558395"><ele>1373.277</ele><time>2026-09-25T09:15:39Z</time><speed>0.000</speed><sat>38</sat></trkpt>
  <trkpt lat="45.61997430" lon="2.81558395"><ele>1373.230</ele><time>2026-09-25T09:15:42Z</time><speed>0.000</speed><sat>38</sat></trkpt>
  <trkpt lat="45.61997402" lon="2.81558392"><ele>1373.187</ele><time>2026-09-25T09:15:45Z</time><speed>0.000</speed><sat>38</sat></trkpt>
  <trkpt lat="45.61997389" lon="2.81558387"><ele>1373.153</ele><time>2026-09-25T09:15:48Z</time><speed>0.000</speed><sat>37</sat></trkpt>
  <trkpt lat="45.61996886" lon="2.81558552"><ele>1372.727</ele><time>2026-09-25T09:15:51Z</time><speed>0.650</speed><sat>37</sat></trkpt>
  <trkpt lat="45.61995870" lon="2.81561689"><ele>1372.600</ele><time>2026-09-25T09:15:54Z</time><speed>0.840</speed><sat>38</sat></trkpt>
  <trkpt lat="45.61995464" lon="2.81562705"><ele>1372.526</ele><time>2026-09-25T09:15:57Z</time><speed>0.000</speed><sat>38</sat></trkpt>
  <trkpt lat="45.61993938" lon="2.81563414"><ele>1371.565</ele><time>2026-09-25T09:16:00Z</time><speed>0.920</speed><sat>38</sat></trkpt>
  <trkpt lat="45.61991475" lon="2.81565465"><ele>1370.717</ele><time>2026-09-25T09:16:03Z</time><speed>1.310</speed><sat>37</sat></trkpt>
  <trkpt lat="45.61987555" lon="2.81565782"><ele>1370.961</ele><time>2026-09-25T09:16:06Z</time><speed>1.950</speed><sat>38</sat></trkpt>
  <trkpt lat="45.61985649" lon="2.81564336"><ele>1370.693</ele><time>2026-09-25T09:16:09Z</time><speed>0.820</speed><sat>37</sat></trkpt>
  <trkpt lat="45.61984346" lon="2.81562349"><ele>1370.251</ele><time>2026-09-25T09:16:12Z</time><speed>0.670</speed><sat>37</sat></trkpt>
  <trkpt lat="45.61982982" lon="2.81561162"><ele>1369.557</ele><time>2026-09-25T09:16:15Z</time><speed>0.610</speed><sat>37</sat></trkpt>
  <trkpt lat="45.61980975" lon="2.81560199"><ele>1368.927</ele><time>2026-09-25T09:16:18Z</time><speed>0.740</speed><sat>36</sat></trkpt>
  <trkpt lat="45.61979639" lon="2.81562752"><ele>1368.380</ele><time>2026-09-25T09:16:21Z</time><speed>0.690</speed><sat>35</sat></trkpt>
  <trkpt lat="45.61977751" lon="2.81564179"><ele>1367.535</ele><time>2026-09-25T09:16:24Z</time><speed>1.060</speed><sat>35</sat></trkpt>
  <trkpt lat="45.61976145" lon="2.81566427"><ele>1366.941</ele><time>2026-09-25T09:16:27Z</time><speed>0.880</speed><sat>34</sat></trkpt>
  <trkpt lat="45.61973803" lon="2.81567482"><ele>1366.490</ele><time>2026-09-25T09:16:30Z</time><speed>1.090</speed><sat>33</sat></trkpt>
  <trkpt lat="45.61971727" lon="2.81569801"><ele>1365.896</ele><time>2026-09-25T09:16:33Z</time><speed>0.480</speed><sat>32</sat></trkpt>
  <trkpt lat="45.61971768" lon="2.81570130"><ele>1365.589</ele><time>2026-09-25T09:16:36Z</time><speed>0.170</speed><sat>33</sat></trkpt>
  <trkpt lat="45.61971397" lon="2.81571196"><ele>1365.563</ele><time>2026-09-25T09:16:39Z</time><speed>0.610</speed><sat>37</sat></trkpt>
  <trkpt lat="45.61970821" lon="2.81573796"><ele>1365.606</ele><time>2026-09-25T09:16:42Z</time><speed>0.540</speed><sat>37</sat></trkpt>
  <trkpt lat="45.61969438" lon="2.81577102"><ele>1366.537</ele><time>2026-09-25T09:16:45Z</time><speed>1.970</speed><sat>37</sat></trkpt>
  <trkpt lat="45.61970019" lon="2.81580042"><ele>1368.100</ele><time>2026-09-25T09:16:48Z</time><speed>0.760</speed><sat>37</sat></trkpt>
  <trkpt lat="45.61972527" lon="2.81579654"><ele>1368.676</ele><time>2026-09-25T09:16:51Z</time><speed>0.490</speed><sat>37</sat></trkpt>
  <trkpt lat="45.61974393" lon="2.81580281"><ele>1368.896</ele><time>2026-09-25T09:16:54Z</time><speed>0.650</speed><sat>37</sat></trkpt>
  <trkpt lat="45.61975961" lon="2.81580708"><ele>1368.490</ele><time>2026-09-25T09:16:57Z</time><speed>0.650</speed><sat>36</sat></trkpt>
  <trkpt lat="45.61977697" lon="2.81581478"><ele>1368.309</ele><time>2026-09-25T09:17:00Z</time><speed>0.430</speed><sat>36</sat></trkpt>
  <trkpt lat="45.61978849" lon="2.81580162"><ele>1368.151</ele><time>2026-09-25T09:17:03Z</time><speed>0.340</speed><sat>34</sat></trkpt>
  <trkpt lat="45.61979353" lon="2.81579635"><ele>1368.305</ele><time>2026-09-25T09:17:06Z</time><speed>0.000</speed><sat>34</sat></trkpt>
  <trkpt lat="45.61979915" lon="2.81580090"><ele>1367.867</ele><time>2026-09-25T09:17:09Z</time><speed>0.230</speed><sat>34</sat></trkpt>
  <trkpt lat="45.61980063" lon="2.81580355"><ele>1367.813</ele><time>2026-09-25T09:17:12Z</time><speed>0.000</speed><sat>32</sat></trkpt>
  <trkpt lat="45.61980499" lon="2.81581616"><ele>1367.370</ele><time>2026-09-25T09:17:15Z</time><speed>0.540</speed><sat>34</sat></trkpt>
  <trkpt lat="45.61980994" lon="2.81582282"><ele>1366.979</ele><time>2026-09-25T09:17:18Z</time><speed>0.000</speed><sat>33</sat></trkpt>
  <trkpt lat="45.61980868" lon="2.81583271"><ele>1366.593</ele><time>2026-09-25T09:17:21Z</time><speed>0.610</speed><sat>34</sat></trkpt>
  <trkpt lat="45.61981324" lon="2.81583821"><ele>1366.506</ele><time>2026-09-25T09:17:24Z</time><speed>0.310</speed><sat>35</sat></trkpt>
  <trkpt lat="45.61981752" lon="2.81583908"><ele>1366.413</ele><time>2026-09-25T09:17:27Z</time><speed>0.000</speed><sat>34</sat></trkpt>
  <trkpt lat="45.61981811" lon="2.81584176"><ele>1366.416</ele><time>2026-09-25T09:17:30Z</time><speed>0.000</speed><sat>34</sat></trkpt>
  <trkpt lat="45.61982138" lon="2.81584397"><ele>1365.991</ele><time>2026-09-25T09:17:33Z</time><speed>0.330</speed><sat>34</sat></trkpt>
  <trkpt lat="45.61982623" lon="2.81585210"><ele>1365.894</ele><time>2026-09-25T09:17:36Z</time><speed>0.370</speed><sat>34</sat></trkpt>
  <trkpt lat="45.61982917" lon="2.81586224"><ele>1365.748</ele><time>2026-09-25T09:17:39Z</time><speed>0.290</speed><sat>34</sat></trkpt>
  <trkpt lat="45.61983166" lon="2.81586030"><ele>1365.661</ele><time>2026-09-25T09:17:42Z</time><speed>0.270</speed><sat>33</sat></trkpt>
  <trkpt lat="45.61983266" lon="2.81585335"><ele>1365.432</ele><time>2026-09-25T09:17:45Z</time><speed>0.000</speed><sat>33</sat></trkpt>
  <trkpt lat="45.61983351" lon="2.81585400"><ele>1365.314</ele><time>2026-09-25T09:17:48Z</time><speed>0.000</speed><sat>35</sat></trkpt>
  <trkpt lat="45.61982804" lon="2.81585564"><ele>1365.148</ele><time>2026-09-25T09:17:51Z</time><speed>0.370</speed><sat>34</sat></trkpt>
  <trkpt lat="45.61982542" lon="2.81586846"><ele>1364.792</ele><time>2026-09-25T09:17:54Z</time><speed>0.000</speed><sat>34</sat></trkpt>
  <trkpt lat="45.61983202" lon="2.81588383"><ele>1364.583</ele><time>2026-09-25T09:17:57Z</time><speed>0.000</speed><sat>34</sat></trkpt>
  <trkpt lat="45.61984652" lon="2.81588793"><ele>1364.473</ele><time>2026-09-25T09:18:00Z</time><speed>0.410</speed><sat>35</sat></trkpt>
  <trkpt lat="45.61986062" lon="2.81589016"><ele>1363.555</ele><time>2026-09-25T09:18:03Z</time><speed>0.580</speed><sat>35</sat></trkpt>
  <trkpt lat="45.61986443" lon="2.81590401"><ele>1363.444</ele><time>2026-09-25T09:18:06Z</time><speed>0.000</speed><sat>35</sat></trkpt>
  <trkpt lat="45.61986726" lon="2.81590978"><ele>1363.369</ele><time>2026-09-25T09:18:09Z</time><speed>0.000</speed><sat>36</sat></trkpt>
  <trkpt lat="45.61987101" lon="2.81591746"><ele>1363.394</ele><time>2026-09-25T09:18:12Z</time><speed>0.240</speed><sat>36</sat></trkpt>
  <trkpt lat="45.61987427" lon="2.81593031"><ele>1362.924</ele><time>2026-09-25T09:18:15Z</time><speed>0.380</speed><sat>36</sat></trkpt>
  <trkpt lat="45.61988452" lon="2.81593880"><ele>1362.639</ele><time>2026-09-25T09:18:18Z</time><speed>0.270</speed><sat>34</sat></trkpt>
  <trkpt lat="45.61989207" lon="2.81594314"><ele>1362.140</ele><time>2026-09-25T09:18:21Z</time><speed>0.460</speed><sat>33</sat></trkpt>
  <trkpt lat="45.61989214" lon="2.81595360"><ele>1361.671</ele><time>2026-09-25T09:18:24Z</time><speed>0.580</speed><sat>34</sat></trkpt>
  <trkpt lat="45.61989899" lon="2.81596163"><ele>1360.868</ele><time>2026-09-25T09:18:27Z</time><speed>0.420</speed><sat>33</sat></trkpt>
  <trkpt lat="45.61990998" lon="2.81597406"><ele>1360.132</ele><time>2026-09-25T09:18:30Z</time><speed>0.710</speed><sat>33</sat></trkpt>
  <trkpt lat="45.61992594" lon="2.81598772"><ele>1359.680</ele><time>2026-09-25T09:18:33Z</time><speed>0.680</speed><sat>33</sat></trkpt>
  <trkpt lat="45.61994096" lon="2.81600223"><ele>1359.695</ele><time>2026-09-25T09:18:36Z</time><speed>0.820</speed><sat>34</sat></trkpt>
  <trkpt lat="45.61996694" lon="2.81602386"><ele>1359.014</ele><time>2026-09-25T09:18:39Z</time><speed>1.030</speed><sat>34</sat></trkpt>
  <trkpt lat="45.61999086" lon="2.81602476"><ele>1358.830</ele><time>2026-09-25T09:18:42Z</time><speed>0.780</speed><sat>34</sat></trkpt>
  <trkpt lat="45.62001520" lon="2.81602895"><ele>1358.663</ele><time>2026-09-25T09:18:45Z</time><speed>0.780</speed><sat>33</sat></trkpt>
  <trkpt lat="45.62003245" lon="2.81603804"><ele>1358.796</ele><time>2026-09-25T09:18:48Z</time><speed>0.690</speed><sat>32</sat></trkpt>
  <trkpt lat="45.62004439" lon="2.81604367"><ele>1358.124</ele><time>2026-09-25T09:18:51Z</time><speed>0.360</speed><sat>33</sat></trkpt>
  <trkpt lat="45.62006230" lon="2.81604771"><ele>1357.770</ele><time>2026-09-25T09:18:54Z</time><speed>0.750</speed><sat>35</sat></trkpt>
  <trkpt lat="45.62008231" lon="2.81605264"><ele>1357.105</ele><time>2026-09-25T09:18:57Z</time><speed>0.620</speed><sat>35</sat></trkpt>
  <trkpt lat="45.62010103" lon="2.81606139"><ele>1356.330</ele><time>2026-09-25T09:19:00Z</time><speed>0.850</speed><sat>35</sat></trkpt>
  <trkpt lat="45.62012195" lon="2.81607290"><ele>1355.609</ele><time>2026-09-25T09:19:03Z</time><speed>0.900</speed><sat>36</sat></trkpt>
  <trkpt lat="45.62013531" lon="2.81608196"><ele>1355.066</ele><time>2026-09-25T09:19:06Z</time><speed>0.710</speed><sat>35</sat></trkpt>
  <trkpt lat="45.62015071" lon="2.81608486"><ele>1354.607</ele><time>2026-09-25T09:19:09Z</time><speed>0.450</speed><sat>35</sat></trkpt>
  <trkpt lat="45.62017059" lon="2.81608770"><ele>1354.294</ele><time>2026-09-25T09:19:12Z</time><speed>0.420</speed><sat>34</sat></trkpt>
  <trkpt lat="45.62019279" lon="2.81609991"><ele>1353.980</ele><time>2026-09-25T09:19:15Z</time><speed>0.620</speed><sat>34</sat></trkpt>
  <trkpt lat="45.62020436" lon="2.81612310"><ele>1352.920</ele><time>2026-09-25T09:19:18Z</time><speed>0.810</speed><sat>34</sat></trkpt>
  <trkpt lat="45.62021400" lon="2.81614814"><ele>1352.244</ele><time>2026-09-25T09:19:21Z</time><speed>0.700</speed><sat>34</sat></trkpt>
  <trkpt lat="45.62022371" lon="2.81616126"><ele>1351.590</ele><time>2026-09-25T09:19:24Z</time><speed>0.380</speed><sat>35</sat></trkpt>
  <trkpt lat="45.62022543" lon="2.81616732"><ele>1350.658</ele><time>2026-09-25T09:19:27Z</time><speed>0.260</speed><sat>36</sat></trkpt>
  <trkpt lat="45.62022953" lon="2.81618863"><ele>1349.500</ele><time>2026-09-25T09:19:30Z</time><speed>0.800</speed><sat>35</sat></trkpt>
  <trkpt lat="45.62022146" lon="2.81620061"><ele>1349.636</ele><time>2026-09-25T09:19:33Z</time><speed>0.320</speed><sat>33</sat></trkpt>
  <trkpt lat="45.62022299" lon="2.81619990"><ele>1349.647</ele><time>2026-09-25T09:19:36Z</time><speed>0.000</speed><sat>33</sat></trkpt>
  <trkpt lat="45.62022547" lon="2.81619684"><ele>1349.190</ele><time>2026-09-25T09:19:39Z</time><speed>0.000</speed><sat>34</sat></trkpt>
  <trkpt lat="45.62023127" lon="2.81620288"><ele>1348.970</ele><time>2026-09-25T09:19:42Z</time><speed>0.000</speed><sat>35</sat></trkpt>
  <trkpt lat="45.62024049" lon="2.81620523"><ele>1347.806</ele><time>2026-09-25T09:19:45Z</time><speed>0.240</speed><sat>35</sat></trkpt>
  <trkpt lat="45.62025452" lon="2.81622040"><ele>1347.915</ele><time>2026-09-25T09:19:48Z</time><speed>0.400</speed><sat>34</sat></trkpt>
  <trkpt lat="45.62027011" lon="2.81623214"><ele>1347.254</ele><time>2026-09-25T09:19:51Z</time><speed>1.130</speed><sat>32</sat></trkpt>
  <trkpt lat="45.62027862" lon="2.81625478"><ele>1347.155</ele><time>2026-09-25T09:19:54Z</time><speed>0.890</speed><sat>33</sat></trkpt>
  <trkpt lat="45.62029704" lon="2.81627566"><ele>1345.989</ele><time>2026-09-25T09:19:57Z</time><speed>1.040</speed><sat>32</sat></trkpt>
  <trkpt lat="45.62031456" lon="2.81627852"><ele>1346.651</ele><time>2026-09-25T09:20:00Z</time><speed>0.640</speed><sat>32</sat></trkpt>
  <trkpt lat="45.62032486" lon="2.81628279"><ele>1346.930</ele><time>2026-09-25T09:20:03Z</time><speed>0.420</speed><sat>35</sat></trkpt>
  <trkpt lat="45.62033933" lon="2.81630099"><ele>1346.568</ele><time>2026-09-25T09:20:06Z</time><speed>0.850</speed><sat>36</sat></trkpt>
  <trkpt lat="45.62035701" lon="2.81631566"><ele>1345.861</ele><time>2026-09-25T09:20:09Z</time><speed>0.890</speed><sat>36</sat></trkpt>
  <trkpt lat="45.62036712" lon="2.81633667"><ele>1346.159</ele><time>2026-09-25T09:20:12Z</time><speed>0.570</speed><sat>34</sat></trkpt>
  <trkpt lat="45.62037481" lon="2.81634809"><ele>1346.744</ele><time>2026-09-25T09:20:15Z</time><speed>0.550</speed><sat>33</sat></trkpt>
  <trkpt lat="45.62038837" lon="2.81636928"><ele>1346.892</ele><time>2026-09-25T09:20:18Z</time><speed>0.710</speed><sat>34</sat></trkpt>
  <trkpt lat="45.62040695" lon="2.81638471"><ele>1347.196</ele><time>2026-09-25T09:20:21Z</time><speed>0.750</speed><sat>36</sat></trkpt>
  <trkpt lat="45.62042248" lon="2.81639135"><ele>1346.590</ele><time>2026-09-25T09:20:24Z</time><speed>0.710</speed><sat>37</sat></trkpt>
  <trkpt lat="45.62043734" lon="2.81640543"><ele>1346.989</ele><time>2026-09-25T09:20:27Z</time><speed>0.760</speed><sat>33</sat></trkpt>
  <trkpt lat="45.62045383" lon="2.81641678"><ele>1347.307</ele><time>2026-09-25T09:20:30Z</time><speed>0.670</speed><sat>33</sat></trkpt>
  <trkpt lat="45.62046901" lon="2.81643892"><ele>1346.464</ele><time>2026-09-25T09:20:33Z</time><speed>0.850</speed><sat>31</sat></trkpt>
  <trkpt lat="45.62048886" lon="2.81645602"><ele>1345.919</ele><time>2026-09-25T09:20:36Z</time><speed>0.870</speed><sat>31</sat></trkpt>
  <trkpt lat="45.62050798" lon="2.81647104"><ele>1347.611</ele><time>2026-09-25T09:20:39Z</time><speed>0.790</speed><sat>31</sat></trkpt>
  <trkpt lat="45.62052849" lon="2.81649145"><ele>1345.842</ele><time>2026-09-25T09:20:42Z</time><speed>1.000</speed><sat>35</sat></trkpt>
  <trkpt lat="45.62055259" lon="2.81650506"><ele>1345.173</ele><time>2026-09-25T09:20:45Z</time><speed>0.740</speed><sat>36</sat></trkpt>
  <trkpt lat="45.62057330" lon="2.81652814"><ele>1344.178</ele><time>2026-09-25T09:20:48Z</time><speed>0.780</speed><sat>36</sat></trkpt>
  <trkpt lat="45.62059305" lon="2.81654728"><ele>1343.788</ele><time>2026-09-25T09:20:51Z</time><speed>0.880</speed><sat>36</sat></trkpt>
  <trkpt lat="45.62061323" lon="2.81656245"><ele>1343.282</ele><time>2026-09-25T09:20:54Z</time><speed>0.880</speed><sat>31</sat></trkpt>
  <trkpt lat="45.62062893" lon="2.81658118"><ele>1343.713</ele><time>2026-09-25T09:20:57Z</time><speed>0.710</speed><sat>31</sat></trkpt>
  <trkpt lat="45.62064763" lon="2.81660835"><ele>1342.622</ele><time>2026-09-25T09:21:00Z</time><speed>0.920</speed><sat>34</sat></trkpt>
  <trkpt lat="45.62066848" lon="2.81662655"><ele>1341.240</ele><time>2026-09-25T09:21:03Z</time><speed>0.830</speed><sat>34</sat></trkpt>
  <trkpt lat="45.62068694" lon="2.81663453"><ele>1341.106</ele><time>2026-09-25T09:21:06Z</time><speed>0.760</speed><sat>32</sat></trkpt>
  <trkpt lat="45.62070613" lon="2.81664619"><ele>1340.570</ele><time>2026-09-25T09:21:09Z</time><speed>0.710</speed><sat>31</sat></trkpt>
  <trkpt lat="45.62071869" lon="2.81667039"><ele>1340.129</ele><time>2026-09-25T09:21:12Z</time><speed>0.810</speed><sat>33</sat></trkpt>
  <trkpt lat="45.62073514" lon="2.81669244"><ele>1339.264</ele><time>2026-09-25T09:21:15Z</time><speed>0.770</speed><sat>32</sat></trkpt>
  <trkpt lat="45.62075251" lon="2.81671449"><ele>1337.665</ele><time>2026-09-25T09:21:18Z</time><speed>0.780</speed><sat>32</sat></trkpt>
  <trkpt lat="45.62077632" lon="2.81673573"><ele>1337.990</ele><time>2026-09-25T09:21:21Z</time><speed>0.780</speed><sat>30</sat></trkpt>
  <trkpt lat="45.62079855" lon="2.81675981"><ele>1337.732</ele><time>2026-09-25T09:21:24Z</time><speed>0.990</speed><sat>32</sat></trkpt>
  <trkpt lat="45.62082557" lon="2.81678074"><ele>1336.603</ele><time>2026-09-25T09:21:27Z</time><speed>0.890</speed><sat>30</sat></trkpt>
  <trkpt lat="45.62083824" lon="2.81681466"><ele>1336.892</ele><time>2026-09-25T09:21:30Z</time><speed>1.060</speed><sat>29</sat></trkpt>
  <trkpt lat="45.62085197" lon="2.81684625"><ele>1336.533</ele><time>2026-09-25T09:21:33Z</time><speed>0.780</speed><sat>30</sat></trkpt>
  <trkpt lat="45.62086848" lon="2.81688282"><ele>1336.580</ele><time>2026-09-25T09:21:36Z</time><speed>1.180</speed><sat>33</sat></trkpt>
  <trkpt lat="45.62088006" lon="2.81692425"><ele>1336.467</ele><time>2026-09-25T09:21:39Z</time><speed>0.980</speed><sat>33</sat></trkpt>
  <trkpt lat="45.62089487" lon="2.81696313"><ele>1335.670</ele><time>2026-09-25T09:21:42Z</time><speed>1.070</speed><sat>31</sat></trkpt>
  <trkpt lat="45.62090309" lon="2.81700492"><ele>1335.962</ele><time>2026-09-25T09:21:45Z</time><speed>1.100</speed><sat>32</sat></trkpt>
  <trkpt lat="45.62091781" lon="2.81704855"><ele>1334.718</ele><time>2026-09-25T09:21:48Z</time><speed>1.000</speed><sat>29</sat></trkpt>
  <trkpt lat="45.62093028" lon="2.81708532"><ele>1333.795</ele><time>2026-09-25T09:21:51Z</time><speed>0.910</speed><sat>27</sat></trkpt>
  <trkpt lat="45.62094034" lon="2.81712628"><ele>1333.432</ele><time>2026-09-25T09:21:54Z</time><speed>1.180</speed><sat>28</sat></trkpt>
  <trkpt lat="45.62094958" lon="2.81717610"><ele>1335.055</ele><time>2026-09-25T09:21:57Z</time><speed>1.390</speed><sat>31</sat></trkpt>
  <trkpt lat="45.62096187" lon="2.81722539"><ele>1336.985</ele><time>2026-09-25T09:22:00Z</time><speed>1.000</speed><sat>31</sat></trkpt>
  <trkpt lat="45.62096672" lon="2.81727196"><ele>1336.555</ele><time>2026-09-25T09:22:03Z</time><speed>1.130</speed><sat>33</sat></trkpt>
  <trkpt lat="45.62097398" lon="2.81730878"><ele>1336.529</ele><time>2026-09-25T09:22:06Z</time><speed>0.970</speed><sat>33</sat></trkpt>
  <trkpt lat="45.62098070" lon="2.81735076"><ele>1336.740</ele><time>2026-09-25T09:22:09Z</time><speed>1.330</speed><sat>33</sat></trkpt>
  <trkpt lat="45.62098458" lon="2.81738576"><ele>1337.177</ele><time>2026-09-25T09:22:12Z</time><speed>0.910</speed><sat>31</sat></trkpt>
  <trkpt lat="45.62099034" lon="2.81742135"><ele>1336.971</ele><time>2026-09-25T09:22:15Z</time><speed>0.840</speed><sat>31</sat></trkpt>
  <trkpt lat="45.62099414" lon="2.81744766"><ele>1337.015</ele><time>2026-09-25T09:22:18Z</time><speed>0.510</speed><sat>34</sat></trkpt>
  <trkpt lat="45.62099023" lon="2.81747260"><ele>1337.639</ele><time>2026-09-25T09:22:21Z</time><speed>0.790</speed><sat>34</sat></trkpt>
  <trkpt lat="45.62098645" lon="2.81748654"><ele>1338.273</ele><time>2026-09-25T09:22:24Z</time><speed>0.000</speed><sat>30</sat></trkpt>
  <trkpt lat="45.62098625" lon="2.81748762"><ele>1338.168</ele><time>2026-09-25T09:22:27Z</time><speed>0.000</speed><sat>31</sat></trkpt>
  <trkpt lat="45.62098616" lon="2.81748851"><ele>1338.113</ele><time>2026-09-25T09:22:30Z</time><speed>0.000</speed><sat>33</sat></trkpt>
  <trkpt lat="45.62098631" lon="2.81748920"><ele>1338.115</ele><time>2026-09-25T09:22:33Z</time><speed>0.000</speed><sat>32</sat></trkpt>
  <trkpt lat="45.62098631" lon="2.81748917"><ele>1338.094</ele><time>2026-09-25T09:22:36Z</time><speed>0.000</speed><sat>31</sat></trkpt>
  <trkpt lat="45.62098645" lon="2.81748923"><ele>1338.051</ele><time>2026-09-25T09:22:39Z</time><speed>0.000</speed><sat>32</sat></trkpt>
  <trkpt lat="45.62098657" lon="2.81748977"><ele>1338.027</ele><time>2026-09-25T09:22:42Z</time><speed>0.000</speed><sat>32</sat></trkpt>
  <trkpt lat="45.62098677" lon="2.81749006"><ele>1338.023</ele><time>2026-09-25T09:22:45Z</time><speed>0.000</speed><sat>31</sat></trkpt>
  <trkpt lat="45.62098705" lon="2.81749044"><ele>1338.016</ele><time>2026-09-25T09:22:48Z</time><speed>0.000</speed><sat>32</sat></trkpt>
  <trkpt lat="45.62098728" lon="2.81749089"><ele>1338.102</ele><time>2026-09-25T09:22:51Z</time><speed>0.000</speed><sat>33</sat></trkpt>
  <trkpt lat="45.62098693" lon="2.81749198"><ele>1338.054</ele><time>2026-09-25T09:22:54Z</time><speed>0.000</speed><sat>32</sat></trkpt>
  <trkpt lat="45.62098625" lon="2.81749657"><ele>1338.667</ele><time>2026-09-25T09:22:57Z</time><speed>0.290</speed><sat>31</sat></trkpt>
  <trkpt lat="45.62098672" lon="2.81749946"><ele>1338.728</ele><time>2026-09-25T09:23:00Z</time><speed>0.000</speed><sat>33</sat></trkpt>
  <trkpt lat="45.62098701" lon="2.81750008"><ele>1338.758</ele><time>2026-09-25T09:23:03Z</time><speed>0.000</speed><sat>31</sat></trkpt>
  <trkpt lat="45.62098724" lon="2.81750063"><ele>1338.797</ele><time>2026-09-25T09:23:06Z</time><speed>0.000</speed><sat>29</sat></trkpt>
  <trkpt lat="45.62098714" lon="2.81750119"><ele>1338.826</ele><time>2026-09-25T09:23:09Z</time><speed>0.000</speed><sat>28</sat></trkpt>
  <trkpt lat="45.62098715" lon="2.81750245"><ele>1338.728</ele><time>2026-09-25T09:23:12Z</time><speed>0.000</speed><sat>28</sat></trkpt>
  <trkpt lat="45.62098810" lon="2.81750256"><ele>1338.697</ele><time>2026-09-25T09:23:15Z</time><speed>0.000</speed><sat>28</sat></trkpt>
  <trkpt lat="45.62098820" lon="2.81750279"><ele>1338.709</ele><time>2026-09-25T09:23:18Z</time><speed>0.000</speed><sat>29</sat></trkpt>
  <trkpt lat="45.62098856" lon="2.81750292"><ele>1338.688</ele><time>2026-09-25T09:23:21Z</time><speed>0.000</speed><sat>30</sat></trkpt>
  <trkpt lat="45.62099036" lon="2.81750611"><ele>1338.962</ele><time>2026-09-25T09:23:24Z</time><speed>0.270</speed><sat>29</sat></trkpt>
  <trkpt lat="45.62099166" lon="2.81750862"><ele>1339.257</ele><time>2026-09-25T09:23:27Z</time><speed>0.000</speed><sat>30</sat></trkpt>
  <trkpt lat="45.62099057" lon="2.81750863"><ele>1339.293</ele><time>2026-09-25T09:23:30Z</time><speed>0.000</speed><sat>31</sat></trkpt>
  <trkpt lat="45.62099116" lon="2.81751898"><ele>1339.053</ele><time>2026-09-25T09:23:33Z</time><speed>0.510</speed><sat>29</sat></trkpt>
  <trkpt lat="45.62098914" lon="2.81754510"><ele>1339.007</ele><time>2026-09-25T09:23:36Z</time><speed>0.680</speed><sat>29</sat></trkpt>
  <trkpt lat="45.62098672" lon="2.81757684"><ele>1340.714</ele><time>2026-09-25T09:23:39Z</time><speed>0.460</speed><sat>31</sat></trkpt>
  <trkpt lat="45.62098418" lon="2.81758453"><ele>1340.409</ele><time>2026-09-25T09:23:42Z</time><speed>0.000</speed><sat>31</sat></trkpt>
  <trkpt lat="45.62098389" lon="2.81758871"><ele>1340.329</ele><time>2026-09-25T09:23:45Z</time><speed>0.340</speed><sat>31</sat></trkpt>
  <trkpt lat="45.62096749" lon="2.81760821"><ele>1342.207</ele><time>2026-09-25T09:23:48Z</time><speed>0.880</speed><sat>30</sat></trkpt>
  <trkpt lat="45.62096059" lon="2.81764343"><ele>1342.188</ele><time>2026-09-25T09:23:51Z</time><speed>1.180</speed><sat>31</sat></trkpt>
  <trkpt lat="45.62095862" lon="2.81767526"><ele>1342.465</ele><time>2026-09-25T09:23:54Z</time><speed>1.020</speed><sat>31</sat></trkpt>
  <trkpt lat="45.62095572" lon="2.81770923"><ele>1341.935</ele><time>2026-09-25T09:23:57Z</time><speed>0.820</speed><sat>30</sat></trkpt>
  <trkpt lat="45.62096003" lon="2.81772004"><ele>1342.671</ele><time>2026-09-25T09:24:00Z</time><speed>0.000</speed><sat>31</sat></trkpt>
  <trkpt lat="45.62096062" lon="2.81772106"><ele>1342.596</ele><time>2026-09-25T09:24:03Z</time><speed>0.000</speed><sat>33</sat></trkpt>
  <trkpt lat="45.62096086" lon="2.81772148"><ele>1342.549</ele><time>2026-09-25T09:24:06Z</time><speed>0.000</speed><sat>31</sat></trkpt>
  <trkpt lat="45.62096048" lon="2.81772182"><ele>1342.545</ele><time>2026-09-25T09:24:09Z</time><speed>0.000</speed><sat>32</sat></trkpt>
  <trkpt lat="45.62095581" lon="2.81773227"><ele>1342.315</ele><time>2026-09-25T09:24:12Z</time><speed>0.320</speed><sat>31</sat></trkpt>
  <trkpt lat="45.62096165" lon="2.81776094"><ele>1341.530</ele><time>2026-09-25T09:24:15Z</time><speed>1.690</speed><sat>32</sat></trkpt>
  <trkpt lat="45.62097253" lon="2.81778382"><ele>1343.145</ele><time>2026-09-25T09:24:18Z</time><speed>1.270</speed><sat>31</sat></trkpt>
  <trkpt lat="45.62096419" lon="2.81781396"><ele>1342.967</ele><time>2026-09-25T09:24:21Z</time><speed>0.480</speed><sat>31</sat></trkpt>
  <trkpt lat="45.62094532" lon="2.81784472"><ele>1343.527</ele><time>2026-09-25T09:24:24Z</time><speed>0.850</speed><sat>32</sat></trkpt>
  <trkpt lat="45.62093107" lon="2.81787718"><ele>1343.290</ele><time>2026-09-25T09:24:27Z</time><speed>1.070</speed><sat>31</sat></trkpt>
  <trkpt lat="45.62091792" lon="2.81790684"><ele>1341.060</ele><time>2026-09-25T09:24:30Z</time><speed>0.880</speed><sat>31</sat></trkpt>
  <trkpt lat="45.62090678" lon="2.81794038"><ele>1340.657</ele><time>2026-09-25T09:24:33Z</time><speed>0.880</speed><sat>31</sat></trkpt>
  <trkpt lat="45.62088443" lon="2.81797396"><ele>1339.661</ele><time>2026-09-25T09:24:36Z</time><speed>0.970</speed><sat>30</sat></trkpt>
  <trkpt lat="45.62086738" lon="2.81801260"><ele>1338.927</ele><time>2026-09-25T09:24:39Z</time><speed>1.420</speed><sat>30</sat></trkpt>
  <trkpt lat="45.62084976" lon="2.81805279"><ele>1338.516</ele><time>2026-09-25T09:24:42Z</time><speed>0.970</speed><sat>30</sat></trkpt>
  <trkpt lat="45.62082498" lon="2.81809245"><ele>1339.132</ele><time>2026-09-25T09:24:45Z</time><speed>1.210</speed><sat>30</sat></trkpt>
  <trkpt lat="45.62080110" lon="2.81812522"><ele>1339.376</ele><time>2026-09-25T09:24:48Z</time><speed>1.010</speed><sat>29</sat></trkpt>
  <trkpt lat="45.62077630" lon="2.81816425"><ele>1339.451</ele><time>2026-09-25T09:24:51Z</time><speed>1.060</speed><sat>29</sat></trkpt>
  <trkpt lat="45.62075768" lon="2.81819710"><ele>1339.379</ele><time>2026-09-25T09:24:54Z</time><speed>1.240</speed><sat>30</sat></trkpt>
  <trkpt lat="45.62072916" lon="2.81821654"><ele>1340.597</ele><time>2026-09-25T09:24:57Z</time><speed>0.940</speed><sat>31</sat></trkpt>
  <trkpt lat="45.62070985" lon="2.81824522"><ele>1340.729</ele><time>2026-09-25T09:25:00Z</time><speed>0.940</speed><sat>33</sat></trkpt>
  <trkpt lat="45.62070423" lon="2.81829018"><ele>1340.749</ele><time>2026-09-25T09:25:03Z</time><speed>1.110</speed><sat>32</sat></trkpt>
  <trkpt lat="45.62068494" lon="2.81832081"><ele>1340.519</ele><time>2026-09-25T09:25:06Z</time><speed>1.050</speed><sat>29</sat></trkpt>
  <trkpt lat="45.62066904" lon="2.81836352"><ele>1340.042</ele><time>2026-09-25T09:25:09Z</time><speed>1.330</speed><sat>29</sat></trkpt>
  <trkpt lat="45.62066182" lon="2.81840891"><ele>1340.677</ele><time>2026-09-25T09:25:12Z</time><speed>1.100</speed><sat>31</sat></trkpt>
  <trkpt lat="45.62065291" lon="2.81845590"><ele>1339.715</ele><time>2026-09-25T09:25:15Z</time><speed>1.080</speed><sat>31</sat></trkpt>
  <trkpt lat="45.62065220" lon="2.81851393"><ele>1337.941</ele><time>2026-09-25T09:25:18Z</time><speed>1.070</speed><sat>30</sat></trkpt>
  <trkpt lat="45.62064978" lon="2.81856805"><ele>1336.778</ele><time>2026-09-25T09:25:21Z</time><speed>1.280</speed><sat>30</sat></trkpt>
  <trkpt lat="45.62065617" lon="2.81861940"><ele>1337.200</ele><time>2026-09-25T09:25:24Z</time><speed>1.170</speed><sat>30</sat></trkpt>
  <trkpt lat="45.62065955" lon="2.81866946"><ele>1336.273</ele><time>2026-09-25T09:25:27Z</time><speed>1.070</speed><sat>34</sat></trkpt>
  <trkpt lat="45.62066295" lon="2.81872129"><ele>1335.832</ele><time>2026-09-25T09:25:30Z</time><speed>1.080</speed><sat>36</sat></trkpt>
  <trkpt lat="45.62066420" lon="2.81877081"><ele>1336.157</ele><time>2026-09-25T09:25:33Z</time><speed>1.140</speed><sat>33</sat></trkpt>
  <trkpt lat="45.62066724" lon="2.81882172"><ele>1336.537</ele><time>2026-09-25T09:25:36Z</time><speed>1.140</speed><sat>31</sat></trkpt>
  <trkpt lat="45.62067257" lon="2.81887363"><ele>1336.396</ele><time>2026-09-25T09:25:39Z</time><speed>1.280</speed><sat>31</sat></trkpt>
  <trkpt lat="45.62068181" lon="2.81892121"><ele>1335.361</ele><time>2026-09-25T09:25:42Z</time><speed>1.150</speed><sat>34</sat></trkpt>
  <trkpt lat="45.62069416" lon="2.81896528"><ele>1335.333</ele><time>2026-09-25T09:25:45Z</time><speed>1.180</speed><sat>35</sat></trkpt>
  <trkpt lat="45.62071375" lon="2.81900791"><ele>1335.677</ele><time>2026-09-25T09:25:48Z</time><speed>1.120</speed><sat>34</sat></trkpt>
  <trkpt lat="45.62074150" lon="2.81905055"><ele>1336.787</ele><time>2026-09-25T09:25:51Z</time><speed>1.160</speed><sat>33</sat></trkpt>
  <trkpt lat="45.62075686" lon="2.81910151"><ele>1338.374</ele><time>2026-09-25T09:25:54Z</time><speed>1.280</speed><sat>33</sat></trkpt>
  <trkpt lat="45.62078392" lon="2.81913663"><ele>1338.248</ele><time>2026-09-25T09:25:57Z</time><speed>1.170</speed><sat>34</sat></trkpt>
  <trkpt lat="45.62081194" lon="2.81916850"><ele>1339.055</ele><time>2026-09-25T09:26:00Z</time><speed>1.150</speed><sat>35</sat></trkpt>
  <trkpt lat="45.62084045" lon="2.81920094"><ele>1338.876</ele><time>2026-09-25T09:26:03Z</time><speed>1.220</speed><sat>34</sat></trkpt>
  <trkpt lat="45.62087351" lon="2.81922330"><ele>1338.436</ele><time>2026-09-25T09:26:06Z</time><speed>1.210</speed><sat>33</sat></trkpt>
  <trkpt lat="45.62089742" lon="2.81925790"><ele>1338.804</ele><time>2026-09-25T09:26:09Z</time><speed>1.150</speed><sat>31</sat></trkpt>
  <trkpt lat="45.62092685" lon="2.81928633"><ele>1339.097</ele><time>2026-09-25T09:26:12Z</time><speed>1.230</speed><sat>36</sat></trkpt>
  <trkpt lat="45.62095856" lon="2.81930651"><ele>1337.113</ele><time>2026-09-25T09:26:15Z</time><speed>1.190</speed><sat>35</sat></trkpt>
  <trkpt lat="45.62098762" lon="2.81933243"><ele>1338.065</ele><time>2026-09-25T09:26:18Z</time><speed>1.260</speed><sat>33</sat></trkpt>
  <trkpt lat="45.62102145" lon="2.81934903"><ele>1337.666</ele><time>2026-09-25T09:26:21Z</time><speed>1.260</speed><sat>34</sat></trkpt>
  <trkpt lat="45.62104362" lon="2.81938272"><ele>1336.982</ele><time>2026-09-25T09:26:24Z</time><speed>0.860</speed><sat>32</sat></trkpt>
  <trkpt lat="45.62105677" lon="2.81941620"><ele>1336.327</ele><time>2026-09-25T09:26:27Z</time><speed>0.740</speed><sat>32</sat></trkpt>
  <trkpt lat="45.62105734" lon="2.81945232"><ele>1337.042</ele><time>2026-09-25T09:26:30Z</time><speed>1.010</speed><sat>33</sat></trkpt>
  <trkpt lat="45.62106090" lon="2.81947988"><ele>1336.040</ele><time>2026-09-25T09:26:33Z</time><speed>0.780</speed><sat>34</sat></trkpt>
  <trkpt lat="45.62106208" lon="2.81951245"><ele>1334.916</ele><time>2026-09-25T09:26:36Z</time><speed>0.830</speed><sat>34</sat></trkpt>
  <trkpt lat="45.62104321" lon="2.81953608"><ele>1332.638</ele><time>2026-09-25T09:26:39Z</time><speed>1.190</speed><sat>34</sat></trkpt>
  <trkpt lat="45.62101236" lon="2.81952542"><ele>1331.613</ele><time>2026-09-25T09:26:42Z</time><speed>1.090</speed><sat>34</sat></trkpt>
  <trkpt lat="45.62098246" lon="2.81952142"><ele>1331.948</ele><time>2026-09-25T09:26:45Z</time><speed>1.060</speed><sat>33</sat></trkpt>
  <trkpt lat="45.62095276" lon="2.81952009"><ele>1332.384</ele><time>2026-09-25T09:26:48Z</time><speed>1.130</speed><sat>34</sat></trkpt>
  <trkpt lat="45.62092214" lon="2.81952496"><ele>1333.200</ele><time>2026-09-25T09:26:51Z</time><speed>1.030</speed><sat>33</sat></trkpt>
  <trkpt lat="45.62089395" lon="2.81953330"><ele>1335.478</ele><time>2026-09-25T09:26:54Z</time><speed>1.020</speed><sat>34</sat></trkpt>
  <trkpt lat="45.62088011" lon="2.81955046"><ele>1337.396</ele><time>2026-09-25T09:26:57Z</time><speed>0.000</speed><sat>34</sat></trkpt>
  <trkpt lat="45.62088043" lon="2.81955057"><ele>1337.354</ele><time>2026-09-25T09:27:00Z</time><speed>0.000</speed><sat>33</sat></trkpt>
  <trkpt lat="45.62088024" lon="2.81955044"><ele>1337.375</ele><time>2026-09-25T09:27:03Z</time><speed>0.000</speed><sat>27</sat></trkpt>
  <trkpt lat="45.62088016" lon="2.81955045"><ele>1337.360</ele><time>2026-09-25T09:27:06Z</time><speed>0.000</speed><sat>29</sat></trkpt>
  <trkpt lat="45.62088047" lon="2.81955086"><ele>1337.293</ele><time>2026-09-25T09:27:09Z</time><speed>0.000</speed><sat>31</sat></trkpt>
  <trkpt lat="45.62087466" lon="2.81955439"><ele>1336.368</ele><time>2026-09-25T09:27:12Z</time><speed>0.530</speed><sat>30</sat></trkpt>
  <trkpt lat="45.62088045" lon="2.81954945"><ele>1333.113</ele><time>2026-09-25T09:27:15Z</time><speed>0.730</speed><sat>33</sat></trkpt>
  <trkpt lat="45.62084661" lon="2.81957946"><ele>1332.249</ele><time>2026-09-25T09:27:18Z</time><speed>1.800</speed><sat>27</sat></trkpt>
  <trkpt lat="45.62082592" lon="2.81958576"><ele>1331.001</ele><time>2026-09-25T09:27:21Z</time><speed>1.270</speed><sat>33</sat></trkpt>
  <trkpt lat="45.62079167" lon="2.81959999"><ele>1329.482</ele><time>2026-09-25T09:27:24Z</time><speed>1.090</speed><sat>34</sat></trkpt>
  <trkpt lat="45.62075752" lon="2.81962282"><ele>1331.126</ele><time>2026-09-25T09:27:27Z</time><speed>1.200</speed><sat>34</sat></trkpt>
  <trkpt lat="45.62073359" lon="2.81965308"><ele>1330.228</ele><time>2026-09-25T09:27:30Z</time><speed>1.110</speed><sat>32</sat></trkpt>
  <trkpt lat="45.62070505" lon="2.81968026"><ele>1329.679</ele><time>2026-09-25T09:27:33Z</time><speed>1.100</speed><sat>33</sat></trkpt>
  <trkpt lat="45.62067910" lon="2.81969002"><ele>1327.373</ele><time>2026-09-25T09:27:36Z</time><speed>1.070</speed><sat>33</sat></trkpt>
  <trkpt lat="45.62065054" lon="2.81970989"><ele>1327.221</ele><time>2026-09-25T09:27:39Z</time><speed>1.050</speed><sat>33</sat></trkpt>
  <trkpt lat="45.62061893" lon="2.81974038"><ele>1327.873</ele><time>2026-09-25T09:27:42Z</time><speed>1.150</speed><sat>33</sat></trkpt>
  <trkpt lat="45.62058803" lon="2.81976076"><ele>1327.418</ele><time>2026-09-25T09:27:45Z</time><speed>1.190</speed><sat>29</sat></trkpt>
  <trkpt lat="45.62056388" lon="2.81978931"><ele>1325.174</ele><time>2026-09-25T09:27:48Z</time><speed>1.110</speed><sat>30</sat></trkpt>
  <trkpt lat="45.62053907" lon="2.81981339"><ele>1324.366</ele><time>2026-09-25T09:27:51Z</time><speed>1.090</speed><sat>33</sat></trkpt>
  <trkpt lat="45.62051299" lon="2.81983654"><ele>1323.319</ele><time>2026-09-25T09:27:54Z</time><speed>1.170</speed><sat>32</sat></trkpt>
  <trkpt lat="45.62048754" lon="2.81987039"><ele>1322.574</ele><time>2026-09-25T09:27:57Z</time><speed>1.140</speed><sat>29</sat></trkpt>
  <trkpt lat="45.62046047" lon="2.81990374"><ele>1323.192</ele><time>2026-09-25T09:28:00Z</time><speed>1.140</speed><sat>30</sat></trkpt>
  <trkpt lat="45.62043630" lon="2.81994442"><ele>1322.270</ele><time>2026-09-25T09:28:03Z</time><speed>1.300</speed><sat>28</sat></trkpt>
  <trkpt lat="45.62040494" lon="2.81997227"><ele>1321.250</ele><time>2026-09-25T09:28:06Z</time><speed>1.150</speed><sat>30</sat></trkpt>
  <trkpt lat="45.62037154" lon="2.81999346"><ele>1322.269</ele><time>2026-09-25T09:28:09Z</time><speed>1.190</speed><sat>29</sat></trkpt>
  <trkpt lat="45.62033841" lon="2.82002073"><ele>1321.254</ele><time>2026-09-25T09:28:12Z</time><speed>1.200</speed><sat>30</sat></trkpt>
  <trkpt lat="45.62030872" lon="2.82003541"><ele>1321.173</ele><time>2026-09-25T09:28:15Z</time><speed>1.170</speed><sat>33</sat></trkpt>
  <trkpt lat="45.62027722" lon="2.82004636"><ele>1321.563</ele><time>2026-09-25T09:28:18Z</time><speed>1.220</speed><sat>33</sat></trkpt>
  <trkpt lat="45.62024595" lon="2.82006621"><ele>1321.518</ele><time>2026-09-25T09:28:21Z</time><speed>1.130</speed><sat>34</sat></trkpt>
  <trkpt lat="45.62021249" lon="2.82007854"><ele>1321.125</ele><time>2026-09-25T09:28:24Z</time><speed>1.140</speed><sat>34</sat></trkpt>
  <trkpt lat="45.62018090" lon="2.82007687"><ele>1319.478</ele><time>2026-09-25T09:28:27Z</time><speed>1.130</speed><sat>33</sat></trkpt>
  <trkpt lat="45.62015082" lon="2.82008720"><ele>1319.515</ele><time>2026-09-25T09:28:30Z</time><speed>1.120</speed><sat>33</sat></trkpt>
  <trkpt lat="45.62011344" lon="2.82009310"><ele>1320.581</ele><time>2026-09-25T09:28:33Z</time><speed>1.130</speed><sat>32</sat></trkpt>
  <trkpt lat="45.62008628" lon="2.82011304"><ele>1319.977</ele><time>2026-09-25T09:28:36Z</time><speed>1.240</speed><sat>33</sat></trkpt>
  <trkpt lat="45.62005286" lon="2.82013134"><ele>1320.579</ele><time>2026-09-25T09:28:39Z</time><speed>1.430</speed><sat>33</sat></trkpt>
  <trkpt lat="45.62002995" lon="2.82018173"><ele>1320.412</ele><time>2026-09-25T09:28:42Z</time><speed>1.560</speed><sat>31</sat></trkpt>
  <trkpt lat="45.62005260" lon="2.82023797"><ele>1319.927</ele><time>2026-09-25T09:28:45Z</time><speed>1.310</speed><sat>31</sat></trkpt>
  <trkpt lat="45.62009001" lon="2.82026602"><ele>1319.053</ele><time>2026-09-25T09:28:48Z</time><speed>1.200</speed><sat>30</sat></trkpt>
  <trkpt lat="45.62012802" lon="2.82029355"><ele>1319.159</ele><time>2026-09-25T09:28:51Z</time><speed>1.590</speed><sat>31</sat></trkpt>
  <trkpt lat="45.62016217" lon="2.82032112"><ele>1319.468</ele><time>2026-09-25T09:28:54Z</time><speed>1.290</speed><sat>33</sat></trkpt>
  <trkpt lat="45.62019262" lon="2.82034277"><ele>1319.648</ele><time>2026-09-25T09:28:57Z</time><speed>1.040</speed><sat>31</sat></trkpt>
  <trkpt lat="45.62022911" lon="2.82036198"><ele>1319.751</ele><time>2026-09-25T09:29:00Z</time><speed>1.310</speed><sat>30</sat></trkpt>
  <trkpt lat="45.62025716" lon="2.82037174"><ele>1319.806</ele><time>2026-09-25T09:29:03Z</time><speed>0.930</speed><sat>30</sat></trkpt>
  <trkpt lat="45.62028628" lon="2.82039154"><ele>1319.824</ele><time>2026-09-25T09:29:06Z</time><speed>0.840</speed><sat>30</sat></trkpt>
  <trkpt lat="45.62030948" lon="2.82039723"><ele>1319.510</ele><time>2026-09-25T09:29:09Z</time><speed>0.000</speed><sat>30</sat></trkpt>
  <trkpt lat="45.62031955" lon="2.82039461"><ele>1318.827</ele><time>2026-09-25T09:29:12Z</time><speed>0.000</speed><sat>31</sat></trkpt>
  <trkpt lat="45.62032048" lon="2.82039545"><ele>1318.850</ele><time>2026-09-25T09:29:15Z</time><speed>0.000</speed><sat>31</sat></trkpt>
  <trkpt lat="45.62031999" lon="2.82039699"><ele>1318.911</ele><time>2026-09-25T09:29:18Z</time><speed>0.000</speed><sat>32</sat></trkpt>
  <trkpt lat="45.62033513" lon="2.82039832"><ele>1318.410</ele><time>2026-09-25T09:29:21Z</time><speed>0.510</speed><sat>31</sat></trkpt>
  <trkpt lat="45.62033751" lon="2.82039949"><ele>1318.437</ele><time>2026-09-25T09:29:24Z</time><speed>0.000</speed><sat>31</sat></trkpt>
  <trkpt lat="45.62034114" lon="2.82040863"><ele>1318.611</ele><time>2026-09-25T09:29:27Z</time><speed>0.000</speed><sat>32</sat></trkpt>
  <trkpt lat="45.62034042" lon="2.82040898"><ele>1318.651</ele><time>2026-09-25T09:29:30Z</time><speed>0.000</speed><sat>31</sat></trkpt>
  <trkpt lat="45.62033959" lon="2.82040958"><ele>1318.743</ele><time>2026-09-25T09:29:33Z</time><speed>0.000</speed><sat>31</sat></trkpt>
  <trkpt lat="45.62033894" lon="2.82041006"><ele>1318.856</ele><time>2026-09-25T09:29:36Z</time><speed>0.000</speed><sat>31</sat></trkpt>
  <trkpt lat="45.62033916" lon="2.82040936"><ele>1318.805</ele><time>2026-09-25T09:29:39Z</time><speed>0.000</speed><sat>29</sat></trkpt>
  <trkpt lat="45.62033717" lon="2.82040979"><ele>1318.913</ele><time>2026-09-25T09:29:42Z</time><speed>0.000</speed><sat>30</sat></trkpt>
  <trkpt lat="45.62033701" lon="2.82040913"><ele>1318.860</ele><time>2026-09-25T09:29:45Z</time><speed>0.000</speed><sat>30</sat></trkpt>
  <trkpt lat="45.62033648" lon="2.82040865"><ele>1318.855</ele><time>2026-09-25T09:29:48Z</time><speed>0.000</speed><sat>31</sat></trkpt>
  <trkpt lat="45.62033563" lon="2.82040941"><ele>1318.893</ele><time>2026-09-25T09:29:51Z</time><speed>0.000</speed><sat>31</sat></trkpt>
  <trkpt lat="45.62033706" lon="2.82040873"><ele>1318.968</ele><time>2026-09-25T09:29:54Z</time><speed>0.000</speed><sat>31</sat></trkpt>
  <trkpt lat="45.62033667" lon="2.82040913"><ele>1318.960</ele><time>2026-09-25T09:29:57Z</time><speed>0.000</speed><sat>31</sat></trkpt>
  <trkpt lat="45.62033650" lon="2.82040964"><ele>1318.942</ele><time>2026-09-25T09:30:00Z</time><speed>0.000</speed><sat>32</sat></trkpt>
  <trkpt lat="45.62033704" lon="2.82040849"><ele>1318.709</ele><time>2026-09-25T09:30:03Z</time><speed>0.300</speed><sat>30</sat></trkpt>
  <trkpt lat="45.62033547" lon="2.82040719"><ele>1318.668</ele><time>2026-09-25T09:30:06Z</time><speed>0.000</speed><sat>29</sat></trkpt>
  <trkpt lat="45.62033473" lon="2.82040755"><ele>1318.721</ele><time>2026-09-25T09:30:09Z</time><speed>0.000</speed><sat>30</sat></trkpt>
  <trkpt lat="45.62033501" lon="2.82039885"><ele>1318.521</ele><time>2026-09-25T09:30:12Z</time><speed>0.000</speed><sat>29</sat></trkpt>
  <trkpt lat="45.62033511" lon="2.82039693"><ele>1318.480</ele><time>2026-09-25T09:30:15Z</time><speed>0.150</speed><sat>31</sat></trkpt>
  <trkpt lat="45.62033268" lon="2.82039507"><ele>1318.546</ele><time>2026-09-25T09:30:18Z</time><speed>0.000</speed><sat>29</sat></trkpt>
  <trkpt lat="45.62033214" lon="2.82039374"><ele>1318.664</ele><time>2026-09-25T09:30:21Z</time><speed>0.000</speed><sat>31</sat></trkpt>
  <trkpt lat="45.62033215" lon="2.82039349"><ele>1318.698</ele><time>2026-09-25T09:30:24Z</time><speed>0.000</speed><sat>30</sat></trkpt>
  <trkpt lat="45.62033230" lon="2.82039357"><ele>1318.732</ele><time>2026-09-25T09:30:27Z</time><speed>0.000</speed><sat>31</sat></trkpt>
  <trkpt lat="45.62033118" lon="2.82040559"><ele>1319.068</ele><time>2026-09-25T09:30:30Z</time><speed>0.440</speed><sat>29</sat></trkpt>
  <trkpt lat="45.62033554" lon="2.82041197"><ele>1319.253</ele><time>2026-09-25T09:30:33Z</time><speed>0.000</speed><sat>31</sat></trkpt>
  <trkpt lat="45.62033543" lon="2.82041289"><ele>1319.242</ele><time>2026-09-25T09:30:36Z</time><speed>0.000</speed><sat>32</sat></trkpt>
  <trkpt lat="45.62033779" lon="2.82041061"><ele>1319.260</ele><time>2026-09-25T09:30:39Z</time><speed>0.000</speed><sat>31</sat></trkpt>
  <trkpt lat="45.62033806" lon="2.82040973"><ele>1319.236</ele><time>2026-09-25T09:30:42Z</time><speed>0.000</speed><sat>30</sat></trkpt>
  <trkpt lat="45.62033745" lon="2.82040901"><ele>1319.284</ele><time>2026-09-25T09:30:45Z</time><speed>0.000</speed><sat>31</sat></trkpt>
  <trkpt lat="45.62033701" lon="2.82040933"><ele>1319.352</ele><time>2026-09-25T09:30:48Z</time><speed>0.000</speed><sat>32</sat></trkpt>
  <trkpt lat="45.62033706" lon="2.82040898"><ele>1319.363</ele><time>2026-09-25T09:30:51Z</time><speed>0.000</speed><sat>32</sat></trkpt>
  <trkpt lat="45.62033665" lon="2.82040844"><ele>1319.337</ele><time>2026-09-25T09:30:54Z</time><speed>0.000</speed><sat>30</sat></trkpt>
  <trkpt lat="45.62033679" lon="2.82040805"><ele>1319.312</ele><time>2026-09-25T09:30:57Z</time><speed>0.000</speed><sat>32</sat></trkpt>
  <trkpt lat="45.62033642" lon="2.82040682"><ele>1319.296</ele><time>2026-09-25T09:31:00Z</time><speed>0.000</speed><sat>31</sat></trkpt>
  <trkpt lat="45.62033817" lon="2.82041137"><ele>1319.489</ele><time>2026-09-25T09:31:03Z</time><speed>0.320</speed><sat>33</sat></trkpt>
  <trkpt lat="45.62033642" lon="2.82041399"><ele>1319.504</ele><time>2026-09-25T09:31:06Z</time><speed>0.000</speed><sat>33</sat></trkpt>
  <trkpt lat="45.62033626" lon="2.82041412"><ele>1319.549</ele><time>2026-09-25T09:31:09Z</time><speed>0.000</speed><sat>32</sat></trkpt>
  <trkpt lat="45.62033627" lon="2.82041426"><ele>1319.543</ele><time>2026-09-25T09:31:12Z</time><speed>0.000</speed><sat>33</sat></trkpt>
  <trkpt lat="45.62033672" lon="2.82041464"><ele>1319.442</ele><time>2026-09-25T09:31:15Z</time><speed>0.000</speed><sat>32</sat></trkpt>
  <trkpt lat="45.62033356" lon="2.82042161"><ele>1319.579</ele><time>2026-09-25T09:31:18Z</time><speed>0.550</speed><sat>33</sat></trkpt>
  <trkpt lat="45.62033005" lon="2.82042724"><ele>1319.521</ele><time>2026-09-25T09:31:21Z</time><speed>0.000</speed><sat>33</sat></trkpt>
  <trkpt lat="45.62033108" lon="2.82042085"><ele>1319.861</ele><time>2026-09-25T09:31:24Z</time><speed>0.000</speed><sat>31</sat></trkpt>
  <trkpt lat="45.62035629" lon="2.82041471"><ele>1320.072</ele><time>2026-09-25T09:31:27Z</time><speed>1.100</speed><sat>32</sat></trkpt>
  <trkpt lat="45.62038964" lon="2.82039971"><ele>1320.673</ele><time>2026-09-25T09:31:30Z</time><speed>1.450</speed><sat>32</sat></trkpt>
  <trkpt lat="45.62041943" lon="2.82044027"><ele>1322.587</ele><time>2026-09-25T09:31:33Z</time><speed>1.100</speed><sat>31</sat></trkpt>
  <trkpt lat="45.62044520" lon="2.82042136"><ele>1323.074</ele><time>2026-09-25T09:31:36Z</time><speed>1.050</speed><sat>32</sat></trkpt>
  <trkpt lat="45.62047250" lon="2.82041628"><ele>1323.426</ele><time>2026-09-25T09:31:39Z</time><speed>1.190</speed><sat>32</sat></trkpt>
  <trkpt lat="45.62050110" lon="2.82041414"><ele>1323.688</ele><time>2026-09-25T09:31:42Z</time><speed>1.220</speed><sat>32</sat></trkpt>
  <trkpt lat="45.62053031" lon="2.82041412"><ele>1323.446</ele><time>2026-09-25T09:31:45Z</time><speed>0.990</speed><sat>32</sat></trkpt>
  <trkpt lat="45.62056376" lon="2.82041716"><ele>1323.585</ele><time>2026-09-25T09:31:48Z</time><speed>1.090</speed><sat>31</sat></trkpt>
  <trkpt lat="45.62059260" lon="2.82042015"><ele>1323.503</ele><time>2026-09-25T09:31:51Z</time><speed>1.400</speed><sat>31</sat></trkpt>
  <trkpt lat="45.62062515" lon="2.82042845"><ele>1323.079</ele><time>2026-09-25T09:31:54Z</time><speed>1.070</speed><sat>31</sat></trkpt>
  <trkpt lat="45.62065989" lon="2.82043867"><ele>1323.257</ele><time>2026-09-25T09:31:57Z</time><speed>1.430</speed><sat>31</sat></trkpt>
  <trkpt lat="45.62068954" lon="2.82044441"><ele>1322.527</ele><time>2026-09-25T09:32:00Z</time><speed>0.910</speed><sat>31</sat></trkpt>
  <trkpt lat="45.62070155" lon="2.82043268"><ele>1322.134</ele><time>2026-09-25T09:32:03Z</time><speed>0.000</speed><sat>31</sat></trkpt>
  <trkpt lat="45.62070159" lon="2.82043227"><ele>1322.122</ele><time>2026-09-25T09:32:06Z</time><speed>0.000</speed><sat>32</sat></trkpt>
  <trkpt lat="45.62072758" lon="2.82042709"><ele>1317.547</ele><time>2026-09-25T09:32:09Z</time><speed>1.150</speed><sat>31</sat></trkpt>
  <trkpt lat="45.62075589" lon="2.82044409"><ele>1317.076</ele><time>2026-09-25T09:32:12Z</time><speed>1.100</speed><sat>33</sat></trkpt>
  <trkpt lat="45.62078837" lon="2.82045571"><ele>1316.924</ele><time>2026-09-25T09:32:15Z</time><speed>1.090</speed><sat>28</sat></trkpt>
  <trkpt lat="45.62081892" lon="2.82046485"><ele>1317.075</ele><time>2026-09-25T09:32:18Z</time><speed>1.260</speed><sat>29</sat></trkpt>
  <trkpt lat="45.62084707" lon="2.82047220"><ele>1316.695</ele><time>2026-09-25T09:32:21Z</time><speed>0.870</speed><sat>29</sat></trkpt>
  <trkpt lat="45.62087240" lon="2.82047993"><ele>1316.200</ele><time>2026-09-25T09:32:24Z</time><speed>0.780</speed><sat>27</sat></trkpt>
  <trkpt lat="45.62090139" lon="2.82048200"><ele>1316.661</ele><time>2026-09-25T09:32:27Z</time><speed>0.930</speed><sat>26</sat></trkpt>
  <trkpt lat="45.62092528" lon="2.82047442"><ele>1317.024</ele><time>2026-09-25T09:32:30Z</time><speed>0.810</speed><sat>25</sat></trkpt>
  <trkpt lat="45.62095198" lon="2.82047135"><ele>1317.289</ele><time>2026-09-25T09:32:33Z</time><speed>1.020</speed><sat>29</sat></trkpt>
  <trkpt lat="45.62098030" lon="2.82046952"><ele>1317.664</ele><time>2026-09-25T09:32:36Z</time><speed>1.030</speed><sat>29</sat></trkpt>
  <trkpt lat="45.62100279" lon="2.82044563"><ele>1316.739</ele><time>2026-09-25T09:32:39Z</time><speed>1.030</speed><sat>31</sat></trkpt>
  <trkpt lat="45.62101887" lon="2.82040626"><ele>1316.319</ele><time>2026-09-25T09:32:42Z</time><speed>0.970</speed><sat>29</sat></trkpt>
  <trkpt lat="45.62103827" lon="2.82037789"><ele>1316.472</ele><time>2026-09-25T09:32:45Z</time><speed>0.980</speed><sat>29</sat></trkpt>
  <trkpt lat="45.62105730" lon="2.82034437"><ele>1316.277</ele><time>2026-09-25T09:32:48Z</time><speed>1.040</speed><sat>31</sat></trkpt>
  <trkpt lat="45.62108290" lon="2.82032450"><ele>1317.334</ele><time>2026-09-25T09:32:51Z</time><speed>1.090</speed><sat>29</sat></trkpt>
  <trkpt lat="45.62110622" lon="2.82030576"><ele>1316.602</ele><time>2026-09-25T09:32:54Z</time><speed>0.820</speed><sat>28</sat></trkpt>
  <trkpt lat="45.62113130" lon="2.82032943"><ele>1316.782</ele><time>2026-09-25T09:32:57Z</time><speed>0.980</speed><sat>30</sat></trkpt>
  <trkpt lat="45.62115390" lon="2.82035556"><ele>1316.266</ele><time>2026-09-25T09:33:00Z</time><speed>1.120</speed><sat>33</sat></trkpt>
  <trkpt lat="45.62117418" lon="2.82038448"><ele>1314.921</ele><time>2026-09-25T09:33:03Z</time><speed>1.380</speed><sat>32</sat></trkpt>
  <trkpt lat="45.62119697" lon="2.82040869"><ele>1314.569</ele><time>2026-09-25T09:33:06Z</time><speed>0.820</speed><sat>31</sat></trkpt>
  <trkpt lat="45.62122158" lon="2.82043299"><ele>1314.113</ele><time>2026-09-25T09:33:09Z</time><speed>0.930</speed><sat>32</sat></trkpt>
  <trkpt lat="45.62124864" lon="2.82045154"><ele>1314.050</ele><time>2026-09-25T09:33:12Z</time><speed>1.110</speed><sat>32</sat></trkpt>
  <trkpt lat="45.62127427" lon="2.82046491"><ele>1315.059</ele><time>2026-09-25T09:33:15Z</time><speed>1.130</speed><sat>32</sat></trkpt>
  <trkpt lat="45.62130583" lon="2.82047503"><ele>1315.662</ele><time>2026-09-25T09:33:18Z</time><speed>1.150</speed><sat>33</sat></trkpt>
  <trkpt lat="45.62133146" lon="2.82048241"><ele>1316.115</ele><time>2026-09-25T09:33:21Z</time><speed>0.890</speed><sat>31</sat></trkpt>
  <trkpt lat="45.62135218" lon="2.82048829"><ele>1317.370</ele><time>2026-09-25T09:33:24Z</time><speed>0.550</speed><sat>31</sat></trkpt>
  <trkpt lat="45.62135118" lon="2.82048670"><ele>1316.728</ele><time>2026-09-25T09:33:27Z</time><speed>0.000</speed><sat>32</sat></trkpt>
  <trkpt lat="45.62137847" lon="2.82049006"><ele>1317.392</ele><time>2026-09-25T09:33:30Z</time><speed>0.610</speed><sat>32</sat></trkpt>
  <trkpt lat="45.62138319" lon="2.82048110"><ele>1317.052</ele><time>2026-09-25T09:33:33Z</time><speed>0.000</speed><sat>32</sat></trkpt>
  <trkpt lat="45.62138696" lon="2.82047092"><ele>1316.096</ele><time>2026-09-25T09:33:36Z</time><speed>0.160</speed><sat>30</sat></trkpt>
  <trkpt lat="45.62138604" lon="2.82045985"><ele>1316.100</ele><time>2026-09-25T09:33:39Z</time><speed>0.000</speed><sat>31</sat></trkpt>
  <trkpt lat="45.62138596" lon="2.82045763"><ele>1316.250</ele><time>2026-09-25T09:33:42Z</time><speed>0.000</speed><sat>32</sat></trkpt>
  <trkpt lat="45.62138556" lon="2.82045458"><ele>1316.373</ele><time>2026-09-25T09:33:45Z</time><speed>0.000</speed><sat>30</sat></trkpt>
  <trkpt lat="45.62139419" lon="2.82044470"><ele>1316.373</ele><time>2026-09-25T09:33:48Z</time><speed>1.000</speed><sat>31</sat></trkpt>
  <trkpt lat="45.62140103" lon="2.82041610"><ele>1316.920</ele><time>2026-09-25T09:33:51Z</time><speed>0.000</speed><sat>31</sat></trkpt>
  <trkpt lat="45.62140623" lon="2.82041140"><ele>1316.182</ele><time>2026-09-25T09:33:54Z</time><speed>0.440</speed><sat>32</sat></trkpt>
  <trkpt lat="45.62141048" lon="2.82043223"><ele>1315.640</ele><time>2026-09-25T09:33:57Z</time><speed>0.630</speed><sat>32</sat></trkpt>
  <trkpt lat="45.62142352" lon="2.82044171"><ele>1315.170</ele><time>2026-09-25T09:34:00Z</time><speed>0.430</speed><sat>32</sat></trkpt>
  <trkpt lat="45.62141369" lon="2.82044076"><ele>1314.918</ele><time>2026-09-25T09:34:03Z</time><speed>0.860</speed><sat>32</sat></trkpt>
  <trkpt lat="45.62138739" lon="2.82046593"><ele>1315.495</ele><time>2026-09-25T09:34:06Z</time><speed>0.660</speed><sat>33</sat></trkpt>
  <trkpt lat="45.62138787" lon="2.82047613"><ele>1315.571</ele><time>2026-09-25T09:34:09Z</time><speed>0.000</speed><sat>32</sat></trkpt>
  <trkpt lat="45.62139209" lon="2.82047993"><ele>1315.608</ele><time>2026-09-25T09:34:12Z</time><speed>0.530</speed><sat>32</sat></trkpt>
  <trkpt lat="45.62141288" lon="2.82048731"><ele>1316.256</ele><time>2026-09-25T09:34:15Z</time><speed>0.990</speed><sat>31</sat></trkpt>
  <trkpt lat="45.62143873" lon="2.82048787"><ele>1316.794</ele><time>2026-09-25T09:34:18Z</time><speed>0.860</speed><sat>29</sat></trkpt>
  <trkpt lat="45.62146059" lon="2.82049728"><ele>1316.648</ele><time>2026-09-25T09:34:21Z</time><speed>0.880</speed><sat>30</sat></trkpt>
  <trkpt lat="45.62148435" lon="2.82051715"><ele>1317.580</ele><time>2026-09-25T09:34:24Z</time><speed>0.980</speed><sat>31</sat></trkpt>
  <trkpt lat="45.62151130" lon="2.82051451"><ele>1316.946</ele><time>2026-09-25T09:34:27Z</time><speed>0.930</speed><sat>30</sat></trkpt>
  <trkpt lat="45.62154291" lon="2.82053330"><ele>1315.335</ele><time>2026-09-25T09:34:30Z</time><speed>3.170</speed><sat>29</sat></trkpt>
  <trkpt lat="45.62156285" lon="2.82054356"><ele>1317.033</ele><time>2026-09-25T09:34:33Z</time><speed>1.010</speed><sat>31</sat></trkpt>
  <trkpt lat="45.62159453" lon="2.82055629"><ele>1318.607</ele><time>2026-09-25T09:34:36Z</time><speed>1.390</speed><sat>32</sat></trkpt>
  <trkpt lat="45.62163465" lon="2.82056761"><ele>1321.086</ele><time>2026-09-25T09:34:39Z</time><speed>1.270</speed><sat>31</sat></trkpt>
  <trkpt lat="45.62166979" lon="2.82055615"><ele>1322.215</ele><time>2026-09-25T09:34:42Z</time><speed>1.350</speed><sat>32</sat></trkpt>
  <trkpt lat="45.62169987" lon="2.82052953"><ele>1321.817</ele><time>2026-09-25T09:34:45Z</time><speed>1.300</speed><sat>33</sat></trkpt>
  <trkpt lat="45.62173245" lon="2.82049366"><ele>1322.383</ele><time>2026-09-25T09:34:48Z</time><speed>1.250</speed><sat>33</sat></trkpt>
  <trkpt lat="45.62177325" lon="2.82048274"><ele>1321.568</ele><time>2026-09-25T09:34:51Z</time><speed>1.300</speed><sat>34</sat></trkpt>
  <trkpt lat="45.62181988" lon="2.82048809"><ele>1321.811</ele><time>2026-09-25T09:34:54Z</time><speed>1.370</speed><sat>34</sat></trkpt>
  <trkpt lat="45.62184068" lon="2.82055271"><ele>1319.973</ele><time>2026-09-25T09:34:57Z</time><speed>3.510</speed><sat>33</sat></trkpt>
  <trkpt lat="45.62186545" lon="2.82055404"><ele>1321.839</ele><time>2026-09-25T09:35:00Z</time><speed>1.540</speed><sat>33</sat></trkpt>
  <trkpt lat="45.62190446" lon="2.82054106"><ele>1321.732</ele><time>2026-09-25T09:35:03Z</time><speed>1.300</speed><sat>33</sat></trkpt>
  <trkpt lat="45.62193891" lon="2.82052272"><ele>1322.088</ele><time>2026-09-25T09:35:06Z</time><speed>1.160</speed><sat>35</sat></trkpt>
  <trkpt lat="45.62197145" lon="2.82050167"><ele>1322.120</ele><time>2026-09-25T09:35:09Z</time><speed>1.110</speed><sat>33</sat></trkpt>
  <trkpt lat="45.62200271" lon="2.82048469"><ele>1322.597</ele><time>2026-09-25T09:35:12Z</time><speed>0.890</speed><sat>33</sat></trkpt>
  <trkpt lat="45.62203845" lon="2.82045853"><ele>1322.388</ele><time>2026-09-25T09:35:15Z</time><speed>0.930</speed><sat>34</sat></trkpt>
  <trkpt lat="45.62206941" lon="2.82045116"><ele>1322.958</ele><time>2026-09-25T09:35:18Z</time><speed>1.050</speed><sat>34</sat></trkpt>
  <trkpt lat="45.62209807" lon="2.82041152"><ele>1323.629</ele><time>2026-09-25T09:35:21Z</time><speed>1.060</speed><sat>35</sat></trkpt>
  <trkpt lat="45.62212771" lon="2.82038989"><ele>1323.201</ele><time>2026-09-25T09:35:24Z</time><speed>1.140</speed><sat>35</sat></trkpt>
  <trkpt lat="45.62216065" lon="2.82038446"><ele>1323.199</ele><time>2026-09-25T09:35:27Z</time><speed>1.360</speed><sat>34</sat></trkpt>
  <trkpt lat="45.62219823" lon="2.82037811"><ele>1322.824</ele><time>2026-09-25T09:35:30Z</time><speed>1.220</speed><sat>35</sat></trkpt>
  <trkpt lat="45.62223219" lon="2.82037534"><ele>1323.102</ele><time>2026-09-25T09:35:33Z</time><speed>1.180</speed><sat>35</sat></trkpt>
  <trkpt lat="45.62227249" lon="2.82038698"><ele>1323.847</ele><time>2026-09-25T09:35:36Z</time><speed>1.470</speed><sat>35</sat></trkpt>
  <trkpt lat="45.62229961" lon="2.82039227"><ele>1323.470</ele><time>2026-09-25T09:35:39Z</time><speed>0.940</speed><sat>35</sat></trkpt>
  <trkpt lat="45.62233266" lon="2.82040291"><ele>1323.197</ele><time>2026-09-25T09:35:42Z</time><speed>0.940</speed><sat>35</sat></trkpt>
  <trkpt lat="45.62236977" lon="2.82040670"><ele>1323.511</ele><time>2026-09-25T09:35:45Z</time><speed>1.350</speed><sat>35</sat></trkpt>
  <trkpt lat="45.62239977" lon="2.82039226"><ele>1322.747</ele><time>2026-09-25T09:35:48Z</time><speed>1.030</speed><sat>35</sat></trkpt>
  <trkpt lat="45.62240171" lon="2.82037370"><ele>1323.515</ele><time>2026-09-25T09:35:52Z</time><speed>0.000</speed><sat>35</sat></trkpt>
 </trkseg>
</trk>

</gpx>
 
