<?xml version="1.0" encoding="UTF-8"?>
<!-- Created with BasicAirData GPS Logger for Android - ver. 3.3.0 -->
<!-- Track 8 = 2102 TrackPoints + 0 Placemarks -->

<!-- Track Statistics (based on Total Time | Time in Movement): -->
<!--  Distance = 8.98 km -->
<!--  Duration = 01:45:09 | 01:03:15 -->
<!--  Altitude Gap = -157 m -->
<!--  Max Speed = 92 km/h -->
<!--  Avg Speed = 5.1 | 8.5 km/h -->
<!--  Direction = 70° -->
<!--  Activity = car -->
<!--  Altitudes = Raw -->

<gpx version="1.0"
     creator="BasicAirData GPS Logger 3.3.0"
     xmlns="http://www.topografix.com/GPX/1/0"
     xmlns:xsi="http://www.w3.org/2001/XMLSchema-instance"
     xsi:schemaLocation="http://www.topografix.com/GPX/1/0 http://www.topografix.com/GPX/1/0/gpx.xsd">
<name>Lac pavin 25/09/2026</name>
<desc>Lac Pavin</desc>
<time>2026-09-29T13:21:51Z</time>
<keywords>car</keywords>
<bounds minlat="45.49224847" minlon="2.88271884" maxlat="45.51264147" maxlon="2.93551400" />

<trk>
 <name>Track 20260925-145513</name>
 <trkseg>
  <trkpt lat="45.50100339" lon="2.88878222"><ele>1238.466</ele><time>2026-09-25T12:55:13.333Z</time><speed>0.000</speed><sat>8</sat></trkpt>
  <trkpt lat="45.50103039" lon="2.88873662"><ele>1237.338</ele><time>2026-09-25T12:55:17Z</time><speed>0.600</speed><sat>26</sat></trkpt>
  <trkpt lat="45.50101700" lon="2.88872026"><ele>1238.194</ele><time>2026-09-25T12:55:20Z</time><speed>0.570</speed><sat>30</sat></trkpt>
  <trkpt lat="45.50100646" lon="2.88870368"><ele>1239.295</ele><time>2026-09-25T12:55:23Z</time><speed>0.670</speed><sat>30</sat></trkpt>
  <trkpt lat="45.50101579" lon="2.88870696"><ele>1238.312</ele><time>2026-09-25T12:55:26Z</time><speed>0.000</speed><sat>29</sat></trkpt>
  <trkpt lat="45.50101981" lon="2.88868275"><ele>1238.579</ele><time>2026-09-25T12:55:29Z</time><speed>0.860</speed><sat>30</sat></trkpt>
  <trkpt lat="45.50101439" lon="2.88866215"><ele>1238.788</ele><time>2026-09-25T12:55:32Z</time><speed>0.390</speed><sat>29</sat></trkpt>
  <trkpt lat="45.50101433" lon="2.88865262"><ele>1239.352</ele><time>2026-09-25T12:55:35Z</time><speed>0.000</speed><sat>28</sat></trkpt>
  <trkpt lat="45.50101471" lon="2.88864348"><ele>1238.934</ele><time>2026-09-25T12:55:38Z</time><speed>0.670</speed><sat>29</sat></trkpt>
  <trkpt lat="45.50100949" lon="2.88861774"><ele>1239.186</ele><time>2026-09-25T12:55:41Z</time><speed>0.640</speed><sat>28</sat></trkpt>
  <trkpt lat="45.50100789" lon="2.88859106"><ele>1239.624</ele><time>2026-09-25T12:55:44Z</time><speed>0.240</speed><sat>28</sat></trkpt>
  <trkpt lat="45.50101206" lon="2.88859254"><ele>1239.558</ele><time>2026-09-25T12:55:47Z</time><speed>0.000</speed><sat>27</sat></trkpt>
  <trkpt lat="45.50101106" lon="2.88859209"><ele>1239.501</ele><time>2026-09-25T12:55:50Z</time><speed>0.000</speed><sat>25</sat></trkpt>
  <trkpt lat="45.50101031" lon="2.88859209"><ele>1239.514</ele><time>2026-09-25T12:55:53Z</time><speed>0.000</speed><sat>26</sat></trkpt>
  <trkpt lat="45.50100957" lon="2.88859213"><ele>1239.502</ele><time>2026-09-25T12:55:56Z</time><speed>0.000</speed><sat>28</sat></trkpt>
  <trkpt lat="45.50100920" lon="2.88859277"><ele>1239.492</ele><time>2026-09-25T12:55:59Z</time><speed>0.000</speed><sat>27</sat></trkpt>
  <trkpt lat="45.50100895" lon="2.88859339"><ele>1239.441</ele><time>2026-09-25T12:56:02Z</time><speed>0.000</speed><sat>28</sat></trkpt>
  <trkpt lat="45.50100803" lon="2.88859401"><ele>1239.373</ele><time>2026-09-25T12:56:05Z</time><speed>0.000</speed><sat>28</sat></trkpt>
  <trkpt lat="45.50100648" lon="2.88859450"><ele>1239.204</ele><time>2026-09-25T12:56:08Z</time><speed>0.000</speed><sat>25</sat></trkpt>
  <trkpt lat="45.50100661" lon="2.88859520"><ele>1239.277</ele><time>2026-09-25T12:56:11Z</time><speed>0.000</speed><sat>26</sat></trkpt>
  <trkpt lat="45.50100752" lon="2.88859512"><ele>1239.286</ele><time>2026-09-25T12:56:14Z</time><speed>0.000</speed><sat>27</sat></trkpt>
  <trkpt lat="45.50100945" lon="2.88859707"><ele>1239.034</ele><time>2026-09-25T12:56:17Z</time><speed>0.000</speed><sat>26</sat></trkpt>
  <trkpt lat="45.50100833" lon="2.88859847"><ele>1238.420</ele><time>2026-09-25T12:56:20Z</time><speed>0.000</speed><sat>28</sat></trkpt>
  <trkpt lat="45.50099316" lon="2.88860427"><ele>1238.992</ele><time>2026-09-25T12:56:23Z</time><speed>0.330</speed><sat>27</sat></trkpt>
  <trkpt lat="45.50095784" lon="2.88860670"><ele>1238.020</ele><time>2026-09-25T12:56:26Z</time><speed>1.440</speed><sat>28</sat></trkpt>
  <trkpt lat="45.50094401" lon="2.88858065"><ele>1236.186</ele><time>2026-09-25T12:56:29Z</time><speed>0.680</speed><sat>27</sat></trkpt>
  <trkpt lat="45.50094567" lon="2.88856353"><ele>1235.729</ele><time>2026-09-25T12:56:32Z</time><speed>0.260</speed><sat>26</sat></trkpt>
  <trkpt lat="45.50095056" lon="2.88856386"><ele>1235.733</ele><time>2026-09-25T12:56:35Z</time><speed>0.000</speed><sat>29</sat></trkpt>
  <trkpt lat="45.50094905" lon="2.88855879"><ele>1235.593</ele><time>2026-09-25T12:56:38Z</time><speed>0.000</speed><sat>28</sat></trkpt>
  <trkpt lat="45.50094936" lon="2.88855914"><ele>1235.427</ele><time>2026-09-25T12:56:41Z</time><speed>0.000</speed><sat>27</sat></trkpt>
  <trkpt lat="45.50094888" lon="2.88855988"><ele>1235.318</ele><time>2026-09-25T12:56:44Z</time><speed>0.000</speed><sat>29</sat></trkpt>
  <trkpt lat="45.50094853" lon="2.88856006"><ele>1235.252</ele><time>2026-09-25T12:56:47Z</time><speed>0.000</speed><sat>29</sat></trkpt>
  <trkpt lat="45.50094829" lon="2.88856098"><ele>1235.232</ele><time>2026-09-25T12:56:50Z</time><speed>0.000</speed><sat>29</sat></trkpt>
  <trkpt lat="45.50094853" lon="2.88856108"><ele>1235.296</ele><time>2026-09-25T12:56:53Z</time><speed>0.000</speed><sat>29</sat></trkpt>
  <trkpt lat="45.50095071" lon="2.88855152"><ele>1235.600</ele><time>2026-09-25T12:56:56Z</time><speed>0.290</speed><sat>29</sat></trkpt>
  <trkpt lat="45.50095876" lon="2.88853910"><ele>1235.136</ele><time>2026-09-25T12:56:59Z</time><speed>0.150</speed><sat>30</sat></trkpt>
  <trkpt lat="45.50096458" lon="2.88852731"><ele>1235.788</ele><time>2026-09-25T12:57:02Z</time><speed>0.260</speed><sat>27</sat></trkpt>
  <trkpt lat="45.50096913" lon="2.88851087"><ele>1235.240</ele><time>2026-09-25T12:57:05Z</time><speed>0.500</speed><sat>27</sat></trkpt>
  <trkpt lat="45.50096895" lon="2.88848702"><ele>1234.712</ele><time>2026-09-25T12:57:08Z</time><speed>0.420</speed><sat>27</sat></trkpt>
  <trkpt lat="45.50096544" lon="2.88845553"><ele>1234.495</ele><time>2026-09-25T12:57:11Z</time><speed>0.800</speed><sat>25</sat></trkpt>
  <trkpt lat="45.50096847" lon="2.88841916"><ele>1234.870</ele><time>2026-09-25T12:57:14Z</time><speed>1.120</speed><sat>26</sat></trkpt>
  <trkpt lat="45.50096941" lon="2.88838907"><ele>1235.595</ele><time>2026-09-25T12:57:17Z</time><speed>0.630</speed><sat>27</sat></trkpt>
  <trkpt lat="45.50097070" lon="2.88835860"><ele>1235.513</ele><time>2026-09-25T12:57:20Z</time><speed>0.880</speed><sat>27</sat></trkpt>
  <trkpt lat="45.50096781" lon="2.88833052"><ele>1235.420</ele><time>2026-09-25T12:57:23Z</time><speed>1.120</speed><sat>26</sat></trkpt>
  <trkpt lat="45.50096768" lon="2.88828189"><ele>1235.401</ele><time>2026-09-25T12:57:26Z</time><speed>1.150</speed><sat>27</sat></trkpt>
  <trkpt lat="45.50096415" lon="2.88824467"><ele>1235.499</ele><time>2026-09-25T12:57:29Z</time><speed>1.090</speed><sat>26</sat></trkpt>
  <trkpt lat="45.50095224" lon="2.88820396"><ele>1236.146</ele><time>2026-09-25T12:57:32Z</time><speed>1.210</speed><sat>27</sat></trkpt>
  <trkpt lat="45.50094148" lon="2.88816028"><ele>1237.769</ele><time>2026-09-25T12:57:35Z</time><speed>1.370</speed><sat>26</sat></trkpt>
  <trkpt lat="45.50092628" lon="2.88811808"><ele>1238.060</ele><time>2026-09-25T12:57:38Z</time><speed>1.460</speed><sat>26</sat></trkpt>
  <trkpt lat="45.50091065" lon="2.88807790"><ele>1238.194</ele><time>2026-09-25T12:57:41Z</time><speed>1.380</speed><sat>25</sat></trkpt>
  <trkpt lat="45.50090057" lon="2.88804333"><ele>1237.964</ele><time>2026-09-25T12:57:44Z</time><speed>1.180</speed><sat>27</sat></trkpt>
  <trkpt lat="45.50088240" lon="2.88800825"><ele>1237.755</ele><time>2026-09-25T12:57:47Z</time><speed>1.130</speed><sat>28</sat></trkpt>
  <trkpt lat="45.50087236" lon="2.88797665"><ele>1238.205</ele><time>2026-09-25T12:57:50Z</time><speed>0.910</speed><sat>29</sat></trkpt>
  <trkpt lat="45.50085630" lon="2.88794584"><ele>1237.835</ele><time>2026-09-25T12:57:53Z</time><speed>0.870</speed><sat>28</sat></trkpt>
  <trkpt lat="45.50084874" lon="2.88791654"><ele>1237.929</ele><time>2026-09-25T12:57:56Z</time><speed>0.970</speed><sat>28</sat></trkpt>
  <trkpt lat="45.50083762" lon="2.88785350"><ele>1239.179</ele><time>2026-09-25T12:57:59Z</time><speed>2.250</speed><sat>28</sat></trkpt>
  <trkpt lat="45.50082212" lon="2.88777909"><ele>1241.736</ele><time>2026-09-25T12:58:02Z</time><speed>2.140</speed><sat>26</sat></trkpt>
  <trkpt lat="45.50080918" lon="2.88772211"><ele>1243.703</ele><time>2026-09-25T12:58:05Z</time><speed>1.550</speed><sat>28</sat></trkpt>
  <trkpt lat="45.50079796" lon="2.88769953"><ele>1243.886</ele><time>2026-09-25T12:58:08Z</time><speed>0.840</speed><sat>28</sat></trkpt>
  <trkpt lat="45.50078556" lon="2.88768178"><ele>1243.284</ele><time>2026-09-25T12:58:11Z</time><speed>0.790</speed><sat>26</sat></trkpt>
  <trkpt lat="45.50078182" lon="2.88766265"><ele>1242.204</ele><time>2026-09-25T12:58:14Z</time><speed>0.780</speed><sat>26</sat></trkpt>
  <trkpt lat="45.50077305" lon="2.88763950"><ele>1242.713</ele><time>2026-09-25T12:58:17Z</time><speed>0.890</speed><sat>26</sat></trkpt>
  <trkpt lat="45.50076838" lon="2.88760982"><ele>1242.698</ele><time>2026-09-25T12:58:20Z</time><speed>0.710</speed><sat>27</sat></trkpt>
  <trkpt lat="45.50075915" lon="2.88757813"><ele>1242.932</ele><time>2026-09-25T12:58:23Z</time><speed>0.940</speed><sat>27</sat></trkpt>
  <trkpt lat="45.50074987" lon="2.88754387"><ele>1242.771</ele><time>2026-09-25T12:58:26Z</time><speed>1.110</speed><sat>26</sat></trkpt>
  <trkpt lat="45.50074270" lon="2.88751200"><ele>1242.737</ele><time>2026-09-25T12:58:29Z</time><speed>0.960</speed><sat>26</sat></trkpt>
  <trkpt lat="45.50073380" lon="2.88748037"><ele>1242.199</ele><time>2026-09-25T12:58:32Z</time><speed>0.800</speed><sat>26</sat></trkpt>
  <trkpt lat="45.50072124" lon="2.88744454"><ele>1241.946</ele><time>2026-09-25T12:58:35Z</time><speed>0.820</speed><sat>27</sat></trkpt>
  <trkpt lat="45.50071678" lon="2.88740499"><ele>1242.649</ele><time>2026-09-25T12:58:38Z</time><speed>0.830</speed><sat>26</sat></trkpt>
  <trkpt lat="45.50070724" lon="2.88736448"><ele>1242.594</ele><time>2026-09-25T12:58:41Z</time><speed>0.950</speed><sat>26</sat></trkpt>
  <trkpt lat="45.50069464" lon="2.88732548"><ele>1241.102</ele><time>2026-09-25T12:58:44Z</time><speed>0.870</speed><sat>27</sat></trkpt>
  <trkpt lat="45.50067614" lon="2.88728904"><ele>1239.872</ele><time>2026-09-25T12:58:47Z</time><speed>0.990</speed><sat>27</sat></trkpt>
  <trkpt lat="45.50065852" lon="2.88725304"><ele>1238.999</ele><time>2026-09-25T12:58:50Z</time><speed>1.120</speed><sat>27</sat></trkpt>
  <trkpt lat="45.50064883" lon="2.88720801"><ele>1238.933</ele><time>2026-09-25T12:58:53Z</time><speed>0.810</speed><sat>26</sat></trkpt>
  <trkpt lat="45.50063230" lon="2.88716960"><ele>1238.680</ele><time>2026-09-25T12:58:56Z</time><speed>0.790</speed><sat>27</sat></trkpt>
  <trkpt lat="45.50062381" lon="2.88713340"><ele>1238.397</ele><time>2026-09-25T12:58:59Z</time><speed>0.830</speed><sat>27</sat></trkpt>
  <trkpt lat="45.50060809" lon="2.88709327"><ele>1239.255</ele><time>2026-09-25T12:59:02Z</time><speed>0.770</speed><sat>27</sat></trkpt>
  <trkpt lat="45.50059784" lon="2.88703902"><ele>1239.887</ele><time>2026-09-25T12:59:05Z</time><speed>1.190</speed><sat>26</sat></trkpt>
  <trkpt lat="45.50056946" lon="2.88694939"><ele>1243.703</ele><time>2026-09-25T12:59:08Z</time><speed>2.470</speed><sat>28</sat></trkpt>
  <trkpt lat="45.50054758" lon="2.88688081"><ele>1245.627</ele><time>2026-09-25T12:59:11Z</time><speed>1.970</speed><sat>28</sat></trkpt>
  <trkpt lat="45.50053448" lon="2.88686137"><ele>1244.760</ele><time>2026-09-25T12:59:14Z</time><speed>0.830</speed><sat>28</sat></trkpt>
  <trkpt lat="45.50052084" lon="2.88684438"><ele>1244.553</ele><time>2026-09-25T12:59:17Z</time><speed>0.850</speed><sat>28</sat></trkpt>
  <trkpt lat="45.50049993" lon="2.88678771"><ele>1246.968</ele><time>2026-09-25T12:59:20Z</time><speed>2.460</speed><sat>28</sat></trkpt>
  <trkpt lat="45.50047080" lon="2.88671559"><ele>1249.853</ele><time>2026-09-25T12:59:23Z</time><speed>2.320</speed><sat>28</sat></trkpt>
  <trkpt lat="45.50044935" lon="2.88667210"><ele>1250.639</ele><time>2026-09-25T12:59:26Z</time><speed>1.210</speed><sat>28</sat></trkpt>
  <trkpt lat="45.50043807" lon="2.88667039"><ele>1251.233</ele><time>2026-09-25T12:59:29Z</time><speed>0.680</speed><sat>28</sat></trkpt>
  <trkpt lat="45.50042808" lon="2.88666215"><ele>1250.573</ele><time>2026-09-25T12:59:32Z</time><speed>0.670</speed><sat>28</sat></trkpt>
  <trkpt lat="45.50041643" lon="2.88666626"><ele>1250.606</ele><time>2026-09-25T12:59:35Z</time><speed>0.610</speed><sat>28</sat></trkpt>
  <trkpt lat="45.50040110" lon="2.88667659"><ele>1249.256</ele><time>2026-09-25T12:59:38Z</time><speed>0.640</speed><sat>29</sat></trkpt>
  <trkpt lat="45.50038755" lon="2.88668927"><ele>1248.699</ele><time>2026-09-25T12:59:41Z</time><speed>0.700</speed><sat>29</sat></trkpt>
  <trkpt lat="45.50037431" lon="2.88668915"><ele>1248.769</ele><time>2026-09-25T12:59:44Z</time><speed>0.540</speed><sat>28</sat></trkpt>
  <trkpt lat="45.50035561" lon="2.88670123"><ele>1248.440</ele><time>2026-09-25T12:59:47Z</time><speed>0.720</speed><sat>28</sat></trkpt>
  <trkpt lat="45.50033949" lon="2.88671367"><ele>1248.211</ele><time>2026-09-25T12:59:50Z</time><speed>0.690</speed><sat>29</sat></trkpt>
  <trkpt lat="45.50032787" lon="2.88671533"><ele>1248.464</ele><time>2026-09-25T12:59:53Z</time><speed>0.290</speed><sat>29</sat></trkpt>
  <trkpt lat="45.50030817" lon="2.88671414"><ele>1248.895</ele><time>2026-09-25T12:59:56Z</time><speed>1.030</speed><sat>27</sat></trkpt>
  <trkpt lat="45.50029086" lon="2.88672263"><ele>1247.677</ele><time>2026-09-25T12:59:59Z</time><speed>0.970</speed><sat>27</sat></trkpt>
  <trkpt lat="45.50026581" lon="2.88671237"><ele>1247.362</ele><time>2026-09-25T13:00:02Z</time><speed>0.940</speed><sat>27</sat></trkpt>
  <trkpt lat="45.50025020" lon="2.88673167"><ele>1248.333</ele><time>2026-09-25T13:00:05Z</time><speed>0.000</speed><sat>26</sat></trkpt>
  <trkpt lat="45.50022025" lon="2.88674181"><ele>1247.486</ele><time>2026-09-25T13:00:08Z</time><speed>0.950</speed><sat>28</sat></trkpt>
  <trkpt lat="45.50019773" lon="2.88674253"><ele>1246.797</ele><time>2026-09-25T13:00:11Z</time><speed>0.890</speed><sat>28</sat></trkpt>
  <trkpt lat="45.50017596" lon="2.88673356"><ele>1245.659</ele><time>2026-09-25T13:00:14Z</time><speed>0.870</speed><sat>24</sat></trkpt>
  <trkpt lat="45.50015041" lon="2.88672718"><ele>1243.922</ele><time>2026-09-25T13:00:17Z</time><speed>0.920</speed><sat>24</sat></trkpt>
  <trkpt lat="45.50012646" lon="2.88671835"><ele>1242.273</ele><time>2026-09-25T13:00:20Z</time><speed>1.060</speed><sat>22</sat></trkpt>
  <trkpt lat="45.50010409" lon="2.88670547"><ele>1239.436</ele><time>2026-09-25T13:00:23Z</time><speed>0.950</speed><sat>23</sat></trkpt>
  <trkpt lat="45.50007816" lon="2.88668980"><ele>1239.036</ele><time>2026-09-25T13:00:26Z</time><speed>1.020</speed><sat>22</sat></trkpt>
  <trkpt lat="45.50005527" lon="2.88667106"><ele>1238.312</ele><time>2026-09-25T13:00:29Z</time><speed>0.990</speed><sat>22</sat></trkpt>
  <trkpt lat="45.50002654" lon="2.88665120"><ele>1239.067</ele><time>2026-09-25T13:00:32Z</time><speed>0.960</speed><sat>23</sat></trkpt>
  <trkpt lat="45.50000038" lon="2.88662292"><ele>1241.228</ele><time>2026-09-25T13:00:35Z</time><speed>0.980</speed><sat>23</sat></trkpt>
  <trkpt lat="45.49997514" lon="2.88659608"><ele>1241.779</ele><time>2026-09-25T13:00:38Z</time><speed>1.020</speed><sat>27</sat></trkpt>
  <trkpt lat="45.49994634" lon="2.88656471"><ele>1243.745</ele><time>2026-09-25T13:00:41Z</time><speed>1.050</speed><sat>28</sat></trkpt>
  <trkpt lat="45.49991987" lon="2.88654445"><ele>1246.472</ele><time>2026-09-25T13:00:44Z</time><speed>0.980</speed><sat>28</sat></trkpt>
  <trkpt lat="45.49988974" lon="2.88652158"><ele>1246.794</ele><time>2026-09-25T13:00:47Z</time><speed>1.460</speed><sat>27</sat></trkpt>
  <trkpt lat="45.49982493" lon="2.88648728"><ele>1248.233</ele><time>2026-09-25T13:00:50Z</time><speed>2.610</speed><sat>27</sat></trkpt>
  <trkpt lat="45.49976987" lon="2.88649130"><ele>1253.173</ele><time>2026-09-25T13:00:53Z</time><speed>1.920</speed><sat>26</sat></trkpt>
  <trkpt lat="45.49974391" lon="2.88648156"><ele>1252.133</ele><time>2026-09-25T13:00:56Z</time><speed>1.320</speed><sat>24</sat></trkpt>
  <trkpt lat="45.49971868" lon="2.88646623"><ele>1253.014</ele><time>2026-09-25T13:00:59Z</time><speed>1.210</speed><sat>26</sat></trkpt>
  <trkpt lat="45.49969522" lon="2.88645840"><ele>1253.092</ele><time>2026-09-25T13:01:02Z</time><speed>1.090</speed><sat>26</sat></trkpt>
  <trkpt lat="45.49967634" lon="2.88644876"><ele>1251.603</ele><time>2026-09-25T13:01:05Z</time><speed>0.910</speed><sat>24</sat></trkpt>
  <trkpt lat="45.49965203" lon="2.88644227"><ele>1249.498</ele><time>2026-09-25T13:01:08Z</time><speed>1.000</speed><sat>23</sat></trkpt>
  <trkpt lat="45.49962691" lon="2.88643400"><ele>1248.913</ele><time>2026-09-25T13:01:11Z</time><speed>1.310</speed><sat>22</sat></trkpt>
  <trkpt lat="45.49959132" lon="2.88641424"><ele>1248.515</ele><time>2026-09-25T13:01:14Z</time><speed>2.160</speed><sat>24</sat></trkpt>
  <trkpt lat="45.49953281" lon="2.88639037"><ele>1253.033</ele><time>2026-09-25T13:01:17Z</time><speed>2.440</speed><sat>24</sat></trkpt>
  <trkpt lat="45.49949507" lon="2.88634682"><ele>1262.866</ele><time>2026-09-25T13:01:20Z</time><speed>2.050</speed><sat>22</sat></trkpt>
  <trkpt lat="45.49947249" lon="2.88630571"><ele>1262.237</ele><time>2026-09-25T13:01:23Z</time><speed>1.780</speed><sat>24</sat></trkpt>
  <trkpt lat="45.49944640" lon="2.88629515"><ele>1265.367</ele><time>2026-09-25T13:01:26Z</time><speed>1.510</speed><sat>25</sat></trkpt>
  <trkpt lat="45.49943978" lon="2.88630807"><ele>1264.841</ele><time>2026-09-25T13:01:29Z</time><speed>0.000</speed><sat>24</sat></trkpt>
  <trkpt lat="45.49943881" lon="2.88631047"><ele>1263.953</ele><time>2026-09-25T13:01:32Z</time><speed>0.460</speed><sat>25</sat></trkpt>
  <trkpt lat="45.49944742" lon="2.88630829"><ele>1259.617</ele><time>2026-09-25T13:01:35Z</time><speed>0.000</speed><sat>25</sat></trkpt>
  <trkpt lat="45.49944913" lon="2.88630907"><ele>1259.600</ele><time>2026-09-25T13:01:38Z</time><speed>0.000</speed><sat>25</sat></trkpt>
  <trkpt lat="45.49944935" lon="2.88630912"><ele>1259.583</ele><time>2026-09-25T13:01:41Z</time><speed>0.000</speed><sat>25</sat></trkpt>
  <trkpt lat="45.49944947" lon="2.88630882"><ele>1259.635</ele><time>2026-09-25T13:01:44Z</time><speed>0.000</speed><sat>24</sat></trkpt>
  <trkpt lat="45.49945015" lon="2.88630854"><ele>1259.596</ele><time>2026-09-25T13:01:47Z</time><speed>0.000</speed><sat>24</sat></trkpt>
  <trkpt lat="45.49944420" lon="2.88631623"><ele>1258.497</ele><time>2026-09-25T13:01:50Z</time><speed>0.340</speed><sat>23</sat></trkpt>
  <trkpt lat="45.49943749" lon="2.88635411"><ele>1257.744</ele><time>2026-09-25T13:01:53Z</time><speed>0.660</speed><sat>23</sat></trkpt>
  <trkpt lat="45.49941435" lon="2.88638120"><ele>1257.485</ele><time>2026-09-25T13:01:56Z</time><speed>0.990</speed><sat>24</sat></trkpt>
  <trkpt lat="45.49939271" lon="2.88638320"><ele>1258.607</ele><time>2026-09-25T13:01:59Z</time><speed>1.050</speed><sat>23</sat></trkpt>
  <trkpt lat="45.49936993" lon="2.88638439"><ele>1258.153</ele><time>2026-09-25T13:02:02Z</time><speed>0.890</speed><sat>23</sat></trkpt>
  <trkpt lat="45.49935323" lon="2.88637777"><ele>1258.234</ele><time>2026-09-25T13:02:05Z</time><speed>0.830</speed><sat>23</sat></trkpt>
  <trkpt lat="45.49933642" lon="2.88637561"><ele>1260.429</ele><time>2026-09-25T13:02:08Z</time><speed>0.710</speed><sat>23</sat></trkpt>
  <trkpt lat="45.49932006" lon="2.88638127"><ele>1260.792</ele><time>2026-09-25T13:02:11Z</time><speed>0.560</speed><sat>23</sat></trkpt>
  <trkpt lat="45.49930536" lon="2.88638816"><ele>1259.693</ele><time>2026-09-25T13:02:14Z</time><speed>0.880</speed><sat>23</sat></trkpt>
  <trkpt lat="45.49928662" lon="2.88638557"><ele>1259.573</ele><time>2026-09-25T13:02:17Z</time><speed>0.860</speed><sat>23</sat></trkpt>
  <trkpt lat="45.49927500" lon="2.88638935"><ele>1259.535</ele><time>2026-09-25T13:02:20Z</time><speed>0.740</speed><sat>22</sat></trkpt>
  <trkpt lat="45.49926275" lon="2.88638728"><ele>1259.068</ele><time>2026-09-25T13:02:23Z</time><speed>0.650</speed><sat>22</sat></trkpt>
  <trkpt lat="45.49925108" lon="2.88637566"><ele>1259.507</ele><time>2026-09-25T13:02:26Z</time><speed>0.390</speed><sat>23</sat></trkpt>
  <trkpt lat="45.49923730" lon="2.88636847"><ele>1260.370</ele><time>2026-09-25T13:02:29Z</time><speed>0.760</speed><sat>23</sat></trkpt>
  <trkpt lat="45.49923835" lon="2.88636550"><ele>1259.674</ele><time>2026-09-25T13:02:32Z</time><speed>0.000</speed><sat>23</sat></trkpt>
  <trkpt lat="45.49923853" lon="2.88636756"><ele>1259.647</ele><time>2026-09-25T13:02:35Z</time><speed>0.000</speed><sat>27</sat></trkpt>
  <trkpt lat="45.49923842" lon="2.88636831"><ele>1259.708</ele><time>2026-09-25T13:02:38Z</time><speed>0.000</speed><sat>28</sat></trkpt>
  <trkpt lat="45.49923819" lon="2.88636912"><ele>1259.642</ele><time>2026-09-25T13:02:41Z</time><speed>0.000</speed><sat>24</sat></trkpt>
  <trkpt lat="45.49923843" lon="2.88636875"><ele>1259.570</ele><time>2026-09-25T13:02:44Z</time><speed>0.000</speed><sat>24</sat></trkpt>
  <trkpt lat="45.49924005" lon="2.88637574"><ele>1258.775</ele><time>2026-09-25T13:02:47Z</time><speed>0.000</speed><sat>27</sat></trkpt>
  <trkpt lat="45.49924279" lon="2.88638308"><ele>1258.076</ele><time>2026-09-25T13:02:50Z</time><speed>0.220</speed><sat>27</sat></trkpt>
  <trkpt lat="45.49924917" lon="2.88639474"><ele>1257.332</ele><time>2026-09-25T13:02:53Z</time><speed>0.000</speed><sat>25</sat></trkpt>
  <trkpt lat="45.49924372" lon="2.88640150"><ele>1256.810</ele><time>2026-09-25T13:02:56Z</time><speed>0.370</speed><sat>24</sat></trkpt>
  <trkpt lat="45.49923095" lon="2.88641340"><ele>1256.588</ele><time>2026-09-25T13:02:59Z</time><speed>0.620</speed><sat>23</sat></trkpt>
  <trkpt lat="45.49923068" lon="2.88641546"><ele>1256.456</ele><time>2026-09-25T13:03:02Z</time><speed>0.000</speed><sat>24</sat></trkpt>
  <trkpt lat="45.49923042" lon="2.88641515"><ele>1256.364</ele><time>2026-09-25T13:03:05Z</time><speed>0.000</speed><sat>24</sat></trkpt>
  <trkpt lat="45.49922988" lon="2.88641515"><ele>1256.337</ele><time>2026-09-25T13:03:08Z</time><speed>0.000</speed><sat>22</sat></trkpt>
  <trkpt lat="45.49922919" lon="2.88641537"><ele>1256.307</ele><time>2026-09-25T13:03:11Z</time><speed>0.000</speed><sat>21</sat></trkpt>
  <trkpt lat="45.49922911" lon="2.88641550"><ele>1256.291</ele><time>2026-09-25T13:03:14Z</time><speed>0.000</speed><sat>22</sat></trkpt>
  <trkpt lat="45.49922908" lon="2.88641638"><ele>1256.214</ele><time>2026-09-25T13:03:17Z</time><speed>0.000</speed><sat>22</sat></trkpt>
  <trkpt lat="45.49922897" lon="2.88641640"><ele>1256.182</ele><time>2026-09-25T13:03:20Z</time><speed>0.000</speed><sat>22</sat></trkpt>
  <trkpt lat="45.49923326" lon="2.88642764"><ele>1255.947</ele><time>2026-09-25T13:03:23Z</time><speed>0.000</speed><sat>22</sat></trkpt>
  <trkpt lat="45.49923379" lon="2.88642927"><ele>1255.940</ele><time>2026-09-25T13:03:26Z</time><speed>0.000</speed><sat>23</sat></trkpt>
  <trkpt lat="45.49923398" lon="2.88643016"><ele>1255.918</ele><time>2026-09-25T13:03:29Z</time><speed>0.000</speed><sat>23</sat></trkpt>
  <trkpt lat="45.49922785" lon="2.88643726"><ele>1255.154</ele><time>2026-09-25T13:03:32Z</time><speed>0.790</speed><sat>22</sat></trkpt>
  <trkpt lat="45.49921340" lon="2.88645016"><ele>1253.534</ele><time>2026-09-25T13:03:35Z</time><speed>0.170</speed><sat>23</sat></trkpt>
  <trkpt lat="45.49921906" lon="2.88644812"><ele>1253.032</ele><time>2026-09-25T13:03:38Z</time><speed>0.000</speed><sat>23</sat></trkpt>
  <trkpt lat="45.49921856" lon="2.88644757"><ele>1253.018</ele><time>2026-09-25T13:03:41Z</time><speed>0.000</speed><sat>23</sat></trkpt>
  <trkpt lat="45.49921704" lon="2.88645075"><ele>1253.257</ele><time>2026-09-25T13:03:44Z</time><speed>0.340</speed><sat>22</sat></trkpt>
  <trkpt lat="45.49921752" lon="2.88645166"><ele>1252.717</ele><time>2026-09-25T13:03:47Z</time><speed>0.280</speed><sat>22</sat></trkpt>
  <trkpt lat="45.49921929" lon="2.88644969"><ele>1252.764</ele><time>2026-09-25T13:03:50Z</time><speed>0.000</speed><sat>23</sat></trkpt>
  <trkpt lat="45.49922065" lon="2.88645002"><ele>1252.505</ele><time>2026-09-25T13:03:53Z</time><speed>0.450</speed><sat>23</sat></trkpt>
  <trkpt lat="45.49922162" lon="2.88645266"><ele>1252.535</ele><time>2026-09-25T13:03:56Z</time><speed>0.000</speed><sat>23</sat></trkpt>
  <trkpt lat="45.49922124" lon="2.88645447"><ele>1252.526</ele><time>2026-09-25T13:03:59Z</time><speed>0.000</speed><sat>24</sat></trkpt>
  <trkpt lat="45.49922115" lon="2.88645437"><ele>1252.430</ele><time>2026-09-25T13:04:02Z</time><speed>0.000</speed><sat>24</sat></trkpt>
  <trkpt lat="45.49922028" lon="2.88645386"><ele>1252.492</ele><time>2026-09-25T13:04:05Z</time><speed>0.000</speed><sat>23</sat></trkpt>
  <trkpt lat="45.49922020" lon="2.88645309"><ele>1252.551</ele><time>2026-09-25T13:04:08Z</time><speed>0.000</speed><sat>23</sat></trkpt>
  <trkpt lat="45.49922063" lon="2.88645398"><ele>1252.605</ele><time>2026-09-25T13:04:11Z</time><speed>0.000</speed><sat>24</sat></trkpt>
  <trkpt lat="45.49922082" lon="2.88645502"><ele>1252.651</ele><time>2026-09-25T13:04:14Z</time><speed>0.000</speed><sat>24</sat></trkpt>
  <trkpt lat="45.49922562" lon="2.88646358"><ele>1252.808</ele><time>2026-09-25T13:04:17Z</time><speed>0.000</speed><sat>24</sat></trkpt>
  <trkpt lat="45.49923161" lon="2.88646146"><ele>1252.729</ele><time>2026-09-25T13:04:20Z</time><speed>0.330</speed><sat>24</sat></trkpt>
  <trkpt lat="45.49923869" lon="2.88645429"><ele>1252.303</ele><time>2026-09-25T13:04:23Z</time><speed>0.000</speed><sat>23</sat></trkpt>
  <trkpt lat="45.49923936" lon="2.88645394"><ele>1252.162</ele><time>2026-09-25T13:04:26Z</time><speed>0.000</speed><sat>23</sat></trkpt>
  <trkpt lat="45.49923975" lon="2.88645482"><ele>1252.074</ele><time>2026-09-25T13:04:29Z</time><speed>0.000</speed><sat>24</sat></trkpt>
  <trkpt lat="45.49924440" lon="2.88644997"><ele>1251.824</ele><time>2026-09-25T13:04:32Z</time><speed>0.000</speed><sat>23</sat></trkpt>
  <trkpt lat="45.49924749" lon="2.88645572"><ele>1251.386</ele><time>2026-09-25T13:04:35Z</time><speed>0.000</speed><sat>24</sat></trkpt>
  <trkpt lat="45.49924739" lon="2.88645792"><ele>1251.243</ele><time>2026-09-25T13:04:38Z</time><speed>0.000</speed><sat>24</sat></trkpt>
  <trkpt lat="45.49924846" lon="2.88645886"><ele>1251.314</ele><time>2026-09-25T13:04:41Z</time><speed>0.000</speed><sat>24</sat></trkpt>
  <trkpt lat="45.49924548" lon="2.88646685"><ele>1251.055</ele><time>2026-09-25T13:04:44Z</time><speed>0.000</speed><sat>24</sat></trkpt>
  <trkpt lat="45.49924574" lon="2.88646834"><ele>1250.901</ele><time>2026-09-25T13:04:47Z</time><speed>0.000</speed><sat>24</sat></trkpt>
  <trkpt lat="45.49924555" lon="2.88646990"><ele>1251.089</ele><time>2026-09-25T13:04:50Z</time><speed>0.180</speed><sat>24</sat></trkpt>
  <trkpt lat="45.49924589" lon="2.88646714"><ele>1251.094</ele><time>2026-09-25T13:04:53Z</time><speed>0.000</speed><sat>24</sat></trkpt>
  <trkpt lat="45.49924512" lon="2.88646676"><ele>1251.115</ele><time>2026-09-25T13:04:56Z</time><speed>0.000</speed><sat>24</sat></trkpt>
  <trkpt lat="45.49924624" lon="2.88646883"><ele>1251.066</ele><time>2026-09-25T13:04:59Z</time><speed>0.150</speed><sat>24</sat></trkpt>
  <trkpt lat="45.49924547" lon="2.88647038"><ele>1250.617</ele><time>2026-09-25T13:05:02Z</time><speed>0.000</speed><sat>24</sat></trkpt>
  <trkpt lat="45.49925059" lon="2.88645848"><ele>1250.358</ele><time>2026-09-25T13:05:05Z</time><speed>0.390</speed><sat>24</sat></trkpt>
  <trkpt lat="45.49925394" lon="2.88645186"><ele>1250.231</ele><time>2026-09-25T13:05:08Z</time><speed>0.000</speed><sat>24</sat></trkpt>
  <trkpt lat="45.49925417" lon="2.88645098"><ele>1250.219</ele><time>2026-09-25T13:05:11Z</time><speed>0.000</speed><sat>24</sat></trkpt>
  <trkpt lat="45.49925223" lon="2.88644536"><ele>1250.375</ele><time>2026-09-25T13:05:14Z</time><speed>0.000</speed><sat>24</sat></trkpt>
  <trkpt lat="45.49924549" lon="2.88644635"><ele>1250.240</ele><time>2026-09-25T13:05:17Z</time><speed>0.300</speed><sat>24</sat></trkpt>
  <trkpt lat="45.49924304" lon="2.88644620"><ele>1250.169</ele><time>2026-09-25T13:05:20Z</time><speed>0.190</speed><sat>24</sat></trkpt>
  <trkpt lat="45.49924076" lon="2.88644389"><ele>1250.244</ele><time>2026-09-25T13:05:23Z</time><speed>0.310</speed><sat>24</sat></trkpt>
  <trkpt lat="45.49924150" lon="2.88644112"><ele>1250.286</ele><time>2026-09-25T13:05:26Z</time><speed>0.000</speed><sat>23</sat></trkpt>
  <trkpt lat="45.49924181" lon="2.88644349"><ele>1249.346</ele><time>2026-09-25T13:05:29Z</time><speed>0.000</speed><sat>23</sat></trkpt>
  <trkpt lat="45.49924264" lon="2.88644633"><ele>1249.586</ele><time>2026-09-25T13:05:32Z</time><speed>0.200</speed><sat>23</sat></trkpt>
  <trkpt lat="45.49924366" lon="2.88644523"><ele>1249.353</ele><time>2026-09-25T13:05:35Z</time><speed>0.000</speed><sat>23</sat></trkpt>
  <trkpt lat="45.49924379" lon="2.88644505"><ele>1249.292</ele><time>2026-09-25T13:05:38Z</time><speed>0.000</speed><sat>23</sat></trkpt>
  <trkpt lat="45.49924897" lon="2.88645274"><ele>1249.106</ele><time>2026-09-25T13:05:41Z</time><speed>0.200</speed><sat>23</sat></trkpt>
  <trkpt lat="45.49924987" lon="2.88645548"><ele>1249.088</ele><time>2026-09-25T13:05:44Z</time><speed>0.000</speed><sat>23</sat></trkpt>
  <trkpt lat="45.49924905" lon="2.88645815"><ele>1249.108</ele><time>2026-09-25T13:05:47Z</time><speed>0.000</speed><sat>24</sat></trkpt>
  <trkpt lat="45.49924985" lon="2.88645756"><ele>1249.005</ele><time>2026-09-25T13:05:50Z</time><speed>0.000</speed><sat>24</sat></trkpt>
  <trkpt lat="45.49924362" lon="2.88645011"><ele>1249.147</ele><time>2026-09-25T13:05:53Z</time><speed>0.300</speed><sat>23</sat></trkpt>
  <trkpt lat="45.49924278" lon="2.88644369"><ele>1249.358</ele><time>2026-09-25T13:05:56Z</time><speed>0.000</speed><sat>24</sat></trkpt>
  <trkpt lat="45.49924499" lon="2.88643740"><ele>1248.853</ele><time>2026-09-25T13:05:59Z</time><speed>0.290</speed><sat>24</sat></trkpt>
  <trkpt lat="45.49924385" lon="2.88643441"><ele>1248.882</ele><time>2026-09-25T13:06:02Z</time><speed>0.000</speed><sat>23</sat></trkpt>
  <trkpt lat="45.49924358" lon="2.88643399"><ele>1248.938</ele><time>2026-09-25T13:06:05Z</time><speed>0.000</speed><sat>23</sat></trkpt>
  <trkpt lat="45.49924277" lon="2.88643269"><ele>1249.279</ele><time>2026-09-25T13:06:08Z</time><speed>0.000</speed><sat>22</sat></trkpt>
  <trkpt lat="45.49923959" lon="2.88643241"><ele>1249.196</ele><time>2026-09-25T13:06:11Z</time><speed>0.000</speed><sat>22</sat></trkpt>
  <trkpt lat="45.49923965" lon="2.88643139"><ele>1249.229</ele><time>2026-09-25T13:06:14Z</time><speed>0.000</speed><sat>23</sat></trkpt>
  <trkpt lat="45.49923994" lon="2.88643139"><ele>1249.244</ele><time>2026-09-25T13:06:17Z</time><speed>0.000</speed><sat>22</sat></trkpt>
  <trkpt lat="45.49923981" lon="2.88643138"><ele>1249.233</ele><time>2026-09-25T13:06:20Z</time><speed>0.000</speed><sat>22</sat></trkpt>
  <trkpt lat="45.49923975" lon="2.88643096"><ele>1249.236</ele><time>2026-09-25T13:06:23Z</time><speed>0.000</speed><sat>22</sat></trkpt>
  <trkpt lat="45.49923924" lon="2.88643031"><ele>1249.162</ele><time>2026-09-25T13:06:26Z</time><speed>0.000</speed><sat>22</sat></trkpt>
  <trkpt lat="45.49924055" lon="2.88643717"><ele>1249.297</ele><time>2026-09-25T13:06:29Z</time><speed>0.270</speed><sat>22</sat></trkpt>
  <trkpt lat="45.49924224" lon="2.88643819"><ele>1249.180</ele><time>2026-09-25T13:06:32Z</time><speed>0.000</speed><sat>22</sat></trkpt>
  <trkpt lat="45.49924309" lon="2.88643826"><ele>1249.093</ele><time>2026-09-25T13:06:35Z</time><speed>0.000</speed><sat>22</sat></trkpt>
  <trkpt lat="45.49923496" lon="2.88643374"><ele>1248.968</ele><time>2026-09-25T13:06:38Z</time><speed>0.210</speed><sat>23</sat></trkpt>
  <trkpt lat="45.49923256" lon="2.88643092"><ele>1248.922</ele><time>2026-09-25T13:06:41Z</time><speed>0.000</speed><sat>23</sat></trkpt>
  <trkpt lat="45.49923263" lon="2.88643304"><ele>1248.516</ele><time>2026-09-25T13:06:44Z</time><speed>0.350</speed><sat>22</sat></trkpt>
  <trkpt lat="45.49923507" lon="2.88642702"><ele>1248.671</ele><time>2026-09-25T13:06:47Z</time><speed>0.000</speed><sat>22</sat></trkpt>
  <trkpt lat="45.49923673" lon="2.88643023"><ele>1248.655</ele><time>2026-09-25T13:06:50Z</time><speed>0.350</speed><sat>22</sat></trkpt>
  <trkpt lat="45.49923888" lon="2.88643676"><ele>1248.559</ele><time>2026-09-25T13:06:53Z</time><speed>0.000</speed><sat>22</sat></trkpt>
  <trkpt lat="45.49923799" lon="2.88643818"><ele>1248.470</ele><time>2026-09-25T13:06:56Z</time><speed>0.170</speed><sat>22</sat></trkpt>
  <trkpt lat="45.49923261" lon="2.88642880"><ele>1248.332</ele><time>2026-09-25T13:06:59Z</time><speed>0.220</speed><sat>22</sat></trkpt>
  <trkpt lat="45.49922649" lon="2.88643153"><ele>1248.778</ele><time>2026-09-25T13:07:02Z</time><speed>0.270</speed><sat>22</sat></trkpt>
  <trkpt lat="45.49923918" lon="2.88643314"><ele>1249.104</ele><time>2026-09-25T13:07:05Z</time><speed>0.200</speed><sat>22</sat></trkpt>
  <trkpt lat="45.49924539" lon="2.88639958"><ele>1248.406</ele><time>2026-09-25T13:07:08Z</time><speed>0.580</speed><sat>22</sat></trkpt>
  <trkpt lat="45.49924717" lon="2.88638421"><ele>1248.568</ele><time>2026-09-25T13:07:11Z</time><speed>0.000</speed><sat>24</sat></trkpt>
  <trkpt lat="45.49924704" lon="2.88638298"><ele>1248.494</ele><time>2026-09-25T13:07:14Z</time><speed>0.000</speed><sat>24</sat></trkpt>
  <trkpt lat="45.49924523" lon="2.88637906"><ele>1248.206</ele><time>2026-09-25T13:07:17Z</time><speed>0.340</speed><sat>24</sat></trkpt>
  <trkpt lat="45.49924202" lon="2.88638455"><ele>1249.059</ele><time>2026-09-25T13:07:20Z</time><speed>0.000</speed><sat>24</sat></trkpt>
  <trkpt lat="45.49923638" lon="2.88640530"><ele>1249.451</ele><time>2026-09-25T13:07:23Z</time><speed>0.600</speed><sat>23</sat></trkpt>
  <trkpt lat="45.49923334" lon="2.88641133"><ele>1249.460</ele><time>2026-09-25T13:07:26Z</time><speed>0.320</speed><sat>22</sat></trkpt>
  <trkpt lat="45.49923338" lon="2.88641223"><ele>1249.426</ele><time>2026-09-25T13:07:29Z</time><speed>0.000</speed><sat>22</sat></trkpt>
  <trkpt lat="45.49922967" lon="2.88642064"><ele>1249.418</ele><time>2026-09-25T13:07:32Z</time><speed>0.260</speed><sat>23</sat></trkpt>
  <trkpt lat="45.49922871" lon="2.88642095"><ele>1249.378</ele><time>2026-09-25T13:07:35Z</time><speed>0.000</speed><sat>23</sat></trkpt>
  <trkpt lat="45.49922942" lon="2.88642232"><ele>1249.408</ele><time>2026-09-25T13:07:38Z</time><speed>0.000</speed><sat>22</sat></trkpt>
  <trkpt lat="45.49922977" lon="2.88642343"><ele>1249.501</ele><time>2026-09-25T13:07:41Z</time><speed>0.000</speed><sat>22</sat></trkpt>
  <trkpt lat="45.49922336" lon="2.88639384"><ele>1250.940</ele><time>2026-09-25T13:07:44Z</time><speed>1.100</speed><sat>22</sat></trkpt>
  <trkpt lat="45.49921470" lon="2.88635581"><ele>1250.713</ele><time>2026-09-25T13:07:47Z</time><speed>0.880</speed><sat>24</sat></trkpt>
  <trkpt lat="45.49920894" lon="2.88630862"><ele>1250.263</ele><time>2026-09-25T13:07:50Z</time><speed>1.240</speed><sat>24</sat></trkpt>
  <trkpt lat="45.49920307" lon="2.88627284"><ele>1249.793</ele><time>2026-09-25T13:07:53Z</time><speed>1.170</speed><sat>26</sat></trkpt>
  <trkpt lat="45.49919030" lon="2.88625500"><ele>1251.623</ele><time>2026-09-25T13:07:56Z</time><speed>0.870</speed><sat>25</sat></trkpt>
  <trkpt lat="45.49919125" lon="2.88622889"><ele>1251.830</ele><time>2026-09-25T13:07:59Z</time><speed>0.930</speed><sat>24</sat></trkpt>
  <trkpt lat="45.49917330" lon="2.88618950"><ele>1251.780</ele><time>2026-09-25T13:08:02Z</time><speed>0.850</speed><sat>26</sat></trkpt>
  <trkpt lat="45.49915610" lon="2.88615799"><ele>1250.818</ele><time>2026-09-25T13:08:05Z</time><speed>0.920</speed><sat>26</sat></trkpt>
  <trkpt lat="45.49913762" lon="2.88613133"><ele>1250.739</ele><time>2026-09-25T13:08:08Z</time><speed>0.770</speed><sat>25</sat></trkpt>
  <trkpt lat="45.49911515" lon="2.88611721"><ele>1250.328</ele><time>2026-09-25T13:08:11Z</time><speed>0.710</speed><sat>24</sat></trkpt>
  <trkpt lat="45.49911067" lon="2.88612361"><ele>1250.184</ele><time>2026-09-25T13:08:14Z</time><speed>0.000</speed><sat>23</sat></trkpt>
  <trkpt lat="45.49911129" lon="2.88612499"><ele>1249.906</ele><time>2026-09-25T13:08:17Z</time><speed>0.000</speed><sat>22</sat></trkpt>
  <trkpt lat="45.49910299" lon="2.88610131"><ele>1249.105</ele><time>2026-09-25T13:08:20Z</time><speed>0.890</speed><sat>21</sat></trkpt>
  <trkpt lat="45.49907692" lon="2.88607398"><ele>1249.559</ele><time>2026-09-25T13:08:23Z</time><speed>1.020</speed><sat>21</sat></trkpt>
  <trkpt lat="45.49906255" lon="2.88604547"><ele>1249.423</ele><time>2026-09-25T13:08:26Z</time><speed>1.160</speed><sat>23</sat></trkpt>
  <trkpt lat="45.49904147" lon="2.88601131"><ele>1250.051</ele><time>2026-09-25T13:08:29Z</time><speed>1.000</speed><sat>23</sat></trkpt>
  <trkpt lat="45.49901564" lon="2.88597511"><ele>1249.748</ele><time>2026-09-25T13:08:32Z</time><speed>1.150</speed><sat>21</sat></trkpt>
  <trkpt lat="45.49899953" lon="2.88593492"><ele>1251.838</ele><time>2026-09-25T13:08:35Z</time><speed>1.150</speed><sat>23</sat></trkpt>
  <trkpt lat="45.49898078" lon="2.88589966"><ele>1252.490</ele><time>2026-09-25T13:08:38Z</time><speed>1.130</speed><sat>25</sat></trkpt>
  <trkpt lat="45.49896155" lon="2.88587356"><ele>1253.129</ele><time>2026-09-25T13:08:41Z</time><speed>1.140</speed><sat>25</sat></trkpt>
  <trkpt lat="45.49894323" lon="2.88584610"><ele>1252.346</ele><time>2026-09-25T13:08:44Z</time><speed>1.020</speed><sat>24</sat></trkpt>
  <trkpt lat="45.49892789" lon="2.88580634"><ele>1250.575</ele><time>2026-09-25T13:08:47Z</time><speed>1.200</speed><sat>22</sat></trkpt>
  <trkpt lat="45.49891025" lon="2.88577045"><ele>1251.487</ele><time>2026-09-25T13:08:50Z</time><speed>1.180</speed><sat>24</sat></trkpt>
  <trkpt lat="45.49888392" lon="2.88572601"><ele>1252.169</ele><time>2026-09-25T13:08:53Z</time><speed>1.490</speed><sat>24</sat></trkpt>
  <trkpt lat="45.49885271" lon="2.88569221"><ele>1253.766</ele><time>2026-09-25T13:08:56Z</time><speed>1.440</speed><sat>23</sat></trkpt>
  <trkpt lat="45.49881793" lon="2.88565146"><ele>1252.992</ele><time>2026-09-25T13:08:59Z</time><speed>1.380</speed><sat>24</sat></trkpt>
  <trkpt lat="45.49878711" lon="2.88560579"><ele>1253.403</ele><time>2026-09-25T13:09:02Z</time><speed>1.310</speed><sat>25</sat></trkpt>
  <trkpt lat="45.49875799" lon="2.88557446"><ele>1253.121</ele><time>2026-09-25T13:09:05Z</time><speed>1.370</speed><sat>26</sat></trkpt>
  <trkpt lat="45.49873172" lon="2.88553918"><ele>1253.943</ele><time>2026-09-25T13:09:08Z</time><speed>1.330</speed><sat>25</sat></trkpt>
  <trkpt lat="45.49870343" lon="2.88550310"><ele>1255.245</ele><time>2026-09-25T13:09:11Z</time><speed>1.330</speed><sat>24</sat></trkpt>
  <trkpt lat="45.49866470" lon="2.88549425"><ele>1254.225</ele><time>2026-09-25T13:09:14Z</time><speed>1.320</speed><sat>24</sat></trkpt>
  <trkpt lat="45.49864983" lon="2.88551371"><ele>1254.873</ele><time>2026-09-25T13:09:17Z</time><speed>0.000</speed><sat>24</sat></trkpt>
  <trkpt lat="45.49864141" lon="2.88552651"><ele>1255.418</ele><time>2026-09-25T13:09:20Z</time><speed>0.000</speed><sat>23</sat></trkpt>
  <trkpt lat="45.49864149" lon="2.88552858"><ele>1255.328</ele><time>2026-09-25T13:09:23Z</time><speed>0.250</speed><sat>22</sat></trkpt>
  <trkpt lat="45.49864079" lon="2.88552742"><ele>1255.020</ele><time>2026-09-25T13:09:26Z</time><speed>0.150</speed><sat>22</sat></trkpt>
  <trkpt lat="45.49864014" lon="2.88552552"><ele>1255.002</ele><time>2026-09-25T13:09:29Z</time><speed>0.000</speed><sat>19</sat></trkpt>
  <trkpt lat="45.49863999" lon="2.88552521"><ele>1255.000</ele><time>2026-09-25T13:09:32Z</time><speed>0.000</speed><sat>20</sat></trkpt>
  <trkpt lat="45.49863989" lon="2.88552504"><ele>1254.981</ele><time>2026-09-25T13:09:35Z</time><speed>0.000</speed><sat>21</sat></trkpt>
  <trkpt lat="45.49863982" lon="2.88552490"><ele>1254.978</ele><time>2026-09-25T13:09:38Z</time><speed>0.000</speed><sat>21</sat></trkpt>
  <trkpt lat="45.49863975" lon="2.88552477"><ele>1254.972</ele><time>2026-09-25T13:09:41Z</time><speed>0.000</speed><sat>20</sat></trkpt>
  <trkpt lat="45.49863949" lon="2.88552396"><ele>1255.412</ele><time>2026-09-25T13:09:44Z</time><speed>0.000</speed><sat>20</sat></trkpt>
  <trkpt lat="45.49863852" lon="2.88551938"><ele>1255.882</ele><time>2026-09-25T13:09:47Z</time><speed>0.000</speed><sat>20</sat></trkpt>
  <trkpt lat="45.49864016" lon="2.88551134"><ele>1256.311</ele><time>2026-09-25T13:09:50Z</time><speed>0.420</speed><sat>22</sat></trkpt>
  <trkpt lat="45.49865256" lon="2.88546408"><ele>1253.040</ele><time>2026-09-25T13:09:53Z</time><speed>0.880</speed><sat>23</sat></trkpt>
  <trkpt lat="45.49863250" lon="2.88543921"><ele>1253.663</ele><time>2026-09-25T13:09:56Z</time><speed>1.360</speed><sat>25</sat></trkpt>
  <trkpt lat="45.49860443" lon="2.88542421"><ele>1253.629</ele><time>2026-09-25T13:09:59Z</time><speed>0.850</speed><sat>22</sat></trkpt>
  <trkpt lat="45.49857379" lon="2.88540575"><ele>1253.666</ele><time>2026-09-25T13:10:02Z</time><speed>0.950</speed><sat>24</sat></trkpt>
  <trkpt lat="45.49855031" lon="2.88538641"><ele>1254.538</ele><time>2026-09-25T13:10:05Z</time><speed>0.960</speed><sat>23</sat></trkpt>
  <trkpt lat="45.49851954" lon="2.88538161"><ele>1254.180</ele><time>2026-09-25T13:10:08Z</time><speed>0.940</speed><sat>23</sat></trkpt>
  <trkpt lat="45.49848787" lon="2.88537501"><ele>1253.946</ele><time>2026-09-25T13:10:11Z</time><speed>0.970</speed><sat>24</sat></trkpt>
  <trkpt lat="45.49845672" lon="2.88534353"><ele>1252.757</ele><time>2026-09-25T13:10:14Z</time><speed>1.020</speed><sat>24</sat></trkpt>
  <trkpt lat="45.49842514" lon="2.88532522"><ele>1253.291</ele><time>2026-09-25T13:10:17Z</time><speed>1.030</speed><sat>25</sat></trkpt>
  <trkpt lat="45.49838899" lon="2.88530498"><ele>1254.298</ele><time>2026-09-25T13:10:20Z</time><speed>1.110</speed><sat>23</sat></trkpt>
  <trkpt lat="45.49836005" lon="2.88527189"><ele>1254.190</ele><time>2026-09-25T13:10:23Z</time><speed>1.060</speed><sat>23</sat></trkpt>
  <trkpt lat="45.49832949" lon="2.88524238"><ele>1253.983</ele><time>2026-09-25T13:10:26Z</time><speed>1.190</speed><sat>24</sat></trkpt>
  <trkpt lat="45.49829512" lon="2.88522476"><ele>1254.948</ele><time>2026-09-25T13:10:29Z</time><speed>1.140</speed><sat>24</sat></trkpt>
  <trkpt lat="45.49825920" lon="2.88521075"><ele>1254.271</ele><time>2026-09-25T13:10:32Z</time><speed>1.160</speed><sat>23</sat></trkpt>
  <trkpt lat="45.49822550" lon="2.88520278"><ele>1253.497</ele><time>2026-09-25T13:10:35Z</time><speed>1.130</speed><sat>23</sat></trkpt>
  <trkpt lat="45.49822029" lon="2.88524266"><ele>1254.945</ele><time>2026-09-25T13:10:38Z</time><speed>0.460</speed><sat>23</sat></trkpt>
  <trkpt lat="45.49824148" lon="2.88523439"><ele>1253.127</ele><time>2026-09-25T13:10:41Z</time><speed>0.380</speed><sat>23</sat></trkpt>
  <trkpt lat="45.49822172" lon="2.88527572"><ele>1253.190</ele><time>2026-09-25T13:10:44Z</time><speed>1.980</speed><sat>21</sat></trkpt>
  <trkpt lat="45.49819972" lon="2.88526380"><ele>1255.170</ele><time>2026-09-25T13:10:47Z</time><speed>1.460</speed><sat>23</sat></trkpt>
  <trkpt lat="45.49817753" lon="2.88522755"><ele>1255.550</ele><time>2026-09-25T13:10:50Z</time><speed>0.870</speed><sat>23</sat></trkpt>
  <trkpt lat="45.49815382" lon="2.88518484"><ele>1257.616</ele><time>2026-09-25T13:10:53Z</time><speed>1.050</speed><sat>24</sat></trkpt>
  <trkpt lat="45.49812575" lon="2.88516037"><ele>1258.232</ele><time>2026-09-25T13:10:56Z</time><speed>0.870</speed><sat>24</sat></trkpt>
  <trkpt lat="45.49809604" lon="2.88512448"><ele>1256.536</ele><time>2026-09-25T13:10:59Z</time><speed>0.880</speed><sat>23</sat></trkpt>
  <trkpt lat="45.49806616" lon="2.88509359"><ele>1257.578</ele><time>2026-09-25T13:11:02Z</time><speed>0.900</speed><sat>25</sat></trkpt>
  <trkpt lat="45.49804073" lon="2.88505813"><ele>1258.059</ele><time>2026-09-25T13:11:05Z</time><speed>0.930</speed><sat>23</sat></trkpt>
  <trkpt lat="45.49801716" lon="2.88502198"><ele>1257.807</ele><time>2026-09-25T13:11:08Z</time><speed>0.940</speed><sat>23</sat></trkpt>
  <trkpt lat="45.49799623" lon="2.88498584"><ele>1259.429</ele><time>2026-09-25T13:11:11Z</time><speed>0.930</speed><sat>23</sat></trkpt>
  <trkpt lat="45.49797618" lon="2.88493738"><ele>1257.452</ele><time>2026-09-25T13:11:14Z</time><speed>0.930</speed><sat>25</sat></trkpt>
  <trkpt lat="45.49795785" lon="2.88489766"><ele>1257.701</ele><time>2026-09-25T13:11:17Z</time><speed>0.950</speed><sat>25</sat></trkpt>
  <trkpt lat="45.49793300" lon="2.88486622"><ele>1258.088</ele><time>2026-09-25T13:11:20Z</time><speed>0.940</speed><sat>23</sat></trkpt>
  <trkpt lat="45.49790707" lon="2.88484861"><ele>1256.854</ele><time>2026-09-25T13:11:23Z</time><speed>1.020</speed><sat>26</sat></trkpt>
  <trkpt lat="45.49789544" lon="2.88487690"><ele>1256.724</ele><time>2026-09-25T13:11:26Z</time><speed>0.640</speed><sat>22</sat></trkpt>
  <trkpt lat="45.49789637" lon="2.88487913"><ele>1256.705</ele><time>2026-09-25T13:11:29Z</time><speed>0.000</speed><sat>21</sat></trkpt>
  <trkpt lat="45.49789599" lon="2.88487924"><ele>1256.593</ele><time>2026-09-25T13:11:32Z</time><speed>0.000</speed><sat>21</sat></trkpt>
  <trkpt lat="45.49789567" lon="2.88487940"><ele>1256.528</ele><time>2026-09-25T13:11:35Z</time><speed>0.000</speed><sat>21</sat></trkpt>
  <trkpt lat="45.49789575" lon="2.88487949"><ele>1256.565</ele><time>2026-09-25T13:11:38Z</time><speed>0.000</speed><sat>20</sat></trkpt>
  <trkpt lat="45.49789559" lon="2.88487962"><ele>1256.534</ele><time>2026-09-25T13:11:41Z</time><speed>0.000</speed><sat>20</sat></trkpt>
  <trkpt lat="45.49789574" lon="2.88487989"><ele>1256.585</ele><time>2026-09-25T13:11:44Z</time><speed>0.000</speed><sat>20</sat></trkpt>
  <trkpt lat="45.49789536" lon="2.88487941"><ele>1256.472</ele><time>2026-09-25T13:11:47Z</time><speed>0.000</speed><sat>20</sat></trkpt>
  <trkpt lat="45.49789500" lon="2.88487895"><ele>1256.383</ele><time>2026-09-25T13:11:50Z</time><speed>0.000</speed><sat>21</sat></trkpt>
  <trkpt lat="45.49789485" lon="2.88487882"><ele>1256.355</ele><time>2026-09-25T13:11:53Z</time><speed>0.000</speed><sat>21</sat></trkpt>
  <trkpt lat="45.49789465" lon="2.88487864"><ele>1256.300</ele><time>2026-09-25T13:11:56Z</time><speed>0.000</speed><sat>20</sat></trkpt>
  <trkpt lat="45.49789418" lon="2.88487807"><ele>1256.229</ele><time>2026-09-25T13:11:59Z</time><speed>0.000</speed><sat>20</sat></trkpt>
  <trkpt lat="45.49789319" lon="2.88486733"><ele>1256.721</ele><time>2026-09-25T13:12:02Z</time><speed>0.590</speed><sat>20</sat></trkpt>
  <trkpt lat="45.49788901" lon="2.88485306"><ele>1256.243</ele><time>2026-09-25T13:12:05Z</time><speed>0.000</speed><sat>21</sat></trkpt>
  <trkpt lat="45.49788883" lon="2.88484979"><ele>1256.293</ele><time>2026-09-25T13:12:08Z</time><speed>0.190</speed><sat>23</sat></trkpt>
  <trkpt lat="45.49788400" lon="2.88483494"><ele>1255.999</ele><time>2026-09-25T13:12:11Z</time><speed>0.000</speed><sat>22</sat></trkpt>
  <trkpt lat="45.49788010" lon="2.88483291"><ele>1256.086</ele><time>2026-09-25T13:12:14Z</time><speed>0.320</speed><sat>22</sat></trkpt>
  <trkpt lat="45.49787587" lon="2.88482879"><ele>1256.346</ele><time>2026-09-25T13:12:17Z</time><speed>0.000</speed><sat>21</sat></trkpt>
  <trkpt lat="45.49787453" lon="2.88482664"><ele>1256.206</ele><time>2026-09-25T13:12:20Z</time><speed>0.000</speed><sat>21</sat></trkpt>
  <trkpt lat="45.49787359" lon="2.88482475"><ele>1256.210</ele><time>2026-09-25T13:12:23Z</time><speed>0.000</speed><sat>21</sat></trkpt>
  <trkpt lat="45.49786992" lon="2.88483427"><ele>1256.721</ele><time>2026-09-25T13:12:26Z</time><speed>0.390</speed><sat>21</sat></trkpt>
  <trkpt lat="45.49786966" lon="2.88483940"><ele>1256.632</ele><time>2026-09-25T13:12:29Z</time><speed>0.000</speed><sat>21</sat></trkpt>
  <trkpt lat="45.49786942" lon="2.88483953"><ele>1256.708</ele><time>2026-09-25T13:12:32Z</time><speed>0.000</speed><sat>21</sat></trkpt>
  <trkpt lat="45.49786915" lon="2.88483903"><ele>1256.810</ele><time>2026-09-25T13:12:35Z</time><speed>0.000</speed><sat>21</sat></trkpt>
  <trkpt lat="45.49786811" lon="2.88483791"><ele>1256.636</ele><time>2026-09-25T13:12:38Z</time><speed>0.220</speed><sat>21</sat></trkpt>
  <trkpt lat="45.49785968" lon="2.88479815"><ele>1255.723</ele><time>2026-09-25T13:12:41Z</time><speed>0.820</speed><sat>22</sat></trkpt>
  <trkpt lat="45.49783327" lon="2.88475911"><ele>1256.080</ele><time>2026-09-25T13:12:44Z</time><speed>1.420</speed><sat>23</sat></trkpt>
  <trkpt lat="45.49780433" lon="2.88469410"><ele>1256.134</ele><time>2026-09-25T13:12:47Z</time><speed>1.950</speed><sat>23</sat></trkpt>
  <trkpt lat="45.49778575" lon="2.88463983"><ele>1256.718</ele><time>2026-09-25T13:12:50Z</time><speed>1.720</speed><sat>23</sat></trkpt>
  <trkpt lat="45.49777808" lon="2.88457239"><ele>1255.673</ele><time>2026-09-25T13:12:53Z</time><speed>1.740</speed><sat>22</sat></trkpt>
  <trkpt lat="45.49774737" lon="2.88452362"><ele>1255.385</ele><time>2026-09-25T13:12:56Z</time><speed>1.540</speed><sat>23</sat></trkpt>
  <trkpt lat="45.49771765" lon="2.88447656"><ele>1255.088</ele><time>2026-09-25T13:12:59Z</time><speed>1.510</speed><sat>24</sat></trkpt>
  <trkpt lat="45.49770022" lon="2.88446396"><ele>1259.135</ele><time>2026-09-25T13:13:02Z</time><speed>0.980</speed><sat>24</sat></trkpt>
  <trkpt lat="45.49769568" lon="2.88448151"><ele>1260.751</ele><time>2026-09-25T13:13:05Z</time><speed>1.740</speed><sat>23</sat></trkpt>
  <trkpt lat="45.49768976" lon="2.88444834"><ele>1260.774</ele><time>2026-09-25T13:13:08Z</time><speed>1.380</speed><sat>22</sat></trkpt>
  <trkpt lat="45.49766472" lon="2.88439861"><ele>1259.734</ele><time>2026-09-25T13:13:11Z</time><speed>1.340</speed><sat>22</sat></trkpt>
  <trkpt lat="45.49762841" lon="2.88435828"><ele>1259.466</ele><time>2026-09-25T13:13:14Z</time><speed>1.520</speed><sat>22</sat></trkpt>
  <trkpt lat="45.49758354" lon="2.88432556"><ele>1258.270</ele><time>2026-09-25T13:13:17Z</time><speed>1.300</speed><sat>21</sat></trkpt>
  <trkpt lat="45.49755915" lon="2.88430244"><ele>1260.825</ele><time>2026-09-25T13:13:20Z</time><speed>0.830</speed><sat>22</sat></trkpt>
  <trkpt lat="45.49754473" lon="2.88427966"><ele>1260.102</ele><time>2026-09-25T13:13:23Z</time><speed>0.850</speed><sat>22</sat></trkpt>
  <trkpt lat="45.49752567" lon="2.88425573"><ele>1259.812</ele><time>2026-09-25T13:13:26Z</time><speed>0.900</speed><sat>21</sat></trkpt>
  <trkpt lat="45.49750256" lon="2.88422903"><ele>1258.388</ele><time>2026-09-25T13:13:29Z</time><speed>1.010</speed><sat>22</sat></trkpt>
  <trkpt lat="45.49748029" lon="2.88420027"><ele>1258.062</ele><time>2026-09-25T13:13:32Z</time><speed>1.030</speed><sat>23</sat></trkpt>
  <trkpt lat="45.49745091" lon="2.88418394"><ele>1258.387</ele><time>2026-09-25T13:13:35Z</time><speed>0.960</speed><sat>23</sat></trkpt>
  <trkpt lat="45.49745284" lon="2.88419061"><ele>1257.799</ele><time>2026-09-25T13:13:38Z</time><speed>0.000</speed><sat>22</sat></trkpt>
  <trkpt lat="45.49745281" lon="2.88419059"><ele>1257.756</ele><time>2026-09-25T13:13:41Z</time><speed>0.000</speed><sat>22</sat></trkpt>
  <trkpt lat="45.49745277" lon="2.88419049"><ele>1257.731</ele><time>2026-09-25T13:13:44Z</time><speed>0.000</speed><sat>20</sat></trkpt>
  <trkpt lat="45.49745260" lon="2.88419018"><ele>1257.726</ele><time>2026-09-25T13:13:47Z</time><speed>0.000</speed><sat>21</sat></trkpt>
  <trkpt lat="45.49745253" lon="2.88419004"><ele>1257.711</ele><time>2026-09-25T13:13:50Z</time><speed>0.000</speed><sat>22</sat></trkpt>
  <trkpt lat="45.49745248" lon="2.88418973"><ele>1257.713</ele><time>2026-09-25T13:13:53Z</time><speed>0.000</speed><sat>23</sat></trkpt>
  <trkpt lat="45.49744361" lon="2.88418697"><ele>1256.905</ele><time>2026-09-25T13:13:56Z</time><speed>0.320</speed><sat>21</sat></trkpt>
  <trkpt lat="45.49742881" lon="2.88419019"><ele>1257.682</ele><time>2026-09-25T13:13:59Z</time><speed>1.980</speed><sat>22</sat></trkpt>
  <trkpt lat="45.49742485" lon="2.88419281"><ele>1257.709</ele><time>2026-09-25T13:14:02Z</time><speed>0.000</speed><sat>21</sat></trkpt>
  <trkpt lat="45.49743351" lon="2.88420507"><ele>1256.719</ele><time>2026-09-25T13:14:05Z</time><speed>0.580</speed><sat>21</sat></trkpt>
  <trkpt lat="45.49742786" lon="2.88424236"><ele>1257.304</ele><time>2026-09-25T13:14:08Z</time><speed>0.000</speed><sat>20</sat></trkpt>
  <trkpt lat="45.49740527" lon="2.88426188"><ele>1258.968</ele><time>2026-09-25T13:14:11Z</time><speed>0.810</speed><sat>20</sat></trkpt>
  <trkpt lat="45.49740170" lon="2.88425448"><ele>1257.930</ele><time>2026-09-25T13:14:14Z</time><speed>0.230</speed><sat>21</sat></trkpt>
  <trkpt lat="45.49739574" lon="2.88424432"><ele>1258.283</ele><time>2026-09-25T13:14:17Z</time><speed>0.390</speed><sat>21</sat></trkpt>
  <trkpt lat="45.49739526" lon="2.88423720"><ele>1258.207</ele><time>2026-09-25T13:14:20Z</time><speed>0.000</speed><sat>21</sat></trkpt>
  <trkpt lat="45.49739817" lon="2.88424400"><ele>1258.391</ele><time>2026-09-25T13:14:23Z</time><speed>0.730</speed><sat>23</sat></trkpt>
  <trkpt lat="45.49739649" lon="2.88428426"><ele>1259.497</ele><time>2026-09-25T13:14:26Z</time><speed>0.960</speed><sat>22</sat></trkpt>
  <trkpt lat="45.49739980" lon="2.88431449"><ele>1261.610</ele><time>2026-09-25T13:14:29Z</time><speed>1.190</speed><sat>22</sat></trkpt>
  <trkpt lat="45.49741529" lon="2.88432093"><ele>1260.970</ele><time>2026-09-25T13:14:32Z</time><speed>0.930</speed><sat>20</sat></trkpt>
  <trkpt lat="45.49738755" lon="2.88432931"><ele>1259.642</ele><time>2026-09-25T13:14:35Z</time><speed>1.280</speed><sat>20</sat></trkpt>
  <trkpt lat="45.49738045" lon="2.88428681"><ele>1259.786</ele><time>2026-09-25T13:14:38Z</time><speed>0.760</speed><sat>20</sat></trkpt>
  <trkpt lat="45.49736454" lon="2.88425564"><ele>1259.999</ele><time>2026-09-25T13:14:41Z</time><speed>0.740</speed><sat>19</sat></trkpt>
  <trkpt lat="45.49735011" lon="2.88423254"><ele>1258.099</ele><time>2026-09-25T13:14:44Z</time><speed>0.730</speed><sat>21</sat></trkpt>
  <trkpt lat="45.49734403" lon="2.88422363"><ele>1261.173</ele><time>2026-09-25T13:14:47Z</time><speed>0.840</speed><sat>21</sat></trkpt>
  <trkpt lat="45.49735723" lon="2.88422584"><ele>1260.206</ele><time>2026-09-25T13:14:50Z</time><speed>0.560</speed><sat>21</sat></trkpt>
  <trkpt lat="45.49734383" lon="2.88418855"><ele>1260.392</ele><time>2026-09-25T13:14:53Z</time><speed>0.600</speed><sat>23</sat></trkpt>
  <trkpt lat="45.49732903" lon="2.88414584"><ele>1258.172</ele><time>2026-09-25T13:14:56Z</time><speed>0.990</speed><sat>23</sat></trkpt>
  <trkpt lat="45.49731965" lon="2.88398372"><ele>1253.735</ele><time>2026-09-25T13:14:59Z</time><speed>1.180</speed><sat>22</sat></trkpt>
  <trkpt lat="45.49732155" lon="2.88398435"><ele>1253.621</ele><time>2026-09-25T13:15:02Z</time><speed>0.000</speed><sat>25</sat></trkpt>
  <trkpt lat="45.49731464" lon="2.88397619"><ele>1253.823</ele><time>2026-09-25T13:15:05Z</time><speed>0.000</speed><sat>21</sat></trkpt>
  <trkpt lat="45.49725513" lon="2.88392315"><ele>1252.478</ele><time>2026-09-25T13:15:08Z</time><speed>1.800</speed><sat>23</sat></trkpt>
  <trkpt lat="45.49721755" lon="2.88391631"><ele>1257.242</ele><time>2026-09-25T13:15:11Z</time><speed>0.810</speed><sat>23</sat></trkpt>
  <trkpt lat="45.49717920" lon="2.88390741"><ele>1257.373</ele><time>2026-09-25T13:15:14Z</time><speed>1.250</speed><sat>25</sat></trkpt>
  <trkpt lat="45.49715327" lon="2.88384990"><ele>1256.556</ele><time>2026-09-25T13:15:17Z</time><speed>1.370</speed><sat>25</sat></trkpt>
  <trkpt lat="45.49712042" lon="2.88381695"><ele>1255.016</ele><time>2026-09-25T13:15:20Z</time><speed>1.270</speed><sat>24</sat></trkpt>
  <trkpt lat="45.49708119" lon="2.88378156"><ele>1255.079</ele><time>2026-09-25T13:15:23Z</time><speed>1.320</speed><sat>23</sat></trkpt>
  <trkpt lat="45.49704880" lon="2.88373884"><ele>1254.566</ele><time>2026-09-25T13:15:26Z</time><speed>1.310</speed><sat>24</sat></trkpt>
  <trkpt lat="45.49701767" lon="2.88370730"><ele>1253.796</ele><time>2026-09-25T13:15:29Z</time><speed>1.330</speed><sat>23</sat></trkpt>
  <trkpt lat="45.49698304" lon="2.88367452"><ele>1253.656</ele><time>2026-09-25T13:15:32Z</time><speed>1.350</speed><sat>23</sat></trkpt>
  <trkpt lat="45.49695610" lon="2.88362518"><ele>1252.369</ele><time>2026-09-25T13:15:35Z</time><speed>1.380</speed><sat>21</sat></trkpt>
  <trkpt lat="45.49693003" lon="2.88359141"><ele>1251.887</ele><time>2026-09-25T13:15:38Z</time><speed>1.350</speed><sat>24</sat></trkpt>
  <trkpt lat="45.49690634" lon="2.88355428"><ele>1251.251</ele><time>2026-09-25T13:15:41Z</time><speed>1.320</speed><sat>23</sat></trkpt>
  <trkpt lat="45.49688879" lon="2.88351033"><ele>1251.155</ele><time>2026-09-25T13:15:44Z</time><speed>1.160</speed><sat>22</sat></trkpt>
  <trkpt lat="45.49689751" lon="2.88347958"><ele>1249.708</ele><time>2026-09-25T13:15:47Z</time><speed>0.640</speed><sat>25</sat></trkpt>
  <trkpt lat="45.49689146" lon="2.88345507"><ele>1248.610</ele><time>2026-09-25T13:15:50Z</time><speed>1.100</speed><sat>25</sat></trkpt>
  <trkpt lat="45.49686682" lon="2.88342597"><ele>1248.430</ele><time>2026-09-25T13:15:53Z</time><speed>1.180</speed><sat>24</sat></trkpt>
  <trkpt lat="45.49685048" lon="2.88339208"><ele>1249.064</ele><time>2026-09-25T13:15:56Z</time><speed>1.120</speed><sat>24</sat></trkpt>
  <trkpt lat="45.49682426" lon="2.88339440"><ele>1250.691</ele><time>2026-09-25T13:15:59Z</time><speed>1.000</speed><sat>24</sat></trkpt>
  <trkpt lat="45.49680689" lon="2.88336707"><ele>1250.270</ele><time>2026-09-25T13:16:02Z</time><speed>1.000</speed><sat>26</sat></trkpt>
  <trkpt lat="45.49679364" lon="2.88333801"><ele>1250.457</ele><time>2026-09-25T13:16:05Z</time><speed>0.930</speed><sat>25</sat></trkpt>
  <trkpt lat="45.49677174" lon="2.88330983"><ele>1253.272</ele><time>2026-09-25T13:16:08Z</time><speed>0.930</speed><sat>24</sat></trkpt>
  <trkpt lat="45.49674924" lon="2.88327513"><ele>1253.960</ele><time>2026-09-25T13:16:11Z</time><speed>0.910</speed><sat>24</sat></trkpt>
  <trkpt lat="45.49672790" lon="2.88324517"><ele>1252.198</ele><time>2026-09-25T13:16:14Z</time><speed>0.940</speed><sat>23</sat></trkpt>
  <trkpt lat="45.49671086" lon="2.88320143"><ele>1251.933</ele><time>2026-09-25T13:16:17Z</time><speed>0.990</speed><sat>23</sat></trkpt>
  <trkpt lat="45.49668916" lon="2.88316979"><ele>1252.022</ele><time>2026-09-25T13:16:20Z</time><speed>0.940</speed><sat>22</sat></trkpt>
  <trkpt lat="45.49666186" lon="2.88313125"><ele>1252.412</ele><time>2026-09-25T13:16:23Z</time><speed>0.950</speed><sat>24</sat></trkpt>
  <trkpt lat="45.49664080" lon="2.88309474"><ele>1253.066</ele><time>2026-09-25T13:16:26Z</time><speed>1.010</speed><sat>25</sat></trkpt>
  <trkpt lat="45.49662563" lon="2.88305702"><ele>1254.183</ele><time>2026-09-25T13:16:29Z</time><speed>1.010</speed><sat>25</sat></trkpt>
  <trkpt lat="45.49660664" lon="2.88302985"><ele>1254.030</ele><time>2026-09-25T13:16:32Z</time><speed>1.000</speed><sat>24</sat></trkpt>
  <trkpt lat="45.49657717" lon="2.88301518"><ele>1254.277</ele><time>2026-09-25T13:16:35Z</time><speed>0.920</speed><sat>24</sat></trkpt>
  <trkpt lat="45.49655400" lon="2.88299956"><ele>1256.034</ele><time>2026-09-25T13:16:38Z</time><speed>0.890</speed><sat>25</sat></trkpt>
  <trkpt lat="45.49653037" lon="2.88297138"><ele>1257.834</ele><time>2026-09-25T13:16:41Z</time><speed>1.020</speed><sat>25</sat></trkpt>
  <trkpt lat="45.49650037" lon="2.88295498"><ele>1256.920</ele><time>2026-09-25T13:16:44Z</time><speed>0.920</speed><sat>24</sat></trkpt>
  <trkpt lat="45.49646810" lon="2.88293641"><ele>1255.207</ele><time>2026-09-25T13:16:47Z</time><speed>0.890</speed><sat>23</sat></trkpt>
  <trkpt lat="45.49644088" lon="2.88292140"><ele>1254.354</ele><time>2026-09-25T13:16:50Z</time><speed>1.020</speed><sat>24</sat></trkpt>
  <trkpt lat="45.49641126" lon="2.88290802"><ele>1255.743</ele><time>2026-09-25T13:16:53Z</time><speed>0.920</speed><sat>25</sat></trkpt>
  <trkpt lat="45.49638347" lon="2.88289050"><ele>1255.558</ele><time>2026-09-25T13:16:56Z</time><speed>0.970</speed><sat>25</sat></trkpt>
  <trkpt lat="45.49635137" lon="2.88287852"><ele>1254.214</ele><time>2026-09-25T13:16:59Z</time><speed>0.960</speed><sat>25</sat></trkpt>
  <trkpt lat="45.49631681" lon="2.88286973"><ele>1250.729</ele><time>2026-09-25T13:17:02Z</time><speed>0.960</speed><sat>24</sat></trkpt>
  <trkpt lat="45.49628118" lon="2.88286524"><ele>1252.854</ele><time>2026-09-25T13:17:05Z</time><speed>1.000</speed><sat>25</sat></trkpt>
  <trkpt lat="45.49624805" lon="2.88287477"><ele>1253.200</ele><time>2026-09-25T13:17:08Z</time><speed>0.970</speed><sat>25</sat></trkpt>
  <trkpt lat="45.49621415" lon="2.88287280"><ele>1253.513</ele><time>2026-09-25T13:17:11Z</time><speed>0.990</speed><sat>25</sat></trkpt>
  <trkpt lat="45.49618277" lon="2.88287271"><ele>1253.788</ele><time>2026-09-25T13:17:14Z</time><speed>1.080</speed><sat>25</sat></trkpt>
  <trkpt lat="45.49615135" lon="2.88286225"><ele>1255.076</ele><time>2026-09-25T13:17:17Z</time><speed>0.970</speed><sat>26</sat></trkpt>
  <trkpt lat="45.49611768" lon="2.88285811"><ele>1254.678</ele><time>2026-09-25T13:17:20Z</time><speed>1.070</speed><sat>26</sat></trkpt>
  <trkpt lat="45.49608398" lon="2.88284818"><ele>1255.656</ele><time>2026-09-25T13:17:23Z</time><speed>0.950</speed><sat>25</sat></trkpt>
  <trkpt lat="45.49603822" lon="2.88283355"><ele>1255.641</ele><time>2026-09-25T13:17:26Z</time><speed>1.620</speed><sat>26</sat></trkpt>
  <trkpt lat="45.49599637" lon="2.88282704"><ele>1253.452</ele><time>2026-09-25T13:17:29Z</time><speed>1.060</speed><sat>27</sat></trkpt>
  <trkpt lat="45.49596936" lon="2.88281886"><ele>1253.610</ele><time>2026-09-25T13:17:32Z</time><speed>0.900</speed><sat>27</sat></trkpt>
  <trkpt lat="45.49593848" lon="2.88279735"><ele>1253.792</ele><time>2026-09-25T13:17:35Z</time><speed>1.300</speed><sat>26</sat></trkpt>
  <trkpt lat="45.49590553" lon="2.88278831"><ele>1252.528</ele><time>2026-09-25T13:17:38Z</time><speed>1.120</speed><sat>26</sat></trkpt>
  <trkpt lat="45.49587913" lon="2.88278522"><ele>1253.198</ele><time>2026-09-25T13:17:41Z</time><speed>0.890</speed><sat>26</sat></trkpt>
  <trkpt lat="45.49586997" lon="2.88276468"><ele>1252.461</ele><time>2026-09-25T13:17:44Z</time><speed>0.000</speed><sat>26</sat></trkpt>
  <trkpt lat="45.49587135" lon="2.88275895"><ele>1252.463</ele><time>2026-09-25T13:17:47Z</time><speed>0.000</speed><sat>26</sat></trkpt>
  <trkpt lat="45.49587139" lon="2.88275348"><ele>1252.194</ele><time>2026-09-25T13:17:50Z</time><speed>0.450</speed><sat>26</sat></trkpt>
  <trkpt lat="45.49586763" lon="2.88272759"><ele>1250.593</ele><time>2026-09-25T13:17:53Z</time><speed>0.880</speed><sat>26</sat></trkpt>
  <trkpt lat="45.49584444" lon="2.88271884"><ele>1248.644</ele><time>2026-09-25T13:17:56Z</time><speed>1.270</speed><sat>26</sat></trkpt>
  <trkpt lat="45.49581001" lon="2.88274117"><ele>1248.143</ele><time>2026-09-25T13:17:59Z</time><speed>0.960</speed><sat>24</sat></trkpt>
  <trkpt lat="45.49578077" lon="2.88275123"><ele>1247.993</ele><time>2026-09-25T13:18:02Z</time><speed>0.890</speed><sat>25</sat></trkpt>
  <trkpt lat="45.49574535" lon="2.88276753"><ele>1246.731</ele><time>2026-09-25T13:18:05Z</time><speed>0.970</speed><sat>25</sat></trkpt>
  <trkpt lat="45.49571193" lon="2.88277876"><ele>1246.760</ele><time>2026-09-25T13:18:08Z</time><speed>0.940</speed><sat>25</sat></trkpt>
  <trkpt lat="45.49567727" lon="2.88278619"><ele>1247.486</ele><time>2026-09-25T13:18:11Z</time><speed>0.930</speed><sat>25</sat></trkpt>
  <trkpt lat="45.49564473" lon="2.88278177"><ele>1246.787</ele><time>2026-09-25T13:18:14Z</time><speed>1.030</speed><sat>24</sat></trkpt>
  <trkpt lat="45.49561240" lon="2.88278535"><ele>1245.027</ele><time>2026-09-25T13:18:17Z</time><speed>1.030</speed><sat>24</sat></trkpt>
  <trkpt lat="45.49557830" lon="2.88279731"><ele>1248.180</ele><time>2026-09-25T13:18:20Z</time><speed>1.010</speed><sat>24</sat></trkpt>
  <trkpt lat="45.49554411" lon="2.88281526"><ele>1245.984</ele><time>2026-09-25T13:18:23Z</time><speed>0.990</speed><sat>25</sat></trkpt>
  <trkpt lat="45.49551551" lon="2.88282258"><ele>1248.222</ele><time>2026-09-25T13:18:26Z</time><speed>0.960</speed><sat>25</sat></trkpt>
  <trkpt lat="45.49548333" lon="2.88283665"><ele>1249.077</ele><time>2026-09-25T13:18:29Z</time><speed>0.990</speed><sat>25</sat></trkpt>
  <trkpt lat="45.49545189" lon="2.88284733"><ele>1249.236</ele><time>2026-09-25T13:18:32Z</time><speed>0.970</speed><sat>25</sat></trkpt>
  <trkpt lat="45.49542116" lon="2.88285585"><ele>1248.907</ele><time>2026-09-25T13:18:35Z</time><speed>0.950</speed><sat>25</sat></trkpt>
  <trkpt lat="45.49538146" lon="2.88286145"><ele>1247.633</ele><time>2026-09-25T13:18:38Z</time><speed>1.130</speed><sat>24</sat></trkpt>
  <trkpt lat="45.49534361" lon="2.88286738"><ele>1247.170</ele><time>2026-09-25T13:18:41Z</time><speed>1.030</speed><sat>24</sat></trkpt>
  <trkpt lat="45.49530897" lon="2.88286547"><ele>1248.656</ele><time>2026-09-25T13:18:44Z</time><speed>1.050</speed><sat>24</sat></trkpt>
  <trkpt lat="45.49527343" lon="2.88286771"><ele>1248.811</ele><time>2026-09-25T13:18:47Z</time><speed>1.030</speed><sat>24</sat></trkpt>
  <trkpt lat="45.49523855" lon="2.88287121"><ele>1250.861</ele><time>2026-09-25T13:18:50Z</time><speed>1.040</speed><sat>25</sat></trkpt>
  <trkpt lat="45.49520641" lon="2.88286688"><ele>1251.990</ele><time>2026-09-25T13:18:53Z</time><speed>1.110</speed><sat>25</sat></trkpt>
  <trkpt lat="45.49517854" lon="2.88285313"><ele>1251.298</ele><time>2026-09-25T13:18:56Z</time><speed>1.070</speed><sat>24</sat></trkpt>
  <trkpt lat="45.49514502" lon="2.88285774"><ele>1251.539</ele><time>2026-09-25T13:18:59Z</time><speed>1.020</speed><sat>25</sat></trkpt>
  <trkpt lat="45.49511438" lon="2.88286402"><ele>1253.435</ele><time>2026-09-25T13:19:02Z</time><speed>1.130</speed><sat>25</sat></trkpt>
  <trkpt lat="45.49507772" lon="2.88285349"><ele>1253.684</ele><time>2026-09-25T13:19:05Z</time><speed>1.000</speed><sat>24</sat></trkpt>
  <trkpt lat="45.49504948" lon="2.88284581"><ele>1253.108</ele><time>2026-09-25T13:19:08Z</time><speed>0.960</speed><sat>24</sat></trkpt>
  <trkpt lat="45.49502250" lon="2.88284625"><ele>1254.059</ele><time>2026-09-25T13:19:11Z</time><speed>0.950</speed><sat>24</sat></trkpt>
  <trkpt lat="45.49498914" lon="2.88284018"><ele>1253.276</ele><time>2026-09-25T13:19:14Z</time><speed>0.970</speed><sat>24</sat></trkpt>
  <trkpt lat="45.49495912" lon="2.88283016"><ele>1253.498</ele><time>2026-09-25T13:19:17Z</time><speed>0.980</speed><sat>24</sat></trkpt>
  <trkpt lat="45.49492650" lon="2.88282007"><ele>1253.894</ele><time>2026-09-25T13:19:20Z</time><speed>1.080</speed><sat>25</sat></trkpt>
  <trkpt lat="45.49488959" lon="2.88283877"><ele>1255.156</ele><time>2026-09-25T13:19:23Z</time><speed>1.020</speed><sat>25</sat></trkpt>
  <trkpt lat="45.49485398" lon="2.88284656"><ele>1255.209</ele><time>2026-09-25T13:19:26Z</time><speed>1.080</speed><sat>24</sat></trkpt>
  <trkpt lat="45.49481264" lon="2.88285118"><ele>1253.708</ele><time>2026-09-25T13:19:29Z</time><speed>1.030</speed><sat>24</sat></trkpt>
  <trkpt lat="45.49477393" lon="2.88285695"><ele>1252.363</ele><time>2026-09-25T13:19:32Z</time><speed>1.080</speed><sat>24</sat></trkpt>
  <trkpt lat="45.49473621" lon="2.88286460"><ele>1252.862</ele><time>2026-09-25T13:19:35Z</time><speed>1.070</speed><sat>24</sat></trkpt>
  <trkpt lat="45.49470434" lon="2.88287474"><ele>1253.022</ele><time>2026-09-25T13:19:38Z</time><speed>1.030</speed><sat>23</sat></trkpt>
  <trkpt lat="45.49467304" lon="2.88289192"><ele>1254.421</ele><time>2026-09-25T13:19:41Z</time><speed>1.020</speed><sat>25</sat></trkpt>
  <trkpt lat="45.49464147" lon="2.88290398"><ele>1253.158</ele><time>2026-09-25T13:19:44Z</time><speed>1.120</speed><sat>25</sat></trkpt>
  <trkpt lat="45.49460974" lon="2.88291757"><ele>1252.784</ele><time>2026-09-25T13:19:47Z</time><speed>1.010</speed><sat>25</sat></trkpt>
  <trkpt lat="45.49457376" lon="2.88292901"><ele>1253.395</ele><time>2026-09-25T13:19:50Z</time><speed>1.010</speed><sat>25</sat></trkpt>
  <trkpt lat="45.49453930" lon="2.88294411"><ele>1254.142</ele><time>2026-09-25T13:19:53Z</time><speed>1.040</speed><sat>25</sat></trkpt>
  <trkpt lat="45.49450165" lon="2.88295763"><ele>1253.517</ele><time>2026-09-25T13:19:56Z</time><speed>1.150</speed><sat>25</sat></trkpt>
  <trkpt lat="45.49446549" lon="2.88297616"><ele>1253.217</ele><time>2026-09-25T13:19:59Z</time><speed>1.150</speed><sat>25</sat></trkpt>
  <trkpt lat="45.49443159" lon="2.88298191"><ele>1253.007</ele><time>2026-09-25T13:20:02Z</time><speed>1.090</speed><sat>25</sat></trkpt>
  <trkpt lat="45.49440174" lon="2.88299188"><ele>1253.164</ele><time>2026-09-25T13:20:05Z</time><speed>1.060</speed><sat>25</sat></trkpt>
  <trkpt lat="45.49436900" lon="2.88298393"><ele>1251.556</ele><time>2026-09-25T13:20:08Z</time><speed>1.050</speed><sat>24</sat></trkpt>
  <trkpt lat="45.49433498" lon="2.88298287"><ele>1251.076</ele><time>2026-09-25T13:20:11Z</time><speed>1.020</speed><sat>23</sat></trkpt>
  <trkpt lat="45.49430503" lon="2.88299872"><ele>1253.291</ele><time>2026-09-25T13:20:14Z</time><speed>0.980</speed><sat>23</sat></trkpt>
  <trkpt lat="45.49427455" lon="2.88300060"><ele>1252.995</ele><time>2026-09-25T13:20:17Z</time><speed>0.980</speed><sat>23</sat></trkpt>
  <trkpt lat="45.49424637" lon="2.88299553"><ele>1253.066</ele><time>2026-09-25T13:20:20Z</time><speed>0.980</speed><sat>23</sat></trkpt>
  <trkpt lat="45.49421783" lon="2.88300062"><ele>1251.592</ele><time>2026-09-25T13:20:23Z</time><speed>0.990</speed><sat>23</sat></trkpt>
  <trkpt lat="45.49418718" lon="2.88300186"><ele>1254.066</ele><time>2026-09-25T13:20:26Z</time><speed>0.990</speed><sat>23</sat></trkpt>
  <trkpt lat="45.49414963" lon="2.88300234"><ele>1256.114</ele><time>2026-09-25T13:20:29Z</time><speed>1.030</speed><sat>24</sat></trkpt>
  <trkpt lat="45.49411193" lon="2.88300938"><ele>1255.294</ele><time>2026-09-25T13:20:32Z</time><speed>1.020</speed><sat>25</sat></trkpt>
  <trkpt lat="45.49407944" lon="2.88302270"><ele>1256.155</ele><time>2026-09-25T13:20:35Z</time><speed>1.000</speed><sat>23</sat></trkpt>
  <trkpt lat="45.49404254" lon="2.88305099"><ele>1255.386</ele><time>2026-09-25T13:20:38Z</time><speed>1.060</speed><sat>23</sat></trkpt>
  <trkpt lat="45.49401104" lon="2.88307918"><ele>1255.685</ele><time>2026-09-25T13:20:41Z</time><speed>1.230</speed><sat>24</sat></trkpt>
  <trkpt lat="45.49398397" lon="2.88310238"><ele>1255.851</ele><time>2026-09-25T13:20:44Z</time><speed>0.970</speed><sat>23</sat></trkpt>
  <trkpt lat="45.49395825" lon="2.88312624"><ele>1255.996</ele><time>2026-09-25T13:20:47Z</time><speed>1.000</speed><sat>23</sat></trkpt>
  <trkpt lat="45.49393323" lon="2.88315035"><ele>1256.221</ele><time>2026-09-25T13:20:50Z</time><speed>0.950</speed><sat>23</sat></trkpt>
  <trkpt lat="45.49391921" lon="2.88316909"><ele>1256.143</ele><time>2026-09-25T13:20:53Z</time><speed>0.000</speed><sat>24</sat></trkpt>
  <trkpt lat="45.49391903" lon="2.88317153"><ele>1256.079</ele><time>2026-09-25T13:20:56Z</time><speed>0.000</speed><sat>24</sat></trkpt>
  <trkpt lat="45.49391918" lon="2.88317191"><ele>1256.051</ele><time>2026-09-25T13:20:59Z</time><speed>0.000</speed><sat>20</sat></trkpt>
  <trkpt lat="45.49391941" lon="2.88317239"><ele>1256.140</ele><time>2026-09-25T13:21:02Z</time><speed>0.000</speed><sat>22</sat></trkpt>
  <trkpt lat="45.49391972" lon="2.88317273"><ele>1256.093</ele><time>2026-09-25T13:21:05Z</time><speed>0.000</speed><sat>23</sat></trkpt>
  <trkpt lat="45.49392005" lon="2.88317287"><ele>1256.001</ele><time>2026-09-25T13:21:08Z</time><speed>0.000</speed><sat>24</sat></trkpt>
  <trkpt lat="45.49390768" lon="2.88318126"><ele>1255.461</ele><time>2026-09-25T13:21:11Z</time><speed>0.490</speed><sat>21</sat></trkpt>
  <trkpt lat="45.49389308" lon="2.88319437"><ele>1254.778</ele><time>2026-09-25T13:21:14Z</time><speed>0.660</speed><sat>22</sat></trkpt>
  <trkpt lat="45.49387668" lon="2.88321449"><ele>1255.021</ele><time>2026-09-25T13:21:17Z</time><speed>0.770</speed><sat>21</sat></trkpt>
  <trkpt lat="45.49385214" lon="2.88323498"><ele>1254.955</ele><time>2026-09-25T13:21:20Z</time><speed>0.940</speed><sat>20</sat></trkpt>
  <trkpt lat="45.49383330" lon="2.88325760"><ele>1254.702</ele><time>2026-09-25T13:21:23Z</time><speed>0.970</speed><sat>22</sat></trkpt>
  <trkpt lat="45.49381812" lon="2.88327992"><ele>1256.218</ele><time>2026-09-25T13:21:26Z</time><speed>0.890</speed><sat>22</sat></trkpt>
  <trkpt lat="45.49379690" lon="2.88330608"><ele>1255.154</ele><time>2026-09-25T13:21:29Z</time><speed>1.150</speed><sat>22</sat></trkpt>
  <trkpt lat="45.49376384" lon="2.88333549"><ele>1254.420</ele><time>2026-09-25T13:21:32Z</time><speed>1.430</speed><sat>21</sat></trkpt>
  <trkpt lat="45.49373784" lon="2.88338330"><ele>1253.824</ele><time>2026-09-25T13:21:35Z</time><speed>1.530</speed><sat>20</sat></trkpt>
  <trkpt lat="45.49370522" lon="2.88343593"><ele>1256.667</ele><time>2026-09-25T13:21:38Z</time><speed>1.760</speed><sat>20</sat></trkpt>
  <trkpt lat="45.49369380" lon="2.88348042"><ele>1258.154</ele><time>2026-09-25T13:21:41Z</time><speed>1.220</speed><sat>20</sat></trkpt>
  <trkpt lat="45.49367842" lon="2.88351559"><ele>1258.707</ele><time>2026-09-25T13:21:44Z</time><speed>1.180</speed><sat>21</sat></trkpt>
  <trkpt lat="45.49366432" lon="2.88354785"><ele>1259.070</ele><time>2026-09-25T13:21:47Z</time><speed>1.260</speed><sat>20</sat></trkpt>
  <trkpt lat="45.49365683" lon="2.88358512"><ele>1257.318</ele><time>2026-09-25T13:21:50Z</time><speed>1.080</speed><sat>20</sat></trkpt>
  <trkpt lat="45.49364996" lon="2.88362145"><ele>1255.549</ele><time>2026-09-25T13:21:53Z</time><speed>1.070</speed><sat>20</sat></trkpt>
  <trkpt lat="45.49363890" lon="2.88366356"><ele>1256.179</ele><time>2026-09-25T13:21:56Z</time><speed>1.310</speed><sat>20</sat></trkpt>
  <trkpt lat="45.49361885" lon="2.88369512"><ele>1255.528</ele><time>2026-09-25T13:21:59Z</time><speed>1.250</speed><sat>20</sat></trkpt>
  <trkpt lat="45.49360606" lon="2.88373489"><ele>1255.550</ele><time>2026-09-25T13:22:02Z</time><speed>1.190</speed><sat>20</sat></trkpt>
  <trkpt lat="45.49359638" lon="2.88377641"><ele>1255.639</ele><time>2026-09-25T13:22:05Z</time><speed>1.180</speed><sat>20</sat></trkpt>
  <trkpt lat="45.49360489" lon="2.88376529"><ele>1254.257</ele><time>2026-09-25T13:22:08Z</time><speed>0.000</speed><sat>20</sat></trkpt>
  <trkpt lat="45.49360293" lon="2.88376370"><ele>1253.913</ele><time>2026-09-25T13:22:11Z</time><speed>0.200</speed><sat>21</sat></trkpt>
  <trkpt lat="45.49358191" lon="2.88377777"><ele>1253.385</ele><time>2026-09-25T13:22:14Z</time><speed>1.240</speed><sat>20</sat></trkpt>
  <trkpt lat="45.49356245" lon="2.88381023"><ele>1253.410</ele><time>2026-09-25T13:22:17Z</time><speed>1.100</speed><sat>20</sat></trkpt>
  <trkpt lat="45.49354899" lon="2.88383597"><ele>1251.537</ele><time>2026-09-25T13:22:20Z</time><speed>0.990</speed><sat>20</sat></trkpt>
  <trkpt lat="45.49353085" lon="2.88386057"><ele>1250.910</ele><time>2026-09-25T13:22:23Z</time><speed>1.000</speed><sat>20</sat></trkpt>
  <trkpt lat="45.49351758" lon="2.88388922"><ele>1250.316</ele><time>2026-09-25T13:22:26Z</time><speed>0.950</speed><sat>20</sat></trkpt>
  <trkpt lat="45.49349899" lon="2.88392695"><ele>1252.064</ele><time>2026-09-25T13:22:29Z</time><speed>0.970</speed><sat>20</sat></trkpt>
  <trkpt lat="45.49347641" lon="2.88394680"><ele>1253.207</ele><time>2026-09-25T13:22:32Z</time><speed>0.860</speed><sat>20</sat></trkpt>
  <trkpt lat="45.49346232" lon="2.88395865"><ele>1253.134</ele><time>2026-09-25T13:22:35Z</time><speed>0.800</speed><sat>18</sat></trkpt>
  <trkpt lat="45.49344198" lon="2.88393731"><ele>1250.649</ele><time>2026-09-25T13:22:38Z</time><speed>3.580</speed><sat>20</sat></trkpt>
  <trkpt lat="45.49343999" lon="2.88392734"><ele>1250.575</ele><time>2026-09-25T13:22:41Z</time><speed>0.000</speed><sat>20</sat></trkpt>
  <trkpt lat="45.49343927" lon="2.88392403"><ele>1250.568</ele><time>2026-09-25T13:22:44Z</time><speed>0.000</speed><sat>20</sat></trkpt>
  <trkpt lat="45.49343897" lon="2.88392227"><ele>1250.500</ele><time>2026-09-25T13:22:47Z</time><speed>0.000</speed><sat>19</sat></trkpt>
  <trkpt lat="45.49343880" lon="2.88392109"><ele>1250.468</ele><time>2026-09-25T13:22:50Z</time><speed>0.000</speed><sat>21</sat></trkpt>
  <trkpt lat="45.49343867" lon="2.88392019"><ele>1250.447</ele><time>2026-09-25T13:22:53Z</time><speed>0.000</speed><sat>20</sat></trkpt>
  <trkpt lat="45.49343847" lon="2.88391943"><ele>1250.438</ele><time>2026-09-25T13:22:56Z</time><speed>0.000</speed><sat>19</sat></trkpt>
  <trkpt lat="45.49343832" lon="2.88391882"><ele>1250.423</ele><time>2026-09-25T13:22:59Z</time><speed>0.000</speed><sat>19</sat></trkpt>
  <trkpt lat="45.49343819" lon="2.88391830"><ele>1250.413</ele><time>2026-09-25T13:23:02Z</time><speed>0.000</speed><sat>19</sat></trkpt>
  <trkpt lat="45.49343805" lon="2.88391790"><ele>1250.393</ele><time>2026-09-25T13:23:05Z</time><speed>0.000</speed><sat>19</sat></trkpt>
  <trkpt lat="45.49343799" lon="2.88391743"><ele>1250.363</ele><time>2026-09-25T13:23:08Z</time><speed>0.000</speed><sat>19</sat></trkpt>
  <trkpt lat="45.49343794" lon="2.88391709"><ele>1250.325</ele><time>2026-09-25T13:23:11Z</time><speed>0.000</speed><sat>17</sat></trkpt>
  <trkpt lat="45.49343790" lon="2.88391686"><ele>1250.304</ele><time>2026-09-25T13:23:14Z</time><speed>0.000</speed><sat>17</sat></trkpt>
  <trkpt lat="45.49343784" lon="2.88391668"><ele>1250.298</ele><time>2026-09-25T13:23:17Z</time><speed>0.000</speed><sat>18</sat></trkpt>
  <trkpt lat="45.49343785" lon="2.88391647"><ele>1250.257</ele><time>2026-09-25T13:23:20Z</time><speed>0.000</speed><sat>19</sat></trkpt>
  <trkpt lat="45.49343783" lon="2.88391629"><ele>1250.224</ele><time>2026-09-25T13:23:23Z</time><speed>0.000</speed><sat>18</sat></trkpt>
  <trkpt lat="45.49343786" lon="2.88391611"><ele>1250.198</ele><time>2026-09-25T13:23:26Z</time><speed>0.000</speed><sat>18</sat></trkpt>
  <trkpt lat="45.49343792" lon="2.88391602"><ele>1250.156</ele><time>2026-09-25T13:23:29Z</time><speed>0.000</speed><sat>18</sat></trkpt>
  <trkpt lat="45.49343800" lon="2.88391596"><ele>1250.120</ele><time>2026-09-25T13:23:32Z</time><speed>0.000</speed><sat>18</sat></trkpt>
  <trkpt lat="45.49343805" lon="2.88391588"><ele>1250.093</ele><time>2026-09-25T13:23:35Z</time><speed>0.000</speed><sat>18</sat></trkpt>
  <trkpt lat="45.49343810" lon="2.88391578"><ele>1250.058</ele><time>2026-09-25T13:23:38Z</time><speed>0.000</speed><sat>20</sat></trkpt>
  <trkpt lat="45.49343806" lon="2.88391574"><ele>1250.058</ele><time>2026-09-25T13:23:41Z</time><speed>0.000</speed><sat>20</sat></trkpt>
  <trkpt lat="45.49343638" lon="2.88391599"><ele>1249.912</ele><time>2026-09-25T13:23:44Z</time><speed>0.270</speed><sat>19</sat></trkpt>
  <trkpt lat="45.49343339" lon="2.88392145"><ele>1249.660</ele><time>2026-09-25T13:23:47Z</time><speed>0.390</speed><sat>18</sat></trkpt>
  <trkpt lat="45.49345007" lon="2.88396921"><ele>1250.455</ele><time>2026-09-25T13:23:50Z</time><speed>0.000</speed><sat>19</sat></trkpt>
  <trkpt lat="45.49344528" lon="2.88396733"><ele>1250.919</ele><time>2026-09-25T13:23:53Z</time><speed>0.000</speed><sat>17</sat></trkpt>
  <trkpt lat="45.49339553" lon="2.88398169"><ele>1250.531</ele><time>2026-09-25T13:23:56Z</time><speed>1.380</speed><sat>22</sat></trkpt>
  <trkpt lat="45.49338237" lon="2.88400692"><ele>1251.453</ele><time>2026-09-25T13:23:59Z</time><speed>1.380</speed><sat>22</sat></trkpt>
  <trkpt lat="45.49336734" lon="2.88403188"><ele>1251.794</ele><time>2026-09-25T13:24:02Z</time><speed>1.120</speed><sat>22</sat></trkpt>
  <trkpt lat="45.49336936" lon="2.88403408"><ele>1251.855</ele><time>2026-09-25T13:24:05Z</time><speed>0.000</speed><sat>23</sat></trkpt>
  <trkpt lat="45.49336945" lon="2.88403406"><ele>1251.869</ele><time>2026-09-25T13:24:08Z</time><speed>0.000</speed><sat>23</sat></trkpt>
  <trkpt lat="45.49336944" lon="2.88403397"><ele>1251.888</ele><time>2026-09-25T13:24:11Z</time><speed>0.000</speed><sat>24</sat></trkpt>
  <trkpt lat="45.49336945" lon="2.88403395"><ele>1251.893</ele><time>2026-09-25T13:24:14Z</time><speed>0.000</speed><sat>23</sat></trkpt>
  <trkpt lat="45.49336950" lon="2.88403397"><ele>1251.902</ele><time>2026-09-25T13:24:17Z</time><speed>0.000</speed><sat>22</sat></trkpt>
  <trkpt lat="45.49336952" lon="2.88403399"><ele>1251.909</ele><time>2026-09-25T13:24:20Z</time><speed>0.000</speed><sat>19</sat></trkpt>
  <trkpt lat="45.49336948" lon="2.88403423"><ele>1251.917</ele><time>2026-09-25T13:24:23Z</time><speed>0.000</speed><sat>19</sat></trkpt>
  <trkpt lat="45.49336948" lon="2.88403430"><ele>1251.925</ele><time>2026-09-25T13:24:26Z</time><speed>0.000</speed><sat>19</sat></trkpt>
  <trkpt lat="45.49336953" lon="2.88403420"><ele>1251.927</ele><time>2026-09-25T13:24:29Z</time><speed>0.000</speed><sat>20</sat></trkpt>
  <trkpt lat="45.49336967" lon="2.88403421"><ele>1251.943</ele><time>2026-09-25T13:24:32Z</time><speed>0.000</speed><sat>21</sat></trkpt>
  <trkpt lat="45.49336976" lon="2.88403417"><ele>1251.972</ele><time>2026-09-25T13:24:35Z</time><speed>0.000</speed><sat>21</sat></trkpt>
  <trkpt lat="45.49336201" lon="2.88403978"><ele>1251.229</ele><time>2026-09-25T13:24:38Z</time><speed>0.700</speed><sat>21</sat></trkpt>
  <trkpt lat="45.49331461" lon="2.88406235"><ele>1248.120</ele><time>2026-09-25T13:24:41Z</time><speed>1.390</speed><sat>22</sat></trkpt>
  <trkpt lat="45.49328385" lon="2.88409896"><ele>1250.986</ele><time>2026-09-25T13:24:44Z</time><speed>1.160</speed><sat>22</sat></trkpt>
  <trkpt lat="45.49325859" lon="2.88412997"><ele>1250.482</ele><time>2026-09-25T13:24:47Z</time><speed>1.110</speed><sat>21</sat></trkpt>
  <trkpt lat="45.49322948" lon="2.88415624"><ele>1250.055</ele><time>2026-09-25T13:24:50Z</time><speed>1.050</speed><sat>22</sat></trkpt>
  <trkpt lat="45.49319944" lon="2.88418890"><ele>1249.550</ele><time>2026-09-25T13:24:53Z</time><speed>1.080</speed><sat>23</sat></trkpt>
  <trkpt lat="45.49317371" lon="2.88422054"><ele>1251.222</ele><time>2026-09-25T13:24:56Z</time><speed>1.080</speed><sat>22</sat></trkpt>
  <trkpt lat="45.49314333" lon="2.88425193"><ele>1248.360</ele><time>2026-09-25T13:24:59Z</time><speed>1.070</speed><sat>24</sat></trkpt>
  <trkpt lat="45.49311958" lon="2.88430929"><ele>1249.697</ele><time>2026-09-25T13:25:02Z</time><speed>1.380</speed><sat>24</sat></trkpt>
  <trkpt lat="45.49308993" lon="2.88435625"><ele>1251.690</ele><time>2026-09-25T13:25:05Z</time><speed>1.290</speed><sat>23</sat></trkpt>
  <trkpt lat="45.49306005" lon="2.88439525"><ele>1252.330</ele><time>2026-09-25T13:25:08Z</time><speed>1.240</speed><sat>23</sat></trkpt>
  <trkpt lat="45.49303737" lon="2.88443363"><ele>1253.821</ele><time>2026-09-25T13:25:11Z</time><speed>1.200</speed><sat>23</sat></trkpt>
  <trkpt lat="45.49299939" lon="2.88446715"><ele>1250.664</ele><time>2026-09-25T13:25:14Z</time><speed>1.270</speed><sat>23</sat></trkpt>
  <trkpt lat="45.49296670" lon="2.88450987"><ele>1248.677</ele><time>2026-09-25T13:25:17Z</time><speed>1.320</speed><sat>25</sat></trkpt>
  <trkpt lat="45.49293659" lon="2.88454629"><ele>1248.531</ele><time>2026-09-25T13:25:20Z</time><speed>1.370</speed><sat>25</sat></trkpt>
  <trkpt lat="45.49290851" lon="2.88458010"><ele>1250.336</ele><time>2026-09-25T13:25:23Z</time><speed>1.330</speed><sat>24</sat></trkpt>
  <trkpt lat="45.49289035" lon="2.88462490"><ele>1251.786</ele><time>2026-09-25T13:25:26Z</time><speed>1.330</speed><sat>24</sat></trkpt>
  <trkpt lat="45.49287426" lon="2.88466701"><ele>1252.077</ele><time>2026-09-25T13:25:29Z</time><speed>1.320</speed><sat>24</sat></trkpt>
  <trkpt lat="45.49285123" lon="2.88470441"><ele>1251.927</ele><time>2026-09-25T13:25:32Z</time><speed>1.370</speed><sat>24</sat></trkpt>
  <trkpt lat="45.49283253" lon="2.88474733"><ele>1251.023</ele><time>2026-09-25T13:25:35Z</time><speed>1.330</speed><sat>24</sat></trkpt>
  <trkpt lat="45.49281430" lon="2.88478824"><ele>1251.760</ele><time>2026-09-25T13:25:38Z</time><speed>1.410</speed><sat>24</sat></trkpt>
  <trkpt lat="45.49279662" lon="2.88483314"><ele>1254.031</ele><time>2026-09-25T13:25:41Z</time><speed>1.350</speed><sat>23</sat></trkpt>
  <trkpt lat="45.49277408" lon="2.88487123"><ele>1254.302</ele><time>2026-09-25T13:25:44Z</time><speed>1.350</speed><sat>22</sat></trkpt>
  <trkpt lat="45.49274528" lon="2.88490868"><ele>1255.512</ele><time>2026-09-25T13:25:47Z</time><speed>1.340</speed><sat>24</sat></trkpt>
  <trkpt lat="45.49271832" lon="2.88494264"><ele>1256.550</ele><time>2026-09-25T13:25:50Z</time><speed>1.370</speed><sat>23</sat></trkpt>
  <trkpt lat="45.49268320" lon="2.88497954"><ele>1255.946</ele><time>2026-09-25T13:25:53Z</time><speed>1.390</speed><sat>22</sat></trkpt>
  <trkpt lat="45.49265030" lon="2.88501650"><ele>1255.520</ele><time>2026-09-25T13:25:56Z</time><speed>1.420</speed><sat>23</sat></trkpt>
  <trkpt lat="45.49262767" lon="2.88505937"><ele>1255.539</ele><time>2026-09-25T13:25:59Z</time><speed>1.340</speed><sat>23</sat></trkpt>
  <trkpt lat="45.49260133" lon="2.88509367"><ele>1255.269</ele><time>2026-09-25T13:26:02Z</time><speed>1.360</speed><sat>23</sat></trkpt>
  <trkpt lat="45.49257753" lon="2.88512729"><ele>1255.711</ele><time>2026-09-25T13:26:05Z</time><speed>1.350</speed><sat>24</sat></trkpt>
  <trkpt lat="45.49255626" lon="2.88517523"><ele>1255.812</ele><time>2026-09-25T13:26:08Z</time><speed>1.350</speed><sat>23</sat></trkpt>
  <trkpt lat="45.49253299" lon="2.88522083"><ele>1257.018</ele><time>2026-09-25T13:26:11Z</time><speed>1.280</speed><sat>24</sat></trkpt>
  <trkpt lat="45.49250799" lon="2.88525684"><ele>1256.604</ele><time>2026-09-25T13:26:14Z</time><speed>1.300</speed><sat>23</sat></trkpt>
  <trkpt lat="45.49248381" lon="2.88529769"><ele>1256.794</ele><time>2026-09-25T13:26:17Z</time><speed>1.310</speed><sat>21</sat></trkpt>
  <trkpt lat="45.49246252" lon="2.88534417"><ele>1256.854</ele><time>2026-09-25T13:26:20Z</time><speed>1.280</speed><sat>22</sat></trkpt>
  <trkpt lat="45.49244421" lon="2.88539791"><ele>1255.556</ele><time>2026-09-25T13:26:23Z</time><speed>1.220</speed><sat>22</sat></trkpt>
  <trkpt lat="45.49243524" lon="2.88545317"><ele>1255.051</ele><time>2026-09-25T13:26:26Z</time><speed>1.270</speed><sat>23</sat></trkpt>
  <trkpt lat="45.49242117" lon="2.88551276"><ele>1255.869</ele><time>2026-09-25T13:26:29Z</time><speed>1.380</speed><sat>22</sat></trkpt>
  <trkpt lat="45.49240718" lon="2.88557007"><ele>1255.469</ele><time>2026-09-25T13:26:32Z</time><speed>1.310</speed><sat>22</sat></trkpt>
  <trkpt lat="45.49239370" lon="2.88562028"><ele>1256.632</ele><time>2026-09-25T13:26:35Z</time><speed>1.320</speed><sat>22</sat></trkpt>
  <trkpt lat="45.49238985" lon="2.88567819"><ele>1256.681</ele><time>2026-09-25T13:26:38Z</time><speed>1.320</speed><sat>21</sat></trkpt>
  <trkpt lat="45.49238247" lon="2.88573211"><ele>1256.482</ele><time>2026-09-25T13:26:41Z</time><speed>1.320</speed><sat>20</sat></trkpt>
  <trkpt lat="45.49237444" lon="2.88579188"><ele>1257.717</ele><time>2026-09-25T13:26:44Z</time><speed>1.380</speed><sat>21</sat></trkpt>
  <trkpt lat="45.49235856" lon="2.88584813"><ele>1257.505</ele><time>2026-09-25T13:26:47Z</time><speed>1.390</speed><sat>22</sat></trkpt>
  <trkpt lat="45.49234764" lon="2.88590347"><ele>1256.914</ele><time>2026-09-25T13:26:50Z</time><speed>1.360</speed><sat>22</sat></trkpt>
  <trkpt lat="45.49233652" lon="2.88595956"><ele>1257.544</ele><time>2026-09-25T13:26:53Z</time><speed>1.460</speed><sat>22</sat></trkpt>
  <trkpt lat="45.49232109" lon="2.88601028"><ele>1256.962</ele><time>2026-09-25T13:26:56Z</time><speed>1.330</speed><sat>24</sat></trkpt>
  <trkpt lat="45.49230562" lon="2.88606338"><ele>1256.986</ele><time>2026-09-25T13:26:59Z</time><speed>1.380</speed><sat>23</sat></trkpt>
  <trkpt lat="45.49228526" lon="2.88611688"><ele>1257.594</ele><time>2026-09-25T13:27:02Z</time><speed>1.390</speed><sat>21</sat></trkpt>
  <trkpt lat="45.49227472" lon="2.88617612"><ele>1257.111</ele><time>2026-09-25T13:27:05Z</time><speed>1.420</speed><sat>22</sat></trkpt>
  <trkpt lat="45.49226685" lon="2.88623174"><ele>1257.290</ele><time>2026-09-25T13:27:08Z</time><speed>1.370</speed><sat>22</sat></trkpt>
  <trkpt lat="45.49226302" lon="2.88629067"><ele>1257.785</ele><time>2026-09-25T13:27:11Z</time><speed>1.410</speed><sat>21</sat></trkpt>
  <trkpt lat="45.49227072" lon="2.88635450"><ele>1257.059</ele><time>2026-09-25T13:27:14Z</time><speed>1.390</speed><sat>21</sat></trkpt>
  <trkpt lat="45.49227417" lon="2.88641407"><ele>1255.925</ele><time>2026-09-25T13:27:17Z</time><speed>1.410</speed><sat>23</sat></trkpt>
  <trkpt lat="45.49227053" lon="2.88647783"><ele>1256.998</ele><time>2026-09-25T13:27:20Z</time><speed>1.380</speed><sat>22</sat></trkpt>
  <trkpt lat="45.49226075" lon="2.88653315"><ele>1257.554</ele><time>2026-09-25T13:27:23Z</time><speed>1.400</speed><sat>21</sat></trkpt>
  <trkpt lat="45.49224847" lon="2.88658663"><ele>1257.492</ele><time>2026-09-25T13:27:26Z</time><speed>1.350</speed><sat>23</sat></trkpt>
  <trkpt lat="45.49225181" lon="2.88664415"><ele>1257.112</ele><time>2026-09-25T13:27:29Z</time><speed>1.380</speed><sat>23</sat></trkpt>
  <trkpt lat="45.49226798" lon="2.88669384"><ele>1256.344</ele><time>2026-09-25T13:27:32Z</time><speed>1.350</speed><sat>23</sat></trkpt>
  <trkpt lat="45.49228810" lon="2.88674485"><ele>1257.007</ele><time>2026-09-25T13:27:35Z</time><speed>1.370</speed><sat>23</sat></trkpt>
  <trkpt lat="45.49230181" lon="2.88679780"><ele>1257.261</ele><time>2026-09-25T13:27:38Z</time><speed>1.390</speed><sat>23</sat></trkpt>
  <trkpt lat="45.49230710" lon="2.88685566"><ele>1257.008</ele><time>2026-09-25T13:27:41Z</time><speed>1.360</speed><sat>21</sat></trkpt>
  <trkpt lat="45.49230586" lon="2.88691241"><ele>1257.704</ele><time>2026-09-25T13:27:44Z</time><speed>1.320</speed><sat>22</sat></trkpt>
  <trkpt lat="45.49231023" lon="2.88697720"><ele>1258.115</ele><time>2026-09-25T13:27:47Z</time><speed>1.360</speed><sat>22</sat></trkpt>
  <trkpt lat="45.49230927" lon="2.88703404"><ele>1257.953</ele><time>2026-09-25T13:27:50Z</time><speed>1.450</speed><sat>23</sat></trkpt>
  <trkpt lat="45.49231119" lon="2.88708546"><ele>1258.599</ele><time>2026-09-25T13:27:53Z</time><speed>1.490</speed><sat>23</sat></trkpt>
  <trkpt lat="45.49230620" lon="2.88713685"><ele>1256.780</ele><time>2026-09-25T13:27:56Z</time><speed>1.420</speed><sat>23</sat></trkpt>
  <trkpt lat="45.49230468" lon="2.88718953"><ele>1256.181</ele><time>2026-09-25T13:27:59Z</time><speed>1.390</speed><sat>25</sat></trkpt>
  <trkpt lat="45.49230404" lon="2.88724271"><ele>1256.686</ele><time>2026-09-25T13:28:02Z</time><speed>1.390</speed><sat>24</sat></trkpt>
  <trkpt lat="45.49231065" lon="2.88728829"><ele>1257.082</ele><time>2026-09-25T13:28:05Z</time><speed>1.370</speed><sat>24</sat></trkpt>
  <trkpt lat="45.49232540" lon="2.88734035"><ele>1257.356</ele><time>2026-09-25T13:28:08Z</time><speed>1.380</speed><sat>25</sat></trkpt>
  <trkpt lat="45.49235855" lon="2.88736353"><ele>1257.307</ele><time>2026-09-25T13:28:11Z</time><speed>1.300</speed><sat>26</sat></trkpt>
  <trkpt lat="45.49239379" lon="2.88738910"><ele>1256.043</ele><time>2026-09-25T13:28:14Z</time><speed>1.390</speed><sat>25</sat></trkpt>
  <trkpt lat="45.49242746" lon="2.88742084"><ele>1256.399</ele><time>2026-09-25T13:28:17Z</time><speed>1.360</speed><sat>24</sat></trkpt>
  <trkpt lat="45.49245448" lon="2.88746676"><ele>1256.544</ele><time>2026-09-25T13:28:20Z</time><speed>1.310</speed><sat>25</sat></trkpt>
  <trkpt lat="45.49247541" lon="2.88751099"><ele>1257.901</ele><time>2026-09-25T13:28:23Z</time><speed>1.310</speed><sat>27</sat></trkpt>
  <trkpt lat="45.49248517" lon="2.88755196"><ele>1255.762</ele><time>2026-09-25T13:28:26Z</time><speed>1.250</speed><sat>27</sat></trkpt>
  <trkpt lat="45.49249098" lon="2.88759840"><ele>1256.291</ele><time>2026-09-25T13:28:29Z</time><speed>1.220</speed><sat>26</sat></trkpt>
  <trkpt lat="45.49249355" lon="2.88763918"><ele>1255.314</ele><time>2026-09-25T13:28:32Z</time><speed>1.240</speed><sat>27</sat></trkpt>
  <trkpt lat="45.49249286" lon="2.88768867"><ele>1254.472</ele><time>2026-09-25T13:28:35Z</time><speed>1.300</speed><sat>25</sat></trkpt>
  <trkpt lat="45.49250236" lon="2.88773598"><ele>1252.724</ele><time>2026-09-25T13:28:38Z</time><speed>1.230</speed><sat>25</sat></trkpt>
  <trkpt lat="45.49251708" lon="2.88778048"><ele>1252.248</ele><time>2026-09-25T13:28:41Z</time><speed>1.290</speed><sat>26</sat></trkpt>
  <trkpt lat="45.49251934" lon="2.88783106"><ele>1252.939</ele><time>2026-09-25T13:28:44Z</time><speed>1.170</speed><sat>26</sat></trkpt>
  <trkpt lat="45.49251097" lon="2.88788508"><ele>1252.969</ele><time>2026-09-25T13:28:47Z</time><speed>1.140</speed><sat>26</sat></trkpt>
  <trkpt lat="45.49249298" lon="2.88792608"><ele>1253.291</ele><time>2026-09-25T13:28:50Z</time><speed>1.160</speed><sat>26</sat></trkpt>
  <trkpt lat="45.49249968" lon="2.88797012"><ele>1255.290</ele><time>2026-09-25T13:28:53Z</time><speed>1.230</speed><sat>25</sat></trkpt>
  <trkpt lat="45.49250972" lon="2.88801322"><ele>1255.411</ele><time>2026-09-25T13:28:56Z</time><speed>1.140</speed><sat>24</sat></trkpt>
  <trkpt lat="45.49250891" lon="2.88805939"><ele>1256.082</ele><time>2026-09-25T13:28:59Z</time><speed>1.300</speed><sat>24</sat></trkpt>
  <trkpt lat="45.49249847" lon="2.88810219"><ele>1257.113</ele><time>2026-09-25T13:29:02Z</time><speed>1.100</speed><sat>24</sat></trkpt>
  <trkpt lat="45.49248619" lon="2.88813960"><ele>1257.209</ele><time>2026-09-25T13:29:05Z</time><speed>1.130</speed><sat>27</sat></trkpt>
  <trkpt lat="45.49246072" lon="2.88816612"><ele>1256.733</ele><time>2026-09-25T13:29:08Z</time><speed>1.140</speed><sat>27</sat></trkpt>
  <trkpt lat="45.49244061" lon="2.88819140"><ele>1255.704</ele><time>2026-09-25T13:29:11Z</time><speed>1.100</speed><sat>27</sat></trkpt>
  <trkpt lat="45.49242981" lon="2.88822732"><ele>1255.882</ele><time>2026-09-25T13:29:14Z</time><speed>1.060</speed><sat>27</sat></trkpt>
  <trkpt lat="45.49242632" lon="2.88826897"><ele>1258.117</ele><time>2026-09-25T13:29:17Z</time><speed>1.010</speed><sat>27</sat></trkpt>
  <trkpt lat="45.49242582" lon="2.88831864"><ele>1257.827</ele><time>2026-09-25T13:29:20Z</time><speed>1.150</speed><sat>25</sat></trkpt>
  <trkpt lat="45.49241466" lon="2.88836907"><ele>1256.990</ele><time>2026-09-25T13:29:23Z</time><speed>1.320</speed><sat>26</sat></trkpt>
  <trkpt lat="45.49240410" lon="2.88841652"><ele>1257.311</ele><time>2026-09-25T13:29:26Z</time><speed>1.260</speed><sat>23</sat></trkpt>
  <trkpt lat="45.49240740" lon="2.88846537"><ele>1257.907</ele><time>2026-09-25T13:29:29Z</time><speed>1.180</speed><sat>24</sat></trkpt>
  <trkpt lat="45.49241700" lon="2.88851315"><ele>1257.344</ele><time>2026-09-25T13:29:32Z</time><speed>1.110</speed><sat>23</sat></trkpt>
  <trkpt lat="45.49241989" lon="2.88855460"><ele>1257.877</ele><time>2026-09-25T13:29:35Z</time><speed>1.100</speed><sat>22</sat></trkpt>
  <trkpt lat="45.49241159" lon="2.88859459"><ele>1257.515</ele><time>2026-09-25T13:29:38Z</time><speed>1.080</speed><sat>25</sat></trkpt>
  <trkpt lat="45.49241739" lon="2.88863312"><ele>1258.734</ele><time>2026-09-25T13:29:41Z</time><speed>1.080</speed><sat>26</sat></trkpt>
  <trkpt lat="45.49241080" lon="2.88867252"><ele>1260.070</ele><time>2026-09-25T13:29:44Z</time><speed>1.020</speed><sat>25</sat></trkpt>
  <trkpt lat="45.49241884" lon="2.88871813"><ele>1259.913</ele><time>2026-09-25T13:29:47Z</time><speed>0.950</speed><sat>23</sat></trkpt>
  <trkpt lat="45.49241765" lon="2.88876348"><ele>1262.686</ele><time>2026-09-25T13:29:50Z</time><speed>0.950</speed><sat>22</sat></trkpt>
  <trkpt lat="45.49242433" lon="2.88880993"><ele>1263.972</ele><time>2026-09-25T13:29:53Z</time><speed>1.220</speed><sat>23</sat></trkpt>
  <trkpt lat="45.49243163" lon="2.88886572"><ele>1263.815</ele><time>2026-09-25T13:29:56Z</time><speed>1.390</speed><sat>24</sat></trkpt>
  <trkpt lat="45.49242566" lon="2.88892736"><ele>1264.775</ele><time>2026-09-25T13:29:59Z</time><speed>1.580</speed><sat>25</sat></trkpt>
  <trkpt lat="45.49242218" lon="2.88898702"><ele>1265.625</ele><time>2026-09-25T13:30:02Z</time><speed>1.570</speed><sat>25</sat></trkpt>
  <trkpt lat="45.49241963" lon="2.88903584"><ele>1265.432</ele><time>2026-09-25T13:30:05Z</time><speed>1.340</speed><sat>22</sat></trkpt>
  <trkpt lat="45.49241871" lon="2.88907604"><ele>1264.123</ele><time>2026-09-25T13:30:08Z</time><speed>1.210</speed><sat>25</sat></trkpt>
  <trkpt lat="45.49243512" lon="2.88911037"><ele>1264.583</ele><time>2026-09-25T13:30:11Z</time><speed>1.110</speed><sat>24</sat></trkpt>
  <trkpt lat="45.49244444" lon="2.88914643"><ele>1264.499</ele><time>2026-09-25T13:30:14Z</time><speed>1.020</speed><sat>24</sat></trkpt>
  <trkpt lat="45.49246069" lon="2.88918214"><ele>1264.687</ele><time>2026-09-25T13:30:17Z</time><speed>1.220</speed><sat>25</sat></trkpt>
  <trkpt lat="45.49247443" lon="2.88921901"><ele>1264.670</ele><time>2026-09-25T13:30:20Z</time><speed>1.260</speed><sat>26</sat></trkpt>
  <trkpt lat="45.49247852" lon="2.88925163"><ele>1264.958</ele><time>2026-09-25T13:30:23Z</time><speed>1.210</speed><sat>27</sat></trkpt>
  <trkpt lat="45.49247020" lon="2.88928492"><ele>1266.398</ele><time>2026-09-25T13:30:26Z</time><speed>1.070</speed><sat>27</sat></trkpt>
  <trkpt lat="45.49246725" lon="2.88931736"><ele>1266.960</ele><time>2026-09-25T13:30:29Z</time><speed>1.200</speed><sat>26</sat></trkpt>
  <trkpt lat="45.49245737" lon="2.88933998"><ele>1266.568</ele><time>2026-09-25T13:30:32Z</time><speed>0.950</speed><sat>25</sat></trkpt>
  <trkpt lat="45.49245975" lon="2.88936639"><ele>1265.303</ele><time>2026-09-25T13:30:35Z</time><speed>0.870</speed><sat>25</sat></trkpt>
  <trkpt lat="45.49245873" lon="2.88938243"><ele>1264.007</ele><time>2026-09-25T13:30:38Z</time><speed>0.870</speed><sat>27</sat></trkpt>
  <trkpt lat="45.49245482" lon="2.88939593"><ele>1262.718</ele><time>2026-09-25T13:30:41Z</time><speed>0.000</speed><sat>26</sat></trkpt>
  <trkpt lat="45.49245532" lon="2.88939543"><ele>1262.744</ele><time>2026-09-25T13:30:44Z</time><speed>0.000</speed><sat>24</sat></trkpt>
  <trkpt lat="45.49245487" lon="2.88939553"><ele>1262.672</ele><time>2026-09-25T13:30:47Z</time><speed>0.000</speed><sat>25</sat></trkpt>
  <trkpt lat="45.49245487" lon="2.88939547"><ele>1262.705</ele><time>2026-09-25T13:30:50Z</time><speed>0.000</speed><sat>23</sat></trkpt>
  <trkpt lat="45.49245528" lon="2.88939657"><ele>1263.110</ele><time>2026-09-25T13:30:53Z</time><speed>0.000</speed><sat>22</sat></trkpt>
  <trkpt lat="45.49245544" lon="2.88939649"><ele>1263.123</ele><time>2026-09-25T13:30:56Z</time><speed>0.000</speed><sat>26</sat></trkpt>
  <trkpt lat="45.49245974" lon="2.88939219"><ele>1263.640</ele><time>2026-09-25T13:30:59Z</time><speed>0.000</speed><sat>25</sat></trkpt>
  <trkpt lat="45.49245950" lon="2.88939182"><ele>1263.642</ele><time>2026-09-25T13:31:02Z</time><speed>0.000</speed><sat>24</sat></trkpt>
  <trkpt lat="45.49244745" lon="2.88942517"><ele>1264.050</ele><time>2026-09-25T13:31:05Z</time><speed>1.800</speed><sat>26</sat></trkpt>
  <trkpt lat="45.49243491" lon="2.88945237"><ele>1263.723</ele><time>2026-09-25T13:31:08Z</time><speed>1.130</speed><sat>27</sat></trkpt>
  <trkpt lat="45.49243679" lon="2.88948544"><ele>1264.087</ele><time>2026-09-25T13:31:11Z</time><speed>0.980</speed><sat>27</sat></trkpt>
  <trkpt lat="45.49244680" lon="2.88952353"><ele>1263.765</ele><time>2026-09-25T13:31:14Z</time><speed>0.960</speed><sat>27</sat></trkpt>
  <trkpt lat="45.49244517" lon="2.88956697"><ele>1263.281</ele><time>2026-09-25T13:31:17Z</time><speed>1.110</speed><sat>25</sat></trkpt>
  <trkpt lat="45.49244675" lon="2.88962036"><ele>1264.459</ele><time>2026-09-25T13:31:20Z</time><speed>1.140</speed><sat>22</sat></trkpt>
  <trkpt lat="45.49245566" lon="2.88966824"><ele>1266.128</ele><time>2026-09-25T13:31:23Z</time><speed>1.240</speed><sat>22</sat></trkpt>
  <trkpt lat="45.49246184" lon="2.88971008"><ele>1266.542</ele><time>2026-09-25T13:31:26Z</time><speed>1.040</speed><sat>23</sat></trkpt>
  <trkpt lat="45.49247650" lon="2.88975009"><ele>1265.984</ele><time>2026-09-25T13:31:29Z</time><speed>1.000</speed><sat>20</sat></trkpt>
  <trkpt lat="45.49248155" lon="2.88978568"><ele>1264.711</ele><time>2026-09-25T13:31:32Z</time><speed>1.020</speed><sat>21</sat></trkpt>
  <trkpt lat="45.49249581" lon="2.88982426"><ele>1263.388</ele><time>2026-09-25T13:31:35Z</time><speed>1.230</speed><sat>21</sat></trkpt>
  <trkpt lat="45.49245837" lon="2.88984833"><ele>1260.901</ele><time>2026-09-25T13:31:38Z</time><speed>1.320</speed><sat>20</sat></trkpt>
  <trkpt lat="45.49244259" lon="2.88984696"><ele>1260.578</ele><time>2026-09-25T13:31:41Z</time><speed>1.400</speed><sat>23</sat></trkpt>
  <trkpt lat="45.49244400" lon="2.88989521"><ele>1260.456</ele><time>2026-09-25T13:31:44Z</time><speed>1.440</speed><sat>22</sat></trkpt>
  <trkpt lat="45.49245903" lon="2.88993679"><ele>1263.885</ele><time>2026-09-25T13:31:47Z</time><speed>1.300</speed><sat>21</sat></trkpt>
  <trkpt lat="45.49246809" lon="2.89005021"><ele>1266.202</ele><time>2026-09-25T13:31:50Z</time><speed>3.840</speed><sat>22</sat></trkpt>
  <trkpt lat="45.49246335" lon="2.89018683"><ele>1271.065</ele><time>2026-09-25T13:31:53Z</time><speed>3.610</speed><sat>23</sat></trkpt>
  <trkpt lat="45.49246929" lon="2.89025532"><ele>1276.701</ele><time>2026-09-25T13:31:56Z</time><speed>1.860</speed><sat>20</sat></trkpt>
  <trkpt lat="45.49247703" lon="2.89027708"><ele>1277.762</ele><time>2026-09-25T13:31:59Z</time><speed>1.000</speed><sat>18</sat></trkpt>
  <trkpt lat="45.49247647" lon="2.89028841"><ele>1275.192</ele><time>2026-09-25T13:32:02Z</time><speed>1.020</speed><sat>19</sat></trkpt>
  <trkpt lat="45.49247455" lon="2.89028149"><ele>1272.181</ele><time>2026-09-25T13:32:05Z</time><speed>0.940</speed><sat>19</sat></trkpt>
  <trkpt lat="45.49248024" lon="2.89030423"><ele>1273.552</ele><time>2026-09-25T13:32:08Z</time><speed>1.190</speed><sat>19</sat></trkpt>
  <trkpt lat="45.49249427" lon="2.89033431"><ele>1274.298</ele><time>2026-09-25T13:32:11Z</time><speed>1.110</speed><sat>20</sat></trkpt>
  <trkpt lat="45.49251046" lon="2.89036377"><ele>1273.729</ele><time>2026-09-25T13:32:14Z</time><speed>1.220</speed><sat>20</sat></trkpt>
  <trkpt lat="45.49252924" lon="2.89040093"><ele>1272.372</ele><time>2026-09-25T13:32:17Z</time><speed>1.420</speed><sat>19</sat></trkpt>
  <trkpt lat="45.49252825" lon="2.89043390"><ele>1268.380</ele><time>2026-09-25T13:32:20Z</time><speed>1.080</speed><sat>20</sat></trkpt>
  <trkpt lat="45.49252665" lon="2.89045012"><ele>1264.248</ele><time>2026-09-25T13:32:23Z</time><speed>0.850</speed><sat>21</sat></trkpt>
  <trkpt lat="45.49252334" lon="2.89044616"><ele>1264.318</ele><time>2026-09-25T13:32:26Z</time><speed>0.000</speed><sat>25</sat></trkpt>
  <trkpt lat="45.49249985" lon="2.89046101"><ele>1264.089</ele><time>2026-09-25T13:32:29Z</time><speed>1.050</speed><sat>24</sat></trkpt>
  <trkpt lat="45.49250394" lon="2.89049733"><ele>1263.386</ele><time>2026-09-25T13:32:32Z</time><speed>1.080</speed><sat>24</sat></trkpt>
  <trkpt lat="45.49251373" lon="2.89052782"><ele>1265.426</ele><time>2026-09-25T13:32:35Z</time><speed>1.040</speed><sat>25</sat></trkpt>
  <trkpt lat="45.49252601" lon="2.89056049"><ele>1266.447</ele><time>2026-09-25T13:32:38Z</time><speed>0.980</speed><sat>25</sat></trkpt>
  <trkpt lat="45.49253427" lon="2.89059570"><ele>1266.776</ele><time>2026-09-25T13:32:41Z</time><speed>1.040</speed><sat>24</sat></trkpt>
  <trkpt lat="45.49254144" lon="2.89063691"><ele>1267.722</ele><time>2026-09-25T13:32:44Z</time><speed>1.030</speed><sat>25</sat></trkpt>
  <trkpt lat="45.49254663" lon="2.89067818"><ele>1267.539</ele><time>2026-09-25T13:32:47Z</time><speed>0.990</speed><sat>24</sat></trkpt>
  <trkpt lat="45.49255303" lon="2.89071640"><ele>1267.172</ele><time>2026-09-25T13:32:50Z</time><speed>0.950</speed><sat>23</sat></trkpt>
  <trkpt lat="45.49256140" lon="2.89075945"><ele>1265.667</ele><time>2026-09-25T13:32:53Z</time><speed>1.000</speed><sat>25</sat></trkpt>
  <trkpt lat="45.49256052" lon="2.89080462"><ele>1264.911</ele><time>2026-09-25T13:32:56Z</time><speed>0.960</speed><sat>24</sat></trkpt>
  <trkpt lat="45.49256315" lon="2.89084590"><ele>1264.259</ele><time>2026-09-25T13:32:59Z</time><speed>0.980</speed><sat>22</sat></trkpt>
  <trkpt lat="45.49256872" lon="2.89088888"><ele>1265.302</ele><time>2026-09-25T13:33:02Z</time><speed>0.990</speed><sat>22</sat></trkpt>
  <trkpt lat="45.49257299" lon="2.89093791"><ele>1264.525</ele><time>2026-09-25T13:33:05Z</time><speed>1.010</speed><sat>22</sat></trkpt>
  <trkpt lat="45.49257636" lon="2.89098045"><ele>1266.208</ele><time>2026-09-25T13:33:08Z</time><speed>1.170</speed><sat>22</sat></trkpt>
  <trkpt lat="45.49259003" lon="2.89100636"><ele>1265.875</ele><time>2026-09-25T13:33:11Z</time><speed>0.990</speed><sat>23</sat></trkpt>
  <trkpt lat="45.49259896" lon="2.89104592"><ele>1264.704</ele><time>2026-09-25T13:33:14Z</time><speed>0.940</speed><sat>22</sat></trkpt>
  <trkpt lat="45.49259552" lon="2.89107482"><ele>1264.150</ele><time>2026-09-25T13:33:17Z</time><speed>0.000</speed><sat>22</sat></trkpt>
  <trkpt lat="45.49259626" lon="2.89107640"><ele>1264.063</ele><time>2026-09-25T13:33:20Z</time><speed>0.000</speed><sat>24</sat></trkpt>
  <trkpt lat="45.49259625" lon="2.89107645"><ele>1263.966</ele><time>2026-09-25T13:33:23Z</time><speed>0.000</speed><sat>22</sat></trkpt>
  <trkpt lat="45.49259447" lon="2.89107675"><ele>1263.840</ele><time>2026-09-25T13:33:26Z</time><speed>0.000</speed><sat>22</sat></trkpt>
  <trkpt lat="45.49259315" lon="2.89107698"><ele>1263.797</ele><time>2026-09-25T13:33:29Z</time><speed>0.000</speed><sat>23</sat></trkpt>
  <trkpt lat="45.49259629" lon="2.89108484"><ele>1263.549</ele><time>2026-09-25T13:33:32Z</time><speed>0.230</speed><sat>22</sat></trkpt>
  <trkpt lat="45.49260049" lon="2.89114357"><ele>1264.034</ele><time>2026-09-25T13:33:35Z</time><speed>2.830</speed><sat>24</sat></trkpt>
  <trkpt lat="45.49260516" lon="2.89120330"><ele>1264.813</ele><time>2026-09-25T13:33:38Z</time><speed>1.580</speed><sat>23</sat></trkpt>
  <trkpt lat="45.49263433" lon="2.89124584"><ele>1266.208</ele><time>2026-09-25T13:33:41Z</time><speed>1.420</speed><sat>23</sat></trkpt>
  <trkpt lat="45.49266307" lon="2.89128061"><ele>1268.746</ele><time>2026-09-25T13:33:44Z</time><speed>1.280</speed><sat>25</sat></trkpt>
  <trkpt lat="45.49268811" lon="2.89131537"><ele>1268.901</ele><time>2026-09-25T13:33:47Z</time><speed>1.110</speed><sat>25</sat></trkpt>
  <trkpt lat="45.49271152" lon="2.89134827"><ele>1268.299</ele><time>2026-09-25T13:33:50Z</time><speed>0.930</speed><sat>22</sat></trkpt>
  <trkpt lat="45.49272776" lon="2.89137934"><ele>1267.865</ele><time>2026-09-25T13:33:53Z</time><speed>0.970</speed><sat>24</sat></trkpt>
  <trkpt lat="45.49273276" lon="2.89141909"><ele>1267.265</ele><time>2026-09-25T13:33:56Z</time><speed>1.150</speed><sat>24</sat></trkpt>
  <trkpt lat="45.49274537" lon="2.89146698"><ele>1265.960</ele><time>2026-09-25T13:33:59Z</time><speed>1.330</speed><sat>24</sat></trkpt>
  <trkpt lat="45.49276199" lon="2.89150378"><ele>1265.556</ele><time>2026-09-25T13:34:02Z</time><speed>1.250</speed><sat>24</sat></trkpt>
  <trkpt lat="45.49277402" lon="2.89154556"><ele>1265.859</ele><time>2026-09-25T13:34:05Z</time><speed>1.190</speed><sat>24</sat></trkpt>
  <trkpt lat="45.49279246" lon="2.89158079"><ele>1266.279</ele><time>2026-09-25T13:34:08Z</time><speed>1.230</speed><sat>22</sat></trkpt>
  <trkpt lat="45.49281224" lon="2.89161470"><ele>1267.313</ele><time>2026-09-25T13:34:11Z</time><speed>1.140</speed><sat>20</sat></trkpt>
  <trkpt lat="45.49283083" lon="2.89163770"><ele>1266.473</ele><time>2026-09-25T13:34:14Z</time><speed>1.070</speed><sat>22</sat></trkpt>
  <trkpt lat="45.49285057" lon="2.89166289"><ele>1268.199</ele><time>2026-09-25T13:34:17Z</time><speed>1.000</speed><sat>23</sat></trkpt>
  <trkpt lat="45.49286632" lon="2.89168810"><ele>1269.125</ele><time>2026-09-25T13:34:20Z</time><speed>1.090</speed><sat>24</sat></trkpt>
  <trkpt lat="45.49287836" lon="2.89171315"><ele>1269.870</ele><time>2026-09-25T13:34:23Z</time><speed>0.950</speed><sat>24</sat></trkpt>
  <trkpt lat="45.49289182" lon="2.89174309"><ele>1268.547</ele><time>2026-09-25T13:34:26Z</time><speed>0.930</speed><sat>22</sat></trkpt>
  <trkpt lat="45.49290932" lon="2.89176976"><ele>1269.546</ele><time>2026-09-25T13:34:29Z</time><speed>0.940</speed><sat>23</sat></trkpt>
  <trkpt lat="45.49291927" lon="2.89180830"><ele>1268.572</ele><time>2026-09-25T13:34:32Z</time><speed>0.950</speed><sat>23</sat></trkpt>
  <trkpt lat="45.49292901" lon="2.89183915"><ele>1268.649</ele><time>2026-09-25T13:34:35Z</time><speed>1.060</speed><sat>21</sat></trkpt>
  <trkpt lat="45.49292288" lon="2.89187432"><ele>1267.655</ele><time>2026-09-25T13:34:38Z</time><speed>0.960</speed><sat>23</sat></trkpt>
  <trkpt lat="45.49292195" lon="2.89188989"><ele>1265.350</ele><time>2026-09-25T13:34:41Z</time><speed>0.820</speed><sat>23</sat></trkpt>
  <trkpt lat="45.49292152" lon="2.89189867"><ele>1264.621</ele><time>2026-09-25T13:34:44Z</time><speed>0.550</speed><sat>21</sat></trkpt>
  <trkpt lat="45.49292533" lon="2.89190697"><ele>1265.209</ele><time>2026-09-25T13:34:47Z</time><speed>0.000</speed><sat>22</sat></trkpt>
  <trkpt lat="45.49294507" lon="2.89195096"><ele>1265.295</ele><time>2026-09-25T13:34:50Z</time><speed>0.270</speed><sat>23</sat></trkpt>
  <trkpt lat="45.49296319" lon="2.89195119"><ele>1265.710</ele><time>2026-09-25T13:34:53Z</time><speed>0.760</speed><sat>23</sat></trkpt>
  <trkpt lat="45.49297207" lon="2.89200929"><ele>1265.889</ele><time>2026-09-25T13:34:56Z</time><speed>1.600</speed><sat>21</sat></trkpt>
  <trkpt lat="45.49297759" lon="2.89202817"><ele>1266.467</ele><time>2026-09-25T13:34:59Z</time><speed>0.950</speed><sat>21</sat></trkpt>
  <trkpt lat="45.49300064" lon="2.89206034"><ele>1270.054</ele><time>2026-09-25T13:35:02Z</time><speed>0.970</speed><sat>19</sat></trkpt>
  <trkpt lat="45.49301949" lon="2.89209665"><ele>1271.137</ele><time>2026-09-25T13:35:05Z</time><speed>1.110</speed><sat>21</sat></trkpt>
  <trkpt lat="45.49305050" lon="2.89212218"><ele>1270.739</ele><time>2026-09-25T13:35:08Z</time><speed>1.150</speed><sat>21</sat></trkpt>
  <trkpt lat="45.49308682" lon="2.89212261"><ele>1270.380</ele><time>2026-09-25T13:35:11Z</time><speed>1.230</speed><sat>20</sat></trkpt>
  <trkpt lat="45.49311734" lon="2.89213422"><ele>1271.707</ele><time>2026-09-25T13:35:14Z</time><speed>0.980</speed><sat>21</sat></trkpt>
  <trkpt lat="45.49314141" lon="2.89215164"><ele>1271.759</ele><time>2026-09-25T13:35:17Z</time><speed>0.920</speed><sat>22</sat></trkpt>
  <trkpt lat="45.49316812" lon="2.89215622"><ele>1271.839</ele><time>2026-09-25T13:35:20Z</time><speed>1.020</speed><sat>22</sat></trkpt>
  <trkpt lat="45.49318413" lon="2.89215231"><ele>1271.637</ele><time>2026-09-25T13:35:23Z</time><speed>0.000</speed><sat>23</sat></trkpt>
  <trkpt lat="45.49320002" lon="2.89216255"><ele>1271.492</ele><time>2026-09-25T13:35:26Z</time><speed>0.480</speed><sat>21</sat></trkpt>
  <trkpt lat="45.49322251" lon="2.89216786"><ele>1272.743</ele><time>2026-09-25T13:35:29Z</time><speed>0.950</speed><sat>20</sat></trkpt>
  <trkpt lat="45.49325304" lon="2.89216913"><ele>1273.302</ele><time>2026-09-25T13:35:32Z</time><speed>0.990</speed><sat>18</sat></trkpt>
  <trkpt lat="45.49327275" lon="2.89216662"><ele>1272.556</ele><time>2026-09-25T13:35:35Z</time><speed>0.950</speed><sat>18</sat></trkpt>
  <trkpt lat="45.49328136" lon="2.89216978"><ele>1272.696</ele><time>2026-09-25T13:35:38Z</time><speed>0.000</speed><sat>18</sat></trkpt>
  <trkpt lat="45.49329463" lon="2.89216726"><ele>1271.948</ele><time>2026-09-25T13:35:41Z</time><speed>0.590</speed><sat>18</sat></trkpt>
  <trkpt lat="45.49330621" lon="2.89216421"><ele>1271.676</ele><time>2026-09-25T13:35:44Z</time><speed>0.500</speed><sat>20</sat></trkpt>
  <trkpt lat="45.49331721" lon="2.89216111"><ele>1270.715</ele><time>2026-09-25T13:35:47Z</time><speed>0.550</speed><sat>20</sat></trkpt>
  <trkpt lat="45.49333292" lon="2.89215770"><ele>1271.360</ele><time>2026-09-25T13:35:50Z</time><speed>0.620</speed><sat>17</sat></trkpt>
  <trkpt lat="45.49334984" lon="2.89214980"><ele>1273.157</ele><time>2026-09-25T13:35:53Z</time><speed>0.600</speed><sat>18</sat></trkpt>
  <trkpt lat="45.49336385" lon="2.89214554"><ele>1274.573</ele><time>2026-09-25T13:35:56Z</time><speed>0.630</speed><sat>19</sat></trkpt>
  <trkpt lat="45.49338322" lon="2.89214525"><ele>1275.880</ele><time>2026-09-25T13:35:59Z</time><speed>0.680</speed><sat>22</sat></trkpt>
  <trkpt lat="45.49340896" lon="2.89213894"><ele>1276.128</ele><time>2026-09-25T13:36:02Z</time><speed>0.950</speed><sat>23</sat></trkpt>
  <trkpt lat="45.49343742" lon="2.89213518"><ele>1273.457</ele><time>2026-09-25T13:36:05Z</time><speed>0.980</speed><sat>24</sat></trkpt>
  <trkpt lat="45.49346504" lon="2.89213510"><ele>1272.985</ele><time>2026-09-25T13:36:08Z</time><speed>1.010</speed><sat>24</sat></trkpt>
  <trkpt lat="45.49349058" lon="2.89212776"><ele>1272.235</ele><time>2026-09-25T13:36:11Z</time><speed>0.970</speed><sat>23</sat></trkpt>
  <trkpt lat="45.49351576" lon="2.89211898"><ele>1272.910</ele><time>2026-09-25T13:36:14Z</time><speed>0.940</speed><sat>23</sat></trkpt>
  <trkpt lat="45.49353234" lon="2.89209886"><ele>1272.398</ele><time>2026-09-25T13:36:17Z</time><speed>0.940</speed><sat>22</sat></trkpt>
  <trkpt lat="45.49351451" lon="2.89206278"><ele>1273.666</ele><time>2026-09-25T13:36:20Z</time><speed>0.000</speed><sat>22</sat></trkpt>
  <trkpt lat="45.49350641" lon="2.89203149"><ele>1274.721</ele><time>2026-09-25T13:36:23Z</time><speed>0.840</speed><sat>22</sat></trkpt>
  <trkpt lat="45.49352379" lon="2.89200112"><ele>1274.378</ele><time>2026-09-25T13:36:26Z</time><speed>0.880</speed><sat>22</sat></trkpt>
  <trkpt lat="45.49354256" lon="2.89199136"><ele>1274.739</ele><time>2026-09-25T13:36:29Z</time><speed>0.820</speed><sat>22</sat></trkpt>
  <trkpt lat="45.49355173" lon="2.89195952"><ele>1274.547</ele><time>2026-09-25T13:36:32Z</time><speed>0.880</speed><sat>21</sat></trkpt>
  <trkpt lat="45.49356208" lon="2.89193693"><ele>1273.980</ele><time>2026-09-25T13:36:35Z</time><speed>0.780</speed><sat>22</sat></trkpt>
  <trkpt lat="45.49357109" lon="2.89191194"><ele>1272.774</ele><time>2026-09-25T13:36:38Z</time><speed>0.890</speed><sat>22</sat></trkpt>
  <trkpt lat="45.49356845" lon="2.89188952"><ele>1271.969</ele><time>2026-09-25T13:36:41Z</time><speed>0.600</speed><sat>21</sat></trkpt>
  <trkpt lat="45.49356726" lon="2.89188598"><ele>1273.044</ele><time>2026-09-25T13:36:44Z</time><speed>0.000</speed><sat>21</sat></trkpt>
  <trkpt lat="45.49356730" lon="2.89188582"><ele>1273.039</ele><time>2026-09-25T13:36:47Z</time><speed>0.000</speed><sat>23</sat></trkpt>
  <trkpt lat="45.49356554" lon="2.89188174"><ele>1272.551</ele><time>2026-09-25T13:36:50Z</time><speed>0.300</speed><sat>21</sat></trkpt>
  <trkpt lat="45.49356876" lon="2.89186765"><ele>1272.575</ele><time>2026-09-25T13:36:53Z</time><speed>0.000</speed><sat>22</sat></trkpt>
  <trkpt lat="45.49356897" lon="2.89186727"><ele>1272.573</ele><time>2026-09-25T13:36:56Z</time><speed>0.000</speed><sat>23</sat></trkpt>
  <trkpt lat="45.49356387" lon="2.89187122"><ele>1271.903</ele><time>2026-09-25T13:36:59Z</time><speed>0.240</speed><sat>23</sat></trkpt>
  <trkpt lat="45.49357155" lon="2.89191476"><ele>1270.711</ele><time>2026-09-25T13:37:02Z</time><speed>0.000</speed><sat>22</sat></trkpt>
  <trkpt lat="45.49358227" lon="2.89191409"><ele>1271.308</ele><time>2026-09-25T13:37:05Z</time><speed>0.000</speed><sat>22</sat></trkpt>
  <trkpt lat="45.49358185" lon="2.89191424"><ele>1271.287</ele><time>2026-09-25T13:37:08Z</time><speed>0.000</speed><sat>22</sat></trkpt>
  <trkpt lat="45.49358182" lon="2.89191423"><ele>1271.282</ele><time>2026-09-25T13:37:11Z</time><speed>0.000</speed><sat>16</sat></trkpt>
  <trkpt lat="45.49358176" lon="2.89191423"><ele>1271.260</ele><time>2026-09-25T13:37:14Z</time><speed>0.000</speed><sat>17</sat></trkpt>
  <trkpt lat="45.49358170" lon="2.89191420"><ele>1271.252</ele><time>2026-09-25T13:37:17Z</time><speed>0.000</speed><sat>14</sat></trkpt>
  <trkpt lat="45.49358168" lon="2.89191416"><ele>1271.251</ele><time>2026-09-25T13:37:20Z</time><speed>0.000</speed><sat>13</sat></trkpt>
  <trkpt lat="45.49358179" lon="2.89191864"><ele>1270.949</ele><time>2026-09-25T13:37:23Z</time><speed>0.000</speed><sat>14</sat></trkpt>
  <trkpt lat="45.49358305" lon="2.89191871"><ele>1271.067</ele><time>2026-09-25T13:37:26Z</time><speed>0.000</speed><sat>23</sat></trkpt>
  <trkpt lat="45.49358251" lon="2.89191856"><ele>1271.034</ele><time>2026-09-25T13:37:29Z</time><speed>0.000</speed><sat>23</sat></trkpt>
  <trkpt lat="45.49358066" lon="2.89192197"><ele>1271.532</ele><time>2026-09-25T13:37:32Z</time><speed>0.000</speed><sat>23</sat></trkpt>
  <trkpt lat="45.49357337" lon="2.89192388"><ele>1271.459</ele><time>2026-09-25T13:37:35Z</time><speed>0.000</speed><sat>23</sat></trkpt>
  <trkpt lat="45.49356952" lon="2.89192187"><ele>1271.528</ele><time>2026-09-25T13:37:38Z</time><speed>0.000</speed><sat>24</sat></trkpt>
  <trkpt lat="45.49356909" lon="2.89192004"><ele>1271.267</ele><time>2026-09-25T13:37:41Z</time><speed>0.000</speed><sat>22</sat></trkpt>
  <trkpt lat="45.49356425" lon="2.89192512"><ele>1272.120</ele><time>2026-09-25T13:37:44Z</time><speed>0.000</speed><sat>21</sat></trkpt>
  <trkpt lat="45.49356390" lon="2.89192526"><ele>1272.128</ele><time>2026-09-25T13:37:47Z</time><speed>0.000</speed><sat>20</sat></trkpt>
  <trkpt lat="45.49356379" lon="2.89192519"><ele>1272.123</ele><time>2026-09-25T13:37:50Z</time><speed>0.000</speed><sat>21</sat></trkpt>
  <trkpt lat="45.49356472" lon="2.89192542"><ele>1272.088</ele><time>2026-09-25T13:37:53Z</time><speed>0.000</speed><sat>20</sat></trkpt>
  <trkpt lat="45.49356078" lon="2.89192263"><ele>1272.123</ele><time>2026-09-25T13:37:56Z</time><speed>0.000</speed><sat>17</sat></trkpt>
  <trkpt lat="45.49356031" lon="2.89192489"><ele>1272.127</ele><time>2026-09-25T13:37:59Z</time><speed>0.000</speed><sat>15</sat></trkpt>
  <trkpt lat="45.49356198" lon="2.89191795"><ele>1272.616</ele><time>2026-09-25T13:38:02Z</time><speed>0.000</speed><sat>15</sat></trkpt>
  <trkpt lat="45.49356202" lon="2.89191772"><ele>1272.621</ele><time>2026-09-25T13:38:05Z</time><speed>0.000</speed><sat>16</sat></trkpt>
  <trkpt lat="45.49356202" lon="2.89191763"><ele>1272.620</ele><time>2026-09-25T13:38:08Z</time><speed>0.000</speed><sat>17</sat></trkpt>
  <trkpt lat="45.49356207" lon="2.89191742"><ele>1272.621</ele><time>2026-09-25T13:38:11Z</time><speed>0.000</speed><sat>16</sat></trkpt>
  <trkpt lat="45.49355996" lon="2.89191519"><ele>1272.308</ele><time>2026-09-25T13:38:14Z</time><speed>0.000</speed><sat>14</sat></trkpt>
  <trkpt lat="45.49355955" lon="2.89191528"><ele>1272.309</ele><time>2026-09-25T13:38:17Z</time><speed>0.000</speed><sat>17</sat></trkpt>
  <trkpt lat="45.49356016" lon="2.89191792"><ele>1272.585</ele><time>2026-09-25T13:38:20Z</time><speed>0.000</speed><sat>18</sat></trkpt>
  <trkpt lat="45.49356153" lon="2.89191908"><ele>1272.559</ele><time>2026-09-25T13:38:23Z</time><speed>0.000</speed><sat>20</sat></trkpt>
  <trkpt lat="45.49356753" lon="2.89192211"><ele>1272.266</ele><time>2026-09-25T13:38:26Z</time><speed>0.000</speed><sat>19</sat></trkpt>
  <trkpt lat="45.49356813" lon="2.89192068"><ele>1272.294</ele><time>2026-09-25T13:38:29Z</time><speed>0.000</speed><sat>20</sat></trkpt>
  <trkpt lat="45.49356778" lon="2.89192013"><ele>1272.240</ele><time>2026-09-25T13:38:32Z</time><speed>0.000</speed><sat>21</sat></trkpt>
  <trkpt lat="45.49357026" lon="2.89192490"><ele>1271.712</ele><time>2026-09-25T13:38:35Z</time><speed>0.210</speed><sat>20</sat></trkpt>
  <trkpt lat="45.49357127" lon="2.89193074"><ele>1271.663</ele><time>2026-09-25T13:38:38Z</time><speed>0.000</speed><sat>21</sat></trkpt>
  <trkpt lat="45.49357078" lon="2.89193111"><ele>1271.584</ele><time>2026-09-25T13:38:41Z</time><speed>0.000</speed><sat>22</sat></trkpt>
  <trkpt lat="45.49357040" lon="2.89193113"><ele>1271.579</ele><time>2026-09-25T13:38:44Z</time><speed>0.000</speed><sat>21</sat></trkpt>
  <trkpt lat="45.49357032" lon="2.89193159"><ele>1271.608</ele><time>2026-09-25T13:38:47Z</time><speed>0.000</speed><sat>22</sat></trkpt>
  <trkpt lat="45.49357035" lon="2.89193055"><ele>1271.628</ele><time>2026-09-25T13:38:50Z</time><speed>0.000</speed><sat>22</sat></trkpt>
  <trkpt lat="45.49357088" lon="2.89193460"><ele>1271.588</ele><time>2026-09-25T13:38:53Z</time><speed>0.000</speed><sat>19</sat></trkpt>
  <trkpt lat="45.49356625" lon="2.89193484"><ele>1271.649</ele><time>2026-09-25T13:38:56Z</time><speed>0.000</speed><sat>20</sat></trkpt>
  <trkpt lat="45.49356535" lon="2.89193468"><ele>1271.663</ele><time>2026-09-25T13:38:59Z</time><speed>0.000</speed><sat>21</sat></trkpt>
  <trkpt lat="45.49356532" lon="2.89193475"><ele>1271.661</ele><time>2026-09-25T13:39:02Z</time><speed>0.000</speed><sat>21</sat></trkpt>
  <trkpt lat="45.49356283" lon="2.89193739"><ele>1271.146</ele><time>2026-09-25T13:39:05Z</time><speed>0.000</speed><sat>15</sat></trkpt>
  <trkpt lat="45.49356165" lon="2.89193552"><ele>1271.582</ele><time>2026-09-25T13:39:08Z</time><speed>0.000</speed><sat>17</sat></trkpt>
  <trkpt lat="45.49356164" lon="2.89193519"><ele>1271.599</ele><time>2026-09-25T13:39:11Z</time><speed>0.000</speed><sat>20</sat></trkpt>
  <trkpt lat="45.49356178" lon="2.89193524"><ele>1271.591</ele><time>2026-09-25T13:39:14Z</time><speed>0.000</speed><sat>19</sat></trkpt>
  <trkpt lat="45.49355872" lon="2.89192953"><ele>1270.573</ele><time>2026-09-25T13:39:17Z</time><speed>0.300</speed><sat>16</sat></trkpt>
  <trkpt lat="45.49356007" lon="2.89192755"><ele>1270.402</ele><time>2026-09-25T13:39:20Z</time><speed>0.000</speed><sat>22</sat></trkpt>
  <trkpt lat="45.49356454" lon="2.89191500"><ele>1269.852</ele><time>2026-09-25T13:39:23Z</time><speed>0.420</speed><sat>23</sat></trkpt>
  <trkpt lat="45.49356474" lon="2.89191137"><ele>1269.918</ele><time>2026-09-25T13:39:26Z</time><speed>0.250</speed><sat>19</sat></trkpt>
  <trkpt lat="45.49355632" lon="2.89191224"><ele>1269.049</ele><time>2026-09-25T13:39:29Z</time><speed>0.000</speed><sat>17</sat></trkpt>
  <trkpt lat="45.49353889" lon="2.89190430"><ele>1268.967</ele><time>2026-09-25T13:39:32Z</time><speed>0.810</speed><sat>20</sat></trkpt>
  <trkpt lat="45.49353447" lon="2.89192683"><ele>1268.519</ele><time>2026-09-25T13:39:35Z</time><speed>0.000</speed><sat>23</sat></trkpt>
  <trkpt lat="45.49353443" lon="2.89192792"><ele>1268.545</ele><time>2026-09-25T13:39:38Z</time><speed>0.000</speed><sat>22</sat></trkpt>
  <trkpt lat="45.49353465" lon="2.89192758"><ele>1268.607</ele><time>2026-09-25T13:39:41Z</time><speed>0.000</speed><sat>21</sat></trkpt>
  <trkpt lat="45.49353463" lon="2.89192761"><ele>1268.594</ele><time>2026-09-25T13:39:44Z</time><speed>0.000</speed><sat>22</sat></trkpt>
  <trkpt lat="45.49353465" lon="2.89192769"><ele>1268.590</ele><time>2026-09-25T13:39:47Z</time><speed>0.000</speed><sat>20</sat></trkpt>
  <trkpt lat="45.49353469" lon="2.89192778"><ele>1268.579</ele><time>2026-09-25T13:39:50Z</time><speed>0.000</speed><sat>19</sat></trkpt>
  <trkpt lat="45.49353476" lon="2.89192792"><ele>1268.545</ele><time>2026-09-25T13:39:53Z</time><speed>0.000</speed><sat>18</sat></trkpt>
  <trkpt lat="45.49353482" lon="2.89192801"><ele>1268.527</ele><time>2026-09-25T13:39:56Z</time><speed>0.000</speed><sat>16</sat></trkpt>
  <trkpt lat="45.49353487" lon="2.89192809"><ele>1268.512</ele><time>2026-09-25T13:39:59Z</time><speed>0.000</speed><sat>13</sat></trkpt>
  <trkpt lat="45.49353492" lon="2.89192815"><ele>1268.499</ele><time>2026-09-25T13:40:02Z</time><speed>0.000</speed><sat>14</sat></trkpt>
  <trkpt lat="45.49353500" lon="2.89192825"><ele>1268.495</ele><time>2026-09-25T13:40:05Z</time><speed>0.000</speed><sat>15</sat></trkpt>
  <trkpt lat="45.49353499" lon="2.89192824"><ele>1268.487</ele><time>2026-09-25T13:40:08Z</time><speed>0.000</speed><sat>16</sat></trkpt>
  <trkpt lat="45.49353503" lon="2.89192833"><ele>1268.478</ele><time>2026-09-25T13:40:11Z</time><speed>0.000</speed><sat>22</sat></trkpt>
  <trkpt lat="45.49353528" lon="2.89192865"><ele>1268.481</ele><time>2026-09-25T13:40:14Z</time><speed>0.000</speed><sat>23</sat></trkpt>
  <trkpt lat="45.49353536" lon="2.89192873"><ele>1268.491</ele><time>2026-09-25T13:40:17Z</time><speed>0.000</speed><sat>21</sat></trkpt>
  <trkpt lat="45.49353538" lon="2.89192877"><ele>1268.488</ele><time>2026-09-25T13:40:20Z</time><speed>0.000</speed><sat>20</sat></trkpt>
  <trkpt lat="45.49353542" lon="2.89192881"><ele>1268.477</ele><time>2026-09-25T13:40:23Z</time><speed>0.000</speed><sat>19</sat></trkpt>
  <trkpt lat="45.49353542" lon="2.89192877"><ele>1268.467</ele><time>2026-09-25T13:40:26Z</time><speed>0.000</speed><sat>19</sat></trkpt>
  <trkpt lat="45.49353542" lon="2.89192874"><ele>1268.474</ele><time>2026-09-25T13:40:29Z</time><speed>0.000</speed><sat>20</sat></trkpt>
  <trkpt lat="45.49353544" lon="2.89192874"><ele>1268.477</ele><time>2026-09-25T13:40:32Z</time><speed>0.000</speed><sat>22</sat></trkpt>
  <trkpt lat="45.49353542" lon="2.89192863"><ele>1268.516</ele><time>2026-09-25T13:40:35Z</time><speed>0.000</speed><sat>22</sat></trkpt>
  <trkpt lat="45.49353459" lon="2.89192638"><ele>1268.535</ele><time>2026-09-25T13:40:38Z</time><speed>0.000</speed><sat>20</sat></trkpt>
  <trkpt lat="45.49353567" lon="2.89192018"><ele>1268.380</ele><time>2026-09-25T13:40:41Z</time><speed>0.000</speed><sat>21</sat></trkpt>
  <trkpt lat="45.49353848" lon="2.89192189"><ele>1268.349</ele><time>2026-09-25T13:40:44Z</time><speed>0.000</speed><sat>22</sat></trkpt>
  <trkpt lat="45.49353942" lon="2.89194708"><ele>1268.025</ele><time>2026-09-25T13:40:47Z</time><speed>0.840</speed><sat>22</sat></trkpt>
  <trkpt lat="45.49354955" lon="2.89199407"><ele>1267.062</ele><time>2026-09-25T13:40:50Z</time><speed>0.590</speed><sat>22</sat></trkpt>
  <trkpt lat="45.49355231" lon="2.89199738"><ele>1266.878</ele><time>2026-09-25T13:40:53Z</time><speed>0.000</speed><sat>20</sat></trkpt>
  <trkpt lat="45.49355240" lon="2.89199723"><ele>1266.877</ele><time>2026-09-25T13:40:56Z</time><speed>0.000</speed><sat>20</sat></trkpt>
  <trkpt lat="45.49355235" lon="2.89199718"><ele>1266.885</ele><time>2026-09-25T13:40:59Z</time><speed>0.000</speed><sat>17</sat></trkpt>
  <trkpt lat="45.49355221" lon="2.89199708"><ele>1266.885</ele><time>2026-09-25T13:41:02Z</time><speed>0.000</speed><sat>19</sat></trkpt>
  <trkpt lat="45.49356150" lon="2.89197560"><ele>1266.974</ele><time>2026-09-25T13:41:05Z</time><speed>0.530</speed><sat>18</sat></trkpt>
  <trkpt lat="45.49356666" lon="2.89195613"><ele>1266.217</ele><time>2026-09-25T13:41:08Z</time><speed>0.160</speed><sat>21</sat></trkpt>
  <trkpt lat="45.49356563" lon="2.89195287"><ele>1266.294</ele><time>2026-09-25T13:41:11Z</time><speed>0.000</speed><sat>20</sat></trkpt>
  <trkpt lat="45.49356538" lon="2.89195277"><ele>1266.304</ele><time>2026-09-25T13:41:14Z</time><speed>0.000</speed><sat>21</sat></trkpt>
  <trkpt lat="45.49356535" lon="2.89195241"><ele>1266.311</ele><time>2026-09-25T13:41:17Z</time><speed>0.000</speed><sat>21</sat></trkpt>
  <trkpt lat="45.49356130" lon="2.89195358"><ele>1266.157</ele><time>2026-09-25T13:41:20Z</time><speed>0.000</speed><sat>22</sat></trkpt>
  <trkpt lat="45.49356064" lon="2.89195388"><ele>1266.144</ele><time>2026-09-25T13:41:23Z</time><speed>0.000</speed><sat>22</sat></trkpt>
  <trkpt lat="45.49356034" lon="2.89195415"><ele>1266.108</ele><time>2026-09-25T13:41:26Z</time><speed>0.000</speed><sat>20</sat></trkpt>
  <trkpt lat="45.49356495" lon="2.89196141"><ele>1267.571</ele><time>2026-09-25T13:41:32Z</time><speed>0.000</speed><sat>21</sat></trkpt>
  <trkpt lat="45.49356499" lon="2.89196158"><ele>1267.565</ele><time>2026-09-25T13:41:35Z</time><speed>0.000</speed><sat>21</sat></trkpt>
  <trkpt lat="45.49356775" lon="2.89196375"><ele>1267.222</ele><time>2026-09-25T13:41:38Z</time><speed>0.290</speed><sat>16</sat></trkpt>
  <trkpt lat="45.49357459" lon="2.89196813"><ele>1267.195</ele><time>2026-09-25T13:41:41Z</time><speed>0.730</speed><sat>17</sat></trkpt>
  <trkpt lat="45.49357975" lon="2.89196316"><ele>1267.441</ele><time>2026-09-25T13:41:44Z</time><speed>0.150</speed><sat>22</sat></trkpt>
  <trkpt lat="45.49356216" lon="2.89197403"><ele>1266.551</ele><time>2026-09-25T13:41:47Z</time><speed>0.500</speed><sat>23</sat></trkpt>
  <trkpt lat="45.49355415" lon="2.89200444"><ele>1265.962</ele><time>2026-09-25T13:41:50Z</time><speed>0.720</speed><sat>23</sat></trkpt>
  <trkpt lat="45.49355764" lon="2.89204724"><ele>1266.141</ele><time>2026-09-25T13:41:53Z</time><speed>1.120</speed><sat>23</sat></trkpt>
  <trkpt lat="45.49355280" lon="2.89208303"><ele>1265.053</ele><time>2026-09-25T13:41:56Z</time><speed>0.720</speed><sat>24</sat></trkpt>
  <trkpt lat="45.49356225" lon="2.89213301"><ele>1264.999</ele><time>2026-09-25T13:41:59Z</time><speed>1.570</speed><sat>24</sat></trkpt>
  <trkpt lat="45.49358132" lon="2.89216739"><ele>1265.750</ele><time>2026-09-25T13:42:02Z</time><speed>1.010</speed><sat>23</sat></trkpt>
  <trkpt lat="45.49360795" lon="2.89219722"><ele>1266.453</ele><time>2026-09-25T13:42:05Z</time><speed>0.930</speed><sat>24</sat></trkpt>
  <trkpt lat="45.49363354" lon="2.89223219"><ele>1270.042</ele><time>2026-09-25T13:42:08Z</time><speed>1.120</speed><sat>25</sat></trkpt>
  <trkpt lat="45.49366026" lon="2.89226313"><ele>1270.890</ele><time>2026-09-25T13:42:11Z</time><speed>1.180</speed><sat>25</sat></trkpt>
  <trkpt lat="45.49369115" lon="2.89230130"><ele>1270.566</ele><time>2026-09-25T13:42:14Z</time><speed>1.330</speed><sat>24</sat></trkpt>
  <trkpt lat="45.49373119" lon="2.89233418"><ele>1271.047</ele><time>2026-09-25T13:42:17Z</time><speed>1.420</speed><sat>24</sat></trkpt>
  <trkpt lat="45.49378146" lon="2.89236827"><ele>1270.826</ele><time>2026-09-25T13:42:20Z</time><speed>1.720</speed><sat>24</sat></trkpt>
  <trkpt lat="45.49382167" lon="2.89240165"><ele>1270.757</ele><time>2026-09-25T13:42:23Z</time><speed>1.670</speed><sat>25</sat></trkpt>
  <trkpt lat="45.49385569" lon="2.89244253"><ele>1270.290</ele><time>2026-09-25T13:42:26Z</time><speed>1.570</speed><sat>25</sat></trkpt>
  <trkpt lat="45.49388549" lon="2.89248561"><ele>1270.609</ele><time>2026-09-25T13:42:29Z</time><speed>1.490</speed><sat>24</sat></trkpt>
  <trkpt lat="45.49390224" lon="2.89251991"><ele>1271.382</ele><time>2026-09-25T13:42:32Z</time><speed>1.060</speed><sat>24</sat></trkpt>
  <trkpt lat="45.49392653" lon="2.89255225"><ele>1270.261</ele><time>2026-09-25T13:42:35Z</time><speed>1.340</speed><sat>23</sat></trkpt>
  <trkpt lat="45.49396786" lon="2.89257624"><ele>1272.143</ele><time>2026-09-25T13:42:38Z</time><speed>1.560</speed><sat>24</sat></trkpt>
  <trkpt lat="45.49400820" lon="2.89259733"><ele>1273.654</ele><time>2026-09-25T13:42:41Z</time><speed>1.490</speed><sat>24</sat></trkpt>
  <trkpt lat="45.49405038" lon="2.89260805"><ele>1277.053</ele><time>2026-09-25T13:42:44Z</time><speed>1.390</speed><sat>23</sat></trkpt>
  <trkpt lat="45.49408757" lon="2.89262499"><ele>1278.903</ele><time>2026-09-25T13:42:47Z</time><speed>1.410</speed><sat>23</sat></trkpt>
  <trkpt lat="45.49411302" lon="2.89265085"><ele>1279.633</ele><time>2026-09-25T13:42:50Z</time><speed>1.340</speed><sat>24</sat></trkpt>
  <trkpt lat="45.49412901" lon="2.89267628"><ele>1277.740</ele><time>2026-09-25T13:42:53Z</time><speed>1.250</speed><sat>24</sat></trkpt>
  <trkpt lat="45.49410859" lon="2.89267000"><ele>1276.596</ele><time>2026-09-25T13:42:56Z</time><speed>0.000</speed><sat>24</sat></trkpt>
  <trkpt lat="45.49413071" lon="2.89269368"><ele>1274.433</ele><time>2026-09-25T13:42:59Z</time><speed>1.180</speed><sat>25</sat></trkpt>
  <trkpt lat="45.49415861" lon="2.89272557"><ele>1274.815</ele><time>2026-09-25T13:43:02Z</time><speed>1.510</speed><sat>25</sat></trkpt>
  <trkpt lat="45.49418844" lon="2.89276322"><ele>1274.254</ele><time>2026-09-25T13:43:05Z</time><speed>1.530</speed><sat>23</sat></trkpt>
  <trkpt lat="45.49422114" lon="2.89278495"><ele>1274.401</ele><time>2026-09-25T13:43:08Z</time><speed>1.410</speed><sat>23</sat></trkpt>
  <trkpt lat="45.49425035" lon="2.89281165"><ele>1274.811</ele><time>2026-09-25T13:43:11Z</time><speed>1.340</speed><sat>22</sat></trkpt>
  <trkpt lat="45.49427202" lon="2.89285465"><ele>1273.411</ele><time>2026-09-25T13:43:14Z</time><speed>1.250</speed><sat>23</sat></trkpt>
  <trkpt lat="45.49430058" lon="2.89289106"><ele>1274.698</ele><time>2026-09-25T13:43:17Z</time><speed>1.190</speed><sat>24</sat></trkpt>
  <trkpt lat="45.49432798" lon="2.89290725"><ele>1274.885</ele><time>2026-09-25T13:43:20Z</time><speed>1.210</speed><sat>26</sat></trkpt>
  <trkpt lat="45.49436241" lon="2.89292969"><ele>1276.273</ele><time>2026-09-25T13:43:23Z</time><speed>1.220</speed><sat>24</sat></trkpt>
  <trkpt lat="45.49438880" lon="2.89295007"><ele>1276.657</ele><time>2026-09-25T13:43:26Z</time><speed>1.100</speed><sat>24</sat></trkpt>
  <trkpt lat="45.49439345" lon="2.89296089"><ele>1277.079</ele><time>2026-09-25T13:43:29Z</time><speed>1.390</speed><sat>23</sat></trkpt>
  <trkpt lat="45.49441452" lon="2.89297593"><ele>1278.049</ele><time>2026-09-25T13:43:32Z</time><speed>0.920</speed><sat>25</sat></trkpt>
  <trkpt lat="45.49443959" lon="2.89300497"><ele>1278.043</ele><time>2026-09-25T13:43:35Z</time><speed>0.930</speed><sat>25</sat></trkpt>
  <trkpt lat="45.49446166" lon="2.89304414"><ele>1276.900</ele><time>2026-09-25T13:43:38Z</time><speed>0.960</speed><sat>24</sat></trkpt>
  <trkpt lat="45.49448837" lon="2.89307283"><ele>1276.938</ele><time>2026-09-25T13:43:41Z</time><speed>0.940</speed><sat>24</sat></trkpt>
  <trkpt lat="45.49451143" lon="2.89310502"><ele>1275.741</ele><time>2026-09-25T13:43:44Z</time><speed>0.980</speed><sat>24</sat></trkpt>
  <trkpt lat="45.49453290" lon="2.89313135"><ele>1276.078</ele><time>2026-09-25T13:43:47Z</time><speed>0.990</speed><sat>24</sat></trkpt>
  <trkpt lat="45.49455903" lon="2.89315071"><ele>1277.927</ele><time>2026-09-25T13:43:50Z</time><speed>1.010</speed><sat>24</sat></trkpt>
  <trkpt lat="45.49459010" lon="2.89316982"><ele>1278.941</ele><time>2026-09-25T13:43:53Z</time><speed>1.000</speed><sat>25</sat></trkpt>
  <trkpt lat="45.49461825" lon="2.89318895"><ele>1282.922</ele><time>2026-09-25T13:43:56Z</time><speed>1.010</speed><sat>25</sat></trkpt>
  <trkpt lat="45.49465450" lon="2.89320142"><ele>1282.836</ele><time>2026-09-25T13:43:59Z</time><speed>1.000</speed><sat>24</sat></trkpt>
  <trkpt lat="45.49469015" lon="2.89320872"><ele>1282.615</ele><time>2026-09-25T13:44:02Z</time><speed>1.000</speed><sat>24</sat></trkpt>
  <trkpt lat="45.49472438" lon="2.89322389"><ele>1282.663</ele><time>2026-09-25T13:44:05Z</time><speed>1.040</speed><sat>25</sat></trkpt>
  <trkpt lat="45.49475621" lon="2.89323970"><ele>1282.042</ele><time>2026-09-25T13:44:08Z</time><speed>1.020</speed><sat>25</sat></trkpt>
  <trkpt lat="45.49479269" lon="2.89325855"><ele>1282.053</ele><time>2026-09-25T13:44:11Z</time><speed>1.160</speed><sat>24</sat></trkpt>
  <trkpt lat="45.49483222" lon="2.89327159"><ele>1281.266</ele><time>2026-09-25T13:44:14Z</time><speed>1.080</speed><sat>24</sat></trkpt>
  <trkpt lat="45.49487480" lon="2.89327971"><ele>1280.884</ele><time>2026-09-25T13:44:17Z</time><speed>1.100</speed><sat>24</sat></trkpt>
  <trkpt lat="45.49491481" lon="2.89328937"><ele>1281.185</ele><time>2026-09-25T13:44:20Z</time><speed>1.100</speed><sat>24</sat></trkpt>
  <trkpt lat="45.49495213" lon="2.89329835"><ele>1282.397</ele><time>2026-09-25T13:44:23Z</time><speed>1.090</speed><sat>24</sat></trkpt>
  <trkpt lat="45.49498956" lon="2.89330645"><ele>1280.937</ele><time>2026-09-25T13:44:26Z</time><speed>1.080</speed><sat>24</sat></trkpt>
  <trkpt lat="45.49498975" lon="2.89334483"><ele>1277.095</ele><time>2026-09-25T13:44:29Z</time><speed>0.000</speed><sat>23</sat></trkpt>
  <trkpt lat="45.49498846" lon="2.89334287"><ele>1277.099</ele><time>2026-09-25T13:44:32Z</time><speed>0.000</speed><sat>24</sat></trkpt>
  <trkpt lat="45.49498826" lon="2.89334289"><ele>1277.144</ele><time>2026-09-25T13:44:35Z</time><speed>0.000</speed><sat>23</sat></trkpt>
  <trkpt lat="45.49495768" lon="2.89334193"><ele>1276.624</ele><time>2026-09-25T13:44:38Z</time><speed>3.790</speed><sat>21</sat></trkpt>
  <trkpt lat="45.49494926" lon="2.89336246"><ele>1276.499</ele><time>2026-09-25T13:44:41Z</time><speed>0.000</speed><sat>23</sat></trkpt>
  <trkpt lat="45.49495350" lon="2.89335631"><ele>1276.667</ele><time>2026-09-25T13:44:47Z</time><speed>0.000</speed><sat>24</sat></trkpt>
  <trkpt lat="45.49495386" lon="2.89335594"><ele>1276.675</ele><time>2026-09-25T13:44:50Z</time><speed>0.000</speed><sat>24</sat></trkpt>
  <trkpt lat="45.49495711" lon="2.89335443"><ele>1276.596</ele><time>2026-09-25T13:44:53Z</time><speed>0.490</speed><sat>24</sat></trkpt>
  <trkpt lat="45.49496620" lon="2.89335039"><ele>1275.871</ele><time>2026-09-25T13:44:56Z</time><speed>0.000</speed><sat>24</sat></trkpt>
  <trkpt lat="45.49497151" lon="2.89334509"><ele>1276.121</ele><time>2026-09-25T13:44:59Z</time><speed>0.320</speed><sat>24</sat></trkpt>
  <trkpt lat="45.49498373" lon="2.89333929"><ele>1277.080</ele><time>2026-09-25T13:45:02Z</time><speed>0.230</speed><sat>23</sat></trkpt>
  <trkpt lat="45.49499346" lon="2.89332146"><ele>1277.906</ele><time>2026-09-25T13:45:05Z</time><speed>0.570</speed><sat>23</sat></trkpt>
  <trkpt lat="45.49502096" lon="2.89331059"><ele>1278.595</ele><time>2026-09-25T13:45:08Z</time><speed>0.800</speed><sat>23</sat></trkpt>
  <trkpt lat="45.49504029" lon="2.89332243"><ele>1280.648</ele><time>2026-09-25T13:45:11Z</time><speed>0.820</speed><sat>23</sat></trkpt>
  <trkpt lat="45.49506628" lon="2.89336044"><ele>1280.968</ele><time>2026-09-25T13:45:14Z</time><speed>1.060</speed><sat>24</sat></trkpt>
  <trkpt lat="45.49510874" lon="2.89335980"><ele>1281.201</ele><time>2026-09-25T13:45:17Z</time><speed>1.090</speed><sat>24</sat></trkpt>
  <trkpt lat="45.49516303" lon="2.89335357"><ele>1280.772</ele><time>2026-09-25T13:45:20Z</time><speed>1.220</speed><sat>24</sat></trkpt>
  <trkpt lat="45.49520770" lon="2.89336375"><ele>1279.725</ele><time>2026-09-25T13:45:23Z</time><speed>1.140</speed><sat>23</sat></trkpt>
  <trkpt lat="45.49524552" lon="2.89337579"><ele>1279.401</ele><time>2026-09-25T13:45:26Z</time><speed>1.130</speed><sat>24</sat></trkpt>
  <trkpt lat="45.49527194" lon="2.89337339"><ele>1281.627</ele><time>2026-09-25T13:45:29Z</time><speed>1.050</speed><sat>24</sat></trkpt>
  <trkpt lat="45.49529724" lon="2.89338370"><ele>1283.060</ele><time>2026-09-25T13:45:32Z</time><speed>1.030</speed><sat>24</sat></trkpt>
  <trkpt lat="45.49532800" lon="2.89339025"><ele>1284.600</ele><time>2026-09-25T13:45:35Z</time><speed>1.050</speed><sat>24</sat></trkpt>
  <trkpt lat="45.49536217" lon="2.89340814"><ele>1285.937</ele><time>2026-09-25T13:45:38Z</time><speed>1.110</speed><sat>25</sat></trkpt>
  <trkpt lat="45.49539830" lon="2.89341407"><ele>1287.319</ele><time>2026-09-25T13:45:41Z</time><speed>1.090</speed><sat>25</sat></trkpt>
  <trkpt lat="45.49543159" lon="2.89342939"><ele>1287.484</ele><time>2026-09-25T13:45:44Z</time><speed>1.070</speed><sat>24</sat></trkpt>
  <trkpt lat="45.49546274" lon="2.89344495"><ele>1287.681</ele><time>2026-09-25T13:45:47Z</time><speed>1.090</speed><sat>24</sat></trkpt>
  <trkpt lat="45.49549388" lon="2.89345137"><ele>1287.617</ele><time>2026-09-25T13:45:50Z</time><speed>1.070</speed><sat>24</sat></trkpt>
  <trkpt lat="45.49552371" lon="2.89344466"><ele>1285.768</ele><time>2026-09-25T13:45:53Z</time><speed>1.140</speed><sat>25</sat></trkpt>
  <trkpt lat="45.49556161" lon="2.89343298"><ele>1288.116</ele><time>2026-09-25T13:45:56Z</time><speed>1.120</speed><sat>26</sat></trkpt>
  <trkpt lat="45.49559515" lon="2.89341715"><ele>1289.984</ele><time>2026-09-25T13:45:59Z</time><speed>1.100</speed><sat>25</sat></trkpt>
  <trkpt lat="45.49563107" lon="2.89340675"><ele>1288.771</ele><time>2026-09-25T13:46:02Z</time><speed>1.070</speed><sat>26</sat></trkpt>
  <trkpt lat="45.49566921" lon="2.89339581"><ele>1288.392</ele><time>2026-09-25T13:46:05Z</time><speed>1.180</speed><sat>26</sat></trkpt>
  <trkpt lat="45.49570965" lon="2.89338081"><ele>1285.699</ele><time>2026-09-25T13:46:08Z</time><speed>1.280</speed><sat>24</sat></trkpt>
  <trkpt lat="45.49574482" lon="2.89336537"><ele>1283.034</ele><time>2026-09-25T13:46:11Z</time><speed>1.240</speed><sat>26</sat></trkpt>
  <trkpt lat="45.49577882" lon="2.89335083"><ele>1284.501</ele><time>2026-09-25T13:46:14Z</time><speed>1.320</speed><sat>27</sat></trkpt>
  <trkpt lat="45.49581851" lon="2.89335201"><ele>1283.504</ele><time>2026-09-25T13:46:17Z</time><speed>1.340</speed><sat>26</sat></trkpt>
  <trkpt lat="45.49585196" lon="2.89334732"><ele>1284.161</ele><time>2026-09-25T13:46:20Z</time><speed>1.310</speed><sat>24</sat></trkpt>
  <trkpt lat="45.49588433" lon="2.89333887"><ele>1287.505</ele><time>2026-09-25T13:46:23Z</time><speed>1.310</speed><sat>25</sat></trkpt>
  <trkpt lat="45.49592074" lon="2.89333424"><ele>1288.959</ele><time>2026-09-25T13:46:26Z</time><speed>1.260</speed><sat>26</sat></trkpt>
  <trkpt lat="45.49594971" lon="2.89331998"><ele>1289.474</ele><time>2026-09-25T13:46:29Z</time><speed>1.250</speed><sat>27</sat></trkpt>
  <trkpt lat="45.49598210" lon="2.89328947"><ele>1289.925</ele><time>2026-09-25T13:46:32Z</time><speed>1.300</speed><sat>28</sat></trkpt>
  <trkpt lat="45.49601074" lon="2.89326968"><ele>1288.680</ele><time>2026-09-25T13:46:35Z</time><speed>1.140</speed><sat>27</sat></trkpt>
  <trkpt lat="45.49604150" lon="2.89326914"><ele>1289.901</ele><time>2026-09-25T13:46:38Z</time><speed>1.140</speed><sat>28</sat></trkpt>
  <trkpt lat="45.49607185" lon="2.89326082"><ele>1289.361</ele><time>2026-09-25T13:46:41Z</time><speed>1.170</speed><sat>29</sat></trkpt>
  <trkpt lat="45.49610461" lon="2.89325247"><ele>1291.101</ele><time>2026-09-25T13:46:44Z</time><speed>1.200</speed><sat>28</sat></trkpt>
  <trkpt lat="45.49614393" lon="2.89322789"><ele>1287.924</ele><time>2026-09-25T13:46:47Z</time><speed>1.250</speed><sat>27</sat></trkpt>
  <trkpt lat="45.49617811" lon="2.89318717"><ele>1287.725</ele><time>2026-09-25T13:46:50Z</time><speed>1.220</speed><sat>26</sat></trkpt>
  <trkpt lat="45.49620254" lon="2.89314440"><ele>1287.437</ele><time>2026-09-25T13:46:53Z</time><speed>1.220</speed><sat>27</sat></trkpt>
  <trkpt lat="45.49623307" lon="2.89311425"><ele>1285.029</ele><time>2026-09-25T13:46:56Z</time><speed>1.180</speed><sat>27</sat></trkpt>
  <trkpt lat="45.49625762" lon="2.89307190"><ele>1284.729</ele><time>2026-09-25T13:46:59Z</time><speed>1.230</speed><sat>29</sat></trkpt>
  <trkpt lat="45.49627927" lon="2.89303892"><ele>1287.222</ele><time>2026-09-25T13:47:02Z</time><speed>1.160</speed><sat>29</sat></trkpt>
  <trkpt lat="45.49631398" lon="2.89303147"><ele>1286.714</ele><time>2026-09-25T13:47:05Z</time><speed>1.120</speed><sat>26</sat></trkpt>
  <trkpt lat="45.49634221" lon="2.89302961"><ele>1287.173</ele><time>2026-09-25T13:47:08Z</time><speed>1.170</speed><sat>26</sat></trkpt>
  <trkpt lat="45.49636385" lon="2.89301295"><ele>1287.887</ele><time>2026-09-25T13:47:11Z</time><speed>1.090</speed><sat>28</sat></trkpt>
  <trkpt lat="45.49639607" lon="2.89299248"><ele>1285.308</ele><time>2026-09-25T13:47:14Z</time><speed>1.160</speed><sat>28</sat></trkpt>
  <trkpt lat="45.49642801" lon="2.89297062"><ele>1286.199</ele><time>2026-09-25T13:47:17Z</time><speed>1.150</speed><sat>26</sat></trkpt>
  <trkpt lat="45.49645859" lon="2.89293526"><ele>1287.471</ele><time>2026-09-25T13:47:20Z</time><speed>1.170</speed><sat>25</sat></trkpt>
  <trkpt lat="45.49648703" lon="2.89289474"><ele>1288.983</ele><time>2026-09-25T13:47:23Z</time><speed>1.210</speed><sat>25</sat></trkpt>
  <trkpt lat="45.49651485" lon="2.89287001"><ele>1289.264</ele><time>2026-09-25T13:47:26Z</time><speed>1.180</speed><sat>27</sat></trkpt>
  <trkpt lat="45.49654491" lon="2.89285163"><ele>1289.713</ele><time>2026-09-25T13:47:29Z</time><speed>1.190</speed><sat>27</sat></trkpt>
  <trkpt lat="45.49657687" lon="2.89283096"><ele>1289.656</ele><time>2026-09-25T13:47:32Z</time><speed>1.200</speed><sat>27</sat></trkpt>
  <trkpt lat="45.49660851" lon="2.89280852"><ele>1288.729</ele><time>2026-09-25T13:47:35Z</time><speed>1.150</speed><sat>28</sat></trkpt>
  <trkpt lat="45.49664553" lon="2.89278741"><ele>1288.653</ele><time>2026-09-25T13:47:38Z</time><speed>1.200</speed><sat>28</sat></trkpt>
  <trkpt lat="45.49667912" lon="2.89276719"><ele>1286.305</ele><time>2026-09-25T13:47:41Z</time><speed>1.170</speed><sat>28</sat></trkpt>
  <trkpt lat="45.49671018" lon="2.89274562"><ele>1285.980</ele><time>2026-09-25T13:47:44Z</time><speed>1.220</speed><sat>28</sat></trkpt>
  <trkpt lat="45.49674129" lon="2.89272098"><ele>1285.629</ele><time>2026-09-25T13:47:47Z</time><speed>1.220</speed><sat>27</sat></trkpt>
  <trkpt lat="45.49677538" lon="2.89270154"><ele>1286.290</ele><time>2026-09-25T13:47:50Z</time><speed>1.190</speed><sat>27</sat></trkpt>
  <trkpt lat="45.49680693" lon="2.89268510"><ele>1286.176</ele><time>2026-09-25T13:47:53Z</time><speed>1.140</speed><sat>27</sat></trkpt>
  <trkpt lat="45.49683677" lon="2.89266965"><ele>1286.018</ele><time>2026-09-25T13:47:56Z</time><speed>1.130</speed><sat>27</sat></trkpt>
  <trkpt lat="45.49686361" lon="2.89262956"><ele>1286.502</ele><time>2026-09-25T13:47:59Z</time><speed>1.170</speed><sat>28</sat></trkpt>
  <trkpt lat="45.49689052" lon="2.89258516"><ele>1287.176</ele><time>2026-09-25T13:48:02Z</time><speed>1.240</speed><sat>28</sat></trkpt>
  <trkpt lat="45.49692011" lon="2.89254362"><ele>1287.047</ele><time>2026-09-25T13:48:05Z</time><speed>1.250</speed><sat>27</sat></trkpt>
  <trkpt lat="45.49695226" lon="2.89251797"><ele>1287.267</ele><time>2026-09-25T13:48:08Z</time><speed>1.240</speed><sat>26</sat></trkpt>
  <trkpt lat="45.49698566" lon="2.89248551"><ele>1283.966</ele><time>2026-09-25T13:48:11Z</time><speed>1.210</speed><sat>26</sat></trkpt>
  <trkpt lat="45.49700776" lon="2.89245561"><ele>1283.644</ele><time>2026-09-25T13:48:14Z</time><speed>1.210</speed><sat>28</sat></trkpt>
  <trkpt lat="45.49703017" lon="2.89242663"><ele>1281.861</ele><time>2026-09-25T13:48:17Z</time><speed>1.200</speed><sat>27</sat></trkpt>
  <trkpt lat="45.49705430" lon="2.89240231"><ele>1282.230</ele><time>2026-09-25T13:48:20Z</time><speed>1.190</speed><sat>27</sat></trkpt>
  <trkpt lat="45.49708182" lon="2.89237887"><ele>1284.071</ele><time>2026-09-25T13:48:23Z</time><speed>1.190</speed><sat>27</sat></trkpt>
  <trkpt lat="45.49712372" lon="2.89233170"><ele>1283.073</ele><time>2026-09-25T13:48:26Z</time><speed>1.810</speed><sat>27</sat></trkpt>
  <trkpt lat="45.49716413" lon="2.89230050"><ele>1283.224</ele><time>2026-09-25T13:48:29Z</time><speed>1.570</speed><sat>26</sat></trkpt>
  <trkpt lat="45.49719238" lon="2.89228223"><ele>1280.675</ele><time>2026-09-25T13:48:32Z</time><speed>1.140</speed><sat>27</sat></trkpt>
  <trkpt lat="45.49721828" lon="2.89225751"><ele>1281.718</ele><time>2026-09-25T13:48:35Z</time><speed>1.120</speed><sat>25</sat></trkpt>
  <trkpt lat="45.49724457" lon="2.89223032"><ele>1283.151</ele><time>2026-09-25T13:48:38Z</time><speed>1.120</speed><sat>25</sat></trkpt>
  <trkpt lat="45.49726697" lon="2.89219968"><ele>1283.904</ele><time>2026-09-25T13:48:41Z</time><speed>1.070</speed><sat>26</sat></trkpt>
  <trkpt lat="45.49728960" lon="2.89217351"><ele>1283.388</ele><time>2026-09-25T13:48:44Z</time><speed>1.120</speed><sat>25</sat></trkpt>
  <trkpt lat="45.49730949" lon="2.89213633"><ele>1284.454</ele><time>2026-09-25T13:48:47Z</time><speed>1.080</speed><sat>26</sat></trkpt>
  <trkpt lat="45.49733524" lon="2.89210744"><ele>1284.622</ele><time>2026-09-25T13:48:50Z</time><speed>1.110</speed><sat>27</sat></trkpt>
  <trkpt lat="45.49735814" lon="2.89209084"><ele>1285.751</ele><time>2026-09-25T13:48:53Z</time><speed>0.920</speed><sat>27</sat></trkpt>
  <trkpt lat="45.49738430" lon="2.89208168"><ele>1285.210</ele><time>2026-09-25T13:48:56Z</time><speed>1.180</speed><sat>27</sat></trkpt>
  <trkpt lat="45.49741358" lon="2.89206899"><ele>1284.622</ele><time>2026-09-25T13:48:59Z</time><speed>1.150</speed><sat>27</sat></trkpt>
  <trkpt lat="45.49743785" lon="2.89203919"><ele>1286.589</ele><time>2026-09-25T13:49:02Z</time><speed>1.070</speed><sat>27</sat></trkpt>
  <trkpt lat="45.49745381" lon="2.89199708"><ele>1288.406</ele><time>2026-09-25T13:49:05Z</time><speed>1.040</speed><sat>27</sat></trkpt>
  <trkpt lat="45.49747764" lon="2.89196213"><ele>1290.046</ele><time>2026-09-25T13:49:08Z</time><speed>1.060</speed><sat>28</sat></trkpt>
  <trkpt lat="45.49750137" lon="2.89193251"><ele>1289.946</ele><time>2026-09-25T13:49:11Z</time><speed>0.990</speed><sat>27</sat></trkpt>
  <trkpt lat="45.49752968" lon="2.89192609"><ele>1289.713</ele><time>2026-09-25T13:49:14Z</time><speed>1.060</speed><sat>26</sat></trkpt>
  <trkpt lat="45.49755486" lon="2.89191816"><ele>1288.760</ele><time>2026-09-25T13:49:17Z</time><speed>1.060</speed><sat>26</sat></trkpt>
  <trkpt lat="45.49758481" lon="2.89189905"><ele>1288.681</ele><time>2026-09-25T13:49:20Z</time><speed>1.080</speed><sat>27</sat></trkpt>
  <trkpt lat="45.49761243" lon="2.89187090"><ele>1288.204</ele><time>2026-09-25T13:49:23Z</time><speed>1.110</speed><sat>27</sat></trkpt>
  <trkpt lat="45.49763641" lon="2.89183569"><ele>1287.777</ele><time>2026-09-25T13:49:26Z</time><speed>1.070</speed><sat>27</sat></trkpt>
  <trkpt lat="45.49765782" lon="2.89180544"><ele>1288.105</ele><time>2026-09-25T13:49:29Z</time><speed>1.010</speed><sat>27</sat></trkpt>
  <trkpt lat="45.49766924" lon="2.89177301"><ele>1287.957</ele><time>2026-09-25T13:49:32Z</time><speed>0.900</speed><sat>28</sat></trkpt>
  <trkpt lat="45.49768743" lon="2.89175503"><ele>1288.403</ele><time>2026-09-25T13:49:35Z</time><speed>0.960</speed><sat>27</sat></trkpt>
  <trkpt lat="45.49770267" lon="2.89173819"><ele>1288.610</ele><time>2026-09-25T13:49:38Z</time><speed>0.890</speed><sat>26</sat></trkpt>
  <trkpt lat="45.49772185" lon="2.89172788"><ele>1287.706</ele><time>2026-09-25T13:49:41Z</time><speed>0.980</speed><sat>27</sat></trkpt>
  <trkpt lat="45.49773765" lon="2.89172009"><ele>1284.983</ele><time>2026-09-25T13:49:44Z</time><speed>0.700</speed><sat>28</sat></trkpt>
  <trkpt lat="45.49774353" lon="2.89171758"><ele>1285.153</ele><time>2026-09-25T13:49:47Z</time><speed>0.690</speed><sat>28</sat></trkpt>
  <trkpt lat="45.49775991" lon="2.89172189"><ele>1284.836</ele><time>2026-09-25T13:49:50Z</time><speed>0.620</speed><sat>27</sat></trkpt>
  <trkpt lat="45.49777256" lon="2.89173160"><ele>1284.100</ele><time>2026-09-25T13:49:53Z</time><speed>0.480</speed><sat>27</sat></trkpt>
  <trkpt lat="45.49777857" lon="2.89173538"><ele>1284.308</ele><time>2026-09-25T13:49:56Z</time><speed>0.150</speed><sat>28</sat></trkpt>
  <trkpt lat="45.49778340" lon="2.89173570"><ele>1284.821</ele><time>2026-09-25T13:49:59Z</time><speed>0.210</speed><sat>28</sat></trkpt>
  <trkpt lat="45.49779327" lon="2.89175212"><ele>1285.225</ele><time>2026-09-25T13:50:02Z</time><speed>0.550</speed><sat>27</sat></trkpt>
  <trkpt lat="45.49780388" lon="2.89176099"><ele>1284.764</ele><time>2026-09-25T13:50:05Z</time><speed>0.000</speed><sat>27</sat></trkpt>
  <trkpt lat="45.49782259" lon="2.89176871"><ele>1284.394</ele><time>2026-09-25T13:50:08Z</time><speed>0.520</speed><sat>28</sat></trkpt>
  <trkpt lat="45.49782459" lon="2.89176827"><ele>1284.479</ele><time>2026-09-25T13:50:11Z</time><speed>0.000</speed><sat>28</sat></trkpt>
  <trkpt lat="45.49782473" lon="2.89176854"><ele>1284.472</ele><time>2026-09-25T13:50:14Z</time><speed>0.000</speed><sat>27</sat></trkpt>
  <trkpt lat="45.49783460" lon="2.89176186"><ele>1286.178</ele><time>2026-09-25T13:50:17Z</time><speed>0.630</speed><sat>27</sat></trkpt>
  <trkpt lat="45.49786652" lon="2.89175664"><ele>1286.562</ele><time>2026-09-25T13:50:20Z</time><speed>0.690</speed><sat>27</sat></trkpt>
  <trkpt lat="45.49788665" lon="2.89175258"><ele>1286.477</ele><time>2026-09-25T13:50:23Z</time><speed>0.540</speed><sat>27</sat></trkpt>
  <trkpt lat="45.49789179" lon="2.89175197"><ele>1286.417</ele><time>2026-09-25T13:50:26Z</time><speed>0.330</speed><sat>27</sat></trkpt>
  <trkpt lat="45.49789785" lon="2.89174782"><ele>1285.969</ele><time>2026-09-25T13:50:29Z</time><speed>0.000</speed><sat>27</sat></trkpt>
  <trkpt lat="45.49790359" lon="2.89174310"><ele>1286.322</ele><time>2026-09-25T13:50:32Z</time><speed>0.410</speed><sat>27</sat></trkpt>
  <trkpt lat="45.49791401" lon="2.89173601"><ele>1285.862</ele><time>2026-09-25T13:50:35Z</time><speed>0.000</speed><sat>27</sat></trkpt>
  <trkpt lat="45.49791457" lon="2.89173435"><ele>1286.271</ele><time>2026-09-25T13:50:38Z</time><speed>0.260</speed><sat>27</sat></trkpt>
  <trkpt lat="45.49792806" lon="2.89172047"><ele>1285.320</ele><time>2026-09-25T13:50:41Z</time><speed>0.990</speed><sat>27</sat></trkpt>
  <trkpt lat="45.49794742" lon="2.89169968"><ele>1284.827</ele><time>2026-09-25T13:50:44Z</time><speed>0.690</speed><sat>27</sat></trkpt>
  <trkpt lat="45.49796782" lon="2.89168849"><ele>1286.284</ele><time>2026-09-25T13:50:47Z</time><speed>0.700</speed><sat>28</sat></trkpt>
  <trkpt lat="45.49798751" lon="2.89167989"><ele>1286.300</ele><time>2026-09-25T13:50:50Z</time><speed>0.000</speed><sat>29</sat></trkpt>
  <trkpt lat="45.49799092" lon="2.89167927"><ele>1285.968</ele><time>2026-09-25T13:50:53Z</time><speed>0.000</speed><sat>26</sat></trkpt>
  <trkpt lat="45.49799106" lon="2.89167929"><ele>1285.969</ele><time>2026-09-25T13:50:56Z</time><speed>0.000</speed><sat>23</sat></trkpt>
  <trkpt lat="45.49799108" lon="2.89167942"><ele>1285.954</ele><time>2026-09-25T13:50:59Z</time><speed>0.000</speed><sat>23</sat></trkpt>
  <trkpt lat="45.49799474" lon="2.89167853"><ele>1286.065</ele><time>2026-09-25T13:51:02Z</time><speed>0.000</speed><sat>24</sat></trkpt>
  <trkpt lat="45.49801129" lon="2.89166484"><ele>1286.682</ele><time>2026-09-25T13:51:05Z</time><speed>1.660</speed><sat>26</sat></trkpt>
  <trkpt lat="45.49802339" lon="2.89165371"><ele>1286.613</ele><time>2026-09-25T13:51:08Z</time><speed>0.210</speed><sat>27</sat></trkpt>
  <trkpt lat="45.49801983" lon="2.89163777"><ele>1286.910</ele><time>2026-09-25T13:51:11Z</time><speed>0.330</speed><sat>29</sat></trkpt>
  <trkpt lat="45.49802893" lon="2.89165397"><ele>1287.863</ele><time>2026-09-25T13:51:14Z</time><speed>0.000</speed><sat>29</sat></trkpt>
  <trkpt lat="45.49803443" lon="2.89165552"><ele>1287.353</ele><time>2026-09-25T13:51:17Z</time><speed>0.270</speed><sat>28</sat></trkpt>
  <trkpt lat="45.49805123" lon="2.89167185"><ele>1286.597</ele><time>2026-09-25T13:51:20Z</time><speed>0.960</speed><sat>28</sat></trkpt>
  <trkpt lat="45.49808772" lon="2.89168123"><ele>1287.808</ele><time>2026-09-25T13:51:23Z</time><speed>1.400</speed><sat>28</sat></trkpt>
  <trkpt lat="45.49812428" lon="2.89166821"><ele>1288.938</ele><time>2026-09-25T13:51:26Z</time><speed>1.320</speed><sat>29</sat></trkpt>
  <trkpt lat="45.49815722" lon="2.89165586"><ele>1289.572</ele><time>2026-09-25T13:51:29Z</time><speed>1.190</speed><sat>27</sat></trkpt>
  <trkpt lat="45.49818119" lon="2.89163234"><ele>1287.022</ele><time>2026-09-25T13:51:32Z</time><speed>1.210</speed><sat>26</sat></trkpt>
  <trkpt lat="45.49820656" lon="2.89160737"><ele>1287.263</ele><time>2026-09-25T13:51:35Z</time><speed>1.120</speed><sat>29</sat></trkpt>
  <trkpt lat="45.49823226" lon="2.89158601"><ele>1288.063</ele><time>2026-09-25T13:51:38Z</time><speed>1.090</speed><sat>29</sat></trkpt>
  <trkpt lat="45.49825653" lon="2.89156144"><ele>1288.068</ele><time>2026-09-25T13:51:41Z</time><speed>1.120</speed><sat>25</sat></trkpt>
  <trkpt lat="45.49827813" lon="2.89154493"><ele>1287.023</ele><time>2026-09-25T13:51:44Z</time><speed>1.080</speed><sat>25</sat></trkpt>
  <trkpt lat="45.49829831" lon="2.89152036"><ele>1286.309</ele><time>2026-09-25T13:51:47Z</time><speed>1.120</speed><sat>29</sat></trkpt>
  <trkpt lat="45.49832193" lon="2.89149312"><ele>1285.970</ele><time>2026-09-25T13:51:50Z</time><speed>1.160</speed><sat>28</sat></trkpt>
  <trkpt lat="45.49835029" lon="2.89146456"><ele>1287.497</ele><time>2026-09-25T13:51:53Z</time><speed>1.170</speed><sat>23</sat></trkpt>
  <trkpt lat="45.49836986" lon="2.89143015"><ele>1285.908</ele><time>2026-09-25T13:51:56Z</time><speed>1.200</speed><sat>24</sat></trkpt>
  <trkpt lat="45.49838695" lon="2.89139763"><ele>1287.346</ele><time>2026-09-25T13:51:59Z</time><speed>1.190</speed><sat>27</sat></trkpt>
  <trkpt lat="45.49840252" lon="2.89137509"><ele>1286.227</ele><time>2026-09-25T13:52:02Z</time><speed>1.120</speed><sat>28</sat></trkpt>
  <trkpt lat="45.49842260" lon="2.89135388"><ele>1286.988</ele><time>2026-09-25T13:52:05Z</time><speed>1.110</speed><sat>25</sat></trkpt>
  <trkpt lat="45.49844469" lon="2.89134591"><ele>1284.883</ele><time>2026-09-25T13:52:08Z</time><speed>1.210</speed><sat>25</sat></trkpt>
  <trkpt lat="45.49847842" lon="2.89131793"><ele>1285.583</ele><time>2026-09-25T13:52:11Z</time><speed>1.540</speed><sat>27</sat></trkpt>
  <trkpt lat="45.49849069" lon="2.89127416"><ele>1286.498</ele><time>2026-09-25T13:52:14Z</time><speed>0.000</speed><sat>26</sat></trkpt>
  <trkpt lat="45.49848974" lon="2.89126822"><ele>1287.030</ele><time>2026-09-25T13:52:17Z</time><speed>0.000</speed><sat>25</sat></trkpt>
  <trkpt lat="45.49849638" lon="2.89126555"><ele>1285.149</ele><time>2026-09-25T13:52:20Z</time><speed>0.520</speed><sat>25</sat></trkpt>
  <trkpt lat="45.49850765" lon="2.89123436"><ele>1285.734</ele><time>2026-09-25T13:52:23Z</time><speed>1.360</speed><sat>24</sat></trkpt>
  <trkpt lat="45.49852856" lon="2.89121352"><ele>1284.330</ele><time>2026-09-25T13:52:26Z</time><speed>1.240</speed><sat>25</sat></trkpt>
  <trkpt lat="45.49854957" lon="2.89119366"><ele>1281.738</ele><time>2026-09-25T13:52:29Z</time><speed>1.210</speed><sat>26</sat></trkpt>
  <trkpt lat="45.49856139" lon="2.89118729"><ele>1280.734</ele><time>2026-09-25T13:52:32Z</time><speed>1.070</speed><sat>26</sat></trkpt>
  <trkpt lat="45.49857293" lon="2.89115314"><ele>1278.434</ele><time>2026-09-25T13:52:35Z</time><speed>0.840</speed><sat>27</sat></trkpt>
  <trkpt lat="45.49857620" lon="2.89113611"><ele>1276.725</ele><time>2026-09-25T13:52:38Z</time><speed>0.890</speed><sat>26</sat></trkpt>
  <trkpt lat="45.49858453" lon="2.89113228"><ele>1277.523</ele><time>2026-09-25T13:52:41Z</time><speed>0.960</speed><sat>27</sat></trkpt>
  <trkpt lat="45.49859327" lon="2.89113221"><ele>1278.478</ele><time>2026-09-25T13:52:44Z</time><speed>0.930</speed><sat>26</sat></trkpt>
  <trkpt lat="45.49860094" lon="2.89111240"><ele>1279.063</ele><time>2026-09-25T13:52:47Z</time><speed>1.040</speed><sat>25</sat></trkpt>
  <trkpt lat="45.49860403" lon="2.89110746"><ele>1278.826</ele><time>2026-09-25T13:52:50Z</time><speed>0.000</speed><sat>24</sat></trkpt>
  <trkpt lat="45.49861447" lon="2.89108804"><ele>1280.810</ele><time>2026-09-25T13:52:53Z</time><speed>0.900</speed><sat>23</sat></trkpt>
  <trkpt lat="45.49862507" lon="2.89107240"><ele>1280.256</ele><time>2026-09-25T13:52:56Z</time><speed>1.300</speed><sat>24</sat></trkpt>
  <trkpt lat="45.49862274" lon="2.89105419"><ele>1279.031</ele><time>2026-09-25T13:52:59Z</time><speed>1.830</speed><sat>24</sat></trkpt>
  <trkpt lat="45.49863422" lon="2.89105698"><ele>1278.802</ele><time>2026-09-25T13:53:02Z</time><speed>0.790</speed><sat>24</sat></trkpt>
  <trkpt lat="45.49864064" lon="2.89104811"><ele>1278.023</ele><time>2026-09-25T13:53:05Z</time><speed>0.810</speed><sat>25</sat></trkpt>
  <trkpt lat="45.49864848" lon="2.89103848"><ele>1277.368</ele><time>2026-09-25T13:53:08Z</time><speed>0.820</speed><sat>26</sat></trkpt>
  <trkpt lat="45.49865857" lon="2.89101997"><ele>1277.326</ele><time>2026-09-25T13:53:11Z</time><speed>0.820</speed><sat>27</sat></trkpt>
  <trkpt lat="45.49866630" lon="2.89099684"><ele>1278.445</ele><time>2026-09-25T13:53:14Z</time><speed>0.780</speed><sat>26</sat></trkpt>
  <trkpt lat="45.49867248" lon="2.89097370"><ele>1277.688</ele><time>2026-09-25T13:53:17Z</time><speed>0.770</speed><sat>25</sat></trkpt>
  <trkpt lat="45.49867861" lon="2.89094699"><ele>1275.746</ele><time>2026-09-25T13:53:20Z</time><speed>0.790</speed><sat>24</sat></trkpt>
  <trkpt lat="45.49868580" lon="2.89092454"><ele>1275.698</ele><time>2026-09-25T13:53:23Z</time><speed>0.770</speed><sat>24</sat></trkpt>
  <trkpt lat="45.49869203" lon="2.89089241"><ele>1274.531</ele><time>2026-09-25T13:53:26Z</time><speed>1.150</speed><sat>24</sat></trkpt>
  <trkpt lat="45.49870196" lon="2.89086580"><ele>1271.435</ele><time>2026-09-25T13:53:29Z</time><speed>1.000</speed><sat>25</sat></trkpt>
  <trkpt lat="45.49870299" lon="2.89085471"><ele>1271.484</ele><time>2026-09-25T13:53:32Z</time><speed>0.400</speed><sat>24</sat></trkpt>
  <trkpt lat="45.49871811" lon="2.89082675"><ele>1272.075</ele><time>2026-09-25T13:53:35Z</time><speed>1.120</speed><sat>24</sat></trkpt>
  <trkpt lat="45.49873497" lon="2.89080398"><ele>1272.048</ele><time>2026-09-25T13:53:38Z</time><speed>0.950</speed><sat>25</sat></trkpt>
  <trkpt lat="45.49874474" lon="2.89077745"><ele>1271.544</ele><time>2026-09-25T13:53:41Z</time><speed>0.900</speed><sat>26</sat></trkpt>
  <trkpt lat="45.49875238" lon="2.89075285"><ele>1270.857</ele><time>2026-09-25T13:53:44Z</time><speed>0.770</speed><sat>25</sat></trkpt>
  <trkpt lat="45.49874923" lon="2.89072935"><ele>1271.083</ele><time>2026-09-25T13:53:47Z</time><speed>0.810</speed><sat>24</sat></trkpt>
  <trkpt lat="45.49874221" lon="2.89071202"><ele>1273.034</ele><time>2026-09-25T13:53:50Z</time><speed>0.840</speed><sat>25</sat></trkpt>
  <trkpt lat="45.49874273" lon="2.89069619"><ele>1273.556</ele><time>2026-09-25T13:53:53Z</time><speed>0.550</speed><sat>26</sat></trkpt>
  <trkpt lat="45.49874405" lon="2.89068748"><ele>1274.763</ele><time>2026-09-25T13:53:56Z</time><speed>0.370</speed><sat>25</sat></trkpt>
  <trkpt lat="45.49875313" lon="2.89066522"><ele>1275.386</ele><time>2026-09-25T13:53:59Z</time><speed>0.860</speed><sat>25</sat></trkpt>
  <trkpt lat="45.49877078" lon="2.89063703"><ele>1274.994</ele><time>2026-09-25T13:54:02Z</time><speed>0.750</speed><sat>26</sat></trkpt>
  <trkpt lat="45.49878084" lon="2.89061068"><ele>1275.178</ele><time>2026-09-25T13:54:05Z</time><speed>0.710</speed><sat>25</sat></trkpt>
  <trkpt lat="45.49878455" lon="2.89059461"><ele>1274.063</ele><time>2026-09-25T13:54:08Z</time><speed>0.620</speed><sat>25</sat></trkpt>
  <trkpt lat="45.49878978" lon="2.89057096"><ele>1274.043</ele><time>2026-09-25T13:54:11Z</time><speed>0.640</speed><sat>26</sat></trkpt>
  <trkpt lat="45.49879014" lon="2.89054556"><ele>1272.531</ele><time>2026-09-25T13:54:14Z</time><speed>0.640</speed><sat>26</sat></trkpt>
  <trkpt lat="45.49879756" lon="2.89051868"><ele>1272.117</ele><time>2026-09-25T13:54:17Z</time><speed>0.710</speed><sat>25</sat></trkpt>
  <trkpt lat="45.49880812" lon="2.89049315"><ele>1272.727</ele><time>2026-09-25T13:54:20Z</time><speed>0.700</speed><sat>26</sat></trkpt>
  <trkpt lat="45.49882045" lon="2.89046175"><ele>1272.272</ele><time>2026-09-25T13:54:23Z</time><speed>0.820</speed><sat>27</sat></trkpt>
  <trkpt lat="45.49883853" lon="2.89043322"><ele>1272.605</ele><time>2026-09-25T13:54:26Z</time><speed>0.790</speed><sat>26</sat></trkpt>
  <trkpt lat="45.49886126" lon="2.89041103"><ele>1271.907</ele><time>2026-09-25T13:54:29Z</time><speed>0.810</speed><sat>26</sat></trkpt>
  <trkpt lat="45.49887868" lon="2.89038227"><ele>1272.816</ele><time>2026-09-25T13:54:32Z</time><speed>0.830</speed><sat>26</sat></trkpt>
  <trkpt lat="45.49889553" lon="2.89035119"><ele>1273.524</ele><time>2026-09-25T13:54:35Z</time><speed>0.840</speed><sat>25</sat></trkpt>
  <trkpt lat="45.49891234" lon="2.89031540"><ele>1274.373</ele><time>2026-09-25T13:54:38Z</time><speed>0.810</speed><sat>25</sat></trkpt>
  <trkpt lat="45.49892909" lon="2.89029042"><ele>1273.113</ele><time>2026-09-25T13:54:41Z</time><speed>0.730</speed><sat>25</sat></trkpt>
  <trkpt lat="45.49895016" lon="2.89027503"><ele>1274.607</ele><time>2026-09-25T13:54:44Z</time><speed>0.740</speed><sat>25</sat></trkpt>
  <trkpt lat="45.49896362" lon="2.89024058"><ele>1274.779</ele><time>2026-09-25T13:54:47Z</time><speed>0.790</speed><sat>25</sat></trkpt>
  <trkpt lat="45.49897469" lon="2.89022313"><ele>1274.067</ele><time>2026-09-25T13:54:50Z</time><speed>0.000</speed><sat>25</sat></trkpt>
  <trkpt lat="45.49897595" lon="2.89022180"><ele>1274.790</ele><time>2026-09-25T13:54:53Z</time><speed>0.000</speed><sat>26</sat></trkpt>
  <trkpt lat="45.49897856" lon="2.89021117"><ele>1274.632</ele><time>2026-09-25T13:54:56Z</time><speed>0.520</speed><sat>26</sat></trkpt>
  <trkpt lat="45.49896911" lon="2.89018997"><ele>1273.955</ele><time>2026-09-25T13:54:59Z</time><speed>0.690</speed><sat>26</sat></trkpt>
  <trkpt lat="45.49896790" lon="2.89018677"><ele>1273.837</ele><time>2026-09-25T13:55:02Z</time><speed>0.000</speed><sat>25</sat></trkpt>
  <trkpt lat="45.49896194" lon="2.89018700"><ele>1273.545</ele><time>2026-09-25T13:55:05Z</time><speed>0.000</speed><sat>24</sat></trkpt>
  <trkpt lat="45.49895771" lon="2.89019078"><ele>1273.235</ele><time>2026-09-25T13:55:08Z</time><speed>0.000</speed><sat>25</sat></trkpt>
  <trkpt lat="45.49895766" lon="2.89019066"><ele>1273.229</ele><time>2026-09-25T13:55:11Z</time><speed>0.000</speed><sat>26</sat></trkpt>
  <trkpt lat="45.49895742" lon="2.89017844"><ele>1273.598</ele><time>2026-09-25T13:55:14Z</time><speed>0.800</speed><sat>25</sat></trkpt>
  <trkpt lat="45.49895270" lon="2.89017492"><ele>1273.120</ele><time>2026-09-25T13:55:17Z</time><speed>0.000</speed><sat>26</sat></trkpt>
  <trkpt lat="45.49895256" lon="2.89017502"><ele>1273.073</ele><time>2026-09-25T13:55:20Z</time><speed>0.000</speed><sat>27</sat></trkpt>
  <trkpt lat="45.49895925" lon="2.89017286"><ele>1272.630</ele><time>2026-09-25T13:55:23Z</time><speed>0.600</speed><sat>26</sat></trkpt>
  <trkpt lat="45.49896259" lon="2.89017231"><ele>1272.075</ele><time>2026-09-25T13:55:26Z</time><speed>0.000</speed><sat>26</sat></trkpt>
  <trkpt lat="45.49896210" lon="2.89017179"><ele>1272.053</ele><time>2026-09-25T13:55:29Z</time><speed>0.000</speed><sat>25</sat></trkpt>
  <trkpt lat="45.49896150" lon="2.89017189"><ele>1272.168</ele><time>2026-09-25T13:55:32Z</time><speed>0.000</speed><sat>25</sat></trkpt>
  <trkpt lat="45.49896755" lon="2.89016636"><ele>1272.536</ele><time>2026-09-25T13:55:35Z</time><speed>0.180</speed><sat>25</sat></trkpt>
  <trkpt lat="45.49897073" lon="2.89014187"><ele>1273.714</ele><time>2026-09-25T13:55:38Z</time><speed>0.480</speed><sat>25</sat></trkpt>
  <trkpt lat="45.49897049" lon="2.89010484"><ele>1274.572</ele><time>2026-09-25T13:55:41Z</time><speed>0.690</speed><sat>26</sat></trkpt>
  <trkpt lat="45.49897977" lon="2.89006639"><ele>1275.692</ele><time>2026-09-25T13:55:44Z</time><speed>0.710</speed><sat>24</sat></trkpt>
  <trkpt lat="45.49898531" lon="2.89002251"><ele>1275.996</ele><time>2026-09-25T13:55:47Z</time><speed>1.890</speed><sat>24</sat></trkpt>
  <trkpt lat="45.49900657" lon="2.89002083"><ele>1274.780</ele><time>2026-09-25T13:55:50Z</time><speed>0.710</speed><sat>25</sat></trkpt>
  <trkpt lat="45.49902567" lon="2.89000726"><ele>1273.021</ele><time>2026-09-25T13:55:53Z</time><speed>0.730</speed><sat>23</sat></trkpt>
  <trkpt lat="45.49903652" lon="2.88998264"><ele>1270.546</ele><time>2026-09-25T13:55:56Z</time><speed>0.810</speed><sat>24</sat></trkpt>
  <trkpt lat="45.49904091" lon="2.88995542"><ele>1271.235</ele><time>2026-09-25T13:55:59Z</time><speed>0.800</speed><sat>25</sat></trkpt>
  <trkpt lat="45.49905065" lon="2.88993580"><ele>1271.191</ele><time>2026-09-25T13:56:02Z</time><speed>0.730</speed><sat>26</sat></trkpt>
  <trkpt lat="45.49904102" lon="2.88990361"><ele>1272.261</ele><time>2026-09-25T13:56:05Z</time><speed>0.000</speed><sat>25</sat></trkpt>
  <trkpt lat="45.49903641" lon="2.88989633"><ele>1272.285</ele><time>2026-09-25T13:56:08Z</time><speed>0.330</speed><sat>24</sat></trkpt>
  <trkpt lat="45.49902714" lon="2.88986672"><ele>1274.972</ele><time>2026-09-25T13:56:11Z</time><speed>0.670</speed><sat>25</sat></trkpt>
  <trkpt lat="45.49901789" lon="2.88984673"><ele>1275.589</ele><time>2026-09-25T13:56:14Z</time><speed>0.720</speed><sat>26</sat></trkpt>
  <trkpt lat="45.49903544" lon="2.88981554"><ele>1277.496</ele><time>2026-09-25T13:56:17Z</time><speed>0.760</speed><sat>25</sat></trkpt>
  <trkpt lat="45.49905593" lon="2.88978689"><ele>1275.916</ele><time>2026-09-25T13:56:20Z</time><speed>0.860</speed><sat>26</sat></trkpt>
  <trkpt lat="45.49908949" lon="2.88976755"><ele>1273.680</ele><time>2026-09-25T13:56:23Z</time><speed>0.770</speed><sat>25</sat></trkpt>
  <trkpt lat="45.49912210" lon="2.88975261"><ele>1272.604</ele><time>2026-09-25T13:56:26Z</time><speed>0.770</speed><sat>24</sat></trkpt>
  <trkpt lat="45.49914596" lon="2.88972810"><ele>1271.898</ele><time>2026-09-25T13:56:29Z</time><speed>0.780</speed><sat>25</sat></trkpt>
  <trkpt lat="45.49916392" lon="2.88969941"><ele>1270.167</ele><time>2026-09-25T13:56:32Z</time><speed>0.670</speed><sat>25</sat></trkpt>
  <trkpt lat="45.49917811" lon="2.88967274"><ele>1269.437</ele><time>2026-09-25T13:56:35Z</time><speed>0.730</speed><sat>26</sat></trkpt>
  <trkpt lat="45.49919119" lon="2.88963981"><ele>1267.485</ele><time>2026-09-25T13:56:38Z</time><speed>0.750</speed><sat>26</sat></trkpt>
  <trkpt lat="45.49919955" lon="2.88960854"><ele>1269.698</ele><time>2026-09-25T13:56:41Z</time><speed>0.710</speed><sat>25</sat></trkpt>
  <trkpt lat="45.49920796" lon="2.88958874"><ele>1269.945</ele><time>2026-09-25T13:56:44Z</time><speed>0.690</speed><sat>25</sat></trkpt>
  <trkpt lat="45.49921121" lon="2.88957415"><ele>1270.329</ele><time>2026-09-25T13:56:47Z</time><speed>0.000</speed><sat>26</sat></trkpt>
  <trkpt lat="45.49921136" lon="2.88956029"><ele>1269.314</ele><time>2026-09-25T13:56:50Z</time><speed>0.280</speed><sat>26</sat></trkpt>
  <trkpt lat="45.49921638" lon="2.88954665"><ele>1267.463</ele><time>2026-09-25T13:56:53Z</time><speed>0.650</speed><sat>26</sat></trkpt>
  <trkpt lat="45.49922767" lon="2.88953067"><ele>1266.568</ele><time>2026-09-25T13:56:56Z</time><speed>0.480</speed><sat>26</sat></trkpt>
  <trkpt lat="45.49923102" lon="2.88950644"><ele>1267.950</ele><time>2026-09-25T13:56:59Z</time><speed>0.720</speed><sat>25</sat></trkpt>
  <trkpt lat="45.49923068" lon="2.88949128"><ele>1268.287</ele><time>2026-09-25T13:57:02Z</time><speed>0.000</speed><sat>25</sat></trkpt>
  <trkpt lat="45.49924290" lon="2.88947225"><ele>1269.064</ele><time>2026-09-25T13:57:05Z</time><speed>0.000</speed><sat>25</sat></trkpt>
  <trkpt lat="45.49924423" lon="2.88947246"><ele>1269.042</ele><time>2026-09-25T13:57:08Z</time><speed>0.000</speed><sat>25</sat></trkpt>
  <trkpt lat="45.49925219" lon="2.88946722"><ele>1268.268</ele><time>2026-09-25T13:57:11Z</time><speed>0.910</speed><sat>25</sat></trkpt>
  <trkpt lat="45.49925842" lon="2.88945039"><ele>1267.622</ele><time>2026-09-25T13:57:14Z</time><speed>0.810</speed><sat>25</sat></trkpt>
  <trkpt lat="45.49925539" lon="2.88942596"><ele>1266.723</ele><time>2026-09-25T13:57:17Z</time><speed>0.000</speed><sat>24</sat></trkpt>
  <trkpt lat="45.49924622" lon="2.88940646"><ele>1268.808</ele><time>2026-09-25T13:57:20Z</time><speed>0.870</speed><sat>23</sat></trkpt>
  <trkpt lat="45.49924257" lon="2.88940094"><ele>1268.491</ele><time>2026-09-25T13:57:23Z</time><speed>0.000</speed><sat>21</sat></trkpt>
  <trkpt lat="45.49924179" lon="2.88938299"><ele>1268.230</ele><time>2026-09-25T13:57:26Z</time><speed>0.560</speed><sat>21</sat></trkpt>
  <trkpt lat="45.49923843" lon="2.88934917"><ele>1265.713</ele><time>2026-09-25T13:57:29Z</time><speed>1.020</speed><sat>21</sat></trkpt>
  <trkpt lat="45.49924080" lon="2.88933608"><ele>1264.879</ele><time>2026-09-25T13:57:32Z</time><speed>0.380</speed><sat>21</sat></trkpt>
  <trkpt lat="45.49924295" lon="2.88932160"><ele>1264.045</ele><time>2026-09-25T13:57:35Z</time><speed>0.000</speed><sat>21</sat></trkpt>
  <trkpt lat="45.49924424" lon="2.88931847"><ele>1264.367</ele><time>2026-09-25T13:57:38Z</time><speed>0.390</speed><sat>23</sat></trkpt>
  <trkpt lat="45.49924483" lon="2.88931540"><ele>1264.412</ele><time>2026-09-25T13:57:41Z</time><speed>0.000</speed><sat>23</sat></trkpt>
  <trkpt lat="45.49924509" lon="2.88931700"><ele>1264.343</ele><time>2026-09-25T13:57:44Z</time><speed>0.000</speed><sat>22</sat></trkpt>
  <trkpt lat="45.49925528" lon="2.88929733"><ele>1263.935</ele><time>2026-09-25T13:57:47Z</time><speed>0.730</speed><sat>24</sat></trkpt>
  <trkpt lat="45.49925804" lon="2.88927283"><ele>1263.886</ele><time>2026-09-25T13:57:50Z</time><speed>0.000</speed><sat>23</sat></trkpt>
  <trkpt lat="45.49926250" lon="2.88924585"><ele>1264.565</ele><time>2026-09-25T13:57:53Z</time><speed>0.910</speed><sat>20</sat></trkpt>
  <trkpt lat="45.49927982" lon="2.88923000"><ele>1264.395</ele><time>2026-09-25T13:57:56Z</time><speed>0.870</speed><sat>22</sat></trkpt>
  <trkpt lat="45.49927824" lon="2.88920839"><ele>1263.951</ele><time>2026-09-25T13:57:59Z</time><speed>0.880</speed><sat>24</sat></trkpt>
  <trkpt lat="45.49927551" lon="2.88919865"><ele>1263.651</ele><time>2026-09-25T13:58:02Z</time><speed>0.000</speed><sat>24</sat></trkpt>
  <trkpt lat="45.49927417" lon="2.88917760"><ele>1263.583</ele><time>2026-09-25T13:58:05Z</time><speed>0.770</speed><sat>24</sat></trkpt>
  <trkpt lat="45.49927453" lon="2.88917519"><ele>1263.749</ele><time>2026-09-25T13:58:08Z</time><speed>0.000</speed><sat>24</sat></trkpt>
  <trkpt lat="45.49927591" lon="2.88917055"><ele>1263.517</ele><time>2026-09-25T13:58:11Z</time><speed>0.500</speed><sat>23</sat></trkpt>
  <trkpt lat="45.49927989" lon="2.88915880"><ele>1263.541</ele><time>2026-09-25T13:58:14Z</time><speed>0.000</speed><sat>22</sat></trkpt>
  <trkpt lat="45.49928379" lon="2.88913340"><ele>1264.113</ele><time>2026-09-25T13:58:17Z</time><speed>0.570</speed><sat>24</sat></trkpt>
  <trkpt lat="45.49928940" lon="2.88911332"><ele>1263.302</ele><time>2026-09-25T13:58:20Z</time><speed>0.750</speed><sat>25</sat></trkpt>
  <trkpt lat="45.49929176" lon="2.88909279"><ele>1261.902</ele><time>2026-09-25T13:58:23Z</time><speed>0.730</speed><sat>25</sat></trkpt>
  <trkpt lat="45.49929730" lon="2.88907055"><ele>1264.479</ele><time>2026-09-25T13:58:26Z</time><speed>0.690</speed><sat>23</sat></trkpt>
  <trkpt lat="45.49931194" lon="2.88904893"><ele>1266.883</ele><time>2026-09-25T13:58:29Z</time><speed>1.030</speed><sat>26</sat></trkpt>
  <trkpt lat="45.49931759" lon="2.88903107"><ele>1265.092</ele><time>2026-09-25T13:58:32Z</time><speed>0.550</speed><sat>27</sat></trkpt>
  <trkpt lat="45.49932597" lon="2.88903658"><ele>1263.506</ele><time>2026-09-25T13:58:35Z</time><speed>0.290</speed><sat>26</sat></trkpt>
  <trkpt lat="45.49932936" lon="2.88902023"><ele>1263.575</ele><time>2026-09-25T13:58:38Z</time><speed>0.960</speed><sat>26</sat></trkpt>
  <trkpt lat="45.49933678" lon="2.88899616"><ele>1262.743</ele><time>2026-09-25T13:58:41Z</time><speed>0.720</speed><sat>25</sat></trkpt>
  <trkpt lat="45.49934097" lon="2.88897496"><ele>1262.096</ele><time>2026-09-25T13:58:44Z</time><speed>0.700</speed><sat>28</sat></trkpt>
  <trkpt lat="45.49934798" lon="2.88894698"><ele>1262.190</ele><time>2026-09-25T13:58:47Z</time><speed>0.730</speed><sat>28</sat></trkpt>
  <trkpt lat="45.49935640" lon="2.88892114"><ele>1262.906</ele><time>2026-09-25T13:58:50Z</time><speed>0.770</speed><sat>28</sat></trkpt>
  <trkpt lat="45.49936083" lon="2.88888986"><ele>1262.763</ele><time>2026-09-25T13:58:53Z</time><speed>0.760</speed><sat>28</sat></trkpt>
  <trkpt lat="45.49936053" lon="2.88885816"><ele>1264.238</ele><time>2026-09-25T13:58:56Z</time><speed>0.690</speed><sat>27</sat></trkpt>
  <trkpt lat="45.49936987" lon="2.88882220"><ele>1264.094</ele><time>2026-09-25T13:58:59Z</time><speed>0.680</speed><sat>28</sat></trkpt>
  <trkpt lat="45.49938496" lon="2.88879406"><ele>1264.092</ele><time>2026-09-25T13:59:02Z</time><speed>0.800</speed><sat>28</sat></trkpt>
  <trkpt lat="45.49939679" lon="2.88877157"><ele>1263.045</ele><time>2026-09-25T13:59:05Z</time><speed>0.790</speed><sat>29</sat></trkpt>
  <trkpt lat="45.49940178" lon="2.88874570"><ele>1262.796</ele><time>2026-09-25T13:59:08Z</time><speed>0.700</speed><sat>27</sat></trkpt>
  <trkpt lat="45.49940773" lon="2.88872078"><ele>1261.017</ele><time>2026-09-25T13:59:11Z</time><speed>0.760</speed><sat>28</sat></trkpt>
  <trkpt lat="45.49941405" lon="2.88868154"><ele>1259.397</ele><time>2026-09-25T13:59:14Z</time><speed>0.950</speed><sat>26</sat></trkpt>
  <trkpt lat="45.49942181" lon="2.88865471"><ele>1258.848</ele><time>2026-09-25T13:59:17Z</time><speed>0.720</speed><sat>25</sat></trkpt>
  <trkpt lat="45.49942382" lon="2.88862615"><ele>1256.841</ele><time>2026-09-25T13:59:20Z</time><speed>0.790</speed><sat>27</sat></trkpt>
  <trkpt lat="45.49943321" lon="2.88859635"><ele>1258.963</ele><time>2026-09-25T13:59:23Z</time><speed>0.720</speed><sat>27</sat></trkpt>
  <trkpt lat="45.49944236" lon="2.88856122"><ele>1258.924</ele><time>2026-09-25T13:59:26Z</time><speed>0.680</speed><sat>27</sat></trkpt>
  <trkpt lat="45.49945666" lon="2.88852903"><ele>1259.738</ele><time>2026-09-25T13:59:29Z</time><speed>0.740</speed><sat>27</sat></trkpt>
  <trkpt lat="45.49947025" lon="2.88849546"><ele>1260.160</ele><time>2026-09-25T13:59:32Z</time><speed>0.750</speed><sat>27</sat></trkpt>
  <trkpt lat="45.49947803" lon="2.88846153"><ele>1258.590</ele><time>2026-09-25T13:59:35Z</time><speed>0.890</speed><sat>29</sat></trkpt>
  <trkpt lat="45.49948793" lon="2.88843262"><ele>1257.602</ele><time>2026-09-25T13:59:38Z</time><speed>0.650</speed><sat>28</sat></trkpt>
  <trkpt lat="45.49949858" lon="2.88840460"><ele>1257.467</ele><time>2026-09-25T13:59:41Z</time><speed>0.470</speed><sat>27</sat></trkpt>
  <trkpt lat="45.49950136" lon="2.88837474"><ele>1257.059</ele><time>2026-09-25T13:59:44Z</time><speed>0.730</speed><sat>28</sat></trkpt>
  <trkpt lat="45.49950236" lon="2.88834521"><ele>1257.157</ele><time>2026-09-25T13:59:47Z</time><speed>0.720</speed><sat>29</sat></trkpt>
  <trkpt lat="45.49950364" lon="2.88831260"><ele>1257.277</ele><time>2026-09-25T13:59:50Z</time><speed>0.840</speed><sat>28</sat></trkpt>
  <trkpt lat="45.49951563" lon="2.88828518"><ele>1257.359</ele><time>2026-09-25T13:59:53Z</time><speed>1.050</speed><sat>28</sat></trkpt>
  <trkpt lat="45.49953188" lon="2.88826241"><ele>1258.427</ele><time>2026-09-25T13:59:56Z</time><speed>0.700</speed><sat>28</sat></trkpt>
  <trkpt lat="45.49954050" lon="2.88823610"><ele>1259.337</ele><time>2026-09-25T13:59:59Z</time><speed>0.780</speed><sat>29</sat></trkpt>
  <trkpt lat="45.49954017" lon="2.88819710"><ele>1259.030</ele><time>2026-09-25T14:00:02Z</time><speed>0.720</speed><sat>30</sat></trkpt>
  <trkpt lat="45.49954308" lon="2.88816817"><ele>1257.495</ele><time>2026-09-25T14:00:05Z</time><speed>0.880</speed><sat>30</sat></trkpt>
  <trkpt lat="45.49955626" lon="2.88813448"><ele>1255.874</ele><time>2026-09-25T14:00:08Z</time><speed>0.880</speed><sat>29</sat></trkpt>
  <trkpt lat="45.49955673" lon="2.88809357"><ele>1255.056</ele><time>2026-09-25T14:00:11Z</time><speed>0.810</speed><sat>28</sat></trkpt>
  <trkpt lat="45.49956027" lon="2.88805431"><ele>1257.245</ele><time>2026-09-25T14:00:14Z</time><speed>0.790</speed><sat>26</sat></trkpt>
  <trkpt lat="45.49956272" lon="2.88801514"><ele>1257.771</ele><time>2026-09-25T14:00:17Z</time><speed>0.780</speed><sat>29</sat></trkpt>
  <trkpt lat="45.49957154" lon="2.88798195"><ele>1258.576</ele><time>2026-09-25T14:00:20Z</time><speed>0.950</speed><sat>29</sat></trkpt>
  <trkpt lat="45.49957634" lon="2.88794042"><ele>1256.250</ele><time>2026-09-25T14:00:23Z</time><speed>0.780</speed><sat>28</sat></trkpt>
  <trkpt lat="45.49958145" lon="2.88789775"><ele>1256.120</ele><time>2026-09-25T14:00:26Z</time><speed>0.760</speed><sat>27</sat></trkpt>
  <trkpt lat="45.49958388" lon="2.88785286"><ele>1253.756</ele><time>2026-09-25T14:00:29Z</time><speed>0.770</speed><sat>32</sat></trkpt>
  <trkpt lat="45.49957821" lon="2.88781040"><ele>1254.621</ele><time>2026-09-25T14:00:32Z</time><speed>0.900</speed><sat>31</sat></trkpt>
  <trkpt lat="45.49957449" lon="2.88776977"><ele>1254.551</ele><time>2026-09-25T14:00:35Z</time><speed>0.850</speed><sat>30</sat></trkpt>
  <trkpt lat="45.49957638" lon="2.88771032"><ele>1254.973</ele><time>2026-09-25T14:00:38Z</time><speed>0.770</speed><sat>30</sat></trkpt>
  <trkpt lat="45.49957824" lon="2.88766140"><ele>1255.314</ele><time>2026-09-25T14:00:41Z</time><speed>0.800</speed><sat>29</sat></trkpt>
  <trkpt lat="45.49957653" lon="2.88762181"><ele>1254.578</ele><time>2026-09-25T14:00:44Z</time><speed>0.800</speed><sat>30</sat></trkpt>
  <trkpt lat="45.49957065" lon="2.88756913"><ele>1254.862</ele><time>2026-09-25T14:00:47Z</time><speed>0.730</speed><sat>31</sat></trkpt>
  <trkpt lat="45.49955910" lon="2.88752788"><ele>1254.643</ele><time>2026-09-25T14:00:50Z</time><speed>0.590</speed><sat>30</sat></trkpt>
  <trkpt lat="45.49955751" lon="2.88752494"><ele>1254.441</ele><time>2026-09-25T14:00:53Z</time><speed>0.000</speed><sat>30</sat></trkpt>
  <trkpt lat="45.49956150" lon="2.88750823"><ele>1254.783</ele><time>2026-09-25T14:00:56Z</time><speed>0.660</speed><sat>30</sat></trkpt>
  <trkpt lat="45.49955573" lon="2.88745338"><ele>1256.314</ele><time>2026-09-25T14:00:59Z</time><speed>0.940</speed><sat>27</sat></trkpt>
  <trkpt lat="45.49955812" lon="2.88739761"><ele>1257.692</ele><time>2026-09-25T14:01:02Z</time><speed>0.980</speed><sat>31</sat></trkpt>
  <trkpt lat="45.49955280" lon="2.88734726"><ele>1255.680</ele><time>2026-09-25T14:01:05Z</time><speed>0.900</speed><sat>29</sat></trkpt>
  <trkpt lat="45.49954738" lon="2.88729982"><ele>1254.292</ele><time>2026-09-25T14:01:08Z</time><speed>0.860</speed><sat>29</sat></trkpt>
  <trkpt lat="45.49954266" lon="2.88725324"><ele>1254.396</ele><time>2026-09-25T14:01:11Z</time><speed>0.860</speed><sat>29</sat></trkpt>
  <trkpt lat="45.49953951" lon="2.88721116"><ele>1255.076</ele><time>2026-09-25T14:01:14Z</time><speed>0.860</speed><sat>30</sat></trkpt>
  <trkpt lat="45.49953252" lon="2.88717174"><ele>1254.448</ele><time>2026-09-25T14:01:17Z</time><speed>0.840</speed><sat>30</sat></trkpt>
  <trkpt lat="45.49952496" lon="2.88713171"><ele>1253.897</ele><time>2026-09-25T14:01:20Z</time><speed>0.850</speed><sat>29</sat></trkpt>
  <trkpt lat="45.49951530" lon="2.88712109"><ele>1254.619</ele><time>2026-09-25T14:01:23Z</time><speed>0.000</speed><sat>27</sat></trkpt>
  <trkpt lat="45.49951265" lon="2.88711515"><ele>1254.746</ele><time>2026-09-25T14:01:26Z</time><speed>0.450</speed><sat>26</sat></trkpt>
  <trkpt lat="45.49950889" lon="2.88707386"><ele>1255.005</ele><time>2026-09-25T14:01:29Z</time><speed>0.900</speed><sat>26</sat></trkpt>
  <trkpt lat="45.49950274" lon="2.88703323"><ele>1254.879</ele><time>2026-09-25T14:01:32Z</time><speed>0.800</speed><sat>26</sat></trkpt>
  <trkpt lat="45.49949942" lon="2.88698936"><ele>1253.545</ele><time>2026-09-25T14:01:35Z</time><speed>0.790</speed><sat>25</sat></trkpt>
  <trkpt lat="45.49949319" lon="2.88695013"><ele>1252.270</ele><time>2026-09-25T14:01:38Z</time><speed>0.790</speed><sat>26</sat></trkpt>
  <trkpt lat="45.49947036" lon="2.88692168"><ele>1252.476</ele><time>2026-09-25T14:01:41Z</time><speed>0.800</speed><sat>26</sat></trkpt>
  <trkpt lat="45.49945282" lon="2.88687986"><ele>1253.801</ele><time>2026-09-25T14:01:44Z</time><speed>0.920</speed><sat>22</sat></trkpt>
  <trkpt lat="45.49945158" lon="2.88687704"><ele>1253.703</ele><time>2026-09-25T14:01:47Z</time><speed>0.000</speed><sat>23</sat></trkpt>
  <trkpt lat="45.49944754" lon="2.88687577"><ele>1252.994</ele><time>2026-09-25T14:01:50Z</time><speed>0.300</speed><sat>25</sat></trkpt>
  <trkpt lat="45.49943060" lon="2.88688213"><ele>1250.803</ele><time>2026-09-25T14:01:53Z</time><speed>0.930</speed><sat>24</sat></trkpt>
  <trkpt lat="45.49941165" lon="2.88686159"><ele>1249.946</ele><time>2026-09-25T14:01:56Z</time><speed>0.000</speed><sat>25</sat></trkpt>
  <trkpt lat="45.49939910" lon="2.88683369"><ele>1249.144</ele><time>2026-09-25T14:01:59Z</time><speed>0.000</speed><sat>24</sat></trkpt>
  <trkpt lat="45.49939533" lon="2.88683832"><ele>1248.943</ele><time>2026-09-25T14:02:02Z</time><speed>0.000</speed><sat>26</sat></trkpt>
  <trkpt lat="45.49939457" lon="2.88683889"><ele>1249.111</ele><time>2026-09-25T14:02:05Z</time><speed>0.000</speed><sat>26</sat></trkpt>
  <trkpt lat="45.49939401" lon="2.88683910"><ele>1249.137</ele><time>2026-09-25T14:02:08Z</time><speed>0.000</speed><sat>26</sat></trkpt>
  <trkpt lat="45.49939389" lon="2.88683911"><ele>1249.141</ele><time>2026-09-25T14:02:11Z</time><speed>0.000</speed><sat>26</sat></trkpt>
  <trkpt lat="45.49939371" lon="2.88683913"><ele>1249.098</ele><time>2026-09-25T14:02:14Z</time><speed>0.000</speed><sat>26</sat></trkpt>
  <trkpt lat="45.49939402" lon="2.88683852"><ele>1248.899</ele><time>2026-09-25T14:02:17Z</time><speed>0.280</speed><sat>24</sat></trkpt>
  <trkpt lat="45.49939662" lon="2.88683129"><ele>1248.906</ele><time>2026-09-25T14:02:20Z</time><speed>0.290</speed><sat>25</sat></trkpt>
  <trkpt lat="45.49939858" lon="2.88681233"><ele>1248.895</ele><time>2026-09-25T14:02:23Z</time><speed>0.420</speed><sat>25</sat></trkpt>
  <trkpt lat="45.49942736" lon="2.88681760"><ele>1247.274</ele><time>2026-09-25T14:02:26Z</time><speed>2.460</speed><sat>27</sat></trkpt>
  <trkpt lat="45.49942362" lon="2.88683490"><ele>1246.859</ele><time>2026-09-25T14:02:29Z</time><speed>0.000</speed><sat>26</sat></trkpt>
  <trkpt lat="45.49942348" lon="2.88683456"><ele>1246.818</ele><time>2026-09-25T14:02:32Z</time><speed>0.000</speed><sat>26</sat></trkpt>
  <trkpt lat="45.49942330" lon="2.88683380"><ele>1246.780</ele><time>2026-09-25T14:02:35Z</time><speed>0.000</speed><sat>26</sat></trkpt>
  <trkpt lat="45.49942331" lon="2.88682774"><ele>1246.289</ele><time>2026-09-25T14:02:38Z</time><speed>0.320</speed><sat>26</sat></trkpt>
  <trkpt lat="45.49941662" lon="2.88677803"><ele>1247.626</ele><time>2026-09-25T14:02:41Z</time><speed>0.800</speed><sat>26</sat></trkpt>
  <trkpt lat="45.49942514" lon="2.88672402"><ele>1247.700</ele><time>2026-09-25T14:02:44Z</time><speed>1.180</speed><sat>27</sat></trkpt>
  <trkpt lat="45.49942802" lon="2.88667602"><ele>1247.558</ele><time>2026-09-25T14:02:47Z</time><speed>1.310</speed><sat>27</sat></trkpt>
  <trkpt lat="45.49940517" lon="2.88663392"><ele>1248.304</ele><time>2026-09-25T14:02:50Z</time><speed>1.070</speed><sat>29</sat></trkpt>
  <trkpt lat="45.49939274" lon="2.88659298"><ele>1248.272</ele><time>2026-09-25T14:02:53Z</time><speed>1.060</speed><sat>30</sat></trkpt>
  <trkpt lat="45.49939244" lon="2.88655505"><ele>1248.041</ele><time>2026-09-25T14:02:56Z</time><speed>1.050</speed><sat>30</sat></trkpt>
  <trkpt lat="45.49939467" lon="2.88655039"><ele>1248.396</ele><time>2026-09-25T14:02:59Z</time><speed>0.000</speed><sat>30</sat></trkpt>
  <trkpt lat="45.49940508" lon="2.88652103"><ele>1248.643</ele><time>2026-09-25T14:03:02Z</time><speed>0.570</speed><sat>32</sat></trkpt>
  <trkpt lat="45.49941499" lon="2.88650390"><ele>1248.345</ele><time>2026-09-25T14:03:05Z</time><speed>0.660</speed><sat>32</sat></trkpt>
  <trkpt lat="45.49941924" lon="2.88649786"><ele>1248.620</ele><time>2026-09-25T14:03:08Z</time><speed>0.000</speed><sat>31</sat></trkpt>
  <trkpt lat="45.49941483" lon="2.88648558"><ele>1248.947</ele><time>2026-09-25T14:03:11Z</time><speed>0.210</speed><sat>30</sat></trkpt>
  <trkpt lat="45.49941210" lon="2.88648376"><ele>1248.919</ele><time>2026-09-25T14:03:14Z</time><speed>0.000</speed><sat>30</sat></trkpt>
  <trkpt lat="45.49941244" lon="2.88648184"><ele>1249.008</ele><time>2026-09-25T14:03:17Z</time><speed>0.200</speed><sat>30</sat></trkpt>
  <trkpt lat="45.49941164" lon="2.88648208"><ele>1248.984</ele><time>2026-09-25T14:03:20Z</time><speed>0.000</speed><sat>29</sat></trkpt>
  <trkpt lat="45.49940815" lon="2.88647754"><ele>1248.963</ele><time>2026-09-25T14:03:23Z</time><speed>0.000</speed><sat>30</sat></trkpt>
  <trkpt lat="45.49940618" lon="2.88647479"><ele>1248.700</ele><time>2026-09-25T14:03:26Z</time><speed>0.340</speed><sat>29</sat></trkpt>
  <trkpt lat="45.49940409" lon="2.88647496"><ele>1248.806</ele><time>2026-09-25T14:03:29Z</time><speed>0.000</speed><sat>28</sat></trkpt>
  <trkpt lat="45.49940357" lon="2.88647478"><ele>1248.739</ele><time>2026-09-25T14:03:32Z</time><speed>0.000</speed><sat>28</sat></trkpt>
  <trkpt lat="45.49940337" lon="2.88647471"><ele>1248.789</ele><time>2026-09-25T14:03:35Z</time><speed>0.000</speed><sat>29</sat></trkpt>
  <trkpt lat="45.49940336" lon="2.88647450"><ele>1248.768</ele><time>2026-09-25T14:03:38Z</time><speed>0.000</speed><sat>29</sat></trkpt>
  <trkpt lat="45.49940328" lon="2.88647443"><ele>1248.751</ele><time>2026-09-25T14:03:41Z</time><speed>0.000</speed><sat>29</sat></trkpt>
  <trkpt lat="45.49940322" lon="2.88647382"><ele>1248.681</ele><time>2026-09-25T14:03:44Z</time><speed>0.000</speed><sat>29</sat></trkpt>
  <trkpt lat="45.49939747" lon="2.88647404"><ele>1248.817</ele><time>2026-09-25T14:03:47Z</time><speed>0.000</speed><sat>28</sat></trkpt>
  <trkpt lat="45.49939585" lon="2.88647339"><ele>1248.803</ele><time>2026-09-25T14:03:50Z</time><speed>0.000</speed><sat>28</sat></trkpt>
  <trkpt lat="45.49939567" lon="2.88647302"><ele>1248.810</ele><time>2026-09-25T14:03:53Z</time><speed>0.000</speed><sat>28</sat></trkpt>
  <trkpt lat="45.49939557" lon="2.88647235"><ele>1248.757</ele><time>2026-09-25T14:03:56Z</time><speed>0.000</speed><sat>28</sat></trkpt>
  <trkpt lat="45.49939533" lon="2.88647111"><ele>1248.761</ele><time>2026-09-25T14:03:59Z</time><speed>0.000</speed><sat>28</sat></trkpt>
  <trkpt lat="45.49939507" lon="2.88647104"><ele>1248.753</ele><time>2026-09-25T14:04:02Z</time><speed>0.000</speed><sat>28</sat></trkpt>
  <trkpt lat="45.49939578" lon="2.88647020"><ele>1248.772</ele><time>2026-09-25T14:04:05Z</time><speed>0.000</speed><sat>26</sat></trkpt>
  <trkpt lat="45.49939568" lon="2.88647047"><ele>1248.795</ele><time>2026-09-25T14:04:08Z</time><speed>0.000</speed><sat>27</sat></trkpt>
  <trkpt lat="45.49939536" lon="2.88647048"><ele>1248.818</ele><time>2026-09-25T14:04:11Z</time><speed>0.000</speed><sat>27</sat></trkpt>
  <trkpt lat="45.49939298" lon="2.88647070"><ele>1248.721</ele><time>2026-09-25T14:04:14Z</time><speed>0.000</speed><sat>25</sat></trkpt>
  <trkpt lat="45.49938002" lon="2.88648059"><ele>1248.771</ele><time>2026-09-25T14:04:17Z</time><speed>0.580</speed><sat>27</sat></trkpt>
  <trkpt lat="45.49937202" lon="2.88647984"><ele>1248.847</ele><time>2026-09-25T14:04:20Z</time><speed>0.000</speed><sat>27</sat></trkpt>
  <trkpt lat="45.49937147" lon="2.88648040"><ele>1248.787</ele><time>2026-09-25T14:04:23Z</time><speed>0.000</speed><sat>29</sat></trkpt>
  <trkpt lat="45.49937090" lon="2.88648110"><ele>1248.745</ele><time>2026-09-25T14:04:26Z</time><speed>0.000</speed><sat>29</sat></trkpt>
  <trkpt lat="45.49936783" lon="2.88649143"><ele>1248.448</ele><time>2026-09-25T14:04:29Z</time><speed>0.350</speed><sat>26</sat></trkpt>
  <trkpt lat="45.49936343" lon="2.88649975"><ele>1248.357</ele><time>2026-09-25T14:04:32Z</time><speed>0.000</speed><sat>28</sat></trkpt>
  <trkpt lat="45.49936221" lon="2.88650147"><ele>1248.408</ele><time>2026-09-25T14:04:35Z</time><speed>0.000</speed><sat>30</sat></trkpt>
  <trkpt lat="45.49936208" lon="2.88650201"><ele>1248.426</ele><time>2026-09-25T14:04:38Z</time><speed>0.000</speed><sat>30</sat></trkpt>
  <trkpt lat="45.49936171" lon="2.88650226"><ele>1248.435</ele><time>2026-09-25T14:04:41Z</time><speed>0.000</speed><sat>30</sat></trkpt>
  <trkpt lat="45.49936114" lon="2.88650262"><ele>1248.458</ele><time>2026-09-25T14:04:44Z</time><speed>0.000</speed><sat>30</sat></trkpt>
  <trkpt lat="45.49935614" lon="2.88649713"><ele>1248.104</ele><time>2026-09-25T14:04:47Z</time><speed>0.190</speed><sat>32</sat></trkpt>
  <trkpt lat="45.49935838" lon="2.88649394"><ele>1248.111</ele><time>2026-09-25T14:04:50Z</time><speed>0.000</speed><sat>30</sat></trkpt>
  <trkpt lat="45.49935812" lon="2.88649329"><ele>1248.142</ele><time>2026-09-25T14:04:53Z</time><speed>0.000</speed><sat>30</sat></trkpt>
  <trkpt lat="45.49935349" lon="2.88648759"><ele>1248.105</ele><time>2026-09-25T14:04:56Z</time><speed>0.370</speed><sat>30</sat></trkpt>
  <trkpt lat="45.49935322" lon="2.88648388"><ele>1248.102</ele><time>2026-09-25T14:04:59Z</time><speed>0.000</speed><sat>30</sat></trkpt>
  <trkpt lat="45.49934975" lon="2.88648743"><ele>1247.944</ele><time>2026-09-25T14:05:02Z</time><speed>0.290</speed><sat>30</sat></trkpt>
  <trkpt lat="45.49935511" lon="2.88649697"><ele>1247.882</ele><time>2026-09-25T14:05:05Z</time><speed>0.000</speed><sat>29</sat></trkpt>
  <trkpt lat="45.49935690" lon="2.88650027"><ele>1247.779</ele><time>2026-09-25T14:05:08Z</time><speed>0.000</speed><sat>28</sat></trkpt>
  <trkpt lat="45.49935826" lon="2.88649916"><ele>1247.774</ele><time>2026-09-25T14:05:11Z</time><speed>0.000</speed><sat>28</sat></trkpt>
  <trkpt lat="45.49935743" lon="2.88649905"><ele>1247.769</ele><time>2026-09-25T14:05:14Z</time><speed>0.000</speed><sat>30</sat></trkpt>
  <trkpt lat="45.49935743" lon="2.88649896"><ele>1247.755</ele><time>2026-09-25T14:05:17Z</time><speed>0.000</speed><sat>29</sat></trkpt>
  <trkpt lat="45.49935762" lon="2.88649840"><ele>1247.790</ele><time>2026-09-25T14:05:20Z</time><speed>0.000</speed><sat>27</sat></trkpt>
  <trkpt lat="45.49935769" lon="2.88649900"><ele>1247.844</ele><time>2026-09-25T14:05:23Z</time><speed>0.000</speed><sat>27</sat></trkpt>
  <trkpt lat="45.49936000" lon="2.88649586"><ele>1247.990</ele><time>2026-09-25T14:05:26Z</time><speed>0.000</speed><sat>27</sat></trkpt>
  <trkpt lat="45.49936179" lon="2.88648482"><ele>1248.415</ele><time>2026-09-25T14:05:29Z</time><speed>0.000</speed><sat>28</sat></trkpt>
  <trkpt lat="45.49936864" lon="2.88648073"><ele>1248.452</ele><time>2026-09-25T14:05:32Z</time><speed>0.000</speed><sat>29</sat></trkpt>
  <trkpt lat="45.49936937" lon="2.88648073"><ele>1248.469</ele><time>2026-09-25T14:05:35Z</time><speed>0.000</speed><sat>30</sat></trkpt>
  <trkpt lat="45.49937030" lon="2.88648078"><ele>1248.464</ele><time>2026-09-25T14:05:38Z</time><speed>0.000</speed><sat>30</sat></trkpt>
  <trkpt lat="45.49937060" lon="2.88648025"><ele>1248.494</ele><time>2026-09-25T14:05:41Z</time><speed>0.000</speed><sat>29</sat></trkpt>
  <trkpt lat="45.49937086" lon="2.88648034"><ele>1248.492</ele><time>2026-09-25T14:05:44Z</time><speed>0.000</speed><sat>30</sat></trkpt>
  <trkpt lat="45.49937117" lon="2.88648051"><ele>1248.490</ele><time>2026-09-25T14:05:47Z</time><speed>0.000</speed><sat>30</sat></trkpt>
  <trkpt lat="45.49937166" lon="2.88648063"><ele>1248.481</ele><time>2026-09-25T14:05:50Z</time><speed>0.000</speed><sat>29</sat></trkpt>
  <trkpt lat="45.49937175" lon="2.88648046"><ele>1248.503</ele><time>2026-09-25T14:05:53Z</time><speed>0.000</speed><sat>29</sat></trkpt>
  <trkpt lat="45.49937198" lon="2.88648040"><ele>1248.508</ele><time>2026-09-25T14:05:56Z</time><speed>0.000</speed><sat>29</sat></trkpt>
  <trkpt lat="45.49937174" lon="2.88648015"><ele>1248.533</ele><time>2026-09-25T14:05:59Z</time><speed>0.000</speed><sat>29</sat></trkpt>
  <trkpt lat="45.49937163" lon="2.88648005"><ele>1248.548</ele><time>2026-09-25T14:06:02Z</time><speed>0.000</speed><sat>28</sat></trkpt>
  <trkpt lat="45.49937143" lon="2.88647968"><ele>1248.539</ele><time>2026-09-25T14:06:05Z</time><speed>0.000</speed><sat>29</sat></trkpt>
  <trkpt lat="45.49937558" lon="2.88647924"><ele>1248.389</ele><time>2026-09-25T14:06:08Z</time><speed>0.000</speed><sat>29</sat></trkpt>
  <trkpt lat="45.49937666" lon="2.88647688"><ele>1248.374</ele><time>2026-09-25T14:06:11Z</time><speed>0.000</speed><sat>30</sat></trkpt>
  <trkpt lat="45.49937692" lon="2.88647680"><ele>1248.360</ele><time>2026-09-25T14:06:14Z</time><speed>0.000</speed><sat>30</sat></trkpt>
  <trkpt lat="45.49937682" lon="2.88647678"><ele>1248.391</ele><time>2026-09-25T14:06:17Z</time><speed>0.000</speed><sat>30</sat></trkpt>
  <trkpt lat="45.49937711" lon="2.88647706"><ele>1248.402</ele><time>2026-09-25T14:06:20Z</time><speed>0.000</speed><sat>30</sat></trkpt>
  <trkpt lat="45.49937684" lon="2.88647721"><ele>1248.463</ele><time>2026-09-25T14:06:23Z</time><speed>0.000</speed><sat>28</sat></trkpt>
  <trkpt lat="45.49937623" lon="2.88647688"><ele>1248.512</ele><time>2026-09-25T14:06:26Z</time><speed>0.000</speed><sat>28</sat></trkpt>
  <trkpt lat="45.49937642" lon="2.88647662"><ele>1248.547</ele><time>2026-09-25T14:06:29Z</time><speed>0.000</speed><sat>30</sat></trkpt>
  <trkpt lat="45.49937677" lon="2.88647654"><ele>1248.566</ele><time>2026-09-25T14:06:32Z</time><speed>0.000</speed><sat>30</sat></trkpt>
  <trkpt lat="45.49937678" lon="2.88647665"><ele>1248.568</ele><time>2026-09-25T14:06:35Z</time><speed>0.000</speed><sat>29</sat></trkpt>
  <trkpt lat="45.49937699" lon="2.88647653"><ele>1248.488</ele><time>2026-09-25T14:06:38Z</time><speed>0.000</speed><sat>30</sat></trkpt>
  <trkpt lat="45.49937573" lon="2.88647965"><ele>1248.410</ele><time>2026-09-25T14:06:41Z</time><speed>0.000</speed><sat>29</sat></trkpt>
  <trkpt lat="45.49937569" lon="2.88647981"><ele>1248.446</ele><time>2026-09-25T14:06:44Z</time><speed>0.000</speed><sat>31</sat></trkpt>
  <trkpt lat="45.49937792" lon="2.88647557"><ele>1248.439</ele><time>2026-09-25T14:06:47Z</time><speed>0.000</speed><sat>31</sat></trkpt>
  <trkpt lat="45.49937860" lon="2.88646667"><ele>1248.603</ele><time>2026-09-25T14:06:50Z</time><speed>0.000</speed><sat>28</sat></trkpt>
  <trkpt lat="45.49937621" lon="2.88646103"><ele>1248.510</ele><time>2026-09-25T14:06:53Z</time><speed>0.270</speed><sat>30</sat></trkpt>
  <trkpt lat="45.49936752" lon="2.88645811"><ele>1249.194</ele><time>2026-09-25T14:06:56Z</time><speed>0.310</speed><sat>29</sat></trkpt>
  <trkpt lat="45.49936465" lon="2.88645853"><ele>1249.193</ele><time>2026-09-25T14:06:59Z</time><speed>0.000</speed><sat>28</sat></trkpt>
  <trkpt lat="45.49936463" lon="2.88645853"><ele>1249.189</ele><time>2026-09-25T14:07:02Z</time><speed>0.000</speed><sat>27</sat></trkpt>
  <trkpt lat="45.49936469" lon="2.88645851"><ele>1249.197</ele><time>2026-09-25T14:07:05Z</time><speed>0.000</speed><sat>25</sat></trkpt>
  <trkpt lat="45.49936452" lon="2.88645746"><ele>1249.285</ele><time>2026-09-25T14:07:08Z</time><speed>0.000</speed><sat>26</sat></trkpt>
  <trkpt lat="45.49936437" lon="2.88645754"><ele>1249.284</ele><time>2026-09-25T14:07:11Z</time><speed>0.000</speed><sat>29</sat></trkpt>
  <trkpt lat="45.49936417" lon="2.88645772"><ele>1249.279</ele><time>2026-09-25T14:07:14Z</time><speed>0.000</speed><sat>28</sat></trkpt>
  <trkpt lat="45.49936400" lon="2.88645789"><ele>1249.275</ele><time>2026-09-25T14:07:17Z</time><speed>0.000</speed><sat>27</sat></trkpt>
  <trkpt lat="45.49936395" lon="2.88645787"><ele>1249.277</ele><time>2026-09-25T14:07:20Z</time><speed>0.000</speed><sat>26</sat></trkpt>
  <trkpt lat="45.49936377" lon="2.88645759"><ele>1249.283</ele><time>2026-09-25T14:07:23Z</time><speed>0.000</speed><sat>27</sat></trkpt>
  <trkpt lat="45.49936347" lon="2.88645702"><ele>1249.275</ele><time>2026-09-25T14:07:26Z</time><speed>0.000</speed><sat>28</sat></trkpt>
  <trkpt lat="45.49936337" lon="2.88645671"><ele>1249.267</ele><time>2026-09-25T14:07:29Z</time><speed>0.000</speed><sat>29</sat></trkpt>
  <trkpt lat="45.49936360" lon="2.88645645"><ele>1249.278</ele><time>2026-09-25T14:07:32Z</time><speed>0.000</speed><sat>28</sat></trkpt>
  <trkpt lat="45.49936383" lon="2.88645594"><ele>1249.261</ele><time>2026-09-25T14:07:35Z</time><speed>0.000</speed><sat>24</sat></trkpt>
  <trkpt lat="45.49936389" lon="2.88645556"><ele>1249.275</ele><time>2026-09-25T14:07:38Z</time><speed>0.000</speed><sat>26</sat></trkpt>
  <trkpt lat="45.49936380" lon="2.88645549"><ele>1249.276</ele><time>2026-09-25T14:07:41Z</time><speed>0.000</speed><sat>28</sat></trkpt>
  <trkpt lat="45.49936368" lon="2.88645534"><ele>1249.246</ele><time>2026-09-25T14:07:44Z</time><speed>0.000</speed><sat>28</sat></trkpt>
  <trkpt lat="45.49936361" lon="2.88645593"><ele>1249.162</ele><time>2026-09-25T14:07:47Z</time><speed>0.000</speed><sat>26</sat></trkpt>
  <trkpt lat="45.49936411" lon="2.88645641"><ele>1249.117</ele><time>2026-09-25T14:07:50Z</time><speed>0.000</speed><sat>27</sat></trkpt>
  <trkpt lat="45.49936419" lon="2.88645611"><ele>1249.142</ele><time>2026-09-25T14:07:53Z</time><speed>0.000</speed><sat>27</sat></trkpt>
  <trkpt lat="45.49936424" lon="2.88645591"><ele>1249.160</ele><time>2026-09-25T14:07:56Z</time><speed>0.000</speed><sat>26</sat></trkpt>
  <trkpt lat="45.49936434" lon="2.88645541"><ele>1249.188</ele><time>2026-09-25T14:07:59Z</time><speed>0.000</speed><sat>25</sat></trkpt>
  <trkpt lat="45.49936457" lon="2.88645506"><ele>1249.182</ele><time>2026-09-25T14:08:02Z</time><speed>0.000</speed><sat>24</sat></trkpt>
  <trkpt lat="45.49936471" lon="2.88645497"><ele>1249.189</ele><time>2026-09-25T14:08:05Z</time><speed>0.000</speed><sat>26</sat></trkpt>
  <trkpt lat="45.49936476" lon="2.88645509"><ele>1249.201</ele><time>2026-09-25T14:08:08Z</time><speed>0.000</speed><sat>27</sat></trkpt>
  <trkpt lat="45.49936453" lon="2.88645491"><ele>1249.215</ele><time>2026-09-25T14:08:11Z</time><speed>0.000</speed><sat>27</sat></trkpt>
  <trkpt lat="45.49936455" lon="2.88645498"><ele>1249.229</ele><time>2026-09-25T14:08:14Z</time><speed>0.000</speed><sat>26</sat></trkpt>
  <trkpt lat="45.49936475" lon="2.88645485"><ele>1249.242</ele><time>2026-09-25T14:08:17Z</time><speed>0.000</speed><sat>24</sat></trkpt>
  <trkpt lat="45.49936511" lon="2.88645470"><ele>1249.268</ele><time>2026-09-25T14:08:20Z</time><speed>0.000</speed><sat>26</sat></trkpt>
  <trkpt lat="45.49936532" lon="2.88645453"><ele>1249.300</ele><time>2026-09-25T14:08:23Z</time><speed>0.000</speed><sat>25</sat></trkpt>
  <trkpt lat="45.49936541" lon="2.88645426"><ele>1249.334</ele><time>2026-09-25T14:08:26Z</time><speed>0.000</speed><sat>25</sat></trkpt>
  <trkpt lat="45.49936583" lon="2.88645363"><ele>1249.390</ele><time>2026-09-25T14:08:29Z</time><speed>0.000</speed><sat>25</sat></trkpt>
  <trkpt lat="45.49936617" lon="2.88645335"><ele>1249.407</ele><time>2026-09-25T14:08:32Z</time><speed>0.000</speed><sat>24</sat></trkpt>
  <trkpt lat="45.49936624" lon="2.88645302"><ele>1249.436</ele><time>2026-09-25T14:08:35Z</time><speed>0.000</speed><sat>25</sat></trkpt>
  <trkpt lat="45.49936593" lon="2.88645225"><ele>1249.471</ele><time>2026-09-25T14:08:38Z</time><speed>0.000</speed><sat>26</sat></trkpt>
  <trkpt lat="45.49936601" lon="2.88645147"><ele>1249.556</ele><time>2026-09-25T14:08:41Z</time><speed>0.000</speed><sat>26</sat></trkpt>
  <trkpt lat="45.49936618" lon="2.88645051"><ele>1249.641</ele><time>2026-09-25T14:08:44Z</time><speed>0.000</speed><sat>27</sat></trkpt>
  <trkpt lat="45.49936644" lon="2.88645037"><ele>1249.661</ele><time>2026-09-25T14:08:47Z</time><speed>0.000</speed><sat>25</sat></trkpt>
  <trkpt lat="45.49936616" lon="2.88644972"><ele>1249.693</ele><time>2026-09-25T14:08:50Z</time><speed>0.000</speed><sat>27</sat></trkpt>
  <trkpt lat="45.49936628" lon="2.88644950"><ele>1249.736</ele><time>2026-09-25T14:08:53Z</time><speed>0.000</speed><sat>28</sat></trkpt>
  <trkpt lat="45.49936670" lon="2.88644984"><ele>1249.734</ele><time>2026-09-25T14:08:56Z</time><speed>0.000</speed><sat>26</sat></trkpt>
  <trkpt lat="45.49936684" lon="2.88645024"><ele>1249.734</ele><time>2026-09-25T14:08:59Z</time><speed>0.000</speed><sat>26</sat></trkpt>
  <trkpt lat="45.49936685" lon="2.88645016"><ele>1249.731</ele><time>2026-09-25T14:09:02Z</time><speed>0.000</speed><sat>26</sat></trkpt>
  <trkpt lat="45.49936680" lon="2.88645027"><ele>1249.740</ele><time>2026-09-25T14:09:05Z</time><speed>0.000</speed><sat>24</sat></trkpt>
  <trkpt lat="45.49936698" lon="2.88645005"><ele>1249.749</ele><time>2026-09-25T14:09:08Z</time><speed>0.000</speed><sat>24</sat></trkpt>
  <trkpt lat="45.49936679" lon="2.88644960"><ele>1249.804</ele><time>2026-09-25T14:09:11Z</time><speed>0.000</speed><sat>24</sat></trkpt>
  <trkpt lat="45.49936664" lon="2.88644872"><ele>1249.839</ele><time>2026-09-25T14:09:14Z</time><speed>0.000</speed><sat>28</sat></trkpt>
  <trkpt lat="45.49936658" lon="2.88644806"><ele>1249.860</ele><time>2026-09-25T14:09:17Z</time><speed>0.000</speed><sat>28</sat></trkpt>
  <trkpt lat="45.49936629" lon="2.88644747"><ele>1249.886</ele><time>2026-09-25T14:09:20Z</time><speed>0.000</speed><sat>24</sat></trkpt>
  <trkpt lat="45.49936583" lon="2.88644716"><ele>1249.912</ele><time>2026-09-25T14:09:23Z</time><speed>0.000</speed><sat>23</sat></trkpt>
  <trkpt lat="45.49936553" lon="2.88644733"><ele>1249.913</ele><time>2026-09-25T14:09:26Z</time><speed>0.000</speed><sat>26</sat></trkpt>
  <trkpt lat="45.49936580" lon="2.88644746"><ele>1249.913</ele><time>2026-09-25T14:09:29Z</time><speed>0.000</speed><sat>25</sat></trkpt>
  <trkpt lat="45.49936568" lon="2.88644759"><ele>1249.925</ele><time>2026-09-25T14:09:32Z</time><speed>0.000</speed><sat>24</sat></trkpt>
  <trkpt lat="45.49936563" lon="2.88644764"><ele>1249.927</ele><time>2026-09-25T14:09:35Z</time><speed>0.000</speed><sat>25</sat></trkpt>
  <trkpt lat="45.49936517" lon="2.88644719"><ele>1249.983</ele><time>2026-09-25T14:09:38Z</time><speed>0.000</speed><sat>25</sat></trkpt>
  <trkpt lat="45.49936515" lon="2.88644643"><ele>1250.019</ele><time>2026-09-25T14:09:41Z</time><speed>0.000</speed><sat>25</sat></trkpt>
  <trkpt lat="45.49936548" lon="2.88644632"><ele>1250.080</ele><time>2026-09-25T14:09:44Z</time><speed>0.000</speed><sat>25</sat></trkpt>
  <trkpt lat="45.49936621" lon="2.88644642"><ele>1250.125</ele><time>2026-09-25T14:09:47Z</time><speed>0.000</speed><sat>27</sat></trkpt>
  <trkpt lat="45.49936646" lon="2.88644627"><ele>1250.165</ele><time>2026-09-25T14:09:50Z</time><speed>0.000</speed><sat>28</sat></trkpt>
  <trkpt lat="45.49936662" lon="2.88644647"><ele>1250.183</ele><time>2026-09-25T14:09:53Z</time><speed>0.000</speed><sat>27</sat></trkpt>
  <trkpt lat="45.49936639" lon="2.88644659"><ele>1250.180</ele><time>2026-09-25T14:09:56Z</time><speed>0.000</speed><sat>27</sat></trkpt>
  <trkpt lat="45.49936636" lon="2.88644700"><ele>1250.177</ele><time>2026-09-25T14:09:59Z</time><speed>0.000</speed><sat>27</sat></trkpt>
  <trkpt lat="45.49936570" lon="2.88645105"><ele>1250.235</ele><time>2026-09-25T14:10:02Z</time><speed>0.270</speed><sat>26</sat></trkpt>
  <trkpt lat="45.49936525" lon="2.88645166"><ele>1250.204</ele><time>2026-09-25T14:10:05Z</time><speed>0.000</speed><sat>27</sat></trkpt>
  <trkpt lat="45.49936568" lon="2.88645206"><ele>1250.184</ele><time>2026-09-25T14:10:08Z</time><speed>0.000</speed><sat>28</sat></trkpt>
  <trkpt lat="45.49936617" lon="2.88645248"><ele>1250.151</ele><time>2026-09-25T14:10:11Z</time><speed>0.000</speed><sat>28</sat></trkpt>
  <trkpt lat="45.49936669" lon="2.88645288"><ele>1250.133</ele><time>2026-09-25T14:10:14Z</time><speed>0.000</speed><sat>28</sat></trkpt>
  <trkpt lat="45.49936700" lon="2.88645302"><ele>1250.144</ele><time>2026-09-25T14:10:17Z</time><speed>0.000</speed><sat>27</sat></trkpt>
  <trkpt lat="45.49936673" lon="2.88645283"><ele>1250.196</ele><time>2026-09-25T14:10:20Z</time><speed>0.000</speed><sat>27</sat></trkpt>
  <trkpt lat="45.49936657" lon="2.88645270"><ele>1250.218</ele><time>2026-09-25T14:10:23Z</time><speed>0.000</speed><sat>27</sat></trkpt>
  <trkpt lat="45.49937166" lon="2.88644520"><ele>1249.908</ele><time>2026-09-25T14:10:26Z</time><speed>0.400</speed><sat>26</sat></trkpt>
  <trkpt lat="45.49938684" lon="2.88643985"><ele>1249.988</ele><time>2026-09-25T14:10:29Z</time><speed>0.470</speed><sat>26</sat></trkpt>
  <trkpt lat="45.49940781" lon="2.88644677"><ele>1249.977</ele><time>2026-09-25T14:10:32Z</time><speed>0.750</speed><sat>26</sat></trkpt>
  <trkpt lat="45.49943119" lon="2.88645238"><ele>1249.664</ele><time>2026-09-25T14:10:35Z</time><speed>0.970</speed><sat>28</sat></trkpt>
  <trkpt lat="45.49945324" lon="2.88645121"><ele>1250.106</ele><time>2026-09-25T14:10:38Z</time><speed>0.890</speed><sat>25</sat></trkpt>
  <trkpt lat="45.49948193" lon="2.88646031"><ele>1250.392</ele><time>2026-09-25T14:10:41Z</time><speed>1.250</speed><sat>24</sat></trkpt>
  <trkpt lat="45.49951433" lon="2.88646651"><ele>1249.967</ele><time>2026-09-25T14:10:44Z</time><speed>1.140</speed><sat>25</sat></trkpt>
  <trkpt lat="45.49954303" lon="2.88647880"><ele>1249.882</ele><time>2026-09-25T14:10:47Z</time><speed>1.070</speed><sat>27</sat></trkpt>
  <trkpt lat="45.49956885" lon="2.88649172"><ele>1250.294</ele><time>2026-09-25T14:10:50Z</time><speed>1.250</speed><sat>25</sat></trkpt>
  <trkpt lat="45.49959573" lon="2.88650928"><ele>1251.508</ele><time>2026-09-25T14:10:53Z</time><speed>1.280</speed><sat>27</sat></trkpt>
  <trkpt lat="45.49961932" lon="2.88651378"><ele>1251.962</ele><time>2026-09-25T14:10:56Z</time><speed>1.140</speed><sat>24</sat></trkpt>
  <trkpt lat="45.49964900" lon="2.88652747"><ele>1250.862</ele><time>2026-09-25T14:10:59Z</time><speed>1.270</speed><sat>23</sat></trkpt>
  <trkpt lat="45.49967294" lon="2.88654553"><ele>1250.825</ele><time>2026-09-25T14:11:02Z</time><speed>1.210</speed><sat>23</sat></trkpt>
  <trkpt lat="45.49969520" lon="2.88656423"><ele>1249.911</ele><time>2026-09-25T14:11:05Z</time><speed>1.090</speed><sat>23</sat></trkpt>
  <trkpt lat="45.49971786" lon="2.88657752"><ele>1249.636</ele><time>2026-09-25T14:11:08Z</time><speed>1.040</speed><sat>25</sat></trkpt>
  <trkpt lat="45.49974349" lon="2.88658263"><ele>1249.725</ele><time>2026-09-25T14:11:11Z</time><speed>1.080</speed><sat>25</sat></trkpt>
  <trkpt lat="45.49976481" lon="2.88659400"><ele>1249.836</ele><time>2026-09-25T14:11:14Z</time><speed>1.000</speed><sat>25</sat></trkpt>
  <trkpt lat="45.49978595" lon="2.88660274"><ele>1248.722</ele><time>2026-09-25T14:11:17Z</time><speed>0.940</speed><sat>26</sat></trkpt>
  <trkpt lat="45.49975770" lon="2.88663168"><ele>1243.714</ele><time>2026-09-25T14:11:20Z</time><speed>1.040</speed><sat>24</sat></trkpt>
  <trkpt lat="45.49975122" lon="2.88661568"><ele>1244.777</ele><time>2026-09-25T14:11:23Z</time><speed>0.000</speed><sat>25</sat></trkpt>
  <trkpt lat="45.49975134" lon="2.88661505"><ele>1244.715</ele><time>2026-09-25T14:11:26Z</time><speed>0.000</speed><sat>25</sat></trkpt>
  <trkpt lat="45.49975293" lon="2.88661090"><ele>1244.958</ele><time>2026-09-25T14:11:29Z</time><speed>0.360</speed><sat>25</sat></trkpt>
  <trkpt lat="45.49976787" lon="2.88659843"><ele>1246.204</ele><time>2026-09-25T14:11:32Z</time><speed>0.640</speed><sat>25</sat></trkpt>
  <trkpt lat="45.49980253" lon="2.88659653"><ele>1248.139</ele><time>2026-09-25T14:11:35Z</time><speed>1.010</speed><sat>25</sat></trkpt>
  <trkpt lat="45.49983252" lon="2.88659760"><ele>1249.698</ele><time>2026-09-25T14:11:38Z</time><speed>1.010</speed><sat>25</sat></trkpt>
  <trkpt lat="45.49986248" lon="2.88660661"><ele>1249.854</ele><time>2026-09-25T14:11:41Z</time><speed>0.990</speed><sat>26</sat></trkpt>
  <trkpt lat="45.49988682" lon="2.88660860"><ele>1250.816</ele><time>2026-09-25T14:11:44Z</time><speed>0.970</speed><sat>28</sat></trkpt>
  <trkpt lat="45.49990599" lon="2.88661455"><ele>1252.664</ele><time>2026-09-25T14:11:47Z</time><speed>0.920</speed><sat>28</sat></trkpt>
  <trkpt lat="45.49992797" lon="2.88662659"><ele>1253.724</ele><time>2026-09-25T14:11:50Z</time><speed>0.930</speed><sat>27</sat></trkpt>
  <trkpt lat="45.49995252" lon="2.88663332"><ele>1254.613</ele><time>2026-09-25T14:11:53Z</time><speed>0.940</speed><sat>27</sat></trkpt>
  <trkpt lat="45.49997618" lon="2.88664779"><ele>1253.452</ele><time>2026-09-25T14:11:56Z</time><speed>0.860</speed><sat>26</sat></trkpt>
  <trkpt lat="45.49999949" lon="2.88666648"><ele>1252.218</ele><time>2026-09-25T14:11:59Z</time><speed>0.880</speed><sat>28</sat></trkpt>
  <trkpt lat="45.50003193" lon="2.88668246"><ele>1251.893</ele><time>2026-09-25T14:12:02Z</time><speed>0.930</speed><sat>28</sat></trkpt>
  <trkpt lat="45.50006163" lon="2.88668870"><ele>1252.503</ele><time>2026-09-25T14:12:05Z</time><speed>0.880</speed><sat>28</sat></trkpt>
  <trkpt lat="45.50008706" lon="2.88669927"><ele>1253.312</ele><time>2026-09-25T14:12:08Z</time><speed>0.920</speed><sat>28</sat></trkpt>
  <trkpt lat="45.50011504" lon="2.88671446"><ele>1252.913</ele><time>2026-09-25T14:12:11Z</time><speed>0.930</speed><sat>28</sat></trkpt>
  <trkpt lat="45.50014281" lon="2.88672821"><ele>1252.273</ele><time>2026-09-25T14:12:14Z</time><speed>0.810</speed><sat>29</sat></trkpt>
  <trkpt lat="45.50016772" lon="2.88675596"><ele>1252.394</ele><time>2026-09-25T14:12:17Z</time><speed>0.870</speed><sat>30</sat></trkpt>
  <trkpt lat="45.50019012" lon="2.88676589"><ele>1251.075</ele><time>2026-09-25T14:12:20Z</time><speed>0.860</speed><sat>29</sat></trkpt>
  <trkpt lat="45.50021556" lon="2.88677469"><ele>1250.492</ele><time>2026-09-25T14:12:23Z</time><speed>0.860</speed><sat>28</sat></trkpt>
  <trkpt lat="45.50024077" lon="2.88677222"><ele>1250.258</ele><time>2026-09-25T14:12:26Z</time><speed>0.820</speed><sat>28</sat></trkpt>
  <trkpt lat="45.50024127" lon="2.88676952"><ele>1250.388</ele><time>2026-09-25T14:12:29Z</time><speed>0.000</speed><sat>27</sat></trkpt>
  <trkpt lat="45.50025693" lon="2.88676942"><ele>1249.543</ele><time>2026-09-25T14:12:32Z</time><speed>0.690</speed><sat>27</sat></trkpt>
  <trkpt lat="45.50026223" lon="2.88677921"><ele>1249.716</ele><time>2026-09-25T14:12:35Z</time><speed>0.310</speed><sat>26</sat></trkpt>
  <trkpt lat="45.50026288" lon="2.88677911"><ele>1249.699</ele><time>2026-09-25T14:12:38Z</time><speed>0.000</speed><sat>26</sat></trkpt>
  <trkpt lat="45.50027944" lon="2.88678628"><ele>1248.480</ele><time>2026-09-25T14:12:41Z</time><speed>0.870</speed><sat>25</sat></trkpt>
  <trkpt lat="45.50030331" lon="2.88680217"><ele>1247.913</ele><time>2026-09-25T14:12:44Z</time><speed>0.860</speed><sat>26</sat></trkpt>
  <trkpt lat="45.50032538" lon="2.88681651"><ele>1246.826</ele><time>2026-09-25T14:12:47Z</time><speed>0.640</speed><sat>26</sat></trkpt>
  <trkpt lat="45.50034364" lon="2.88683783"><ele>1246.856</ele><time>2026-09-25T14:12:50Z</time><speed>0.770</speed><sat>27</sat></trkpt>
  <trkpt lat="45.50036351" lon="2.88684318"><ele>1246.986</ele><time>2026-09-25T14:12:53Z</time><speed>0.630</speed><sat>27</sat></trkpt>
  <trkpt lat="45.50037117" lon="2.88681189"><ele>1247.537</ele><time>2026-09-25T14:12:56Z</time><speed>0.860</speed><sat>27</sat></trkpt>
  <trkpt lat="45.50037701" lon="2.88678130"><ele>1247.285</ele><time>2026-09-25T14:12:59Z</time><speed>0.620</speed><sat>26</sat></trkpt>
  <trkpt lat="45.50039725" lon="2.88677201"><ele>1246.144</ele><time>2026-09-25T14:13:02Z</time><speed>0.750</speed><sat>25</sat></trkpt>
  <trkpt lat="45.50042534" lon="2.88677777"><ele>1245.699</ele><time>2026-09-25T14:13:05Z</time><speed>1.190</speed><sat>26</sat></trkpt>
  <trkpt lat="45.50045469" lon="2.88680040"><ele>1245.327</ele><time>2026-09-25T14:13:08Z</time><speed>1.260</speed><sat>27</sat></trkpt>
  <trkpt lat="45.50048310" lon="2.88682200"><ele>1244.226</ele><time>2026-09-25T14:13:11Z</time><speed>1.150</speed><sat>28</sat></trkpt>
  <trkpt lat="45.50050137" lon="2.88685209"><ele>1242.641</ele><time>2026-09-25T14:13:14Z</time><speed>1.120</speed><sat>28</sat></trkpt>
  <trkpt lat="45.50051963" lon="2.88688507"><ele>1242.188</ele><time>2026-09-25T14:13:17Z</time><speed>1.060</speed><sat>28</sat></trkpt>
  <trkpt lat="45.50053722" lon="2.88691743"><ele>1239.614</ele><time>2026-09-25T14:13:20Z</time><speed>1.140</speed><sat>28</sat></trkpt>
  <trkpt lat="45.50055351" lon="2.88695432"><ele>1239.742</ele><time>2026-09-25T14:13:23Z</time><speed>1.070</speed><sat>28</sat></trkpt>
  <trkpt lat="45.50056716" lon="2.88699580"><ele>1239.660</ele><time>2026-09-25T14:13:26Z</time><speed>1.060</speed><sat>27</sat></trkpt>
  <trkpt lat="45.50058305" lon="2.88703643"><ele>1240.968</ele><time>2026-09-25T14:13:29Z</time><speed>1.050</speed><sat>27</sat></trkpt>
  <trkpt lat="45.50059727" lon="2.88708283"><ele>1241.097</ele><time>2026-09-25T14:13:32Z</time><speed>1.020</speed><sat>27</sat></trkpt>
  <trkpt lat="45.50061071" lon="2.88712460"><ele>1239.377</ele><time>2026-09-25T14:13:35Z</time><speed>1.040</speed><sat>27</sat></trkpt>
  <trkpt lat="45.50062542" lon="2.88716557"><ele>1238.920</ele><time>2026-09-25T14:13:38Z</time><speed>1.050</speed><sat>26</sat></trkpt>
  <trkpt lat="45.50063709" lon="2.88721683"><ele>1239.421</ele><time>2026-09-25T14:13:41Z</time><speed>1.180</speed><sat>26</sat></trkpt>
  <trkpt lat="45.50064562" lon="2.88726049"><ele>1238.756</ele><time>2026-09-25T14:13:44Z</time><speed>1.050</speed><sat>29</sat></trkpt>
  <trkpt lat="45.50065534" lon="2.88730187"><ele>1239.225</ele><time>2026-09-25T14:13:47Z</time><speed>1.060</speed><sat>29</sat></trkpt>
  <trkpt lat="45.50066906" lon="2.88735296"><ele>1240.597</ele><time>2026-09-25T14:13:50Z</time><speed>1.010</speed><sat>27</sat></trkpt>
  <trkpt lat="45.50068126" lon="2.88741325"><ele>1241.539</ele><time>2026-09-25T14:13:53Z</time><speed>1.140</speed><sat>27</sat></trkpt>
  <trkpt lat="45.50068956" lon="2.88746325"><ele>1240.580</ele><time>2026-09-25T14:13:56Z</time><speed>1.130</speed><sat>28</sat></trkpt>
  <trkpt lat="45.50070245" lon="2.88751069"><ele>1240.388</ele><time>2026-09-25T14:13:59Z</time><speed>1.110</speed><sat>29</sat></trkpt>
  <trkpt lat="45.50071443" lon="2.88756327"><ele>1240.213</ele><time>2026-09-25T14:14:02Z</time><speed>1.160</speed><sat>28</sat></trkpt>
  <trkpt lat="45.50073744" lon="2.88761531"><ele>1238.966</ele><time>2026-09-25T14:14:05Z</time><speed>1.160</speed><sat>28</sat></trkpt>
  <trkpt lat="45.50075439" lon="2.88765786"><ele>1237.910</ele><time>2026-09-25T14:14:08Z</time><speed>1.140</speed><sat>26</sat></trkpt>
  <trkpt lat="45.50076605" lon="2.88771859"><ele>1237.245</ele><time>2026-09-25T14:14:11Z</time><speed>1.130</speed><sat>25</sat></trkpt>
  <trkpt lat="45.50078357" lon="2.88777102"><ele>1237.233</ele><time>2026-09-25T14:14:14Z</time><speed>1.140</speed><sat>26</sat></trkpt>
  <trkpt lat="45.50080476" lon="2.88782317"><ele>1237.398</ele><time>2026-09-25T14:14:17Z</time><speed>1.320</speed><sat>25</sat></trkpt>
  <trkpt lat="45.50082064" lon="2.88787621"><ele>1237.254</ele><time>2026-09-25T14:14:20Z</time><speed>1.280</speed><sat>27</sat></trkpt>
  <trkpt lat="45.50082837" lon="2.88792782"><ele>1237.285</ele><time>2026-09-25T14:14:23Z</time><speed>1.100</speed><sat>27</sat></trkpt>
  <trkpt lat="45.50083479" lon="2.88797312"><ele>1237.808</ele><time>2026-09-25T14:14:26Z</time><speed>1.070</speed><sat>26</sat></trkpt>
  <trkpt lat="45.50085834" lon="2.88801750"><ele>1237.456</ele><time>2026-09-25T14:14:29Z</time><speed>1.210</speed><sat>26</sat></trkpt>
  <trkpt lat="45.50087849" lon="2.88805838"><ele>1237.421</ele><time>2026-09-25T14:14:32Z</time><speed>1.120</speed><sat>26</sat></trkpt>
  <trkpt lat="45.50089780" lon="2.88809461"><ele>1237.439</ele><time>2026-09-25T14:14:35Z</time><speed>1.020</speed><sat>26</sat></trkpt>
  <trkpt lat="45.50091733" lon="2.88813076"><ele>1237.262</ele><time>2026-09-25T14:14:38Z</time><speed>1.030</speed><sat>27</sat></trkpt>
  <trkpt lat="45.50093743" lon="2.88817114"><ele>1236.511</ele><time>2026-09-25T14:14:41Z</time><speed>1.090</speed><sat>26</sat></trkpt>
  <trkpt lat="45.50095371" lon="2.88821648"><ele>1236.874</ele><time>2026-09-25T14:14:44Z</time><speed>1.120</speed><sat>25</sat></trkpt>
  <trkpt lat="45.50096261" lon="2.88826433"><ele>1237.268</ele><time>2026-09-25T14:14:47Z</time><speed>1.070</speed><sat>25</sat></trkpt>
  <trkpt lat="45.50096745" lon="2.88830160"><ele>1237.067</ele><time>2026-09-25T14:14:50Z</time><speed>1.040</speed><sat>27</sat></trkpt>
  <trkpt lat="45.50096549" lon="2.88834770"><ele>1236.868</ele><time>2026-09-25T14:14:53Z</time><speed>1.130</speed><sat>28</sat></trkpt>
  <trkpt lat="45.50096589" lon="2.88839237"><ele>1237.840</ele><time>2026-09-25T14:14:56Z</time><speed>1.070</speed><sat>27</sat></trkpt>
  <trkpt lat="45.50097169" lon="2.88843363"><ele>1237.977</ele><time>2026-09-25T14:14:59Z</time><speed>1.070</speed><sat>27</sat></trkpt>
  <trkpt lat="45.50097750" lon="2.88849059"><ele>1239.305</ele><time>2026-09-25T14:15:02Z</time><speed>1.090</speed><sat>27</sat></trkpt>
  <trkpt lat="45.50097328" lon="2.88853171"><ele>1240.125</ele><time>2026-09-25T14:15:05Z</time><speed>1.130</speed><sat>27</sat></trkpt>
  <trkpt lat="45.50096681" lon="2.88856537"><ele>1239.010</ele><time>2026-09-25T14:15:08Z</time><speed>0.940</speed><sat>27</sat></trkpt>
  <trkpt lat="45.50097971" lon="2.88860451"><ele>1239.684</ele><time>2026-09-25T14:15:11Z</time><speed>1.040</speed><sat>28</sat></trkpt>
  <trkpt lat="45.50099168" lon="2.88864520"><ele>1239.006</ele><time>2026-09-25T14:15:14Z</time><speed>1.000</speed><sat>27</sat></trkpt>
  <trkpt lat="45.50100981" lon="2.88868013"><ele>1238.132</ele><time>2026-09-25T14:15:17Z</time><speed>0.930</speed><sat>26</sat></trkpt>
  <trkpt lat="45.50102528" lon="2.88871531"><ele>1237.489</ele><time>2026-09-25T14:15:20Z</time><speed>0.990</speed><sat>25</sat></trkpt>
  <trkpt lat="45.50103705" lon="2.88875107"><ele>1237.049</ele><time>2026-09-25T14:15:23Z</time><speed>1.040</speed><sat>27</sat></trkpt>
  <trkpt lat="45.50105276" lon="2.88878990"><ele>1236.092</ele><time>2026-09-25T14:15:26Z</time><speed>1.060</speed><sat>27</sat></trkpt>
  <trkpt lat="45.50107653" lon="2.88882540"><ele>1234.855</ele><time>2026-09-25T14:15:29Z</time><speed>1.060</speed><sat>28</sat></trkpt>
  <trkpt lat="45.50109687" lon="2.88886158"><ele>1235.839</ele><time>2026-09-25T14:15:32Z</time><speed>1.110</speed><sat>27</sat></trkpt>
  <trkpt lat="45.50112644" lon="2.88886847"><ele>1238.360</ele><time>2026-09-25T14:15:35Z</time><speed>1.830</speed><sat>27</sat></trkpt>
  <trkpt lat="45.50111316" lon="2.88881970"><ele>1241.006</ele><time>2026-09-25T14:15:38Z</time><speed>1.730</speed><sat>27</sat></trkpt>
  <trkpt lat="45.50110528" lon="2.88881457"><ele>1240.254</ele><time>2026-09-25T14:15:41Z</time><speed>0.000</speed><sat>27</sat></trkpt>
  <trkpt lat="45.50110447" lon="2.88881470"><ele>1240.278</ele><time>2026-09-25T14:15:44Z</time><speed>0.000</speed><sat>28</sat></trkpt>
  <trkpt lat="45.50110415" lon="2.88881395"><ele>1240.283</ele><time>2026-09-25T14:15:47Z</time><speed>0.000</speed><sat>23</sat></trkpt>
  <trkpt lat="45.50110380" lon="2.88881352"><ele>1240.302</ele><time>2026-09-25T14:15:50Z</time><speed>0.000</speed><sat>23</sat></trkpt>
  <trkpt lat="45.50110411" lon="2.88881325"><ele>1240.284</ele><time>2026-09-25T14:15:53Z</time><speed>0.000</speed><sat>25</sat></trkpt>
  <trkpt lat="45.50110420" lon="2.88881256"><ele>1240.250</ele><time>2026-09-25T14:15:56Z</time><speed>0.000</speed><sat>24</sat></trkpt>
  <trkpt lat="45.50110443" lon="2.88881217"><ele>1240.256</ele><time>2026-09-25T14:15:59Z</time><speed>0.000</speed><sat>23</sat></trkpt>
  <trkpt lat="45.50110457" lon="2.88881186"><ele>1240.293</ele><time>2026-09-25T14:16:02Z</time><speed>0.000</speed><sat>25</sat></trkpt>
  <trkpt lat="45.50110488" lon="2.88881223"><ele>1240.262</ele><time>2026-09-25T14:16:05Z</time><speed>0.000</speed><sat>25</sat></trkpt>
  <trkpt lat="45.50110497" lon="2.88881203"><ele>1240.296</ele><time>2026-09-25T14:16:08Z</time><speed>0.000</speed><sat>24</sat></trkpt>
  <trkpt lat="45.50110832" lon="2.88881697"><ele>1240.849</ele><time>2026-09-25T14:16:11Z</time><speed>0.000</speed><sat>24</sat></trkpt>
  <trkpt lat="45.50110917" lon="2.88882553"><ele>1240.867</ele><time>2026-09-25T14:16:14Z</time><speed>0.000</speed><sat>29</sat></trkpt>
  <trkpt lat="45.50110813" lon="2.88882601"><ele>1241.023</ele><time>2026-09-25T14:16:17Z</time><speed>0.000</speed><sat>28</sat></trkpt>
  <trkpt lat="45.50110548" lon="2.88883560"><ele>1240.764</ele><time>2026-09-25T14:16:20Z</time><speed>0.610</speed><sat>26</sat></trkpt>
  <trkpt lat="45.50107715" lon="2.88884375"><ele>1240.990</ele><time>2026-09-25T14:16:23Z</time><speed>1.370</speed><sat>26</sat></trkpt>
  <trkpt lat="45.50105782" lon="2.88879066"><ele>1236.436</ele><time>2026-09-25T14:16:26Z</time><speed>0.000</speed><sat>27</sat></trkpt>
  <trkpt lat="45.50105833" lon="2.88879162"><ele>1236.650</ele><time>2026-09-25T14:16:29Z</time><speed>0.000</speed><sat>28</sat></trkpt>
  <trkpt lat="45.50105810" lon="2.88879416"><ele>1236.242</ele><time>2026-09-25T14:16:32Z</time><speed>0.000</speed><sat>28</sat></trkpt>
  <trkpt lat="45.50106317" lon="2.88879535"><ele>1236.518</ele><time>2026-09-25T14:16:35Z</time><speed>0.000</speed><sat>26</sat></trkpt>
  <trkpt lat="45.50106773" lon="2.88879773"><ele>1236.235</ele><time>2026-09-25T14:16:38Z</time><speed>0.540</speed><sat>26</sat></trkpt>
  <trkpt lat="45.50108048" lon="2.88881555"><ele>1235.281</ele><time>2026-09-25T14:16:41Z</time><speed>0.000</speed><sat>26</sat></trkpt>
  <trkpt lat="45.50109440" lon="2.88878350"><ele>1236.566</ele><time>2026-09-25T14:16:44Z</time><speed>1.280</speed><sat>26</sat></trkpt>
  <trkpt lat="45.50111474" lon="2.88877336"><ele>1240.464</ele><time>2026-09-25T14:16:47Z</time><speed>0.000</speed><sat>27</sat></trkpt>
  <trkpt lat="45.50111462" lon="2.88876838"><ele>1240.494</ele><time>2026-09-25T14:16:50Z</time><speed>0.000</speed><sat>27</sat></trkpt>
  <trkpt lat="45.50111434" lon="2.88876817"><ele>1240.516</ele><time>2026-09-25T14:16:53Z</time><speed>0.000</speed><sat>26</sat></trkpt>
  <trkpt lat="45.50111412" lon="2.88876833"><ele>1240.551</ele><time>2026-09-25T14:16:56Z</time><speed>0.000</speed><sat>26</sat></trkpt>
  <trkpt lat="45.50111679" lon="2.88877023"><ele>1240.570</ele><time>2026-09-25T14:16:59Z</time><speed>0.000</speed><sat>25</sat></trkpt>
  <trkpt lat="45.50111634" lon="2.88877157"><ele>1240.643</ele><time>2026-09-25T14:17:02Z</time><speed>0.000</speed><sat>27</sat></trkpt>
  <trkpt lat="45.50111593" lon="2.88877193"><ele>1240.606</ele><time>2026-09-25T14:17:05Z</time><speed>0.000</speed><sat>28</sat></trkpt>
  <trkpt lat="45.50111599" lon="2.88877211"><ele>1240.578</ele><time>2026-09-25T14:17:08Z</time><speed>0.000</speed><sat>27</sat></trkpt>
  <trkpt lat="45.50111682" lon="2.88877704"><ele>1239.844</ele><time>2026-09-25T14:17:11Z</time><speed>0.000</speed><sat>26</sat></trkpt>
  <trkpt lat="45.50111697" lon="2.88877807"><ele>1239.772</ele><time>2026-09-25T14:17:14Z</time><speed>0.000</speed><sat>27</sat></trkpt>
  <trkpt lat="45.50111705" lon="2.88877873"><ele>1239.755</ele><time>2026-09-25T14:17:17Z</time><speed>0.000</speed><sat>28</sat></trkpt>
  <trkpt lat="45.50111956" lon="2.88878630"><ele>1239.520</ele><time>2026-09-25T14:17:20Z</time><speed>0.000</speed><sat>26</sat></trkpt>
  <trkpt lat="45.50111770" lon="2.88881401"><ele>1239.583</ele><time>2026-09-25T14:17:23Z</time><speed>0.000</speed><sat>27</sat></trkpt>
  <trkpt lat="45.50111549" lon="2.88882182"><ele>1238.680</ele><time>2026-09-25T14:17:26Z</time><speed>0.000</speed><sat>27</sat></trkpt>
  <trkpt lat="45.50111391" lon="2.88882461"><ele>1238.875</ele><time>2026-09-25T14:17:29Z</time><speed>0.240</speed><sat>26</sat></trkpt>
  <trkpt lat="45.50111398" lon="2.88883003"><ele>1238.917</ele><time>2026-09-25T14:17:32Z</time><speed>0.000</speed><sat>27</sat></trkpt>
  <trkpt lat="45.50111264" lon="2.88883799"><ele>1238.860</ele><time>2026-09-25T14:17:35Z</time><speed>0.280</speed><sat>28</sat></trkpt>
  <trkpt lat="45.50111497" lon="2.88884398"><ele>1238.477</ele><time>2026-09-25T14:17:38Z</time><speed>0.000</speed><sat>28</sat></trkpt>
  <trkpt lat="45.50111572" lon="2.88885335"><ele>1238.350</ele><time>2026-09-25T14:17:41Z</time><speed>0.000</speed><sat>26</sat></trkpt>
  <trkpt lat="45.50111530" lon="2.88885395"><ele>1238.291</ele><time>2026-09-25T14:17:44Z</time><speed>0.000</speed><sat>24</sat></trkpt>
  <trkpt lat="45.50111543" lon="2.88885371"><ele>1238.258</ele><time>2026-09-25T14:17:47Z</time><speed>0.000</speed><sat>25</sat></trkpt>
  <trkpt lat="45.50111633" lon="2.88885429"><ele>1238.306</ele><time>2026-09-25T14:17:50Z</time><speed>0.000</speed><sat>28</sat></trkpt>
  <trkpt lat="45.50111775" lon="2.88886043"><ele>1237.961</ele><time>2026-09-25T14:17:53Z</time><speed>0.000</speed><sat>29</sat></trkpt>
  <trkpt lat="45.50111897" lon="2.88886074"><ele>1237.999</ele><time>2026-09-25T14:17:56Z</time><speed>0.000</speed><sat>27</sat></trkpt>
  <trkpt lat="45.50111915" lon="2.88886099"><ele>1238.079</ele><time>2026-09-25T14:17:59Z</time><speed>0.000</speed><sat>28</sat></trkpt>
  <trkpt lat="45.50111907" lon="2.88886066"><ele>1238.152</ele><time>2026-09-25T14:18:02Z</time><speed>0.000</speed><sat>28</sat></trkpt>
  <trkpt lat="45.50111860" lon="2.88886139"><ele>1238.207</ele><time>2026-09-25T14:18:05Z</time><speed>0.000</speed><sat>28</sat></trkpt>
  <trkpt lat="45.50111873" lon="2.88886239"><ele>1238.224</ele><time>2026-09-25T14:18:08Z</time><speed>0.000</speed><sat>29</sat></trkpt>
  <trkpt lat="45.50111875" lon="2.88886299"><ele>1238.258</ele><time>2026-09-25T14:18:11Z</time><speed>0.000</speed><sat>29</sat></trkpt>
  <trkpt lat="45.50111851" lon="2.88886257"><ele>1238.232</ele><time>2026-09-25T14:18:14Z</time><speed>0.000</speed><sat>27</sat></trkpt>
  <trkpt lat="45.50111803" lon="2.88886252"><ele>1238.253</ele><time>2026-09-25T14:18:17Z</time><speed>0.000</speed><sat>28</sat></trkpt>
  <trkpt lat="45.50111777" lon="2.88886239"><ele>1238.247</ele><time>2026-09-25T14:18:20Z</time><speed>0.000</speed><sat>29</sat></trkpt>
  <trkpt lat="45.50111805" lon="2.88886305"><ele>1238.506</ele><time>2026-09-25T14:18:23Z</time><speed>0.000</speed><sat>27</sat></trkpt>
  <trkpt lat="45.50111743" lon="2.88886336"><ele>1238.526</ele><time>2026-09-25T14:18:26Z</time><speed>0.000</speed><sat>26</sat></trkpt>
  <trkpt lat="45.50111732" lon="2.88886345"><ele>1238.517</ele><time>2026-09-25T14:18:29Z</time><speed>0.000</speed><sat>29</sat></trkpt>
  <trkpt lat="45.50111712" lon="2.88886362"><ele>1238.490</ele><time>2026-09-25T14:18:32Z</time><speed>0.000</speed><sat>29</sat></trkpt>
  <trkpt lat="45.50111710" lon="2.88886349"><ele>1238.452</ele><time>2026-09-25T14:18:35Z</time><speed>0.000</speed><sat>25</sat></trkpt>
  <trkpt lat="45.50111725" lon="2.88886450"><ele>1238.460</ele><time>2026-09-25T14:18:38Z</time><speed>0.000</speed><sat>26</sat></trkpt>
  <trkpt lat="45.50111733" lon="2.88886588"><ele>1238.512</ele><time>2026-09-25T14:18:41Z</time><speed>0.000</speed><sat>29</sat></trkpt>
  <trkpt lat="45.50111667" lon="2.88886715"><ele>1238.414</ele><time>2026-09-25T14:18:44Z</time><speed>0.170</speed><sat>28</sat></trkpt>
  <trkpt lat="45.50111496" lon="2.88886695"><ele>1238.418</ele><time>2026-09-25T14:18:47Z</time><speed>0.000</speed><sat>25</sat></trkpt>
  <trkpt lat="45.50111278" lon="2.88886982"><ele>1238.323</ele><time>2026-09-25T14:18:50Z</time><speed>0.000</speed><sat>25</sat></trkpt>
  <trkpt lat="45.50111269" lon="2.88887259"><ele>1238.350</ele><time>2026-09-25T14:18:53Z</time><speed>0.000</speed><sat>27</sat></trkpt>
  <trkpt lat="45.50111309" lon="2.88887252"><ele>1238.369</ele><time>2026-09-25T14:18:56Z</time><speed>0.000</speed><sat>27</sat></trkpt>
  <trkpt lat="45.50111321" lon="2.88887247"><ele>1238.442</ele><time>2026-09-25T14:18:59Z</time><speed>0.000</speed><sat>25</sat></trkpt>
  <trkpt lat="45.50111331" lon="2.88887264"><ele>1238.496</ele><time>2026-09-25T14:19:02Z</time><speed>0.000</speed><sat>28</sat></trkpt>
  <trkpt lat="45.50111368" lon="2.88887232"><ele>1238.488</ele><time>2026-09-25T14:19:05Z</time><speed>0.000</speed><sat>29</sat></trkpt>
  <trkpt lat="45.50111411" lon="2.88887168"><ele>1238.483</ele><time>2026-09-25T14:19:08Z</time><speed>0.000</speed><sat>28</sat></trkpt>
  <trkpt lat="45.50111426" lon="2.88887108"><ele>1238.462</ele><time>2026-09-25T14:19:11Z</time><speed>0.000</speed><sat>24</sat></trkpt>
  <trkpt lat="45.50111410" lon="2.88887202"><ele>1238.521</ele><time>2026-09-25T14:19:14Z</time><speed>0.000</speed><sat>26</sat></trkpt>
  <trkpt lat="45.50111390" lon="2.88887201"><ele>1238.566</ele><time>2026-09-25T14:19:17Z</time><speed>0.000</speed><sat>26</sat></trkpt>
  <trkpt lat="45.50110958" lon="2.88887338"><ele>1238.212</ele><time>2026-09-25T14:19:20Z</time><speed>0.000</speed><sat>26</sat></trkpt>
  <trkpt lat="45.50110969" lon="2.88887641"><ele>1238.694</ele><time>2026-09-25T14:19:23Z</time><speed>0.180</speed><sat>25</sat></trkpt>
  <trkpt lat="45.50109491" lon="2.88886120"><ele>1238.502</ele><time>2026-09-25T14:19:26Z</time><speed>0.530</speed><sat>25</sat></trkpt>
  <trkpt lat="45.50107492" lon="2.88885149"><ele>1238.150</ele><time>2026-09-25T14:19:29Z</time><speed>1.520</speed><sat>25</sat></trkpt>
  <trkpt lat="45.50107542" lon="2.88885484"><ele>1238.075</ele><time>2026-09-25T14:19:32Z</time><speed>0.000</speed><sat>26</sat></trkpt>
  <trkpt lat="45.50107567" lon="2.88885509"><ele>1238.106</ele><time>2026-09-25T14:19:35Z</time><speed>0.000</speed><sat>26</sat></trkpt>
  <trkpt lat="45.50107568" lon="2.88885509"><ele>1238.107</ele><time>2026-09-25T14:19:38Z</time><speed>0.000</speed><sat>22</sat></trkpt>
  <trkpt lat="45.50107556" lon="2.88885511"><ele>1238.112</ele><time>2026-09-25T14:19:41Z</time><speed>0.000</speed><sat>22</sat></trkpt>
  <trkpt lat="45.50107543" lon="2.88885599"><ele>1237.547</ele><time>2026-09-25T14:19:44Z</time><speed>0.000</speed><sat>21</sat></trkpt>
  <trkpt lat="45.50107655" lon="2.88885701"><ele>1237.503</ele><time>2026-09-25T14:19:47Z</time><speed>0.000</speed><sat>27</sat></trkpt>
  <trkpt lat="45.50107701" lon="2.88885816"><ele>1237.539</ele><time>2026-09-25T14:19:50Z</time><speed>0.000</speed><sat>27</sat></trkpt>
  <trkpt lat="45.50107797" lon="2.88885911"><ele>1237.585</ele><time>2026-09-25T14:19:53Z</time><speed>0.000</speed><sat>27</sat></trkpt>
  <trkpt lat="45.50109177" lon="2.88885220"><ele>1238.251</ele><time>2026-09-25T14:19:56Z</time><speed>0.980</speed><sat>28</sat></trkpt>
  <trkpt lat="45.50110258" lon="2.88884816"><ele>1238.562</ele><time>2026-09-25T14:19:59Z</time><speed>0.000</speed><sat>27</sat></trkpt>
  <trkpt lat="45.50111409" lon="2.88884484"><ele>1240.073</ele><time>2026-09-25T14:20:02Z</time><speed>0.000</speed><sat>26</sat></trkpt>
  <trkpt lat="45.50111452" lon="2.88884488"><ele>1240.067</ele><time>2026-09-25T14:20:05Z</time><speed>0.000</speed><sat>26</sat></trkpt>
  <trkpt lat="45.50111427" lon="2.88884535"><ele>1240.085</ele><time>2026-09-25T14:20:08Z</time><speed>0.000</speed><sat>26</sat></trkpt>
  <trkpt lat="45.50111400" lon="2.88884553"><ele>1240.100</ele><time>2026-09-25T14:20:11Z</time><speed>0.000</speed><sat>27</sat></trkpt>
  <trkpt lat="45.50111394" lon="2.88884569"><ele>1240.080</ele><time>2026-09-25T14:20:14Z</time><speed>0.000</speed><sat>27</sat></trkpt>
  <trkpt lat="45.50111347" lon="2.88884664"><ele>1240.204</ele><time>2026-09-25T14:20:17Z</time><speed>0.000</speed><sat>26</sat></trkpt>
 </trkseg>
</trk>

</gpx>
 
