<?xml version="1.0" encoding="UTF-8"?>
<!-- Created with BasicAirData GPS Logger for Android - ver. 3.3.0 -->
<!-- Track 2 = 7208 TrackPoints + 0 Placemarks -->

<!-- Track Statistics (based on Total Time | Time in Movement): -->
<!--  Distance = 11.9 km -->
<!--  Duration = 06:41:03 | 03:03:34 -->
<!--  Altitude Gap = 2 m -->
<!--  Max Speed = 16 km/h -->
<!--  Avg Speed = 1.8 | 3.9 km/h -->
<!--  Direction = 69° -->
<!--  Activity = walking -->
<!--  Altitudes = Raw -->

<gpx version="1.0"
     creator="BasicAirData GPS Logger 3.3.0"
     xmlns="http://www.topografix.com/GPX/1/0"
     xmlns:xsi="http://www.w3.org/2001/XMLSchema-instance"
     xsi:schemaLocation="http://www.topografix.com/GPX/1/0 http://www.topografix.com/GPX/1/0/gpx.xsd">
<name>Puy de Dôme 21/09/2026</name>
<desc>Puy de Dome</desc>
<time>2026-09-29T13:21:51Z</time>
<keywords>walking</keywords>
<bounds minlat="45.76420146" minlon="2.95184581" maxlat="45.79658597" maxlon="2.97385912" />

<trk>
 <name>Track 20260921-095637</name>
 <trkseg>
  <trkpt lat="45.76420963" lon="2.95641698"><ele>1126.229</ele><time>2026-09-21T07:56:37Z</time><speed>0.250</speed><sat>24</sat></trkpt>
  <trkpt lat="45.76421880" lon="2.95641323"><ele>1126.152</ele><time>2026-09-21T07:56:40Z</time><speed>0.000</speed><sat>25</sat></trkpt>
  <trkpt lat="45.76422207" lon="2.95641370"><ele>1126.112</ele><time>2026-09-21T07:56:43Z</time><speed>0.000</speed><sat>24</sat></trkpt>
  <trkpt lat="45.76422268" lon="2.95641389"><ele>1126.158</ele><time>2026-09-21T07:56:46Z</time><speed>0.000</speed><sat>24</sat></trkpt>
  <trkpt lat="45.76422348" lon="2.95641519"><ele>1126.075</ele><time>2026-09-21T07:56:49Z</time><speed>0.000</speed><sat>24</sat></trkpt>
  <trkpt lat="45.76422394" lon="2.95641574"><ele>1126.051</ele><time>2026-09-21T07:56:52Z</time><speed>0.000</speed><sat>24</sat></trkpt>
  <trkpt lat="45.76422482" lon="2.95641629"><ele>1126.063</ele><time>2026-09-21T07:56:55Z</time><speed>0.000</speed><sat>24</sat></trkpt>
  <trkpt lat="45.76422502" lon="2.95641651"><ele>1126.113</ele><time>2026-09-21T07:56:58Z</time><speed>0.000</speed><sat>24</sat></trkpt>
  <trkpt lat="45.76422561" lon="2.95641657"><ele>1126.091</ele><time>2026-09-21T07:57:01Z</time><speed>0.000</speed><sat>24</sat></trkpt>
  <trkpt lat="45.76422599" lon="2.95641590"><ele>1126.037</ele><time>2026-09-21T07:57:04Z</time><speed>0.000</speed><sat>26</sat></trkpt>
  <trkpt lat="45.76421705" lon="2.95641192"><ele>1126.332</ele><time>2026-09-21T07:57:07Z</time><speed>0.000</speed><sat>26</sat></trkpt>
  <trkpt lat="45.76421853" lon="2.95641568"><ele>1126.770</ele><time>2026-09-21T07:57:10Z</time><speed>0.000</speed><sat>23</sat></trkpt>
  <trkpt lat="45.76421525" lon="2.95641240"><ele>1127.185</ele><time>2026-09-21T07:57:13Z</time><speed>0.000</speed><sat>22</sat></trkpt>
  <trkpt lat="45.76421299" lon="2.95641182"><ele>1127.310</ele><time>2026-09-21T07:57:16Z</time><speed>0.000</speed><sat>23</sat></trkpt>
  <trkpt lat="45.76421072" lon="2.95641177"><ele>1127.569</ele><time>2026-09-21T07:57:19Z</time><speed>0.000</speed><sat>19</sat></trkpt>
  <trkpt lat="45.76421024" lon="2.95641208"><ele>1127.675</ele><time>2026-09-21T07:57:22Z</time><speed>0.000</speed><sat>21</sat></trkpt>
  <trkpt lat="45.76420991" lon="2.95641189"><ele>1127.749</ele><time>2026-09-21T07:57:25Z</time><speed>0.000</speed><sat>19</sat></trkpt>
  <trkpt lat="45.76420747" lon="2.95641400"><ele>1128.089</ele><time>2026-09-21T07:57:29Z</time><speed>0.000</speed><sat>21</sat></trkpt>
  <trkpt lat="45.76420627" lon="2.95641397"><ele>1128.168</ele><time>2026-09-21T07:57:32Z</time><speed>0.000</speed><sat>28</sat></trkpt>
  <trkpt lat="45.76420508" lon="2.95641436"><ele>1128.238</ele><time>2026-09-21T07:57:35Z</time><speed>0.000</speed><sat>28</sat></trkpt>
  <trkpt lat="45.76420399" lon="2.95641374"><ele>1128.227</ele><time>2026-09-21T07:57:38Z</time><speed>0.000</speed><sat>25</sat></trkpt>
  <trkpt lat="45.76420316" lon="2.95641381"><ele>1128.225</ele><time>2026-09-21T07:57:41Z</time><speed>0.000</speed><sat>25</sat></trkpt>
  <trkpt lat="45.76420258" lon="2.95641400"><ele>1128.192</ele><time>2026-09-21T07:57:44Z</time><speed>0.000</speed><sat>25</sat></trkpt>
  <trkpt lat="45.76420225" lon="2.95641411"><ele>1128.242</ele><time>2026-09-21T07:57:47Z</time><speed>0.000</speed><sat>25</sat></trkpt>
  <trkpt lat="45.76420199" lon="2.95641407"><ele>1128.293</ele><time>2026-09-21T07:57:50Z</time><speed>0.000</speed><sat>25</sat></trkpt>
  <trkpt lat="45.76420146" lon="2.95641338"><ele>1128.313</ele><time>2026-09-21T07:57:53Z</time><speed>0.000</speed><sat>24</sat></trkpt>
  <trkpt lat="45.76420173" lon="2.95641368"><ele>1128.361</ele><time>2026-09-21T07:57:56Z</time><speed>0.000</speed><sat>23</sat></trkpt>
  <trkpt lat="45.76420240" lon="2.95641397"><ele>1128.248</ele><time>2026-09-21T07:57:59Z</time><speed>0.000</speed><sat>24</sat></trkpt>
  <trkpt lat="45.76420251" lon="2.95641372"><ele>1128.040</ele><time>2026-09-21T07:58:02Z</time><speed>0.000</speed><sat>24</sat></trkpt>
  <trkpt lat="45.76420179" lon="2.95641963"><ele>1128.063</ele><time>2026-09-21T07:58:05Z</time><speed>0.000</speed><sat>25</sat></trkpt>
  <trkpt lat="45.76420335" lon="2.95642271"><ele>1127.913</ele><time>2026-09-21T07:58:08Z</time><speed>0.000</speed><sat>22</sat></trkpt>
  <trkpt lat="45.76420468" lon="2.95642322"><ele>1127.593</ele><time>2026-09-21T07:58:11Z</time><speed>0.000</speed><sat>23</sat></trkpt>
  <trkpt lat="45.76420485" lon="2.95642435"><ele>1127.632</ele><time>2026-09-21T07:58:14Z</time><speed>0.000</speed><sat>24</sat></trkpt>
  <trkpt lat="45.76420904" lon="2.95642686"><ele>1127.018</ele><time>2026-09-21T07:58:17Z</time><speed>0.000</speed><sat>25</sat></trkpt>
  <trkpt lat="45.76421354" lon="2.95642655"><ele>1126.738</ele><time>2026-09-21T07:58:20Z</time><speed>0.000</speed><sat>24</sat></trkpt>
  <trkpt lat="45.76421412" lon="2.95642570"><ele>1126.463</ele><time>2026-09-21T07:58:23Z</time><speed>0.000</speed><sat>24</sat></trkpt>
  <trkpt lat="45.76421435" lon="2.95642752"><ele>1126.734</ele><time>2026-09-21T07:58:26Z</time><speed>0.000</speed><sat>21</sat></trkpt>
  <trkpt lat="45.76421444" lon="2.95642825"><ele>1126.555</ele><time>2026-09-21T07:58:29Z</time><speed>0.000</speed><sat>22</sat></trkpt>
  <trkpt lat="45.76421443" lon="2.95642830"><ele>1126.553</ele><time>2026-09-21T07:58:32Z</time><speed>0.000</speed><sat>19</sat></trkpt>
  <trkpt lat="45.76421446" lon="2.95642819"><ele>1126.512</ele><time>2026-09-21T07:58:35Z</time><speed>0.000</speed><sat>21</sat></trkpt>
  <trkpt lat="45.76421457" lon="2.95642817"><ele>1126.497</ele><time>2026-09-21T07:58:38Z</time><speed>0.000</speed><sat>19</sat></trkpt>
  <trkpt lat="45.76421459" lon="2.95642817"><ele>1126.484</ele><time>2026-09-21T07:58:41Z</time><speed>0.000</speed><sat>20</sat></trkpt>
  <trkpt lat="45.76421462" lon="2.95642819"><ele>1126.476</ele><time>2026-09-21T07:58:44Z</time><speed>0.000</speed><sat>20</sat></trkpt>
  <trkpt lat="45.76421465" lon="2.95642818"><ele>1126.479</ele><time>2026-09-21T07:58:47Z</time><speed>0.000</speed><sat>19</sat></trkpt>
  <trkpt lat="45.76421465" lon="2.95642821"><ele>1126.481</ele><time>2026-09-21T07:58:50Z</time><speed>0.000</speed><sat>20</sat></trkpt>
  <trkpt lat="45.76421466" lon="2.95642823"><ele>1126.483</ele><time>2026-09-21T07:58:53Z</time><speed>0.000</speed><sat>20</sat></trkpt>
  <trkpt lat="45.76421502" lon="2.95642459"><ele>1126.430</ele><time>2026-09-21T07:58:56Z</time><speed>0.190</speed><sat>19</sat></trkpt>
  <trkpt lat="45.76421515" lon="2.95642516"><ele>1126.581</ele><time>2026-09-21T07:58:59Z</time><speed>0.000</speed><sat>18</sat></trkpt>
  <trkpt lat="45.76421705" lon="2.95642227"><ele>1126.624</ele><time>2026-09-21T07:59:02Z</time><speed>0.000</speed><sat>20</sat></trkpt>
  <trkpt lat="45.76421802" lon="2.95642196"><ele>1126.619</ele><time>2026-09-21T07:59:05Z</time><speed>0.000</speed><sat>18</sat></trkpt>
  <trkpt lat="45.76421658" lon="2.95642192"><ele>1126.334</ele><time>2026-09-21T07:59:08Z</time><speed>0.000</speed><sat>21</sat></trkpt>
  <trkpt lat="45.76421659" lon="2.95642141"><ele>1126.198</ele><time>2026-09-21T07:59:11Z</time><speed>0.000</speed><sat>21</sat></trkpt>
  <trkpt lat="45.76421651" lon="2.95642146"><ele>1126.149</ele><time>2026-09-21T07:59:14Z</time><speed>0.000</speed><sat>20</sat></trkpt>
  <trkpt lat="45.76421645" lon="2.95642257"><ele>1126.099</ele><time>2026-09-21T07:59:17Z</time><speed>0.000</speed><sat>21</sat></trkpt>
  <trkpt lat="45.76421659" lon="2.95642245"><ele>1126.068</ele><time>2026-09-21T07:59:20Z</time><speed>0.000</speed><sat>21</sat></trkpt>
  <trkpt lat="45.76421678" lon="2.95642237"><ele>1126.026</ele><time>2026-09-21T07:59:23Z</time><speed>0.000</speed><sat>22</sat></trkpt>
  <trkpt lat="45.76421682" lon="2.95642226"><ele>1126.034</ele><time>2026-09-21T07:59:26Z</time><speed>0.000</speed><sat>19</sat></trkpt>
  <trkpt lat="45.76421679" lon="2.95642219"><ele>1126.029</ele><time>2026-09-21T07:59:29Z</time><speed>0.000</speed><sat>21</sat></trkpt>
  <trkpt lat="45.76421684" lon="2.95642221"><ele>1126.025</ele><time>2026-09-21T07:59:32Z</time><speed>0.000</speed><sat>15</sat></trkpt>
  <trkpt lat="45.76421693" lon="2.95642213"><ele>1126.007</ele><time>2026-09-21T07:59:35Z</time><speed>0.000</speed><sat>18</sat></trkpt>
  <trkpt lat="45.76421697" lon="2.95642214"><ele>1126.008</ele><time>2026-09-21T07:59:38Z</time><speed>0.000</speed><sat>20</sat></trkpt>
  <trkpt lat="45.76421698" lon="2.95642211"><ele>1126.006</ele><time>2026-09-21T07:59:41Z</time><speed>0.000</speed><sat>19</sat></trkpt>
  <trkpt lat="45.76421694" lon="2.95642209"><ele>1126.013</ele><time>2026-09-21T07:59:44Z</time><speed>0.000</speed><sat>20</sat></trkpt>
  <trkpt lat="45.76421710" lon="2.95642224"><ele>1126.027</ele><time>2026-09-21T07:59:47Z</time><speed>0.000</speed><sat>21</sat></trkpt>
  <trkpt lat="45.76421719" lon="2.95642234"><ele>1126.031</ele><time>2026-09-21T07:59:50Z</time><speed>0.000</speed><sat>21</sat></trkpt>
  <trkpt lat="45.76421708" lon="2.95642274"><ele>1126.075</ele><time>2026-09-21T07:59:53Z</time><speed>0.000</speed><sat>23</sat></trkpt>
  <trkpt lat="45.76421706" lon="2.95642274"><ele>1126.074</ele><time>2026-09-21T07:59:56Z</time><speed>0.000</speed><sat>22</sat></trkpt>
  <trkpt lat="45.76421711" lon="2.95642273"><ele>1126.071</ele><time>2026-09-21T07:59:59Z</time><speed>0.000</speed><sat>19</sat></trkpt>
  <trkpt lat="45.76421715" lon="2.95642278"><ele>1126.073</ele><time>2026-09-21T08:00:02Z</time><speed>0.000</speed><sat>21</sat></trkpt>
  <trkpt lat="45.76421720" lon="2.95642279"><ele>1126.068</ele><time>2026-09-21T08:00:05Z</time><speed>0.000</speed><sat>21</sat></trkpt>
  <trkpt lat="45.76421722" lon="2.95642281"><ele>1126.072</ele><time>2026-09-21T08:00:08Z</time><speed>0.000</speed><sat>21</sat></trkpt>
  <trkpt lat="45.76421727" lon="2.95642280"><ele>1126.070</ele><time>2026-09-21T08:00:11Z</time><speed>0.000</speed><sat>19</sat></trkpt>
  <trkpt lat="45.76421738" lon="2.95642278"><ele>1126.061</ele><time>2026-09-21T08:00:14Z</time><speed>0.000</speed><sat>22</sat></trkpt>
  <trkpt lat="45.76424305" lon="2.95639624"><ele>1126.700</ele><time>2026-09-21T08:00:17Z</time><speed>0.720</speed><sat>16</sat></trkpt>
  <trkpt lat="45.76427558" lon="2.95638407"><ele>1127.605</ele><time>2026-09-21T08:00:20Z</time><speed>1.960</speed><sat>18</sat></trkpt>
  <trkpt lat="45.76428182" lon="2.95635593"><ele>1126.756</ele><time>2026-09-21T08:00:23Z</time><speed>0.900</speed><sat>15</sat></trkpt>
  <trkpt lat="45.76428680" lon="2.95635173"><ele>1126.773</ele><time>2026-09-21T08:00:26Z</time><speed>0.000</speed><sat>19</sat></trkpt>
  <trkpt lat="45.76428827" lon="2.95633444"><ele>1127.178</ele><time>2026-09-21T08:00:29Z</time><speed>0.670</speed><sat>18</sat></trkpt>
  <trkpt lat="45.76427722" lon="2.95626821"><ele>1129.139</ele><time>2026-09-21T08:00:32Z</time><speed>1.770</speed><sat>19</sat></trkpt>
  <trkpt lat="45.76427480" lon="2.95623135"><ele>1128.083</ele><time>2026-09-21T08:00:35Z</time><speed>1.390</speed><sat>21</sat></trkpt>
  <trkpt lat="45.76427640" lon="2.95614817"><ele>1128.052</ele><time>2026-09-21T08:00:38Z</time><speed>2.170</speed><sat>17</sat></trkpt>
  <trkpt lat="45.76429722" lon="2.95611161"><ele>1129.329</ele><time>2026-09-21T08:00:41Z</time><speed>1.080</speed><sat>22</sat></trkpt>
  <trkpt lat="45.76431853" lon="2.95607894"><ele>1130.991</ele><time>2026-09-21T08:00:44Z</time><speed>1.160</speed><sat>24</sat></trkpt>
  <trkpt lat="45.76433270" lon="2.95604410"><ele>1131.420</ele><time>2026-09-21T08:00:47Z</time><speed>1.250</speed><sat>24</sat></trkpt>
  <trkpt lat="45.76435391" lon="2.95601721"><ele>1133.020</ele><time>2026-09-21T08:00:50Z</time><speed>1.030</speed><sat>21</sat></trkpt>
  <trkpt lat="45.76437438" lon="2.95598668"><ele>1132.763</ele><time>2026-09-21T08:00:53Z</time><speed>1.150</speed><sat>23</sat></trkpt>
  <trkpt lat="45.76439925" lon="2.95595481"><ele>1132.630</ele><time>2026-09-21T08:00:56Z</time><speed>1.080</speed><sat>25</sat></trkpt>
  <trkpt lat="45.76442012" lon="2.95592551"><ele>1133.819</ele><time>2026-09-21T08:00:59Z</time><speed>1.040</speed><sat>25</sat></trkpt>
  <trkpt lat="45.76444130" lon="2.95589650"><ele>1134.678</ele><time>2026-09-21T08:01:02Z</time><speed>1.060</speed><sat>24</sat></trkpt>
  <trkpt lat="45.76445433" lon="2.95585552"><ele>1135.083</ele><time>2026-09-21T08:01:05Z</time><speed>1.160</speed><sat>22</sat></trkpt>
  <trkpt lat="45.76446730" lon="2.95580005"><ele>1134.287</ele><time>2026-09-21T08:01:08Z</time><speed>1.160</speed><sat>23</sat></trkpt>
  <trkpt lat="45.76447681" lon="2.95574663"><ele>1133.890</ele><time>2026-09-21T08:01:11Z</time><speed>1.430</speed><sat>22</sat></trkpt>
  <trkpt lat="45.76447203" lon="2.95570083"><ele>1133.429</ele><time>2026-09-21T08:01:14Z</time><speed>1.020</speed><sat>24</sat></trkpt>
  <trkpt lat="45.76449379" lon="2.95566589"><ele>1133.307</ele><time>2026-09-21T08:01:17Z</time><speed>1.140</speed><sat>23</sat></trkpt>
  <trkpt lat="45.76452523" lon="2.95565762"><ele>1134.052</ele><time>2026-09-21T08:01:20Z</time><speed>1.170</speed><sat>24</sat></trkpt>
  <trkpt lat="45.76454730" lon="2.95563931"><ele>1134.548</ele><time>2026-09-21T08:01:23Z</time><speed>1.100</speed><sat>24</sat></trkpt>
  <trkpt lat="45.76456114" lon="2.95560827"><ele>1134.013</ele><time>2026-09-21T08:01:26Z</time><speed>0.860</speed><sat>27</sat></trkpt>
  <trkpt lat="45.76456642" lon="2.95558710"><ele>1134.740</ele><time>2026-09-21T08:01:29Z</time><speed>1.370</speed><sat>27</sat></trkpt>
  <trkpt lat="45.76456070" lon="2.95558098"><ele>1134.780</ele><time>2026-09-21T08:01:32Z</time><speed>0.000</speed><sat>26</sat></trkpt>
  <trkpt lat="45.76455981" lon="2.95558019"><ele>1134.734</ele><time>2026-09-21T08:01:35Z</time><speed>0.000</speed><sat>27</sat></trkpt>
  <trkpt lat="45.76456565" lon="2.95557346"><ele>1135.162</ele><time>2026-09-21T08:01:38Z</time><speed>0.000</speed><sat>29</sat></trkpt>
  <trkpt lat="45.76456635" lon="2.95557290"><ele>1135.164</ele><time>2026-09-21T08:01:41Z</time><speed>0.000</speed><sat>28</sat></trkpt>
  <trkpt lat="45.76456654" lon="2.95557210"><ele>1135.198</ele><time>2026-09-21T08:01:44Z</time><speed>0.000</speed><sat>28</sat></trkpt>
  <trkpt lat="45.76456678" lon="2.95557056"><ele>1135.214</ele><time>2026-09-21T08:01:47Z</time><speed>0.000</speed><sat>29</sat></trkpt>
  <trkpt lat="45.76456679" lon="2.95556982"><ele>1135.229</ele><time>2026-09-21T08:01:50Z</time><speed>0.000</speed><sat>29</sat></trkpt>
  <trkpt lat="45.76456693" lon="2.95556898"><ele>1135.284</ele><time>2026-09-21T08:01:53Z</time><speed>0.000</speed><sat>29</sat></trkpt>
  <trkpt lat="45.76456684" lon="2.95556819"><ele>1135.319</ele><time>2026-09-21T08:01:56Z</time><speed>0.000</speed><sat>28</sat></trkpt>
  <trkpt lat="45.76456656" lon="2.95556801"><ele>1135.347</ele><time>2026-09-21T08:01:59Z</time><speed>0.000</speed><sat>28</sat></trkpt>
  <trkpt lat="45.76456650" lon="2.95556754"><ele>1135.351</ele><time>2026-09-21T08:02:02Z</time><speed>0.000</speed><sat>28</sat></trkpt>
  <trkpt lat="45.76456640" lon="2.95556719"><ele>1135.376</ele><time>2026-09-21T08:02:05Z</time><speed>0.000</speed><sat>27</sat></trkpt>
  <trkpt lat="45.76456621" lon="2.95556696"><ele>1135.403</ele><time>2026-09-21T08:02:08Z</time><speed>0.000</speed><sat>25</sat></trkpt>
  <trkpt lat="45.76456600" lon="2.95556680"><ele>1135.416</ele><time>2026-09-21T08:02:11Z</time><speed>0.000</speed><sat>26</sat></trkpt>
  <trkpt lat="45.76456567" lon="2.95556705"><ele>1135.422</ele><time>2026-09-21T08:02:14Z</time><speed>0.000</speed><sat>26</sat></trkpt>
  <trkpt lat="45.76456536" lon="2.95556715"><ele>1135.453</ele><time>2026-09-21T08:02:17Z</time><speed>0.000</speed><sat>26</sat></trkpt>
  <trkpt lat="45.76456510" lon="2.95556709"><ele>1135.482</ele><time>2026-09-21T08:02:20Z</time><speed>0.000</speed><sat>28</sat></trkpt>
  <trkpt lat="45.76456510" lon="2.95556604"><ele>1135.504</ele><time>2026-09-21T08:02:23Z</time><speed>0.000</speed><sat>28</sat></trkpt>
  <trkpt lat="45.76456512" lon="2.95556515"><ele>1135.530</ele><time>2026-09-21T08:02:26Z</time><speed>0.000</speed><sat>27</sat></trkpt>
  <trkpt lat="45.76456535" lon="2.95556387"><ele>1135.469</ele><time>2026-09-21T08:02:29Z</time><speed>0.000</speed><sat>27</sat></trkpt>
  <trkpt lat="45.76456526" lon="2.95556341"><ele>1135.486</ele><time>2026-09-21T08:02:32Z</time><speed>0.000</speed><sat>28</sat></trkpt>
  <trkpt lat="45.76456511" lon="2.95556348"><ele>1135.515</ele><time>2026-09-21T08:02:35Z</time><speed>0.000</speed><sat>28</sat></trkpt>
  <trkpt lat="45.76456475" lon="2.95556357"><ele>1135.507</ele><time>2026-09-21T08:02:38Z</time><speed>0.000</speed><sat>28</sat></trkpt>
  <trkpt lat="45.76456427" lon="2.95556406"><ele>1135.494</ele><time>2026-09-21T08:02:41Z</time><speed>0.000</speed><sat>27</sat></trkpt>
  <trkpt lat="45.76456414" lon="2.95556408"><ele>1135.509</ele><time>2026-09-21T08:02:44Z</time><speed>0.000</speed><sat>28</sat></trkpt>
  <trkpt lat="45.76456401" lon="2.95556415"><ele>1135.537</ele><time>2026-09-21T08:02:47Z</time><speed>0.000</speed><sat>27</sat></trkpt>
  <trkpt lat="45.76456386" lon="2.95556416"><ele>1135.565</ele><time>2026-09-21T08:02:50Z</time><speed>0.000</speed><sat>27</sat></trkpt>
  <trkpt lat="45.76456381" lon="2.95556385"><ele>1135.597</ele><time>2026-09-21T08:02:53Z</time><speed>0.000</speed><sat>27</sat></trkpt>
  <trkpt lat="45.76456368" lon="2.95556379"><ele>1135.613</ele><time>2026-09-21T08:02:56Z</time><speed>0.000</speed><sat>27</sat></trkpt>
  <trkpt lat="45.76456364" lon="2.95556362"><ele>1135.651</ele><time>2026-09-21T08:02:59Z</time><speed>0.000</speed><sat>28</sat></trkpt>
  <trkpt lat="45.76456359" lon="2.95556338"><ele>1135.698</ele><time>2026-09-21T08:03:02Z</time><speed>0.000</speed><sat>28</sat></trkpt>
  <trkpt lat="45.76456324" lon="2.95556351"><ele>1135.701</ele><time>2026-09-21T08:03:05Z</time><speed>0.000</speed><sat>28</sat></trkpt>
  <trkpt lat="45.76456304" lon="2.95556348"><ele>1135.709</ele><time>2026-09-21T08:03:08Z</time><speed>0.000</speed><sat>27</sat></trkpt>
  <trkpt lat="45.76456269" lon="2.95556392"><ele>1135.746</ele><time>2026-09-21T08:03:11Z</time><speed>0.000</speed><sat>26</sat></trkpt>
  <trkpt lat="45.76456237" lon="2.95556413"><ele>1135.756</ele><time>2026-09-21T08:03:14Z</time><speed>0.000</speed><sat>26</sat></trkpt>
  <trkpt lat="45.76456226" lon="2.95556409"><ele>1135.788</ele><time>2026-09-21T08:03:17Z</time><speed>0.000</speed><sat>28</sat></trkpt>
  <trkpt lat="45.76456212" lon="2.95556408"><ele>1135.821</ele><time>2026-09-21T08:03:20Z</time><speed>0.000</speed><sat>28</sat></trkpt>
  <trkpt lat="45.76456160" lon="2.95556373"><ele>1135.854</ele><time>2026-09-21T08:03:23Z</time><speed>0.000</speed><sat>28</sat></trkpt>
  <trkpt lat="45.76456115" lon="2.95556344"><ele>1135.899</ele><time>2026-09-21T08:03:26Z</time><speed>0.000</speed><sat>29</sat></trkpt>
  <trkpt lat="45.76456092" lon="2.95556330"><ele>1135.921</ele><time>2026-09-21T08:03:29Z</time><speed>0.000</speed><sat>28</sat></trkpt>
  <trkpt lat="45.76456064" lon="2.95556303"><ele>1135.931</ele><time>2026-09-21T08:03:32Z</time><speed>0.000</speed><sat>28</sat></trkpt>
  <trkpt lat="45.76456054" lon="2.95556296"><ele>1135.942</ele><time>2026-09-21T08:03:35Z</time><speed>0.000</speed><sat>26</sat></trkpt>
  <trkpt lat="45.76456017" lon="2.95556267"><ele>1135.944</ele><time>2026-09-21T08:03:38Z</time><speed>0.000</speed><sat>26</sat></trkpt>
  <trkpt lat="45.76456020" lon="2.95556266"><ele>1135.936</ele><time>2026-09-21T08:03:41Z</time><speed>0.000</speed><sat>27</sat></trkpt>
  <trkpt lat="45.76456006" lon="2.95556297"><ele>1135.959</ele><time>2026-09-21T08:03:44Z</time><speed>0.000</speed><sat>26</sat></trkpt>
  <trkpt lat="45.76455988" lon="2.95556331"><ele>1136.005</ele><time>2026-09-21T08:03:47Z</time><speed>0.000</speed><sat>24</sat></trkpt>
  <trkpt lat="45.76455956" lon="2.95556362"><ele>1136.062</ele><time>2026-09-21T08:03:50Z</time><speed>0.000</speed><sat>24</sat></trkpt>
  <trkpt lat="45.76455944" lon="2.95556344"><ele>1136.069</ele><time>2026-09-21T08:03:53Z</time><speed>0.000</speed><sat>25</sat></trkpt>
  <trkpt lat="45.76455935" lon="2.95556356"><ele>1136.094</ele><time>2026-09-21T08:03:56Z</time><speed>0.000</speed><sat>26</sat></trkpt>
  <trkpt lat="45.76455913" lon="2.95556397"><ele>1136.114</ele><time>2026-09-21T08:03:59Z</time><speed>0.000</speed><sat>27</sat></trkpt>
  <trkpt lat="45.76455884" lon="2.95556410"><ele>1136.148</ele><time>2026-09-21T08:04:02Z</time><speed>0.000</speed><sat>28</sat></trkpt>
  <trkpt lat="45.76455865" lon="2.95556415"><ele>1136.167</ele><time>2026-09-21T08:04:05Z</time><speed>0.000</speed><sat>27</sat></trkpt>
  <trkpt lat="45.76455854" lon="2.95556401"><ele>1136.173</ele><time>2026-09-21T08:04:08Z</time><speed>0.000</speed><sat>27</sat></trkpt>
  <trkpt lat="45.76455794" lon="2.95556396"><ele>1136.227</ele><time>2026-09-21T08:04:11Z</time><speed>0.000</speed><sat>27</sat></trkpt>
  <trkpt lat="45.76455747" lon="2.95556375"><ele>1136.266</ele><time>2026-09-21T08:04:14Z</time><speed>0.000</speed><sat>28</sat></trkpt>
  <trkpt lat="45.76455727" lon="2.95556356"><ele>1136.273</ele><time>2026-09-21T08:04:17Z</time><speed>0.000</speed><sat>27</sat></trkpt>
  <trkpt lat="45.76455711" lon="2.95556338"><ele>1136.288</ele><time>2026-09-21T08:04:20Z</time><speed>0.000</speed><sat>26</sat></trkpt>
  <trkpt lat="45.76455697" lon="2.95556309"><ele>1136.316</ele><time>2026-09-21T08:04:23Z</time><speed>0.000</speed><sat>28</sat></trkpt>
  <trkpt lat="45.76455689" lon="2.95556288"><ele>1136.339</ele><time>2026-09-21T08:04:26Z</time><speed>0.000</speed><sat>28</sat></trkpt>
  <trkpt lat="45.76455671" lon="2.95556309"><ele>1136.380</ele><time>2026-09-21T08:04:29Z</time><speed>0.000</speed><sat>27</sat></trkpt>
  <trkpt lat="45.76455646" lon="2.95556296"><ele>1136.427</ele><time>2026-09-21T08:04:32Z</time><speed>0.000</speed><sat>26</sat></trkpt>
  <trkpt lat="45.76455660" lon="2.95556280"><ele>1136.437</ele><time>2026-09-21T08:04:35Z</time><speed>0.000</speed><sat>27</sat></trkpt>
  <trkpt lat="45.76455653" lon="2.95556237"><ele>1136.469</ele><time>2026-09-21T08:04:38Z</time><speed>0.000</speed><sat>27</sat></trkpt>
  <trkpt lat="45.76455635" lon="2.95556263"><ele>1136.501</ele><time>2026-09-21T08:04:41Z</time><speed>0.000</speed><sat>26</sat></trkpt>
  <trkpt lat="45.76455611" lon="2.95556250"><ele>1136.535</ele><time>2026-09-21T08:04:46Z</time><speed>0.000</speed><sat>27</sat></trkpt>
  <trkpt lat="45.76455601" lon="2.95556214"><ele>1136.553</ele><time>2026-09-21T08:04:49Z</time><speed>0.000</speed><sat>25</sat></trkpt>
  <trkpt lat="45.76455578" lon="2.95556191"><ele>1136.612</ele><time>2026-09-21T08:04:52Z</time><speed>0.000</speed><sat>28</sat></trkpt>
  <trkpt lat="45.76455546" lon="2.95556249"><ele>1136.671</ele><time>2026-09-21T08:04:55Z</time><speed>0.000</speed><sat>28</sat></trkpt>
  <trkpt lat="45.76455508" lon="2.95556316"><ele>1136.713</ele><time>2026-09-21T08:04:58Z</time><speed>0.000</speed><sat>28</sat></trkpt>
  <trkpt lat="45.76455485" lon="2.95556343"><ele>1136.737</ele><time>2026-09-21T08:05:01Z</time><speed>0.000</speed><sat>28</sat></trkpt>
  <trkpt lat="45.76455467" lon="2.95556396"><ele>1136.760</ele><time>2026-09-21T08:05:04Z</time><speed>0.000</speed><sat>28</sat></trkpt>
  <trkpt lat="45.76455468" lon="2.95556385"><ele>1136.810</ele><time>2026-09-21T08:05:07Z</time><speed>0.000</speed><sat>27</sat></trkpt>
  <trkpt lat="45.76455472" lon="2.95556368"><ele>1136.848</ele><time>2026-09-21T08:05:10Z</time><speed>0.000</speed><sat>27</sat></trkpt>
  <trkpt lat="45.76455464" lon="2.95556389"><ele>1136.886</ele><time>2026-09-21T08:05:13Z</time><speed>0.000</speed><sat>27</sat></trkpt>
  <trkpt lat="45.76455450" lon="2.95556397"><ele>1136.901</ele><time>2026-09-21T08:05:16Z</time><speed>0.000</speed><sat>27</sat></trkpt>
  <trkpt lat="45.76455436" lon="2.95556393"><ele>1136.927</ele><time>2026-09-21T08:05:19Z</time><speed>0.000</speed><sat>27</sat></trkpt>
  <trkpt lat="45.76455430" lon="2.95556404"><ele>1136.943</ele><time>2026-09-21T08:05:22Z</time><speed>0.000</speed><sat>28</sat></trkpt>
  <trkpt lat="45.76455420" lon="2.95556413"><ele>1136.966</ele><time>2026-09-21T08:05:25Z</time><speed>0.000</speed><sat>29</sat></trkpt>
  <trkpt lat="45.76455404" lon="2.95556422"><ele>1136.980</ele><time>2026-09-21T08:05:28Z</time><speed>0.000</speed><sat>26</sat></trkpt>
  <trkpt lat="45.76455399" lon="2.95556450"><ele>1136.977</ele><time>2026-09-21T08:05:31Z</time><speed>0.000</speed><sat>25</sat></trkpt>
  <trkpt lat="45.76455385" lon="2.95556464"><ele>1136.994</ele><time>2026-09-21T08:05:34Z</time><speed>0.000</speed><sat>24</sat></trkpt>
  <trkpt lat="45.76455377" lon="2.95556474"><ele>1137.017</ele><time>2026-09-21T08:05:37Z</time><speed>0.000</speed><sat>26</sat></trkpt>
  <trkpt lat="45.76455367" lon="2.95556478"><ele>1137.043</ele><time>2026-09-21T08:05:40Z</time><speed>0.000</speed><sat>26</sat></trkpt>
  <trkpt lat="45.76455356" lon="2.95556470"><ele>1137.072</ele><time>2026-09-21T08:05:43Z</time><speed>0.000</speed><sat>28</sat></trkpt>
  <trkpt lat="45.76455334" lon="2.95556440"><ele>1137.119</ele><time>2026-09-21T08:05:46Z</time><speed>0.000</speed><sat>28</sat></trkpt>
  <trkpt lat="45.76455314" lon="2.95556375"><ele>1137.167</ele><time>2026-09-21T08:05:49Z</time><speed>0.000</speed><sat>26</sat></trkpt>
  <trkpt lat="45.76455319" lon="2.95556350"><ele>1137.127</ele><time>2026-09-21T08:05:52Z</time><speed>0.000</speed><sat>28</sat></trkpt>
  <trkpt lat="45.76455297" lon="2.95556345"><ele>1137.121</ele><time>2026-09-21T08:05:55Z</time><speed>0.000</speed><sat>29</sat></trkpt>
  <trkpt lat="45.76455296" lon="2.95556356"><ele>1137.126</ele><time>2026-09-21T08:05:58Z</time><speed>0.000</speed><sat>28</sat></trkpt>
  <trkpt lat="45.76455261" lon="2.95556371"><ele>1137.150</ele><time>2026-09-21T08:06:01Z</time><speed>0.000</speed><sat>28</sat></trkpt>
  <trkpt lat="45.76455253" lon="2.95556379"><ele>1137.174</ele><time>2026-09-21T08:06:04Z</time><speed>0.000</speed><sat>29</sat></trkpt>
  <trkpt lat="45.76455224" lon="2.95556395"><ele>1137.181</ele><time>2026-09-21T08:06:07Z</time><speed>0.000</speed><sat>28</sat></trkpt>
  <trkpt lat="45.76455220" lon="2.95556425"><ele>1137.172</ele><time>2026-09-21T08:06:10Z</time><speed>0.000</speed><sat>27</sat></trkpt>
  <trkpt lat="45.76455219" lon="2.95556392"><ele>1137.154</ele><time>2026-09-21T08:06:13Z</time><speed>0.000</speed><sat>26</sat></trkpt>
  <trkpt lat="45.76455218" lon="2.95556387"><ele>1137.153</ele><time>2026-09-21T08:06:16Z</time><speed>0.000</speed><sat>26</sat></trkpt>
  <trkpt lat="45.76455226" lon="2.95556376"><ele>1137.138</ele><time>2026-09-21T08:06:19Z</time><speed>0.000</speed><sat>26</sat></trkpt>
  <trkpt lat="45.76455219" lon="2.95556383"><ele>1137.153</ele><time>2026-09-21T08:06:22Z</time><speed>0.000</speed><sat>25</sat></trkpt>
  <trkpt lat="45.76455226" lon="2.95556397"><ele>1137.170</ele><time>2026-09-21T08:06:25Z</time><speed>0.000</speed><sat>27</sat></trkpt>
  <trkpt lat="45.76455232" lon="2.95556402"><ele>1137.197</ele><time>2026-09-21T08:06:28Z</time><speed>0.000</speed><sat>29</sat></trkpt>
  <trkpt lat="45.76455239" lon="2.95556410"><ele>1137.213</ele><time>2026-09-21T08:06:31Z</time><speed>0.000</speed><sat>27</sat></trkpt>
  <trkpt lat="45.76455232" lon="2.95556403"><ele>1137.211</ele><time>2026-09-21T08:06:34Z</time><speed>0.000</speed><sat>29</sat></trkpt>
  <trkpt lat="45.76455204" lon="2.95556392"><ele>1137.248</ele><time>2026-09-21T08:06:37Z</time><speed>0.000</speed><sat>29</sat></trkpt>
  <trkpt lat="45.76455178" lon="2.95556378"><ele>1137.303</ele><time>2026-09-21T08:06:40Z</time><speed>0.000</speed><sat>28</sat></trkpt>
  <trkpt lat="45.76455165" lon="2.95556409"><ele>1137.290</ele><time>2026-09-21T08:06:43Z</time><speed>0.000</speed><sat>27</sat></trkpt>
  <trkpt lat="45.76455158" lon="2.95556412"><ele>1137.262</ele><time>2026-09-21T08:06:46Z</time><speed>0.000</speed><sat>27</sat></trkpt>
  <trkpt lat="45.76455157" lon="2.95556441"><ele>1137.294</ele><time>2026-09-21T08:06:49Z</time><speed>0.000</speed><sat>28</sat></trkpt>
  <trkpt lat="45.76455162" lon="2.95556453"><ele>1137.307</ele><time>2026-09-21T08:06:52Z</time><speed>0.000</speed><sat>28</sat></trkpt>
  <trkpt lat="45.76455164" lon="2.95556455"><ele>1137.334</ele><time>2026-09-21T08:06:55Z</time><speed>0.000</speed><sat>28</sat></trkpt>
  <trkpt lat="45.76455147" lon="2.95556494"><ele>1137.354</ele><time>2026-09-21T08:06:58Z</time><speed>0.000</speed><sat>28</sat></trkpt>
  <trkpt lat="45.76455127" lon="2.95556517"><ele>1137.382</ele><time>2026-09-21T08:07:01Z</time><speed>0.000</speed><sat>28</sat></trkpt>
  <trkpt lat="45.76455127" lon="2.95556523"><ele>1137.380</ele><time>2026-09-21T08:07:04Z</time><speed>0.000</speed><sat>27</sat></trkpt>
  <trkpt lat="45.76455146" lon="2.95556501"><ele>1137.425</ele><time>2026-09-21T08:07:07Z</time><speed>0.000</speed><sat>27</sat></trkpt>
  <trkpt lat="45.76455148" lon="2.95556492"><ele>1137.423</ele><time>2026-09-21T08:07:10Z</time><speed>0.000</speed><sat>26</sat></trkpt>
  <trkpt lat="45.76455131" lon="2.95556475"><ele>1137.460</ele><time>2026-09-21T08:07:13Z</time><speed>0.000</speed><sat>28</sat></trkpt>
  <trkpt lat="45.76455166" lon="2.95556488"><ele>1137.477</ele><time>2026-09-21T08:07:16Z</time><speed>0.000</speed><sat>27</sat></trkpt>
  <trkpt lat="45.76455176" lon="2.95556489"><ele>1137.526</ele><time>2026-09-21T08:07:19Z</time><speed>0.000</speed><sat>29</sat></trkpt>
  <trkpt lat="45.76455181" lon="2.95556487"><ele>1137.554</ele><time>2026-09-21T08:07:22Z</time><speed>0.000</speed><sat>28</sat></trkpt>
  <trkpt lat="45.76455178" lon="2.95556508"><ele>1137.579</ele><time>2026-09-21T08:07:25Z</time><speed>0.000</speed><sat>27</sat></trkpt>
  <trkpt lat="45.76455190" lon="2.95556510"><ele>1137.556</ele><time>2026-09-21T08:07:28Z</time><speed>0.000</speed><sat>28</sat></trkpt>
  <trkpt lat="45.76455536" lon="2.95556860"><ele>1137.552</ele><time>2026-09-21T08:07:31Z</time><speed>0.000</speed><sat>27</sat></trkpt>
  <trkpt lat="45.76455593" lon="2.95556947"><ele>1137.507</ele><time>2026-09-21T08:07:34Z</time><speed>0.000</speed><sat>28</sat></trkpt>
  <trkpt lat="45.76456116" lon="2.95558324"><ele>1137.201</ele><time>2026-09-21T08:07:37Z</time><speed>0.350</speed><sat>26</sat></trkpt>
  <trkpt lat="45.76457980" lon="2.95561919"><ele>1136.670</ele><time>2026-09-21T08:07:40Z</time><speed>1.380</speed><sat>27</sat></trkpt>
  <trkpt lat="45.76460285" lon="2.95565607"><ele>1136.958</ele><time>2026-09-21T08:07:43Z</time><speed>1.460</speed><sat>29</sat></trkpt>
  <trkpt lat="45.76462517" lon="2.95568963"><ele>1137.401</ele><time>2026-09-21T08:07:46Z</time><speed>1.090</speed><sat>28</sat></trkpt>
  <trkpt lat="45.76464808" lon="2.95571791"><ele>1137.154</ele><time>2026-09-21T08:07:49Z</time><speed>1.060</speed><sat>27</sat></trkpt>
  <trkpt lat="45.76467319" lon="2.95575096"><ele>1138.041</ele><time>2026-09-21T08:07:52Z</time><speed>0.980</speed><sat>27</sat></trkpt>
  <trkpt lat="45.76469464" lon="2.95578526"><ele>1139.459</ele><time>2026-09-21T08:07:55Z</time><speed>1.080</speed><sat>26</sat></trkpt>
  <trkpt lat="45.76472314" lon="2.95581584"><ele>1140.871</ele><time>2026-09-21T08:07:58Z</time><speed>1.020</speed><sat>22</sat></trkpt>
  <trkpt lat="45.76474724" lon="2.95584432"><ele>1141.384</ele><time>2026-09-21T08:08:01Z</time><speed>1.230</speed><sat>22</sat></trkpt>
  <trkpt lat="45.76476616" lon="2.95588003"><ele>1142.476</ele><time>2026-09-21T08:08:04Z</time><speed>1.050</speed><sat>23</sat></trkpt>
  <trkpt lat="45.76479595" lon="2.95591607"><ele>1143.230</ele><time>2026-09-21T08:08:07Z</time><speed>1.080</speed><sat>25</sat></trkpt>
  <trkpt lat="45.76482010" lon="2.95595468"><ele>1143.815</ele><time>2026-09-21T08:08:10Z</time><speed>1.400</speed><sat>26</sat></trkpt>
  <trkpt lat="45.76484288" lon="2.95598632"><ele>1143.729</ele><time>2026-09-21T08:08:13Z</time><speed>1.040</speed><sat>25</sat></trkpt>
  <trkpt lat="45.76486379" lon="2.95602972"><ele>1144.980</ele><time>2026-09-21T08:08:16Z</time><speed>1.260</speed><sat>23</sat></trkpt>
  <trkpt lat="45.76488315" lon="2.95606110"><ele>1144.835</ele><time>2026-09-21T08:08:19Z</time><speed>1.280</speed><sat>23</sat></trkpt>
  <trkpt lat="45.76489904" lon="2.95610147"><ele>1145.627</ele><time>2026-09-21T08:08:22Z</time><speed>1.030</speed><sat>23</sat></trkpt>
  <trkpt lat="45.76491281" lon="2.95613781"><ele>1146.618</ele><time>2026-09-21T08:08:25Z</time><speed>1.290</speed><sat>27</sat></trkpt>
  <trkpt lat="45.76492173" lon="2.95617262"><ele>1145.984</ele><time>2026-09-21T08:08:28Z</time><speed>1.180</speed><sat>27</sat></trkpt>
  <trkpt lat="45.76492197" lon="2.95621538"><ele>1144.555</ele><time>2026-09-21T08:08:31Z</time><speed>1.120</speed><sat>25</sat></trkpt>
  <trkpt lat="45.76492689" lon="2.95625966"><ele>1144.992</ele><time>2026-09-21T08:08:34Z</time><speed>1.120</speed><sat>24</sat></trkpt>
  <trkpt lat="45.76493327" lon="2.95630042"><ele>1145.313</ele><time>2026-09-21T08:08:37Z</time><speed>1.080</speed><sat>27</sat></trkpt>
  <trkpt lat="45.76493365" lon="2.95633937"><ele>1146.097</ele><time>2026-09-21T08:08:40Z</time><speed>1.080</speed><sat>25</sat></trkpt>
  <trkpt lat="45.76493749" lon="2.95637997"><ele>1145.676</ele><time>2026-09-21T08:08:43Z</time><speed>1.080</speed><sat>24</sat></trkpt>
  <trkpt lat="45.76493555" lon="2.95641918"><ele>1145.600</ele><time>2026-09-21T08:08:46Z</time><speed>1.090</speed><sat>25</sat></trkpt>
  <trkpt lat="45.76493939" lon="2.95646145"><ele>1146.017</ele><time>2026-09-21T08:08:49Z</time><speed>1.080</speed><sat>26</sat></trkpt>
  <trkpt lat="45.76493588" lon="2.95650700"><ele>1146.190</ele><time>2026-09-21T08:08:52Z</time><speed>1.080</speed><sat>25</sat></trkpt>
  <trkpt lat="45.76493612" lon="2.95654625"><ele>1146.950</ele><time>2026-09-21T08:08:55Z</time><speed>1.060</speed><sat>25</sat></trkpt>
  <trkpt lat="45.76493858" lon="2.95658528"><ele>1148.085</ele><time>2026-09-21T08:08:58Z</time><speed>1.060</speed><sat>24</sat></trkpt>
  <trkpt lat="45.76493834" lon="2.95662385"><ele>1148.255</ele><time>2026-09-21T08:09:01Z</time><speed>0.990</speed><sat>25</sat></trkpt>
  <trkpt lat="45.76494089" lon="2.95666532"><ele>1148.175</ele><time>2026-09-21T08:09:04Z</time><speed>1.080</speed><sat>26</sat></trkpt>
  <trkpt lat="45.76494207" lon="2.95671331"><ele>1148.960</ele><time>2026-09-21T08:09:07Z</time><speed>1.100</speed><sat>26</sat></trkpt>
  <trkpt lat="45.76493734" lon="2.95675534"><ele>1150.210</ele><time>2026-09-21T08:09:10Z</time><speed>1.050</speed><sat>25</sat></trkpt>
  <trkpt lat="45.76493958" lon="2.95679958"><ele>1150.946</ele><time>2026-09-21T08:09:13Z</time><speed>1.090</speed><sat>26</sat></trkpt>
  <trkpt lat="45.76493438" lon="2.95683670"><ele>1152.393</ele><time>2026-09-21T08:09:16Z</time><speed>1.040</speed><sat>26</sat></trkpt>
  <trkpt lat="45.76493059" lon="2.95687798"><ele>1152.731</ele><time>2026-09-21T08:09:19Z</time><speed>1.010</speed><sat>25</sat></trkpt>
  <trkpt lat="45.76493461" lon="2.95691731"><ele>1152.239</ele><time>2026-09-21T08:09:22Z</time><speed>1.040</speed><sat>26</sat></trkpt>
  <trkpt lat="45.76493495" lon="2.95695631"><ele>1151.721</ele><time>2026-09-21T08:09:25Z</time><speed>1.040</speed><sat>26</sat></trkpt>
  <trkpt lat="45.76493705" lon="2.95700102"><ele>1152.050</ele><time>2026-09-21T08:09:28Z</time><speed>1.050</speed><sat>26</sat></trkpt>
  <trkpt lat="45.76494658" lon="2.95704315"><ele>1151.696</ele><time>2026-09-21T08:09:31Z</time><speed>1.010</speed><sat>26</sat></trkpt>
  <trkpt lat="45.76495541" lon="2.95708117"><ele>1151.787</ele><time>2026-09-21T08:09:34Z</time><speed>0.980</speed><sat>25</sat></trkpt>
  <trkpt lat="45.76496093" lon="2.95712436"><ele>1153.414</ele><time>2026-09-21T08:09:37Z</time><speed>1.010</speed><sat>25</sat></trkpt>
  <trkpt lat="45.76496330" lon="2.95716691"><ele>1154.890</ele><time>2026-09-21T08:09:40Z</time><speed>0.930</speed><sat>25</sat></trkpt>
  <trkpt lat="45.76496721" lon="2.95720450"><ele>1155.976</ele><time>2026-09-21T08:09:43Z</time><speed>1.010</speed><sat>24</sat></trkpt>
  <trkpt lat="45.76497337" lon="2.95724694"><ele>1157.451</ele><time>2026-09-21T08:09:46Z</time><speed>1.010</speed><sat>24</sat></trkpt>
  <trkpt lat="45.76497688" lon="2.95729095"><ele>1157.971</ele><time>2026-09-21T08:09:49Z</time><speed>0.980</speed><sat>24</sat></trkpt>
  <trkpt lat="45.76498197" lon="2.95733142"><ele>1158.046</ele><time>2026-09-21T08:09:52Z</time><speed>0.990</speed><sat>26</sat></trkpt>
  <trkpt lat="45.76500257" lon="2.95736639"><ele>1156.697</ele><time>2026-09-21T08:09:55Z</time><speed>0.920</speed><sat>27</sat></trkpt>
  <trkpt lat="45.76501589" lon="2.95740524"><ele>1156.326</ele><time>2026-09-21T08:09:58Z</time><speed>0.970</speed><sat>26</sat></trkpt>
  <trkpt lat="45.76503746" lon="2.95744103"><ele>1156.219</ele><time>2026-09-21T08:10:01Z</time><speed>1.010</speed><sat>27</sat></trkpt>
  <trkpt lat="45.76504983" lon="2.95747702"><ele>1157.560</ele><time>2026-09-21T08:10:04Z</time><speed>0.990</speed><sat>26</sat></trkpt>
  <trkpt lat="45.76506801" lon="2.95750993"><ele>1158.063</ele><time>2026-09-21T08:10:07Z</time><speed>1.010</speed><sat>26</sat></trkpt>
  <trkpt lat="45.76508534" lon="2.95753717"><ele>1159.593</ele><time>2026-09-21T08:10:10Z</time><speed>1.000</speed><sat>27</sat></trkpt>
  <trkpt lat="45.76510484" lon="2.95757356"><ele>1159.706</ele><time>2026-09-21T08:10:13Z</time><speed>1.090</speed><sat>27</sat></trkpt>
  <trkpt lat="45.76512293" lon="2.95760406"><ele>1159.841</ele><time>2026-09-21T08:10:16Z</time><speed>1.080</speed><sat>25</sat></trkpt>
  <trkpt lat="45.76513818" lon="2.95763683"><ele>1159.305</ele><time>2026-09-21T08:10:19Z</time><speed>1.010</speed><sat>26</sat></trkpt>
  <trkpt lat="45.76515737" lon="2.95766789"><ele>1160.458</ele><time>2026-09-21T08:10:22Z</time><speed>1.000</speed><sat>25</sat></trkpt>
  <trkpt lat="45.76517734" lon="2.95769200"><ele>1160.640</ele><time>2026-09-21T08:10:25Z</time><speed>1.000</speed><sat>29</sat></trkpt>
  <trkpt lat="45.76519607" lon="2.95771538"><ele>1161.033</ele><time>2026-09-21T08:10:28Z</time><speed>0.990</speed><sat>29</sat></trkpt>
  <trkpt lat="45.76521036" lon="2.95774489"><ele>1161.983</ele><time>2026-09-21T08:10:31Z</time><speed>0.920</speed><sat>28</sat></trkpt>
  <trkpt lat="45.76522774" lon="2.95777420"><ele>1161.709</ele><time>2026-09-21T08:10:34Z</time><speed>0.960</speed><sat>28</sat></trkpt>
  <trkpt lat="45.76525604" lon="2.95778867"><ele>1163.577</ele><time>2026-09-21T08:10:37Z</time><speed>1.060</speed><sat>28</sat></trkpt>
  <trkpt lat="45.76528710" lon="2.95780466"><ele>1164.590</ele><time>2026-09-21T08:10:40Z</time><speed>1.260</speed><sat>28</sat></trkpt>
  <trkpt lat="45.76532262" lon="2.95781724"><ele>1164.001</ele><time>2026-09-21T08:10:43Z</time><speed>1.240</speed><sat>27</sat></trkpt>
  <trkpt lat="45.76534997" lon="2.95782001"><ele>1165.967</ele><time>2026-09-21T08:10:46Z</time><speed>1.000</speed><sat>26</sat></trkpt>
  <trkpt lat="45.76537665" lon="2.95783658"><ele>1167.143</ele><time>2026-09-21T08:10:49Z</time><speed>0.980</speed><sat>26</sat></trkpt>
  <trkpt lat="45.76539949" lon="2.95785825"><ele>1169.465</ele><time>2026-09-21T08:10:52Z</time><speed>1.000</speed><sat>26</sat></trkpt>
  <trkpt lat="45.76542593" lon="2.95786911"><ele>1172.148</ele><time>2026-09-21T08:10:55Z</time><speed>0.990</speed><sat>27</sat></trkpt>
  <trkpt lat="45.76545073" lon="2.95787528"><ele>1172.153</ele><time>2026-09-21T08:10:58Z</time><speed>1.080</speed><sat>27</sat></trkpt>
  <trkpt lat="45.76547428" lon="2.95788370"><ele>1171.757</ele><time>2026-09-21T08:11:01Z</time><speed>0.940</speed><sat>27</sat></trkpt>
  <trkpt lat="45.76549783" lon="2.95788911"><ele>1171.658</ele><time>2026-09-21T08:11:04Z</time><speed>0.910</speed><sat>28</sat></trkpt>
  <trkpt lat="45.76552256" lon="2.95790168"><ele>1172.456</ele><time>2026-09-21T08:11:07Z</time><speed>0.950</speed><sat>28</sat></trkpt>
  <trkpt lat="45.76554998" lon="2.95791580"><ele>1172.602</ele><time>2026-09-21T08:11:10Z</time><speed>0.990</speed><sat>25</sat></trkpt>
  <trkpt lat="45.76557928" lon="2.95792417"><ele>1174.113</ele><time>2026-09-21T08:11:13Z</time><speed>0.990</speed><sat>27</sat></trkpt>
  <trkpt lat="45.76560956" lon="2.95793804"><ele>1174.572</ele><time>2026-09-21T08:11:16Z</time><speed>1.030</speed><sat>26</sat></trkpt>
  <trkpt lat="45.76564301" lon="2.95795351"><ele>1174.794</ele><time>2026-09-21T08:11:19Z</time><speed>1.020</speed><sat>25</sat></trkpt>
  <trkpt lat="45.76567574" lon="2.95797230"><ele>1174.891</ele><time>2026-09-21T08:11:22Z</time><speed>1.070</speed><sat>28</sat></trkpt>
  <trkpt lat="45.76570851" lon="2.95798804"><ele>1177.017</ele><time>2026-09-21T08:11:25Z</time><speed>1.130</speed><sat>27</sat></trkpt>
  <trkpt lat="45.76574153" lon="2.95800198"><ele>1177.170</ele><time>2026-09-21T08:11:28Z</time><speed>1.250</speed><sat>25</sat></trkpt>
  <trkpt lat="45.76577360" lon="2.95801620"><ele>1176.906</ele><time>2026-09-21T08:11:31Z</time><speed>1.200</speed><sat>24</sat></trkpt>
  <trkpt lat="45.76580672" lon="2.95803953"><ele>1177.781</ele><time>2026-09-21T08:11:34Z</time><speed>1.140</speed><sat>24</sat></trkpt>
  <trkpt lat="45.76583386" lon="2.95807216"><ele>1179.353</ele><time>2026-09-21T08:11:37Z</time><speed>0.970</speed><sat>24</sat></trkpt>
  <trkpt lat="45.76586266" lon="2.95809988"><ele>1178.867</ele><time>2026-09-21T08:11:40Z</time><speed>1.090</speed><sat>29</sat></trkpt>
  <trkpt lat="45.76589035" lon="2.95812514"><ele>1179.986</ele><time>2026-09-21T08:11:43Z</time><speed>1.100</speed><sat>27</sat></trkpt>
  <trkpt lat="45.76591823" lon="2.95815321"><ele>1181.642</ele><time>2026-09-21T08:11:46Z</time><speed>1.050</speed><sat>24</sat></trkpt>
  <trkpt lat="45.76594502" lon="2.95818561"><ele>1182.955</ele><time>2026-09-21T08:11:49Z</time><speed>1.050</speed><sat>25</sat></trkpt>
  <trkpt lat="45.76596757" lon="2.95821472"><ele>1183.701</ele><time>2026-09-21T08:11:52Z</time><speed>1.060</speed><sat>26</sat></trkpt>
  <trkpt lat="45.76598804" lon="2.95824483"><ele>1184.795</ele><time>2026-09-21T08:11:55Z</time><speed>1.060</speed><sat>26</sat></trkpt>
  <trkpt lat="45.76601068" lon="2.95826875"><ele>1183.834</ele><time>2026-09-21T08:11:58Z</time><speed>1.070</speed><sat>25</sat></trkpt>
  <trkpt lat="45.76603641" lon="2.95829337"><ele>1182.654</ele><time>2026-09-21T08:12:01Z</time><speed>1.030</speed><sat>26</sat></trkpt>
  <trkpt lat="45.76606055" lon="2.95832282"><ele>1180.292</ele><time>2026-09-21T08:12:04Z</time><speed>1.040</speed><sat>25</sat></trkpt>
  <trkpt lat="45.76608186" lon="2.95835818"><ele>1179.877</ele><time>2026-09-21T08:12:07Z</time><speed>1.180</speed><sat>25</sat></trkpt>
  <trkpt lat="45.76610105" lon="2.95839057"><ele>1180.435</ele><time>2026-09-21T08:12:10Z</time><speed>1.100</speed><sat>24</sat></trkpt>
  <trkpt lat="45.76612013" lon="2.95842057"><ele>1180.506</ele><time>2026-09-21T08:12:13Z</time><speed>1.020</speed><sat>25</sat></trkpt>
  <trkpt lat="45.76613596" lon="2.95845723"><ele>1180.403</ele><time>2026-09-21T08:12:16Z</time><speed>1.020</speed><sat>24</sat></trkpt>
  <trkpt lat="45.76615363" lon="2.95850045"><ele>1181.448</ele><time>2026-09-21T08:12:19Z</time><speed>1.520</speed><sat>23</sat></trkpt>
  <trkpt lat="45.76617881" lon="2.95853153"><ele>1181.552</ele><time>2026-09-21T08:12:22Z</time><speed>1.070</speed><sat>24</sat></trkpt>
  <trkpt lat="45.76620625" lon="2.95854685"><ele>1181.367</ele><time>2026-09-21T08:12:25Z</time><speed>1.080</speed><sat>25</sat></trkpt>
  <trkpt lat="45.76623297" lon="2.95855025"><ele>1182.140</ele><time>2026-09-21T08:12:28Z</time><speed>1.080</speed><sat>25</sat></trkpt>
  <trkpt lat="45.76626212" lon="2.95853203"><ele>1181.312</ele><time>2026-09-21T08:12:31Z</time><speed>1.070</speed><sat>25</sat></trkpt>
  <trkpt lat="45.76628728" lon="2.95851185"><ele>1180.989</ele><time>2026-09-21T08:12:34Z</time><speed>1.030</speed><sat>25</sat></trkpt>
  <trkpt lat="45.76630387" lon="2.95847484"><ele>1182.654</ele><time>2026-09-21T08:12:37Z</time><speed>1.080</speed><sat>24</sat></trkpt>
  <trkpt lat="45.76631929" lon="2.95843631"><ele>1182.698</ele><time>2026-09-21T08:12:40Z</time><speed>0.990</speed><sat>26</sat></trkpt>
  <trkpt lat="45.76633666" lon="2.95839787"><ele>1182.184</ele><time>2026-09-21T08:12:43Z</time><speed>0.990</speed><sat>24</sat></trkpt>
  <trkpt lat="45.76635199" lon="2.95835976"><ele>1181.579</ele><time>2026-09-21T08:12:46Z</time><speed>0.980</speed><sat>26</sat></trkpt>
  <trkpt lat="45.76637236" lon="2.95831117"><ele>1181.157</ele><time>2026-09-21T08:12:49Z</time><speed>1.350</speed><sat>27</sat></trkpt>
  <trkpt lat="45.76638751" lon="2.95825669"><ele>1183.582</ele><time>2026-09-21T08:12:52Z</time><speed>1.230</speed><sat>24</sat></trkpt>
  <trkpt lat="45.76640584" lon="2.95820487"><ele>1184.720</ele><time>2026-09-21T08:12:55Z</time><speed>1.460</speed><sat>24</sat></trkpt>
  <trkpt lat="45.76644629" lon="2.95812134"><ele>1185.609</ele><time>2026-09-21T08:12:58Z</time><speed>3.040</speed><sat>27</sat></trkpt>
  <trkpt lat="45.76648396" lon="2.95804136"><ele>1185.656</ele><time>2026-09-21T08:13:01Z</time><speed>2.480</speed><sat>24</sat></trkpt>
  <trkpt lat="45.76651497" lon="2.95798267"><ele>1188.186</ele><time>2026-09-21T08:13:04Z</time><speed>2.380</speed><sat>20</sat></trkpt>
  <trkpt lat="45.76654232" lon="2.95793095"><ele>1188.545</ele><time>2026-09-21T08:13:07Z</time><speed>2.000</speed><sat>20</sat></trkpt>
  <trkpt lat="45.76655562" lon="2.95790120"><ele>1187.183</ele><time>2026-09-21T08:13:10Z</time><speed>1.490</speed><sat>21</sat></trkpt>
  <trkpt lat="45.76656534" lon="2.95787383"><ele>1189.250</ele><time>2026-09-21T08:13:13Z</time><speed>1.310</speed><sat>24</sat></trkpt>
  <trkpt lat="45.76656847" lon="2.95784706"><ele>1189.905</ele><time>2026-09-21T08:13:16Z</time><speed>1.140</speed><sat>23</sat></trkpt>
  <trkpt lat="45.76658206" lon="2.95779604"><ele>1192.608</ele><time>2026-09-21T08:13:19Z</time><speed>2.160</speed><sat>22</sat></trkpt>
  <trkpt lat="45.76658636" lon="2.95775139"><ele>1192.423</ele><time>2026-09-21T08:13:22Z</time><speed>1.420</speed><sat>24</sat></trkpt>
  <trkpt lat="45.76657967" lon="2.95770665"><ele>1190.001</ele><time>2026-09-21T08:13:25Z</time><speed>1.470</speed><sat>23</sat></trkpt>
  <trkpt lat="45.76657805" lon="2.95766129"><ele>1189.875</ele><time>2026-09-21T08:13:28Z</time><speed>1.430</speed><sat>20</sat></trkpt>
  <trkpt lat="45.76656013" lon="2.95762048"><ele>1191.476</ele><time>2026-09-21T08:13:31Z</time><speed>1.260</speed><sat>23</sat></trkpt>
  <trkpt lat="45.76654058" lon="2.95758211"><ele>1193.901</ele><time>2026-09-21T08:13:34Z</time><speed>1.150</speed><sat>24</sat></trkpt>
  <trkpt lat="45.76653406" lon="2.95755349"><ele>1194.473</ele><time>2026-09-21T08:13:37Z</time><speed>1.050</speed><sat>22</sat></trkpt>
  <trkpt lat="45.76653209" lon="2.95751863"><ele>1193.854</ele><time>2026-09-21T08:13:40Z</time><speed>1.050</speed><sat>23</sat></trkpt>
  <trkpt lat="45.76653585" lon="2.95748769"><ele>1195.230</ele><time>2026-09-21T08:13:43Z</time><speed>0.960</speed><sat>27</sat></trkpt>
  <trkpt lat="45.76654288" lon="2.95745947"><ele>1195.591</ele><time>2026-09-21T08:13:46Z</time><speed>0.960</speed><sat>27</sat></trkpt>
  <trkpt lat="45.76656028" lon="2.95743831"><ele>1196.502</ele><time>2026-09-21T08:13:49Z</time><speed>0.940</speed><sat>23</sat></trkpt>
  <trkpt lat="45.76657946" lon="2.95742899"><ele>1195.212</ele><time>2026-09-21T08:13:52Z</time><speed>0.980</speed><sat>25</sat></trkpt>
  <trkpt lat="45.76659919" lon="2.95743639"><ele>1196.124</ele><time>2026-09-21T08:13:55Z</time><speed>0.970</speed><sat>23</sat></trkpt>
  <trkpt lat="45.76661218" lon="2.95743792"><ele>1193.885</ele><time>2026-09-21T08:13:58Z</time><speed>0.990</speed><sat>23</sat></trkpt>
  <trkpt lat="45.76662880" lon="2.95743635"><ele>1192.452</ele><time>2026-09-21T08:14:01Z</time><speed>0.970</speed><sat>22</sat></trkpt>
  <trkpt lat="45.76664535" lon="2.95744492"><ele>1192.813</ele><time>2026-09-21T08:14:04Z</time><speed>0.950</speed><sat>26</sat></trkpt>
  <trkpt lat="45.76666586" lon="2.95744396"><ele>1194.380</ele><time>2026-09-21T08:14:07Z</time><speed>0.960</speed><sat>27</sat></trkpt>
  <trkpt lat="45.76668645" lon="2.95744956"><ele>1194.842</ele><time>2026-09-21T08:14:10Z</time><speed>0.870</speed><sat>23</sat></trkpt>
  <trkpt lat="45.76670937" lon="2.95746331"><ele>1195.902</ele><time>2026-09-21T08:14:13Z</time><speed>0.850</speed><sat>25</sat></trkpt>
  <trkpt lat="45.76673242" lon="2.95746493"><ele>1195.634</ele><time>2026-09-21T08:14:16Z</time><speed>0.850</speed><sat>27</sat></trkpt>
  <trkpt lat="45.76675393" lon="2.95747800"><ele>1196.710</ele><time>2026-09-21T08:14:19Z</time><speed>0.870</speed><sat>25</sat></trkpt>
  <trkpt lat="45.76677297" lon="2.95749164"><ele>1197.443</ele><time>2026-09-21T08:14:22Z</time><speed>0.830</speed><sat>23</sat></trkpt>
  <trkpt lat="45.76679118" lon="2.95750035"><ele>1199.605</ele><time>2026-09-21T08:14:25Z</time><speed>0.810</speed><sat>24</sat></trkpt>
  <trkpt lat="45.76681696" lon="2.95749266"><ele>1200.804</ele><time>2026-09-21T08:14:28Z</time><speed>0.820</speed><sat>24</sat></trkpt>
  <trkpt lat="45.76684428" lon="2.95748844"><ele>1200.728</ele><time>2026-09-21T08:14:31Z</time><speed>0.840</speed><sat>25</sat></trkpt>
  <trkpt lat="45.76687016" lon="2.95749066"><ele>1201.533</ele><time>2026-09-21T08:14:34Z</time><speed>0.830</speed><sat>27</sat></trkpt>
  <trkpt lat="45.76689692" lon="2.95749431"><ele>1202.666</ele><time>2026-09-21T08:14:37Z</time><speed>0.940</speed><sat>27</sat></trkpt>
  <trkpt lat="45.76692556" lon="2.95749566"><ele>1203.589</ele><time>2026-09-21T08:14:40Z</time><speed>1.060</speed><sat>25</sat></trkpt>
  <trkpt lat="45.76695124" lon="2.95750466"><ele>1203.912</ele><time>2026-09-21T08:14:43Z</time><speed>1.020</speed><sat>24</sat></trkpt>
  <trkpt lat="45.76697502" lon="2.95752998"><ele>1204.695</ele><time>2026-09-21T08:14:46Z</time><speed>0.990</speed><sat>25</sat></trkpt>
  <trkpt lat="45.76699470" lon="2.95754757"><ele>1204.898</ele><time>2026-09-21T08:14:49Z</time><speed>0.990</speed><sat>25</sat></trkpt>
  <trkpt lat="45.76701255" lon="2.95756181"><ele>1205.597</ele><time>2026-09-21T08:14:52Z</time><speed>0.920</speed><sat>25</sat></trkpt>
  <trkpt lat="45.76703312" lon="2.95758262"><ele>1205.469</ele><time>2026-09-21T08:14:55Z</time><speed>0.950</speed><sat>25</sat></trkpt>
  <trkpt lat="45.76705431" lon="2.95760538"><ele>1205.780</ele><time>2026-09-21T08:14:58Z</time><speed>0.920</speed><sat>25</sat></trkpt>
  <trkpt lat="45.76706902" lon="2.95763352"><ele>1204.685</ele><time>2026-09-21T08:15:01Z</time><speed>0.910</speed><sat>25</sat></trkpt>
  <trkpt lat="45.76707971" lon="2.95766736"><ele>1204.243</ele><time>2026-09-21T08:15:04Z</time><speed>0.930</speed><sat>24</sat></trkpt>
  <trkpt lat="45.76709415" lon="2.95769166"><ele>1202.866</ele><time>2026-09-21T08:15:07Z</time><speed>0.930</speed><sat>22</sat></trkpt>
  <trkpt lat="45.76709762" lon="2.95772908"><ele>1204.087</ele><time>2026-09-21T08:15:10Z</time><speed>0.890</speed><sat>23</sat></trkpt>
  <trkpt lat="45.76710701" lon="2.95776133"><ele>1204.645</ele><time>2026-09-21T08:15:13Z</time><speed>0.880</speed><sat>24</sat></trkpt>
  <trkpt lat="45.76711334" lon="2.95779050"><ele>1206.543</ele><time>2026-09-21T08:15:16Z</time><speed>0.900</speed><sat>24</sat></trkpt>
  <trkpt lat="45.76712103" lon="2.95782596"><ele>1205.207</ele><time>2026-09-21T08:15:19Z</time><speed>0.940</speed><sat>25</sat></trkpt>
  <trkpt lat="45.76712164" lon="2.95786389"><ele>1206.108</ele><time>2026-09-21T08:15:22Z</time><speed>0.930</speed><sat>25</sat></trkpt>
  <trkpt lat="45.76712439" lon="2.95790415"><ele>1207.338</ele><time>2026-09-21T08:15:25Z</time><speed>0.950</speed><sat>24</sat></trkpt>
  <trkpt lat="45.76713824" lon="2.95795585"><ele>1211.248</ele><time>2026-09-21T08:15:28Z</time><speed>1.550</speed><sat>23</sat></trkpt>
  <trkpt lat="45.76714677" lon="2.95797943"><ele>1210.513</ele><time>2026-09-21T08:15:31Z</time><speed>0.320</speed><sat>25</sat></trkpt>
  <trkpt lat="45.76714530" lon="2.95798495"><ele>1210.621</ele><time>2026-09-21T08:15:34Z</time><speed>0.000</speed><sat>26</sat></trkpt>
  <trkpt lat="45.76714515" lon="2.95798546"><ele>1210.606</ele><time>2026-09-21T08:15:37Z</time><speed>0.000</speed><sat>25</sat></trkpt>
  <trkpt lat="45.76714478" lon="2.95798602"><ele>1210.556</ele><time>2026-09-21T08:15:40Z</time><speed>0.000</speed><sat>25</sat></trkpt>
  <trkpt lat="45.76714445" lon="2.95798640"><ele>1210.538</ele><time>2026-09-21T08:15:43Z</time><speed>0.000</speed><sat>24</sat></trkpt>
  <trkpt lat="45.76714312" lon="2.95799072"><ele>1210.284</ele><time>2026-09-21T08:15:46Z</time><speed>0.000</speed><sat>25</sat></trkpt>
  <trkpt lat="45.76714303" lon="2.95799095"><ele>1210.358</ele><time>2026-09-21T08:15:49Z</time><speed>0.000</speed><sat>25</sat></trkpt>
  <trkpt lat="45.76714336" lon="2.95799097"><ele>1210.379</ele><time>2026-09-21T08:15:52Z</time><speed>0.000</speed><sat>24</sat></trkpt>
  <trkpt lat="45.76714389" lon="2.95799138"><ele>1210.299</ele><time>2026-09-21T08:15:55Z</time><speed>0.000</speed><sat>23</sat></trkpt>
  <trkpt lat="45.76714414" lon="2.95799154"><ele>1210.286</ele><time>2026-09-21T08:15:58Z</time><speed>0.000</speed><sat>23</sat></trkpt>
  <trkpt lat="45.76714326" lon="2.95799392"><ele>1210.145</ele><time>2026-09-21T08:16:01Z</time><speed>0.000</speed><sat>23</sat></trkpt>
  <trkpt lat="45.76714338" lon="2.95799385"><ele>1210.082</ele><time>2026-09-21T08:16:04Z</time><speed>0.000</speed><sat>23</sat></trkpt>
  <trkpt lat="45.76714355" lon="2.95799375"><ele>1209.979</ele><time>2026-09-21T08:16:07Z</time><speed>0.000</speed><sat>24</sat></trkpt>
  <trkpt lat="45.76714383" lon="2.95799391"><ele>1209.934</ele><time>2026-09-21T08:16:10Z</time><speed>0.000</speed><sat>23</sat></trkpt>
  <trkpt lat="45.76714401" lon="2.95799395"><ele>1209.901</ele><time>2026-09-21T08:16:13Z</time><speed>0.000</speed><sat>23</sat></trkpt>
  <trkpt lat="45.76714335" lon="2.95800444"><ele>1209.833</ele><time>2026-09-21T08:16:16Z</time><speed>0.710</speed><sat>22</sat></trkpt>
  <trkpt lat="45.76715368" lon="2.95801201"><ele>1209.597</ele><time>2026-09-21T08:16:19Z</time><speed>0.630</speed><sat>25</sat></trkpt>
  <trkpt lat="45.76718057" lon="2.95804783"><ele>1209.830</ele><time>2026-09-21T08:16:22Z</time><speed>1.430</speed><sat>25</sat></trkpt>
  <trkpt lat="45.76720481" lon="2.95807477"><ele>1210.999</ele><time>2026-09-21T08:16:25Z</time><speed>1.090</speed><sat>25</sat></trkpt>
  <trkpt lat="45.76721741" lon="2.95809672"><ele>1211.456</ele><time>2026-09-21T08:16:28Z</time><speed>0.860</speed><sat>25</sat></trkpt>
  <trkpt lat="45.76724327" lon="2.95810423"><ele>1212.818</ele><time>2026-09-21T08:16:31Z</time><speed>1.340</speed><sat>24</sat></trkpt>
  <trkpt lat="45.76726531" lon="2.95810037"><ele>1213.753</ele><time>2026-09-21T08:16:34Z</time><speed>0.880</speed><sat>23</sat></trkpt>
  <trkpt lat="45.76728589" lon="2.95808184"><ele>1214.424</ele><time>2026-09-21T08:16:37Z</time><speed>0.880</speed><sat>23</sat></trkpt>
  <trkpt lat="45.76728160" lon="2.95805180"><ele>1213.381</ele><time>2026-09-21T08:16:40Z</time><speed>0.210</speed><sat>24</sat></trkpt>
  <trkpt lat="45.76728192" lon="2.95804866"><ele>1213.436</ele><time>2026-09-21T08:16:43Z</time><speed>0.000</speed><sat>24</sat></trkpt>
  <trkpt lat="45.76728154" lon="2.95804834"><ele>1213.486</ele><time>2026-09-21T08:16:46Z</time><speed>0.000</speed><sat>25</sat></trkpt>
  <trkpt lat="45.76728118" lon="2.95804784"><ele>1213.438</ele><time>2026-09-21T08:16:49Z</time><speed>0.000</speed><sat>24</sat></trkpt>
  <trkpt lat="45.76728077" lon="2.95804811"><ele>1213.512</ele><time>2026-09-21T08:16:52Z</time><speed>0.000</speed><sat>24</sat></trkpt>
  <trkpt lat="45.76728024" lon="2.95804810"><ele>1213.483</ele><time>2026-09-21T08:16:55Z</time><speed>0.000</speed><sat>24</sat></trkpt>
  <trkpt lat="45.76727932" lon="2.95804808"><ele>1213.544</ele><time>2026-09-21T08:16:58Z</time><speed>0.000</speed><sat>23</sat></trkpt>
  <trkpt lat="45.76727882" lon="2.95804806"><ele>1213.606</ele><time>2026-09-21T08:17:01Z</time><speed>0.000</speed><sat>23</sat></trkpt>
  <trkpt lat="45.76727892" lon="2.95804786"><ele>1213.583</ele><time>2026-09-21T08:17:04Z</time><speed>0.000</speed><sat>23</sat></trkpt>
  <trkpt lat="45.76727917" lon="2.95804727"><ele>1213.460</ele><time>2026-09-21T08:17:07Z</time><speed>0.000</speed><sat>25</sat></trkpt>
  <trkpt lat="45.76727930" lon="2.95804696"><ele>1213.399</ele><time>2026-09-21T08:17:10Z</time><speed>0.000</speed><sat>25</sat></trkpt>
  <trkpt lat="45.76727842" lon="2.95804732"><ele>1213.299</ele><time>2026-09-21T08:17:13Z</time><speed>0.000</speed><sat>26</sat></trkpt>
  <trkpt lat="45.76727825" lon="2.95804669"><ele>1213.232</ele><time>2026-09-21T08:17:16Z</time><speed>0.000</speed><sat>26</sat></trkpt>
  <trkpt lat="45.76727868" lon="2.95804599"><ele>1213.134</ele><time>2026-09-21T08:17:19Z</time><speed>0.000</speed><sat>25</sat></trkpt>
  <trkpt lat="45.76727910" lon="2.95804522"><ele>1213.010</ele><time>2026-09-21T08:17:22Z</time><speed>0.000</speed><sat>25</sat></trkpt>
  <trkpt lat="45.76727960" lon="2.95804452"><ele>1212.869</ele><time>2026-09-21T08:17:25Z</time><speed>0.000</speed><sat>27</sat></trkpt>
  <trkpt lat="45.76727972" lon="2.95804372"><ele>1212.790</ele><time>2026-09-21T08:17:28Z</time><speed>0.000</speed><sat>25</sat></trkpt>
  <trkpt lat="45.76727952" lon="2.95804340"><ele>1212.766</ele><time>2026-09-21T08:17:31Z</time><speed>0.000</speed><sat>24</sat></trkpt>
  <trkpt lat="45.76727963" lon="2.95804291"><ele>1212.772</ele><time>2026-09-21T08:17:34Z</time><speed>0.000</speed><sat>24</sat></trkpt>
  <trkpt lat="45.76728005" lon="2.95804224"><ele>1212.686</ele><time>2026-09-21T08:17:37Z</time><speed>0.000</speed><sat>24</sat></trkpt>
  <trkpt lat="45.76728041" lon="2.95804169"><ele>1212.678</ele><time>2026-09-21T08:17:40Z</time><speed>0.000</speed><sat>24</sat></trkpt>
  <trkpt lat="45.76728045" lon="2.95804093"><ele>1212.655</ele><time>2026-09-21T08:17:43Z</time><speed>0.000</speed><sat>24</sat></trkpt>
  <trkpt lat="45.76728040" lon="2.95804021"><ele>1212.596</ele><time>2026-09-21T08:17:46Z</time><speed>0.000</speed><sat>25</sat></trkpt>
  <trkpt lat="45.76728029" lon="2.95803980"><ele>1212.494</ele><time>2026-09-21T08:17:49Z</time><speed>0.000</speed><sat>25</sat></trkpt>
  <trkpt lat="45.76727977" lon="2.95804022"><ele>1212.490</ele><time>2026-09-21T08:17:52Z</time><speed>0.000</speed><sat>25</sat></trkpt>
  <trkpt lat="45.76727947" lon="2.95804048"><ele>1212.479</ele><time>2026-09-21T08:17:55Z</time><speed>0.000</speed><sat>25</sat></trkpt>
  <trkpt lat="45.76727914" lon="2.95804043"><ele>1212.333</ele><time>2026-09-21T08:17:58Z</time><speed>0.000</speed><sat>24</sat></trkpt>
  <trkpt lat="45.76727892" lon="2.95803985"><ele>1212.239</ele><time>2026-09-21T08:18:01Z</time><speed>0.000</speed><sat>25</sat></trkpt>
  <trkpt lat="45.76727885" lon="2.95803921"><ele>1212.137</ele><time>2026-09-21T08:18:04Z</time><speed>0.000</speed><sat>25</sat></trkpt>
  <trkpt lat="45.76727869" lon="2.95803903"><ele>1212.127</ele><time>2026-09-21T08:18:07Z</time><speed>0.000</speed><sat>23</sat></trkpt>
  <trkpt lat="45.76727838" lon="2.95803886"><ele>1212.101</ele><time>2026-09-21T08:18:10Z</time><speed>0.000</speed><sat>24</sat></trkpt>
  <trkpt lat="45.76727828" lon="2.95803845"><ele>1212.032</ele><time>2026-09-21T08:18:13Z</time><speed>0.000</speed><sat>24</sat></trkpt>
  <trkpt lat="45.76727786" lon="2.95803786"><ele>1212.020</ele><time>2026-09-21T08:18:16Z</time><speed>0.000</speed><sat>24</sat></trkpt>
  <trkpt lat="45.76727789" lon="2.95803749"><ele>1211.940</ele><time>2026-09-21T08:18:19Z</time><speed>0.000</speed><sat>25</sat></trkpt>
  <trkpt lat="45.76727770" lon="2.95803752"><ele>1211.907</ele><time>2026-09-21T08:18:22Z</time><speed>0.000</speed><sat>25</sat></trkpt>
  <trkpt lat="45.76727763" lon="2.95803734"><ele>1211.855</ele><time>2026-09-21T08:18:25Z</time><speed>0.000</speed><sat>25</sat></trkpt>
  <trkpt lat="45.76727770" lon="2.95803728"><ele>1211.888</ele><time>2026-09-21T08:18:28Z</time><speed>0.000</speed><sat>25</sat></trkpt>
  <trkpt lat="45.76727775" lon="2.95803696"><ele>1211.767</ele><time>2026-09-21T08:18:31Z</time><speed>0.000</speed><sat>25</sat></trkpt>
  <trkpt lat="45.76727733" lon="2.95803712"><ele>1211.654</ele><time>2026-09-21T08:18:34Z</time><speed>0.000</speed><sat>24</sat></trkpt>
  <trkpt lat="45.76727695" lon="2.95803685"><ele>1211.650</ele><time>2026-09-21T08:18:37Z</time><speed>0.000</speed><sat>25</sat></trkpt>
  <trkpt lat="45.76727641" lon="2.95803664"><ele>1211.636</ele><time>2026-09-21T08:18:40Z</time><speed>0.000</speed><sat>27</sat></trkpt>
  <trkpt lat="45.76727572" lon="2.95803631"><ele>1211.622</ele><time>2026-09-21T08:18:43Z</time><speed>0.000</speed><sat>27</sat></trkpt>
  <trkpt lat="45.76727503" lon="2.95803567"><ele>1211.568</ele><time>2026-09-21T08:18:46Z</time><speed>0.000</speed><sat>25</sat></trkpt>
  <trkpt lat="45.76727409" lon="2.95803521"><ele>1211.584</ele><time>2026-09-21T08:18:49Z</time><speed>0.000</speed><sat>25</sat></trkpt>
  <trkpt lat="45.76727325" lon="2.95803482"><ele>1211.607</ele><time>2026-09-21T08:18:52Z</time><speed>0.000</speed><sat>25</sat></trkpt>
  <trkpt lat="45.76727223" lon="2.95803439"><ele>1211.621</ele><time>2026-09-21T08:18:55Z</time><speed>0.000</speed><sat>25</sat></trkpt>
  <trkpt lat="45.76727150" lon="2.95803396"><ele>1211.667</ele><time>2026-09-21T08:18:58Z</time><speed>0.000</speed><sat>25</sat></trkpt>
  <trkpt lat="45.76727095" lon="2.95803317"><ele>1211.574</ele><time>2026-09-21T08:19:01Z</time><speed>0.000</speed><sat>25</sat></trkpt>
  <trkpt lat="45.76727024" lon="2.95803274"><ele>1211.607</ele><time>2026-09-21T08:19:04Z</time><speed>0.000</speed><sat>25</sat></trkpt>
  <trkpt lat="45.76726980" lon="2.95803266"><ele>1211.628</ele><time>2026-09-21T08:19:07Z</time><speed>0.000</speed><sat>25</sat></trkpt>
  <trkpt lat="45.76726955" lon="2.95803254"><ele>1211.660</ele><time>2026-09-21T08:19:10Z</time><speed>0.000</speed><sat>24</sat></trkpt>
  <trkpt lat="45.76726952" lon="2.95803255"><ele>1211.682</ele><time>2026-09-21T08:19:13Z</time><speed>0.000</speed><sat>25</sat></trkpt>
  <trkpt lat="45.76726776" lon="2.95803049"><ele>1211.528</ele><time>2026-09-21T08:19:16Z</time><speed>0.000</speed><sat>25</sat></trkpt>
  <trkpt lat="45.76726743" lon="2.95802983"><ele>1211.495</ele><time>2026-09-21T08:19:19Z</time><speed>0.000</speed><sat>25</sat></trkpt>
  <trkpt lat="45.76726737" lon="2.95802925"><ele>1211.401</ele><time>2026-09-21T08:19:22Z</time><speed>0.000</speed><sat>26</sat></trkpt>
  <trkpt lat="45.76726690" lon="2.95802836"><ele>1211.339</ele><time>2026-09-21T08:19:25Z</time><speed>0.000</speed><sat>26</sat></trkpt>
  <trkpt lat="45.76726676" lon="2.95802764"><ele>1211.312</ele><time>2026-09-21T08:19:28Z</time><speed>0.000</speed><sat>26</sat></trkpt>
  <trkpt lat="45.76726656" lon="2.95802672"><ele>1211.197</ele><time>2026-09-21T08:19:31Z</time><speed>0.000</speed><sat>26</sat></trkpt>
  <trkpt lat="45.76726605" lon="2.95802614"><ele>1211.149</ele><time>2026-09-21T08:19:34Z</time><speed>0.000</speed><sat>26</sat></trkpt>
  <trkpt lat="45.76726596" lon="2.95802584"><ele>1211.078</ele><time>2026-09-21T08:19:37Z</time><speed>0.000</speed><sat>25</sat></trkpt>
  <trkpt lat="45.76726592" lon="2.95802607"><ele>1211.088</ele><time>2026-09-21T08:19:40Z</time><speed>0.000</speed><sat>25</sat></trkpt>
  <trkpt lat="45.76726564" lon="2.95802627"><ele>1211.107</ele><time>2026-09-21T08:19:43Z</time><speed>0.000</speed><sat>25</sat></trkpt>
  <trkpt lat="45.76726538" lon="2.95802596"><ele>1211.148</ele><time>2026-09-21T08:19:46Z</time><speed>0.000</speed><sat>23</sat></trkpt>
  <trkpt lat="45.76726514" lon="2.95802607"><ele>1211.133</ele><time>2026-09-21T08:19:49Z</time><speed>0.000</speed><sat>24</sat></trkpt>
  <trkpt lat="45.76726511" lon="2.95802610"><ele>1211.174</ele><time>2026-09-21T08:19:52Z</time><speed>0.000</speed><sat>24</sat></trkpt>
  <trkpt lat="45.76726505" lon="2.95802589"><ele>1211.210</ele><time>2026-09-21T08:19:55Z</time><speed>0.000</speed><sat>25</sat></trkpt>
  <trkpt lat="45.76726492" lon="2.95802574"><ele>1211.272</ele><time>2026-09-21T08:19:58Z</time><speed>0.000</speed><sat>24</sat></trkpt>
  <trkpt lat="45.76726497" lon="2.95802521"><ele>1211.304</ele><time>2026-09-21T08:20:01Z</time><speed>0.000</speed><sat>23</sat></trkpt>
  <trkpt lat="45.76726497" lon="2.95802448"><ele>1211.314</ele><time>2026-09-21T08:20:04Z</time><speed>0.000</speed><sat>24</sat></trkpt>
  <trkpt lat="45.76726506" lon="2.95802381"><ele>1211.321</ele><time>2026-09-21T08:20:07Z</time><speed>0.000</speed><sat>24</sat></trkpt>
  <trkpt lat="45.76726506" lon="2.95802296"><ele>1211.363</ele><time>2026-09-21T08:20:10Z</time><speed>0.000</speed><sat>25</sat></trkpt>
  <trkpt lat="45.76726479" lon="2.95802208"><ele>1211.431</ele><time>2026-09-21T08:20:13Z</time><speed>0.000</speed><sat>25</sat></trkpt>
  <trkpt lat="45.76726458" lon="2.95802155"><ele>1211.500</ele><time>2026-09-21T08:20:16Z</time><speed>0.000</speed><sat>25</sat></trkpt>
  <trkpt lat="45.76726435" lon="2.95802102"><ele>1211.557</ele><time>2026-09-21T08:20:19Z</time><speed>0.000</speed><sat>26</sat></trkpt>
  <trkpt lat="45.76726433" lon="2.95802078"><ele>1211.639</ele><time>2026-09-21T08:20:22Z</time><speed>0.000</speed><sat>26</sat></trkpt>
  <trkpt lat="45.76726417" lon="2.95802048"><ele>1211.676</ele><time>2026-09-21T08:20:25Z</time><speed>0.000</speed><sat>25</sat></trkpt>
  <trkpt lat="45.76726402" lon="2.95801993"><ele>1211.704</ele><time>2026-09-21T08:20:28Z</time><speed>0.000</speed><sat>25</sat></trkpt>
  <trkpt lat="45.76726380" lon="2.95801970"><ele>1211.776</ele><time>2026-09-21T08:20:31Z</time><speed>0.000</speed><sat>26</sat></trkpt>
  <trkpt lat="45.76726360" lon="2.95801966"><ele>1211.830</ele><time>2026-09-21T08:20:34Z</time><speed>0.000</speed><sat>26</sat></trkpt>
  <trkpt lat="45.76726338" lon="2.95801981"><ele>1211.860</ele><time>2026-09-21T08:20:37Z</time><speed>0.000</speed><sat>26</sat></trkpt>
  <trkpt lat="45.76726316" lon="2.95801978"><ele>1211.875</ele><time>2026-09-21T08:20:40Z</time><speed>0.000</speed><sat>26</sat></trkpt>
  <trkpt lat="45.76726318" lon="2.95801991"><ele>1211.899</ele><time>2026-09-21T08:20:43Z</time><speed>0.000</speed><sat>26</sat></trkpt>
  <trkpt lat="45.76726330" lon="2.95801958"><ele>1211.917</ele><time>2026-09-21T08:20:46Z</time><speed>0.000</speed><sat>25</sat></trkpt>
  <trkpt lat="45.76726335" lon="2.95801903"><ele>1211.887</ele><time>2026-09-21T08:20:49Z</time><speed>0.000</speed><sat>23</sat></trkpt>
  <trkpt lat="45.76726338" lon="2.95801901"><ele>1211.857</ele><time>2026-09-21T08:20:52Z</time><speed>0.000</speed><sat>25</sat></trkpt>
  <trkpt lat="45.76726338" lon="2.95801872"><ele>1211.843</ele><time>2026-09-21T08:20:55Z</time><speed>0.000</speed><sat>26</sat></trkpt>
  <trkpt lat="45.76726361" lon="2.95801865"><ele>1211.793</ele><time>2026-09-21T08:20:58Z</time><speed>0.000</speed><sat>26</sat></trkpt>
  <trkpt lat="45.76726390" lon="2.95801871"><ele>1211.756</ele><time>2026-09-21T08:21:01Z</time><speed>0.000</speed><sat>25</sat></trkpt>
  <trkpt lat="45.76726416" lon="2.95801877"><ele>1211.707</ele><time>2026-09-21T08:21:04Z</time><speed>0.000</speed><sat>26</sat></trkpt>
  <trkpt lat="45.76726437" lon="2.95801877"><ele>1211.692</ele><time>2026-09-21T08:21:07Z</time><speed>0.000</speed><sat>26</sat></trkpt>
  <trkpt lat="45.76726453" lon="2.95801845"><ele>1211.647</ele><time>2026-09-21T08:21:10Z</time><speed>0.000</speed><sat>26</sat></trkpt>
  <trkpt lat="45.76726460" lon="2.95801816"><ele>1211.654</ele><time>2026-09-21T08:21:13Z</time><speed>0.000</speed><sat>25</sat></trkpt>
  <trkpt lat="45.76726463" lon="2.95801776"><ele>1211.637</ele><time>2026-09-21T08:21:16Z</time><speed>0.000</speed><sat>25</sat></trkpt>
  <trkpt lat="45.76726468" lon="2.95801753"><ele>1211.640</ele><time>2026-09-21T08:21:19Z</time><speed>0.000</speed><sat>26</sat></trkpt>
  <trkpt lat="45.76726451" lon="2.95801725"><ele>1211.670</ele><time>2026-09-21T08:21:22Z</time><speed>0.000</speed><sat>26</sat></trkpt>
  <trkpt lat="45.76726430" lon="2.95801730"><ele>1211.708</ele><time>2026-09-21T08:21:25Z</time><speed>0.000</speed><sat>27</sat></trkpt>
  <trkpt lat="45.76726387" lon="2.95801737"><ele>1211.779</ele><time>2026-09-21T08:21:28Z</time><speed>0.000</speed><sat>27</sat></trkpt>
  <trkpt lat="45.76726382" lon="2.95801740"><ele>1211.816</ele><time>2026-09-21T08:21:31Z</time><speed>0.000</speed><sat>25</sat></trkpt>
  <trkpt lat="45.76726359" lon="2.95801755"><ele>1211.854</ele><time>2026-09-21T08:21:34Z</time><speed>0.000</speed><sat>24</sat></trkpt>
  <trkpt lat="45.76726357" lon="2.95801771"><ele>1211.888</ele><time>2026-09-21T08:21:37Z</time><speed>0.000</speed><sat>23</sat></trkpt>
  <trkpt lat="45.76726364" lon="2.95801767"><ele>1211.922</ele><time>2026-09-21T08:21:40Z</time><speed>0.000</speed><sat>25</sat></trkpt>
  <trkpt lat="45.76726375" lon="2.95801758"><ele>1211.962</ele><time>2026-09-21T08:21:43Z</time><speed>0.000</speed><sat>25</sat></trkpt>
  <trkpt lat="45.76726368" lon="2.95801754"><ele>1211.979</ele><time>2026-09-21T08:21:46Z</time><speed>0.000</speed><sat>25</sat></trkpt>
  <trkpt lat="45.76726382" lon="2.95801750"><ele>1211.949</ele><time>2026-09-21T08:21:49Z</time><speed>0.000</speed><sat>25</sat></trkpt>
  <trkpt lat="45.76726398" lon="2.95801742"><ele>1211.895</ele><time>2026-09-21T08:21:52Z</time><speed>0.000</speed><sat>25</sat></trkpt>
  <trkpt lat="45.76726397" lon="2.95801758"><ele>1211.862</ele><time>2026-09-21T08:21:55Z</time><speed>0.000</speed><sat>24</sat></trkpt>
  <trkpt lat="45.76726390" lon="2.95801794"><ele>1211.850</ele><time>2026-09-21T08:21:58Z</time><speed>0.000</speed><sat>24</sat></trkpt>
  <trkpt lat="45.76726386" lon="2.95801798"><ele>1211.816</ele><time>2026-09-21T08:22:01Z</time><speed>0.000</speed><sat>24</sat></trkpt>
  <trkpt lat="45.76726374" lon="2.95801819"><ele>1211.812</ele><time>2026-09-21T08:22:04Z</time><speed>0.000</speed><sat>26</sat></trkpt>
  <trkpt lat="45.76726363" lon="2.95801841"><ele>1211.815</ele><time>2026-09-21T08:22:07Z</time><speed>0.000</speed><sat>27</sat></trkpt>
  <trkpt lat="45.76726924" lon="2.95802471"><ele>1212.116</ele><time>2026-09-21T08:22:10Z</time><speed>0.000</speed><sat>26</sat></trkpt>
  <trkpt lat="45.76726926" lon="2.95802513"><ele>1212.144</ele><time>2026-09-21T08:22:13Z</time><speed>0.000</speed><sat>25</sat></trkpt>
  <trkpt lat="45.76727176" lon="2.95802484"><ele>1212.183</ele><time>2026-09-21T08:22:16Z</time><speed>0.000</speed><sat>23</sat></trkpt>
  <trkpt lat="45.76727195" lon="2.95802436"><ele>1212.208</ele><time>2026-09-21T08:22:19Z</time><speed>0.000</speed><sat>25</sat></trkpt>
  <trkpt lat="45.76727212" lon="2.95802412"><ele>1212.211</ele><time>2026-09-21T08:22:22Z</time><speed>0.000</speed><sat>26</sat></trkpt>
  <trkpt lat="45.76727205" lon="2.95802435"><ele>1212.234</ele><time>2026-09-21T08:22:25Z</time><speed>0.000</speed><sat>26</sat></trkpt>
  <trkpt lat="45.76727195" lon="2.95802455"><ele>1212.245</ele><time>2026-09-21T08:22:28Z</time><speed>0.000</speed><sat>26</sat></trkpt>
  <trkpt lat="45.76727174" lon="2.95802457"><ele>1212.302</ele><time>2026-09-21T08:22:31Z</time><speed>0.000</speed><sat>24</sat></trkpt>
  <trkpt lat="45.76727752" lon="2.95803435"><ele>1212.223</ele><time>2026-09-21T08:22:34Z</time><speed>0.720</speed><sat>25</sat></trkpt>
  <trkpt lat="45.76730081" lon="2.95804873"><ele>1212.499</ele><time>2026-09-21T08:22:37Z</time><speed>0.830</speed><sat>26</sat></trkpt>
  <trkpt lat="45.76732319" lon="2.95807172"><ele>1212.961</ele><time>2026-09-21T08:22:40Z</time><speed>0.860</speed><sat>26</sat></trkpt>
  <trkpt lat="45.76735025" lon="2.95809097"><ele>1213.581</ele><time>2026-09-21T08:22:43Z</time><speed>0.830</speed><sat>25</sat></trkpt>
  <trkpt lat="45.76737707" lon="2.95811923"><ele>1213.828</ele><time>2026-09-21T08:22:46Z</time><speed>1.470</speed><sat>25</sat></trkpt>
  <trkpt lat="45.76740676" lon="2.95812895"><ele>1213.341</ele><time>2026-09-21T08:22:49Z</time><speed>1.000</speed><sat>25</sat></trkpt>
  <trkpt lat="45.76742516" lon="2.95813990"><ele>1213.206</ele><time>2026-09-21T08:22:52Z</time><speed>0.760</speed><sat>23</sat></trkpt>
  <trkpt lat="45.76743107" lon="2.95814606"><ele>1213.176</ele><time>2026-09-21T08:22:55Z</time><speed>0.470</speed><sat>25</sat></trkpt>
  <trkpt lat="45.76745660" lon="2.95814380"><ele>1214.888</ele><time>2026-09-21T08:22:58Z</time><speed>0.830</speed><sat>25</sat></trkpt>
  <trkpt lat="45.76747700" lon="2.95811873"><ele>1216.235</ele><time>2026-09-21T08:23:01Z</time><speed>0.870</speed><sat>26</sat></trkpt>
  <trkpt lat="45.76749931" lon="2.95809938"><ele>1214.687</ele><time>2026-09-21T08:23:04Z</time><speed>0.910</speed><sat>24</sat></trkpt>
  <trkpt lat="45.76752102" lon="2.95808050"><ele>1216.194</ele><time>2026-09-21T08:23:07Z</time><speed>0.910</speed><sat>23</sat></trkpt>
  <trkpt lat="45.76754129" lon="2.95807029"><ele>1216.228</ele><time>2026-09-21T08:23:10Z</time><speed>0.950</speed><sat>24</sat></trkpt>
  <trkpt lat="45.76756240" lon="2.95805210"><ele>1217.114</ele><time>2026-09-21T08:23:13Z</time><speed>0.880</speed><sat>26</sat></trkpt>
  <trkpt lat="45.76758860" lon="2.95803314"><ele>1216.260</ele><time>2026-09-21T08:23:16Z</time><speed>0.980</speed><sat>25</sat></trkpt>
  <trkpt lat="45.76761298" lon="2.95800851"><ele>1216.848</ele><time>2026-09-21T08:23:19Z</time><speed>1.020</speed><sat>24</sat></trkpt>
  <trkpt lat="45.76763294" lon="2.95798443"><ele>1217.119</ele><time>2026-09-21T08:23:22Z</time><speed>0.930</speed><sat>24</sat></trkpt>
  <trkpt lat="45.76765462" lon="2.95796519"><ele>1216.970</ele><time>2026-09-21T08:23:25Z</time><speed>0.880</speed><sat>27</sat></trkpt>
  <trkpt lat="45.76767173" lon="2.95794916"><ele>1218.431</ele><time>2026-09-21T08:23:28Z</time><speed>0.880</speed><sat>27</sat></trkpt>
  <trkpt lat="45.76769096" lon="2.95793503"><ele>1219.641</ele><time>2026-09-21T08:23:31Z</time><speed>0.850</speed><sat>25</sat></trkpt>
  <trkpt lat="45.76771366" lon="2.95792449"><ele>1219.183</ele><time>2026-09-21T08:23:34Z</time><speed>0.940</speed><sat>23</sat></trkpt>
  <trkpt lat="45.76772968" lon="2.95792844"><ele>1219.922</ele><time>2026-09-21T08:23:37Z</time><speed>0.950</speed><sat>24</sat></trkpt>
  <trkpt lat="45.76775282" lon="2.95793451"><ele>1219.024</ele><time>2026-09-21T08:23:40Z</time><speed>1.100</speed><sat>26</sat></trkpt>
  <trkpt lat="45.76776154" lon="2.95795583"><ele>1218.743</ele><time>2026-09-21T08:23:43Z</time><speed>1.010</speed><sat>25</sat></trkpt>
  <trkpt lat="45.76776248" lon="2.95798066"><ele>1219.155</ele><time>2026-09-21T08:23:46Z</time><speed>0.850</speed><sat>25</sat></trkpt>
  <trkpt lat="45.76775732" lon="2.95801058"><ele>1220.093</ele><time>2026-09-21T08:23:49Z</time><speed>0.890</speed><sat>26</sat></trkpt>
  <trkpt lat="45.76775550" lon="2.95803801"><ele>1220.916</ele><time>2026-09-21T08:23:52Z</time><speed>0.960</speed><sat>26</sat></trkpt>
  <trkpt lat="45.76774780" lon="2.95806305"><ele>1221.004</ele><time>2026-09-21T08:23:55Z</time><speed>0.850</speed><sat>26</sat></trkpt>
  <trkpt lat="45.76773987" lon="2.95809081"><ele>1222.160</ele><time>2026-09-21T08:23:58Z</time><speed>0.780</speed><sat>26</sat></trkpt>
  <trkpt lat="45.76773179" lon="2.95811044"><ele>1223.253</ele><time>2026-09-21T08:24:01Z</time><speed>0.810</speed><sat>26</sat></trkpt>
  <trkpt lat="45.76771908" lon="2.95812569"><ele>1224.334</ele><time>2026-09-21T08:24:04Z</time><speed>0.810</speed><sat>25</sat></trkpt>
  <trkpt lat="45.76770809" lon="2.95814761"><ele>1225.110</ele><time>2026-09-21T08:24:07Z</time><speed>0.950</speed><sat>25</sat></trkpt>
  <trkpt lat="45.76769471" lon="2.95817180"><ele>1226.715</ele><time>2026-09-21T08:24:10Z</time><speed>0.910</speed><sat>25</sat></trkpt>
  <trkpt lat="45.76768484" lon="2.95819859"><ele>1226.442</ele><time>2026-09-21T08:24:13Z</time><speed>0.920</speed><sat>26</sat></trkpt>
  <trkpt lat="45.76767312" lon="2.95822265"><ele>1226.907</ele><time>2026-09-21T08:24:16Z</time><speed>0.880</speed><sat>26</sat></trkpt>
  <trkpt lat="45.76765711" lon="2.95824257"><ele>1226.843</ele><time>2026-09-21T08:24:19Z</time><speed>0.820</speed><sat>26</sat></trkpt>
  <trkpt lat="45.76764721" lon="2.95826645"><ele>1226.504</ele><time>2026-09-21T08:24:22Z</time><speed>0.740</speed><sat>28</sat></trkpt>
  <trkpt lat="45.76763973" lon="2.95829189"><ele>1228.018</ele><time>2026-09-21T08:24:25Z</time><speed>0.730</speed><sat>28</sat></trkpt>
  <trkpt lat="45.76763208" lon="2.95832284"><ele>1228.558</ele><time>2026-09-21T08:24:28Z</time><speed>0.860</speed><sat>27</sat></trkpt>
  <trkpt lat="45.76762114" lon="2.95835262"><ele>1230.053</ele><time>2026-09-21T08:24:31Z</time><speed>0.750</speed><sat>28</sat></trkpt>
  <trkpt lat="45.76760735" lon="2.95838702"><ele>1229.995</ele><time>2026-09-21T08:24:34Z</time><speed>0.820</speed><sat>27</sat></trkpt>
  <trkpt lat="45.76759757" lon="2.95842708"><ele>1231.634</ele><time>2026-09-21T08:24:37Z</time><speed>0.870</speed><sat>27</sat></trkpt>
  <trkpt lat="45.76758691" lon="2.95846022"><ele>1232.573</ele><time>2026-09-21T08:24:40Z</time><speed>0.780</speed><sat>27</sat></trkpt>
  <trkpt lat="45.76758245" lon="2.95849471"><ele>1233.173</ele><time>2026-09-21T08:24:43Z</time><speed>0.740</speed><sat>23</sat></trkpt>
  <trkpt lat="45.76757925" lon="2.95852913"><ele>1234.461</ele><time>2026-09-21T08:24:46Z</time><speed>0.720</speed><sat>24</sat></trkpt>
  <trkpt lat="45.76757678" lon="2.95856081"><ele>1234.972</ele><time>2026-09-21T08:24:49Z</time><speed>0.760</speed><sat>26</sat></trkpt>
  <trkpt lat="45.76756963" lon="2.95859286"><ele>1235.140</ele><time>2026-09-21T08:24:52Z</time><speed>0.820</speed><sat>27</sat></trkpt>
  <trkpt lat="45.76756121" lon="2.95862188"><ele>1236.002</ele><time>2026-09-21T08:24:55Z</time><speed>0.750</speed><sat>27</sat></trkpt>
  <trkpt lat="45.76755130" lon="2.95865075"><ele>1236.761</ele><time>2026-09-21T08:24:58Z</time><speed>0.730</speed><sat>26</sat></trkpt>
  <trkpt lat="45.76754397" lon="2.95868356"><ele>1237.525</ele><time>2026-09-21T08:25:01Z</time><speed>0.790</speed><sat>25</sat></trkpt>
  <trkpt lat="45.76753360" lon="2.95871561"><ele>1237.802</ele><time>2026-09-21T08:25:04Z</time><speed>0.910</speed><sat>26</sat></trkpt>
  <trkpt lat="45.76751763" lon="2.95874182"><ele>1237.218</ele><time>2026-09-21T08:25:07Z</time><speed>0.780</speed><sat>22</sat></trkpt>
  <trkpt lat="45.76750414" lon="2.95877468"><ele>1237.255</ele><time>2026-09-21T08:25:10Z</time><speed>0.840</speed><sat>25</sat></trkpt>
  <trkpt lat="45.76749247" lon="2.95880635"><ele>1236.399</ele><time>2026-09-21T08:25:13Z</time><speed>0.910</speed><sat>27</sat></trkpt>
  <trkpt lat="45.76748005" lon="2.95883929"><ele>1237.225</ele><time>2026-09-21T08:25:16Z</time><speed>0.860</speed><sat>27</sat></trkpt>
  <trkpt lat="45.76746589" lon="2.95886716"><ele>1238.781</ele><time>2026-09-21T08:25:19Z</time><speed>0.820</speed><sat>25</sat></trkpt>
  <trkpt lat="45.76745389" lon="2.95889467"><ele>1239.167</ele><time>2026-09-21T08:25:22Z</time><speed>0.830</speed><sat>23</sat></trkpt>
  <trkpt lat="45.76744307" lon="2.95891771"><ele>1239.086</ele><time>2026-09-21T08:25:25Z</time><speed>0.730</speed><sat>26</sat></trkpt>
  <trkpt lat="45.76743022" lon="2.95894285"><ele>1239.762</ele><time>2026-09-21T08:25:28Z</time><speed>0.730</speed><sat>26</sat></trkpt>
  <trkpt lat="45.76742006" lon="2.95897541"><ele>1240.202</ele><time>2026-09-21T08:25:31Z</time><speed>0.730</speed><sat>26</sat></trkpt>
  <trkpt lat="45.76741023" lon="2.95900301"><ele>1240.320</ele><time>2026-09-21T08:25:34Z</time><speed>0.770</speed><sat>27</sat></trkpt>
  <trkpt lat="45.76740227" lon="2.95903152"><ele>1240.784</ele><time>2026-09-21T08:25:37Z</time><speed>0.760</speed><sat>28</sat></trkpt>
  <trkpt lat="45.76738706" lon="2.95905581"><ele>1241.387</ele><time>2026-09-21T08:25:40Z</time><speed>0.750</speed><sat>28</sat></trkpt>
  <trkpt lat="45.76737616" lon="2.95907985"><ele>1241.737</ele><time>2026-09-21T08:25:43Z</time><speed>0.810</speed><sat>25</sat></trkpt>
  <trkpt lat="45.76736428" lon="2.95911220"><ele>1241.793</ele><time>2026-09-21T08:25:46Z</time><speed>0.750</speed><sat>27</sat></trkpt>
  <trkpt lat="45.76736035" lon="2.95915000"><ele>1241.808</ele><time>2026-09-21T08:25:49Z</time><speed>0.700</speed><sat>27</sat></trkpt>
  <trkpt lat="45.76735313" lon="2.95918906"><ele>1242.278</ele><time>2026-09-21T08:25:52Z</time><speed>0.730</speed><sat>26</sat></trkpt>
  <trkpt lat="45.76734429" lon="2.95922615"><ele>1243.383</ele><time>2026-09-21T08:25:55Z</time><speed>0.690</speed><sat>28</sat></trkpt>
  <trkpt lat="45.76734373" lon="2.95926969"><ele>1243.591</ele><time>2026-09-21T08:25:58Z</time><speed>0.900</speed><sat>27</sat></trkpt>
  <trkpt lat="45.76734158" lon="2.95929898"><ele>1242.914</ele><time>2026-09-21T08:26:01Z</time><speed>0.000</speed><sat>26</sat></trkpt>
  <trkpt lat="45.76733250" lon="2.95933851"><ele>1244.086</ele><time>2026-09-21T08:26:04Z</time><speed>0.920</speed><sat>27</sat></trkpt>
  <trkpt lat="45.76733364" lon="2.95937581"><ele>1244.912</ele><time>2026-09-21T08:26:07Z</time><speed>1.020</speed><sat>26</sat></trkpt>
  <trkpt lat="45.76733365" lon="2.95941158"><ele>1245.193</ele><time>2026-09-21T08:26:10Z</time><speed>0.900</speed><sat>26</sat></trkpt>
  <trkpt lat="45.76733886" lon="2.95944716"><ele>1245.096</ele><time>2026-09-21T08:26:13Z</time><speed>0.870</speed><sat>25</sat></trkpt>
  <trkpt lat="45.76734811" lon="2.95947789"><ele>1245.753</ele><time>2026-09-21T08:26:16Z</time><speed>0.820</speed><sat>27</sat></trkpt>
  <trkpt lat="45.76735176" lon="2.95950751"><ele>1245.379</ele><time>2026-09-21T08:26:19Z</time><speed>0.790</speed><sat>26</sat></trkpt>
  <trkpt lat="45.76734855" lon="2.95954112"><ele>1245.370</ele><time>2026-09-21T08:26:22Z</time><speed>0.870</speed><sat>27</sat></trkpt>
  <trkpt lat="45.76735124" lon="2.95957294"><ele>1245.287</ele><time>2026-09-21T08:26:25Z</time><speed>0.830</speed><sat>27</sat></trkpt>
  <trkpt lat="45.76735485" lon="2.95960270"><ele>1246.021</ele><time>2026-09-21T08:26:28Z</time><speed>0.770</speed><sat>27</sat></trkpt>
  <trkpt lat="45.76735444" lon="2.95962857"><ele>1245.071</ele><time>2026-09-21T08:26:31Z</time><speed>0.780</speed><sat>27</sat></trkpt>
  <trkpt lat="45.76735377" lon="2.95965815"><ele>1246.015</ele><time>2026-09-21T08:26:34Z</time><speed>0.800</speed><sat>27</sat></trkpt>
  <trkpt lat="45.76735463" lon="2.95968746"><ele>1247.991</ele><time>2026-09-21T08:26:37Z</time><speed>0.760</speed><sat>27</sat></trkpt>
  <trkpt lat="45.76734742" lon="2.95970593"><ele>1249.260</ele><time>2026-09-21T08:26:40Z</time><speed>0.790</speed><sat>26</sat></trkpt>
  <trkpt lat="45.76734140" lon="2.95973354"><ele>1249.275</ele><time>2026-09-21T08:26:43Z</time><speed>0.750</speed><sat>27</sat></trkpt>
  <trkpt lat="45.76733335" lon="2.95976272"><ele>1251.124</ele><time>2026-09-21T08:26:46Z</time><speed>0.720</speed><sat>28</sat></trkpt>
  <trkpt lat="45.76732558" lon="2.95979909"><ele>1252.069</ele><time>2026-09-21T08:26:49Z</time><speed>0.810</speed><sat>28</sat></trkpt>
  <trkpt lat="45.76731476" lon="2.95983412"><ele>1253.897</ele><time>2026-09-21T08:26:52Z</time><speed>0.810</speed><sat>26</sat></trkpt>
  <trkpt lat="45.76730627" lon="2.95986689"><ele>1254.564</ele><time>2026-09-21T08:26:55Z</time><speed>0.770</speed><sat>25</sat></trkpt>
  <trkpt lat="45.76729077" lon="2.95989574"><ele>1255.839</ele><time>2026-09-21T08:26:58Z</time><speed>0.930</speed><sat>25</sat></trkpt>
  <trkpt lat="45.76727494" lon="2.95992474"><ele>1256.109</ele><time>2026-09-21T08:27:01Z</time><speed>0.800</speed><sat>26</sat></trkpt>
  <trkpt lat="45.76725558" lon="2.95995211"><ele>1256.115</ele><time>2026-09-21T08:27:04Z</time><speed>0.900</speed><sat>28</sat></trkpt>
  <trkpt lat="45.76724860" lon="2.95998236"><ele>1256.950</ele><time>2026-09-21T08:27:07Z</time><speed>0.810</speed><sat>28</sat></trkpt>
  <trkpt lat="45.76723906" lon="2.96001661"><ele>1257.982</ele><time>2026-09-21T08:27:10Z</time><speed>1.020</speed><sat>25</sat></trkpt>
  <trkpt lat="45.76722868" lon="2.96005459"><ele>1258.397</ele><time>2026-09-21T08:27:13Z</time><speed>1.230</speed><sat>26</sat></trkpt>
  <trkpt lat="45.76722466" lon="2.96009727"><ele>1258.220</ele><time>2026-09-21T08:27:16Z</time><speed>0.780</speed><sat>27</sat></trkpt>
  <trkpt lat="45.76722004" lon="2.96014115"><ele>1258.657</ele><time>2026-09-21T08:27:19Z</time><speed>0.900</speed><sat>25</sat></trkpt>
  <trkpt lat="45.76721606" lon="2.96019082"><ele>1258.870</ele><time>2026-09-21T08:27:22Z</time><speed>0.870</speed><sat>26</sat></trkpt>
  <trkpt lat="45.76720688" lon="2.96023441"><ele>1259.033</ele><time>2026-09-21T08:27:25Z</time><speed>0.810</speed><sat>27</sat></trkpt>
  <trkpt lat="45.76720948" lon="2.96029249"><ele>1260.275</ele><time>2026-09-21T08:27:28Z</time><speed>1.070</speed><sat>28</sat></trkpt>
  <trkpt lat="45.76721886" lon="2.96033505"><ele>1260.097</ele><time>2026-09-21T08:27:31Z</time><speed>0.900</speed><sat>27</sat></trkpt>
  <trkpt lat="45.76722555" lon="2.96037821"><ele>1260.418</ele><time>2026-09-21T08:27:34Z</time><speed>0.870</speed><sat>27</sat></trkpt>
  <trkpt lat="45.76724017" lon="2.96041584"><ele>1260.560</ele><time>2026-09-21T08:27:37Z</time><speed>0.850</speed><sat>26</sat></trkpt>
  <trkpt lat="45.76724908" lon="2.96046784"><ele>1260.285</ele><time>2026-09-21T08:27:40Z</time><speed>0.000</speed><sat>27</sat></trkpt>
  <trkpt lat="45.76724411" lon="2.96047669"><ele>1259.837</ele><time>2026-09-21T08:27:43Z</time><speed>0.300</speed><sat>28</sat></trkpt>
  <trkpt lat="45.76726092" lon="2.96045329"><ele>1260.429</ele><time>2026-09-21T08:27:46Z</time><speed>0.840</speed><sat>28</sat></trkpt>
  <trkpt lat="45.76727519" lon="2.96042346"><ele>1261.573</ele><time>2026-09-21T08:27:49Z</time><speed>0.000</speed><sat>27</sat></trkpt>
  <trkpt lat="45.76727428" lon="2.96041906"><ele>1261.696</ele><time>2026-09-21T08:27:52Z</time><speed>0.000</speed><sat>26</sat></trkpt>
  <trkpt lat="45.76727632" lon="2.96041606"><ele>1262.207</ele><time>2026-09-21T08:27:55Z</time><speed>0.490</speed><sat>26</sat></trkpt>
  <trkpt lat="45.76727011" lon="2.96040845"><ele>1262.062</ele><time>2026-09-21T08:27:58Z</time><speed>0.000</speed><sat>24</sat></trkpt>
  <trkpt lat="45.76726904" lon="2.96040792"><ele>1262.083</ele><time>2026-09-21T08:28:01Z</time><speed>0.000</speed><sat>24</sat></trkpt>
  <trkpt lat="45.76726873" lon="2.96040797"><ele>1262.069</ele><time>2026-09-21T08:28:04Z</time><speed>0.000</speed><sat>24</sat></trkpt>
  <trkpt lat="45.76726851" lon="2.96040762"><ele>1262.086</ele><time>2026-09-21T08:28:07Z</time><speed>0.000</speed><sat>26</sat></trkpt>
  <trkpt lat="45.76726846" lon="2.96040733"><ele>1262.056</ele><time>2026-09-21T08:28:10Z</time><speed>0.000</speed><sat>26</sat></trkpt>
  <trkpt lat="45.76726829" lon="2.96040727"><ele>1262.096</ele><time>2026-09-21T08:28:13Z</time><speed>0.000</speed><sat>22</sat></trkpt>
  <trkpt lat="45.76726822" lon="2.96040744"><ele>1262.151</ele><time>2026-09-21T08:28:16Z</time><speed>0.000</speed><sat>23</sat></trkpt>
  <trkpt lat="45.76726780" lon="2.96041110"><ele>1262.032</ele><time>2026-09-21T08:28:19Z</time><speed>0.330</speed><sat>23</sat></trkpt>
  <trkpt lat="45.76724148" lon="2.96042326"><ele>1262.370</ele><time>2026-09-21T08:28:22Z</time><speed>3.510</speed><sat>24</sat></trkpt>
  <trkpt lat="45.76723101" lon="2.96042025"><ele>1262.204</ele><time>2026-09-21T08:28:25Z</time><speed>0.000</speed><sat>24</sat></trkpt>
  <trkpt lat="45.76722797" lon="2.96041767"><ele>1262.252</ele><time>2026-09-21T08:28:28Z</time><speed>0.000</speed><sat>25</sat></trkpt>
  <trkpt lat="45.76723297" lon="2.96041129"><ele>1262.547</ele><time>2026-09-21T08:28:31Z</time><speed>0.000</speed><sat>23</sat></trkpt>
  <trkpt lat="45.76723418" lon="2.96041017"><ele>1262.493</ele><time>2026-09-21T08:28:34Z</time><speed>0.000</speed><sat>24</sat></trkpt>
  <trkpt lat="45.76723433" lon="2.96040887"><ele>1262.533</ele><time>2026-09-21T08:28:37Z</time><speed>0.000</speed><sat>27</sat></trkpt>
  <trkpt lat="45.76723413" lon="2.96040876"><ele>1262.458</ele><time>2026-09-21T08:28:40Z</time><speed>0.000</speed><sat>28</sat></trkpt>
  <trkpt lat="45.76723357" lon="2.96040807"><ele>1262.500</ele><time>2026-09-21T08:28:43Z</time><speed>0.000</speed><sat>27</sat></trkpt>
  <trkpt lat="45.76723302" lon="2.96040764"><ele>1262.566</ele><time>2026-09-21T08:28:46Z</time><speed>0.000</speed><sat>26</sat></trkpt>
  <trkpt lat="45.76723299" lon="2.96040721"><ele>1262.572</ele><time>2026-09-21T08:28:49Z</time><speed>0.000</speed><sat>26</sat></trkpt>
  <trkpt lat="45.76723301" lon="2.96040685"><ele>1262.593</ele><time>2026-09-21T08:28:52Z</time><speed>0.000</speed><sat>24</sat></trkpt>
  <trkpt lat="45.76723291" lon="2.96040657"><ele>1262.629</ele><time>2026-09-21T08:28:55Z</time><speed>0.000</speed><sat>27</sat></trkpt>
  <trkpt lat="45.76723274" lon="2.96040618"><ele>1262.635</ele><time>2026-09-21T08:28:58Z</time><speed>0.000</speed><sat>26</sat></trkpt>
  <trkpt lat="45.76723238" lon="2.96040564"><ele>1262.666</ele><time>2026-09-21T08:29:01Z</time><speed>0.000</speed><sat>24</sat></trkpt>
  <trkpt lat="45.76723190" lon="2.96040552"><ele>1262.808</ele><time>2026-09-21T08:29:04Z</time><speed>0.000</speed><sat>26</sat></trkpt>
  <trkpt lat="45.76723182" lon="2.96040531"><ele>1262.854</ele><time>2026-09-21T08:29:07Z</time><speed>0.000</speed><sat>26</sat></trkpt>
  <trkpt lat="45.76723159" lon="2.96040531"><ele>1262.936</ele><time>2026-09-21T08:29:10Z</time><speed>0.000</speed><sat>24</sat></trkpt>
  <trkpt lat="45.76723133" lon="2.96040510"><ele>1263.013</ele><time>2026-09-21T08:29:13Z</time><speed>0.000</speed><sat>24</sat></trkpt>
  <trkpt lat="45.76723085" lon="2.96040501"><ele>1263.086</ele><time>2026-09-21T08:29:16Z</time><speed>0.000</speed><sat>26</sat></trkpt>
  <trkpt lat="45.76723078" lon="2.96040498"><ele>1263.142</ele><time>2026-09-21T08:29:19Z</time><speed>0.000</speed><sat>27</sat></trkpt>
  <trkpt lat="45.76723085" lon="2.96040488"><ele>1263.168</ele><time>2026-09-21T08:29:22Z</time><speed>0.000</speed><sat>27</sat></trkpt>
  <trkpt lat="45.76723120" lon="2.96040480"><ele>1263.163</ele><time>2026-09-21T08:29:25Z</time><speed>0.000</speed><sat>24</sat></trkpt>
  <trkpt lat="45.76723135" lon="2.96040452"><ele>1263.107</ele><time>2026-09-21T08:29:28Z</time><speed>0.000</speed><sat>23</sat></trkpt>
  <trkpt lat="45.76723156" lon="2.96040437"><ele>1263.085</ele><time>2026-09-21T08:29:31Z</time><speed>0.000</speed><sat>23</sat></trkpt>
  <trkpt lat="45.76723180" lon="2.96040412"><ele>1263.003</ele><time>2026-09-21T08:29:34Z</time><speed>0.000</speed><sat>23</sat></trkpt>
  <trkpt lat="45.76723196" lon="2.96040374"><ele>1262.948</ele><time>2026-09-21T08:29:37Z</time><speed>0.000</speed><sat>24</sat></trkpt>
  <trkpt lat="45.76723209" lon="2.96040348"><ele>1262.895</ele><time>2026-09-21T08:29:40Z</time><speed>0.000</speed><sat>24</sat></trkpt>
  <trkpt lat="45.76723230" lon="2.96040293"><ele>1262.817</ele><time>2026-09-21T08:29:43Z</time><speed>0.000</speed><sat>22</sat></trkpt>
  <trkpt lat="45.76723270" lon="2.96040252"><ele>1262.740</ele><time>2026-09-21T08:29:46Z</time><speed>0.000</speed><sat>22</sat></trkpt>
  <trkpt lat="45.76723318" lon="2.96040178"><ele>1262.619</ele><time>2026-09-21T08:29:49Z</time><speed>0.000</speed><sat>22</sat></trkpt>
  <trkpt lat="45.76723333" lon="2.96040108"><ele>1262.512</ele><time>2026-09-21T08:29:52Z</time><speed>0.000</speed><sat>23</sat></trkpt>
  <trkpt lat="45.76723326" lon="2.96040023"><ele>1262.489</ele><time>2026-09-21T08:29:55Z</time><speed>0.000</speed><sat>23</sat></trkpt>
  <trkpt lat="45.76723318" lon="2.96039985"><ele>1262.458</ele><time>2026-09-21T08:29:58Z</time><speed>0.000</speed><sat>24</sat></trkpt>
  <trkpt lat="45.76723313" lon="2.96039904"><ele>1262.431</ele><time>2026-09-21T08:30:01Z</time><speed>0.000</speed><sat>26</sat></trkpt>
  <trkpt lat="45.76723265" lon="2.96039820"><ele>1262.404</ele><time>2026-09-21T08:30:04Z</time><speed>0.000</speed><sat>24</sat></trkpt>
  <trkpt lat="45.76723232" lon="2.96039754"><ele>1262.411</ele><time>2026-09-21T08:30:07Z</time><speed>0.000</speed><sat>25</sat></trkpt>
  <trkpt lat="45.76723230" lon="2.96039694"><ele>1262.380</ele><time>2026-09-21T08:30:10Z</time><speed>0.000</speed><sat>25</sat></trkpt>
  <trkpt lat="45.76723216" lon="2.96039623"><ele>1262.373</ele><time>2026-09-21T08:30:13Z</time><speed>0.000</speed><sat>24</sat></trkpt>
  <trkpt lat="45.76723210" lon="2.96039573"><ele>1262.332</ele><time>2026-09-21T08:30:16Z</time><speed>0.000</speed><sat>24</sat></trkpt>
  <trkpt lat="45.76723219" lon="2.96039522"><ele>1262.316</ele><time>2026-09-21T08:30:19Z</time><speed>0.000</speed><sat>24</sat></trkpt>
  <trkpt lat="45.76723227" lon="2.96039456"><ele>1262.277</ele><time>2026-09-21T08:30:22Z</time><speed>0.000</speed><sat>24</sat></trkpt>
  <trkpt lat="45.76723217" lon="2.96039386"><ele>1262.281</ele><time>2026-09-21T08:30:25Z</time><speed>0.000</speed><sat>24</sat></trkpt>
  <trkpt lat="45.76723218" lon="2.96039306"><ele>1262.274</ele><time>2026-09-21T08:30:28Z</time><speed>0.000</speed><sat>24</sat></trkpt>
  <trkpt lat="45.76723238" lon="2.96039257"><ele>1262.250</ele><time>2026-09-21T08:30:31Z</time><speed>0.000</speed><sat>24</sat></trkpt>
  <trkpt lat="45.76723250" lon="2.96039217"><ele>1262.260</ele><time>2026-09-21T08:30:34Z</time><speed>0.000</speed><sat>25</sat></trkpt>
  <trkpt lat="45.76723579" lon="2.96038962"><ele>1262.399</ele><time>2026-09-21T08:30:37Z</time><speed>0.340</speed><sat>25</sat></trkpt>
  <trkpt lat="45.76725949" lon="2.96038803"><ele>1262.794</ele><time>2026-09-21T08:30:40Z</time><speed>0.880</speed><sat>24</sat></trkpt>
  <trkpt lat="45.76729186" lon="2.96036415"><ele>1265.148</ele><time>2026-09-21T08:30:43Z</time><speed>1.160</speed><sat>27</sat></trkpt>
  <trkpt lat="45.76732422" lon="2.96034495"><ele>1265.362</ele><time>2026-09-21T08:30:46Z</time><speed>1.150</speed><sat>25</sat></trkpt>
  <trkpt lat="45.76734545" lon="2.96034710"><ele>1266.430</ele><time>2026-09-21T08:30:49Z</time><speed>0.000</speed><sat>23</sat></trkpt>
  <trkpt lat="45.76735107" lon="2.96034857"><ele>1266.455</ele><time>2026-09-21T08:30:52Z</time><speed>0.000</speed><sat>16</sat></trkpt>
  <trkpt lat="45.76737829" lon="2.96031727"><ele>1266.559</ele><time>2026-09-21T08:30:55Z</time><speed>0.390</speed><sat>23</sat></trkpt>
  <trkpt lat="45.76741482" lon="2.96028378"><ele>1264.607</ele><time>2026-09-21T08:30:58Z</time><speed>0.900</speed><sat>25</sat></trkpt>
  <trkpt lat="45.76744215" lon="2.96024557"><ele>1266.658</ele><time>2026-09-21T08:31:01Z</time><speed>0.880</speed><sat>24</sat></trkpt>
  <trkpt lat="45.76745376" lon="2.96016398"><ele>1266.164</ele><time>2026-09-21T08:31:04Z</time><speed>1.940</speed><sat>24</sat></trkpt>
  <trkpt lat="45.76747871" lon="2.96014262"><ele>1268.032</ele><time>2026-09-21T08:31:07Z</time><speed>1.700</speed><sat>24</sat></trkpt>
  <trkpt lat="45.76748960" lon="2.96010441"><ele>1268.706</ele><time>2026-09-21T08:31:10Z</time><speed>1.590</speed><sat>22</sat></trkpt>
  <trkpt lat="45.76751996" lon="2.96008921"><ele>1267.646</ele><time>2026-09-21T08:31:13Z</time><speed>1.050</speed><sat>23</sat></trkpt>
  <trkpt lat="45.76754887" lon="2.96006987"><ele>1268.163</ele><time>2026-09-21T08:31:16Z</time><speed>0.940</speed><sat>24</sat></trkpt>
  <trkpt lat="45.76757187" lon="2.96004810"><ele>1267.970</ele><time>2026-09-21T08:31:19Z</time><speed>0.910</speed><sat>24</sat></trkpt>
  <trkpt lat="45.76758989" lon="2.96002497"><ele>1268.828</ele><time>2026-09-21T08:31:22Z</time><speed>0.970</speed><sat>24</sat></trkpt>
  <trkpt lat="45.76760735" lon="2.95999217"><ele>1269.947</ele><time>2026-09-21T08:31:25Z</time><speed>0.870</speed><sat>23</sat></trkpt>
  <trkpt lat="45.76762120" lon="2.95995432"><ele>1269.931</ele><time>2026-09-21T08:31:28Z</time><speed>0.920</speed><sat>26</sat></trkpt>
  <trkpt lat="45.76763617" lon="2.95991757"><ele>1270.421</ele><time>2026-09-21T08:31:31Z</time><speed>0.990</speed><sat>25</sat></trkpt>
  <trkpt lat="45.76765321" lon="2.95987897"><ele>1270.201</ele><time>2026-09-21T08:31:34Z</time><speed>0.970</speed><sat>23</sat></trkpt>
  <trkpt lat="45.76766559" lon="2.95984446"><ele>1270.631</ele><time>2026-09-21T08:31:37Z</time><speed>1.000</speed><sat>24</sat></trkpt>
  <trkpt lat="45.76767899" lon="2.95980462"><ele>1270.672</ele><time>2026-09-21T08:31:40Z</time><speed>0.970</speed><sat>24</sat></trkpt>
  <trkpt lat="45.76769361" lon="2.95977370"><ele>1271.890</ele><time>2026-09-21T08:31:43Z</time><speed>0.980</speed><sat>23</sat></trkpt>
  <trkpt lat="45.76771248" lon="2.95973667"><ele>1272.087</ele><time>2026-09-21T08:31:46Z</time><speed>1.020</speed><sat>23</sat></trkpt>
  <trkpt lat="45.76773497" lon="2.95970310"><ele>1272.441</ele><time>2026-09-21T08:31:49Z</time><speed>1.020</speed><sat>23</sat></trkpt>
  <trkpt lat="45.76775399" lon="2.95967354"><ele>1271.865</ele><time>2026-09-21T08:31:52Z</time><speed>1.020</speed><sat>23</sat></trkpt>
  <trkpt lat="45.76777163" lon="2.95964476"><ele>1273.388</ele><time>2026-09-21T08:31:55Z</time><speed>1.010</speed><sat>25</sat></trkpt>
  <trkpt lat="45.76779025" lon="2.95962113"><ele>1273.927</ele><time>2026-09-21T08:31:58Z</time><speed>0.970</speed><sat>27</sat></trkpt>
  <trkpt lat="45.76780551" lon="2.95958640"><ele>1274.532</ele><time>2026-09-21T08:32:01Z</time><speed>1.030</speed><sat>26</sat></trkpt>
  <trkpt lat="45.76782057" lon="2.95954647"><ele>1275.878</ele><time>2026-09-21T08:32:04Z</time><speed>1.010</speed><sat>25</sat></trkpt>
  <trkpt lat="45.76783824" lon="2.95951644"><ele>1276.446</ele><time>2026-09-21T08:32:07Z</time><speed>0.970</speed><sat>25</sat></trkpt>
  <trkpt lat="45.76785532" lon="2.95948834"><ele>1275.693</ele><time>2026-09-21T08:32:10Z</time><speed>1.030</speed><sat>25</sat></trkpt>
  <trkpt lat="45.76787684" lon="2.95946275"><ele>1274.798</ele><time>2026-09-21T08:32:13Z</time><speed>1.140</speed><sat>25</sat></trkpt>
  <trkpt lat="45.76789493" lon="2.95948020"><ele>1273.392</ele><time>2026-09-21T08:32:16Z</time><speed>0.000</speed><sat>24</sat></trkpt>
  <trkpt lat="45.76789322" lon="2.95948119"><ele>1273.393</ele><time>2026-09-21T08:32:19Z</time><speed>0.000</speed><sat>22</sat></trkpt>
  <trkpt lat="45.76789612" lon="2.95948151"><ele>1273.589</ele><time>2026-09-21T08:32:22Z</time><speed>0.000</speed><sat>24</sat></trkpt>
  <trkpt lat="45.76789236" lon="2.95947452"><ele>1273.489</ele><time>2026-09-21T08:32:25Z</time><speed>0.000</speed><sat>23</sat></trkpt>
  <trkpt lat="45.76789999" lon="2.95948467"><ele>1274.147</ele><time>2026-09-21T08:32:28Z</time><speed>0.220</speed><sat>25</sat></trkpt>
  <trkpt lat="45.76792674" lon="2.95949588"><ele>1273.693</ele><time>2026-09-21T08:32:31Z</time><speed>1.250</speed><sat>23</sat></trkpt>
  <trkpt lat="45.76795716" lon="2.95950705"><ele>1272.635</ele><time>2026-09-21T08:32:34Z</time><speed>1.310</speed><sat>23</sat></trkpt>
  <trkpt lat="45.76797349" lon="2.95955155"><ele>1271.856</ele><time>2026-09-21T08:32:37Z</time><speed>1.340</speed><sat>23</sat></trkpt>
  <trkpt lat="45.76796920" lon="2.95959922"><ele>1271.972</ele><time>2026-09-21T08:32:40Z</time><speed>1.140</speed><sat>23</sat></trkpt>
  <trkpt lat="45.76795578" lon="2.95962919"><ele>1272.208</ele><time>2026-09-21T08:32:43Z</time><speed>1.160</speed><sat>21</sat></trkpt>
  <trkpt lat="45.76793098" lon="2.95965457"><ele>1273.209</ele><time>2026-09-21T08:32:46Z</time><speed>1.010</speed><sat>22</sat></trkpt>
  <trkpt lat="45.76790457" lon="2.95967297"><ele>1275.492</ele><time>2026-09-21T08:32:49Z</time><speed>0.970</speed><sat>22</sat></trkpt>
  <trkpt lat="45.76788234" lon="2.95970110"><ele>1276.710</ele><time>2026-09-21T08:32:52Z</time><speed>1.170</speed><sat>23</sat></trkpt>
  <trkpt lat="45.76786115" lon="2.95973497"><ele>1277.659</ele><time>2026-09-21T08:32:55Z</time><speed>0.930</speed><sat>25</sat></trkpt>
  <trkpt lat="45.76784729" lon="2.95977000"><ele>1278.786</ele><time>2026-09-21T08:32:58Z</time><speed>0.880</speed><sat>23</sat></trkpt>
  <trkpt lat="45.76782664" lon="2.95980194"><ele>1280.273</ele><time>2026-09-21T08:33:01Z</time><speed>0.830</speed><sat>24</sat></trkpt>
  <trkpt lat="45.76781195" lon="2.95983069"><ele>1281.026</ele><time>2026-09-21T08:33:04Z</time><speed>0.950</speed><sat>25</sat></trkpt>
  <trkpt lat="45.76780068" lon="2.95986423"><ele>1281.072</ele><time>2026-09-21T08:33:07Z</time><speed>0.900</speed><sat>26</sat></trkpt>
  <trkpt lat="45.76778520" lon="2.95989496"><ele>1281.191</ele><time>2026-09-21T08:33:10Z</time><speed>0.650</speed><sat>26</sat></trkpt>
  <trkpt lat="45.76776261" lon="2.95991250"><ele>1281.081</ele><time>2026-09-21T08:33:13Z</time><speed>0.680</speed><sat>25</sat></trkpt>
  <trkpt lat="45.76775580" lon="2.95993725"><ele>1281.906</ele><time>2026-09-21T08:33:16Z</time><speed>0.800</speed><sat>23</sat></trkpt>
  <trkpt lat="45.76777013" lon="2.95995918"><ele>1280.538</ele><time>2026-09-21T08:33:19Z</time><speed>1.120</speed><sat>24</sat></trkpt>
  <trkpt lat="45.76777803" lon="2.95996603"><ele>1281.197</ele><time>2026-09-21T08:33:22Z</time><speed>0.450</speed><sat>27</sat></trkpt>
  <trkpt lat="45.76777623" lon="2.95998288"><ele>1281.383</ele><time>2026-09-21T08:33:25Z</time><speed>0.440</speed><sat>27</sat></trkpt>
  <trkpt lat="45.76774660" lon="2.96001916"><ele>1283.900</ele><time>2026-09-21T08:33:28Z</time><speed>0.600</speed><sat>27</sat></trkpt>
  <trkpt lat="45.76772715" lon="2.96004581"><ele>1285.097</ele><time>2026-09-21T08:33:31Z</time><speed>0.830</speed><sat>26</sat></trkpt>
  <trkpt lat="45.76771474" lon="2.96009234"><ele>1285.515</ele><time>2026-09-21T08:33:34Z</time><speed>1.270</speed><sat>28</sat></trkpt>
  <trkpt lat="45.76771216" lon="2.96014154"><ele>1285.809</ele><time>2026-09-21T08:33:37Z</time><speed>1.390</speed><sat>28</sat></trkpt>
  <trkpt lat="45.76770182" lon="2.96019651"><ele>1286.287</ele><time>2026-09-21T08:33:42Z</time><speed>0.820</speed><sat>27</sat></trkpt>
  <trkpt lat="45.76769204" lon="2.96024000"><ele>1286.671</ele><time>2026-09-21T08:33:45Z</time><speed>1.060</speed><sat>26</sat></trkpt>
  <trkpt lat="45.76767500" lon="2.96027394"><ele>1287.857</ele><time>2026-09-21T08:33:48Z</time><speed>1.060</speed><sat>28</sat></trkpt>
  <trkpt lat="45.76766968" lon="2.96031610"><ele>1288.895</ele><time>2026-09-21T08:33:51Z</time><speed>1.050</speed><sat>28</sat></trkpt>
  <trkpt lat="45.76766899" lon="2.96036004"><ele>1289.013</ele><time>2026-09-21T08:33:54Z</time><speed>1.250</speed><sat>27</sat></trkpt>
  <trkpt lat="45.76766898" lon="2.96040001"><ele>1289.127</ele><time>2026-09-21T08:33:57Z</time><speed>1.170</speed><sat>28</sat></trkpt>
  <trkpt lat="45.76765751" lon="2.96043216"><ele>1290.121</ele><time>2026-09-21T08:34:00Z</time><speed>1.040</speed><sat>27</sat></trkpt>
  <trkpt lat="45.76765205" lon="2.96046977"><ele>1290.521</ele><time>2026-09-21T08:34:03Z</time><speed>0.960</speed><sat>28</sat></trkpt>
  <trkpt lat="45.76765073" lon="2.96051595"><ele>1290.050</ele><time>2026-09-21T08:34:06Z</time><speed>1.270</speed><sat>27</sat></trkpt>
  <trkpt lat="45.76765860" lon="2.96056014"><ele>1290.209</ele><time>2026-09-21T08:34:09Z</time><speed>1.080</speed><sat>27</sat></trkpt>
  <trkpt lat="45.76765211" lon="2.96058134"><ele>1291.282</ele><time>2026-09-21T08:34:12Z</time><speed>0.290</speed><sat>28</sat></trkpt>
  <trkpt lat="45.76765304" lon="2.96058500"><ele>1291.421</ele><time>2026-09-21T08:34:15Z</time><speed>0.000</speed><sat>27</sat></trkpt>
  <trkpt lat="45.76765299" lon="2.96058444"><ele>1291.469</ele><time>2026-09-21T08:34:18Z</time><speed>0.000</speed><sat>28</sat></trkpt>
  <trkpt lat="45.76765350" lon="2.96058652"><ele>1291.565</ele><time>2026-09-21T08:34:21Z</time><speed>0.240</speed><sat>26</sat></trkpt>
  <trkpt lat="45.76766879" lon="2.96060970"><ele>1291.881</ele><time>2026-09-21T08:34:24Z</time><speed>0.520</speed><sat>27</sat></trkpt>
  <trkpt lat="45.76769069" lon="2.96062525"><ele>1291.927</ele><time>2026-09-21T08:34:27Z</time><speed>1.160</speed><sat>27</sat></trkpt>
  <trkpt lat="45.76771803" lon="2.96063628"><ele>1292.838</ele><time>2026-09-21T08:34:30Z</time><speed>0.960</speed><sat>27</sat></trkpt>
  <trkpt lat="45.76773902" lon="2.96063723"><ele>1294.130</ele><time>2026-09-21T08:34:33Z</time><speed>0.900</speed><sat>26</sat></trkpt>
  <trkpt lat="45.76776187" lon="2.96061575"><ele>1293.926</ele><time>2026-09-21T08:34:36Z</time><speed>1.340</speed><sat>26</sat></trkpt>
  <trkpt lat="45.76777845" lon="2.96058085"><ele>1294.778</ele><time>2026-09-21T08:34:39Z</time><speed>1.010</speed><sat>26</sat></trkpt>
  <trkpt lat="45.76780022" lon="2.96055713"><ele>1296.072</ele><time>2026-09-21T08:34:42Z</time><speed>1.000</speed><sat>25</sat></trkpt>
  <trkpt lat="45.76781733" lon="2.96052770"><ele>1297.709</ele><time>2026-09-21T08:34:45Z</time><speed>1.010</speed><sat>24</sat></trkpt>
  <trkpt lat="45.76783108" lon="2.96049919"><ele>1297.518</ele><time>2026-09-21T08:34:48Z</time><speed>0.830</speed><sat>23</sat></trkpt>
  <trkpt lat="45.76784334" lon="2.96047699"><ele>1297.255</ele><time>2026-09-21T08:34:51Z</time><speed>0.770</speed><sat>22</sat></trkpt>
  <trkpt lat="45.76786038" lon="2.96045256"><ele>1297.657</ele><time>2026-09-21T08:34:54Z</time><speed>0.820</speed><sat>22</sat></trkpt>
  <trkpt lat="45.76787497" lon="2.96041248"><ele>1296.569</ele><time>2026-09-21T08:34:57Z</time><speed>0.840</speed><sat>24</sat></trkpt>
  <trkpt lat="45.76788514" lon="2.96037087"><ele>1297.925</ele><time>2026-09-21T08:35:00Z</time><speed>0.870</speed><sat>25</sat></trkpt>
  <trkpt lat="45.76786715" lon="2.96033026"><ele>1300.155</ele><time>2026-09-21T08:35:03Z</time><speed>2.150</speed><sat>27</sat></trkpt>
  <trkpt lat="45.76785216" lon="2.96036530"><ele>1300.092</ele><time>2026-09-21T08:35:06Z</time><speed>0.760</speed><sat>24</sat></trkpt>
  <trkpt lat="45.76785499" lon="2.96037550"><ele>1299.904</ele><time>2026-09-21T08:35:09Z</time><speed>0.300</speed><sat>22</sat></trkpt>
  <trkpt lat="45.76785563" lon="2.96037941"><ele>1299.684</ele><time>2026-09-21T08:35:12Z</time><speed>0.000</speed><sat>23</sat></trkpt>
  <trkpt lat="45.76786076" lon="2.96039201"><ele>1299.135</ele><time>2026-09-21T08:35:15Z</time><speed>0.200</speed><sat>23</sat></trkpt>
  <trkpt lat="45.76786168" lon="2.96039205"><ele>1299.147</ele><time>2026-09-21T08:35:18Z</time><speed>0.000</speed><sat>22</sat></trkpt>
  <trkpt lat="45.76786167" lon="2.96039167"><ele>1299.114</ele><time>2026-09-21T08:35:21Z</time><speed>0.000</speed><sat>24</sat></trkpt>
  <trkpt lat="45.76786175" lon="2.96039153"><ele>1299.121</ele><time>2026-09-21T08:35:24Z</time><speed>0.000</speed><sat>23</sat></trkpt>
  <trkpt lat="45.76786163" lon="2.96039149"><ele>1299.118</ele><time>2026-09-21T08:35:27Z</time><speed>0.000</speed><sat>24</sat></trkpt>
  <trkpt lat="45.76786162" lon="2.96039129"><ele>1299.084</ele><time>2026-09-21T08:35:30Z</time><speed>0.000</speed><sat>25</sat></trkpt>
  <trkpt lat="45.76786169" lon="2.96039115"><ele>1299.079</ele><time>2026-09-21T08:35:33Z</time><speed>0.000</speed><sat>24</sat></trkpt>
  <trkpt lat="45.76786179" lon="2.96039109"><ele>1299.079</ele><time>2026-09-21T08:35:36Z</time><speed>0.000</speed><sat>23</sat></trkpt>
  <trkpt lat="45.76786177" lon="2.96039097"><ele>1299.085</ele><time>2026-09-21T08:35:39Z</time><speed>0.000</speed><sat>22</sat></trkpt>
  <trkpt lat="45.76786162" lon="2.96039074"><ele>1299.108</ele><time>2026-09-21T08:35:42Z</time><speed>0.000</speed><sat>22</sat></trkpt>
  <trkpt lat="45.76786117" lon="2.96039043"><ele>1299.145</ele><time>2026-09-21T08:35:45Z</time><speed>0.000</speed><sat>22</sat></trkpt>
  <trkpt lat="45.76786059" lon="2.96038986"><ele>1299.167</ele><time>2026-09-21T08:35:48Z</time><speed>0.000</speed><sat>23</sat></trkpt>
  <trkpt lat="45.76786023" lon="2.96038924"><ele>1299.176</ele><time>2026-09-21T08:35:51Z</time><speed>0.000</speed><sat>24</sat></trkpt>
  <trkpt lat="45.76786010" lon="2.96038920"><ele>1299.201</ele><time>2026-09-21T08:35:54Z</time><speed>0.000</speed><sat>24</sat></trkpt>
  <trkpt lat="45.76785974" lon="2.96038918"><ele>1299.209</ele><time>2026-09-21T08:35:57Z</time><speed>0.000</speed><sat>25</sat></trkpt>
  <trkpt lat="45.76785940" lon="2.96038933"><ele>1299.238</ele><time>2026-09-21T08:36:00Z</time><speed>0.000</speed><sat>23</sat></trkpt>
  <trkpt lat="45.76785920" lon="2.96038932"><ele>1299.275</ele><time>2026-09-21T08:36:03Z</time><speed>0.000</speed><sat>24</sat></trkpt>
  <trkpt lat="45.76785936" lon="2.96038908"><ele>1299.246</ele><time>2026-09-21T08:36:06Z</time><speed>0.000</speed><sat>26</sat></trkpt>
  <trkpt lat="45.76785949" lon="2.96038871"><ele>1299.208</ele><time>2026-09-21T08:36:09Z</time><speed>0.000</speed><sat>24</sat></trkpt>
  <trkpt lat="45.76785955" lon="2.96038846"><ele>1299.215</ele><time>2026-09-21T08:36:12Z</time><speed>0.000</speed><sat>23</sat></trkpt>
  <trkpt lat="45.76785967" lon="2.96038801"><ele>1299.160</ele><time>2026-09-21T08:36:15Z</time><speed>0.000</speed><sat>24</sat></trkpt>
  <trkpt lat="45.76785966" lon="2.96038789"><ele>1299.173</ele><time>2026-09-21T08:36:18Z</time><speed>0.000</speed><sat>24</sat></trkpt>
  <trkpt lat="45.76785962" lon="2.96038785"><ele>1299.184</ele><time>2026-09-21T08:36:21Z</time><speed>0.000</speed><sat>25</sat></trkpt>
  <trkpt lat="45.76785967" lon="2.96038760"><ele>1299.173</ele><time>2026-09-21T08:36:24Z</time><speed>0.000</speed><sat>22</sat></trkpt>
  <trkpt lat="45.76785982" lon="2.96038746"><ele>1299.187</ele><time>2026-09-21T08:36:27Z</time><speed>0.000</speed><sat>22</sat></trkpt>
  <trkpt lat="45.76785995" lon="2.96038739"><ele>1299.186</ele><time>2026-09-21T08:36:30Z</time><speed>0.000</speed><sat>24</sat></trkpt>
  <trkpt lat="45.76786002" lon="2.96038724"><ele>1299.195</ele><time>2026-09-21T08:36:33Z</time><speed>0.000</speed><sat>23</sat></trkpt>
  <trkpt lat="45.76785994" lon="2.96038712"><ele>1299.209</ele><time>2026-09-21T08:36:36Z</time><speed>0.000</speed><sat>24</sat></trkpt>
  <trkpt lat="45.76785990" lon="2.96038716"><ele>1299.221</ele><time>2026-09-21T08:36:39Z</time><speed>0.000</speed><sat>24</sat></trkpt>
  <trkpt lat="45.76785998" lon="2.96038696"><ele>1299.216</ele><time>2026-09-21T08:36:42Z</time><speed>0.000</speed><sat>24</sat></trkpt>
  <trkpt lat="45.76785998" lon="2.96038692"><ele>1299.234</ele><time>2026-09-21T08:36:45Z</time><speed>0.000</speed><sat>23</sat></trkpt>
  <trkpt lat="45.76785989" lon="2.96038690"><ele>1299.261</ele><time>2026-09-21T08:36:48Z</time><speed>0.000</speed><sat>23</sat></trkpt>
  <trkpt lat="45.76785989" lon="2.96038687"><ele>1299.262</ele><time>2026-09-21T08:36:51Z</time><speed>0.000</speed><sat>22</sat></trkpt>
  <trkpt lat="45.76786003" lon="2.96038669"><ele>1299.248</ele><time>2026-09-21T08:36:54Z</time><speed>0.000</speed><sat>21</sat></trkpt>
  <trkpt lat="45.76786011" lon="2.96038638"><ele>1299.227</ele><time>2026-09-21T08:36:57Z</time><speed>0.000</speed><sat>23</sat></trkpt>
  <trkpt lat="45.76786024" lon="2.96038628"><ele>1299.230</ele><time>2026-09-21T08:37:00Z</time><speed>0.000</speed><sat>20</sat></trkpt>
  <trkpt lat="45.76786035" lon="2.96038610"><ele>1299.255</ele><time>2026-09-21T08:37:03Z</time><speed>0.000</speed><sat>20</sat></trkpt>
  <trkpt lat="45.76786038" lon="2.96038588"><ele>1299.240</ele><time>2026-09-21T08:37:06Z</time><speed>0.000</speed><sat>25</sat></trkpt>
  <trkpt lat="45.76786035" lon="2.96038558"><ele>1299.235</ele><time>2026-09-21T08:37:09Z</time><speed>0.000</speed><sat>25</sat></trkpt>
  <trkpt lat="45.76786031" lon="2.96038534"><ele>1299.223</ele><time>2026-09-21T08:37:12Z</time><speed>0.000</speed><sat>24</sat></trkpt>
  <trkpt lat="45.76786023" lon="2.96038497"><ele>1299.197</ele><time>2026-09-21T08:37:15Z</time><speed>0.000</speed><sat>26</sat></trkpt>
  <trkpt lat="45.76786016" lon="2.96038457"><ele>1299.175</ele><time>2026-09-21T08:37:18Z</time><speed>0.000</speed><sat>24</sat></trkpt>
  <trkpt lat="45.76786015" lon="2.96038433"><ele>1299.191</ele><time>2026-09-21T08:37:21Z</time><speed>0.000</speed><sat>24</sat></trkpt>
  <trkpt lat="45.76786006" lon="2.96038411"><ele>1299.201</ele><time>2026-09-21T08:37:24Z</time><speed>0.000</speed><sat>25</sat></trkpt>
  <trkpt lat="45.76786140" lon="2.96038149"><ele>1298.916</ele><time>2026-09-21T08:37:27Z</time><speed>0.000</speed><sat>23</sat></trkpt>
  <trkpt lat="45.76786549" lon="2.96036157"><ele>1298.920</ele><time>2026-09-21T08:37:30Z</time><speed>0.870</speed><sat>22</sat></trkpt>
  <trkpt lat="45.76786876" lon="2.96033976"><ele>1298.128</ele><time>2026-09-21T08:37:33Z</time><speed>0.420</speed><sat>23</sat></trkpt>
  <trkpt lat="45.76790091" lon="2.96028923"><ele>1297.860</ele><time>2026-09-21T08:37:36Z</time><speed>1.100</speed><sat>24</sat></trkpt>
  <trkpt lat="45.76791178" lon="2.96027229"><ele>1299.882</ele><time>2026-09-21T08:37:39Z</time><speed>0.720</speed><sat>25</sat></trkpt>
  <trkpt lat="45.76792877" lon="2.96023994"><ele>1301.441</ele><time>2026-09-21T08:37:42Z</time><speed>0.920</speed><sat>24</sat></trkpt>
  <trkpt lat="45.76793446" lon="2.96021504"><ele>1301.480</ele><time>2026-09-21T08:37:45Z</time><speed>0.780</speed><sat>25</sat></trkpt>
  <trkpt lat="45.76795172" lon="2.96018917"><ele>1301.636</ele><time>2026-09-21T08:37:48Z</time><speed>0.980</speed><sat>24</sat></trkpt>
  <trkpt lat="45.76796854" lon="2.96017368"><ele>1301.490</ele><time>2026-09-21T08:37:51Z</time><speed>1.380</speed><sat>24</sat></trkpt>
  <trkpt lat="45.76799853" lon="2.96014447"><ele>1300.634</ele><time>2026-09-21T08:37:54Z</time><speed>1.200</speed><sat>26</sat></trkpt>
  <trkpt lat="45.76801467" lon="2.96011676"><ele>1300.953</ele><time>2026-09-21T08:37:57Z</time><speed>1.010</speed><sat>25</sat></trkpt>
  <trkpt lat="45.76803031" lon="2.96008952"><ele>1300.531</ele><time>2026-09-21T08:38:00Z</time><speed>0.970</speed><sat>22</sat></trkpt>
  <trkpt lat="45.76804923" lon="2.96006679"><ele>1300.759</ele><time>2026-09-21T08:38:03Z</time><speed>0.960</speed><sat>23</sat></trkpt>
  <trkpt lat="45.76806461" lon="2.96003971"><ele>1301.324</ele><time>2026-09-21T08:38:06Z</time><speed>0.960</speed><sat>22</sat></trkpt>
  <trkpt lat="45.76808748" lon="2.96001480"><ele>1303.737</ele><time>2026-09-21T08:38:09Z</time><speed>0.960</speed><sat>20</sat></trkpt>
  <trkpt lat="45.76810901" lon="2.95998525"><ele>1303.798</ele><time>2026-09-21T08:38:12Z</time><speed>0.970</speed><sat>23</sat></trkpt>
  <trkpt lat="45.76812866" lon="2.95997024"><ele>1304.986</ele><time>2026-09-21T08:38:15Z</time><speed>1.070</speed><sat>25</sat></trkpt>
  <trkpt lat="45.76814405" lon="2.95993909"><ele>1306.365</ele><time>2026-09-21T08:38:18Z</time><speed>0.870</speed><sat>24</sat></trkpt>
  <trkpt lat="45.76816181" lon="2.95991088"><ele>1306.292</ele><time>2026-09-21T08:38:21Z</time><speed>0.930</speed><sat>23</sat></trkpt>
  <trkpt lat="45.76818115" lon="2.95988600"><ele>1308.310</ele><time>2026-09-21T08:38:24Z</time><speed>1.070</speed><sat>25</sat></trkpt>
  <trkpt lat="45.76820422" lon="2.95985182"><ele>1307.779</ele><time>2026-09-21T08:38:27Z</time><speed>1.010</speed><sat>25</sat></trkpt>
  <trkpt lat="45.76823633" lon="2.95982477"><ele>1307.838</ele><time>2026-09-21T08:38:30Z</time><speed>1.100</speed><sat>22</sat></trkpt>
  <trkpt lat="45.76826462" lon="2.95980586"><ele>1309.173</ele><time>2026-09-21T08:38:33Z</time><speed>1.070</speed><sat>22</sat></trkpt>
  <trkpt lat="45.76829442" lon="2.95978726"><ele>1309.492</ele><time>2026-09-21T08:38:36Z</time><speed>1.080</speed><sat>25</sat></trkpt>
  <trkpt lat="45.76831929" lon="2.95975804"><ele>1310.125</ele><time>2026-09-21T08:38:39Z</time><speed>1.080</speed><sat>24</sat></trkpt>
  <trkpt lat="45.76834278" lon="2.95973876"><ele>1311.265</ele><time>2026-09-21T08:38:42Z</time><speed>1.060</speed><sat>23</sat></trkpt>
  <trkpt lat="45.76836511" lon="2.95971953"><ele>1311.391</ele><time>2026-09-21T08:38:45Z</time><speed>1.030</speed><sat>24</sat></trkpt>
  <trkpt lat="45.76838578" lon="2.95969311"><ele>1310.872</ele><time>2026-09-21T08:38:48Z</time><speed>1.010</speed><sat>24</sat></trkpt>
  <trkpt lat="45.76841199" lon="2.95967310"><ele>1310.248</ele><time>2026-09-21T08:38:51Z</time><speed>1.030</speed><sat>21</sat></trkpt>
  <trkpt lat="45.76843917" lon="2.95966540"><ele>1311.519</ele><time>2026-09-21T08:38:54Z</time><speed>0.960</speed><sat>24</sat></trkpt>
  <trkpt lat="45.76846282" lon="2.95965070"><ele>1312.788</ele><time>2026-09-21T08:38:57Z</time><speed>0.960</speed><sat>24</sat></trkpt>
  <trkpt lat="45.76849182" lon="2.95963898"><ele>1313.888</ele><time>2026-09-21T08:39:00Z</time><speed>1.060</speed><sat>24</sat></trkpt>
  <trkpt lat="45.76852432" lon="2.95962496"><ele>1312.962</ele><time>2026-09-21T08:39:03Z</time><speed>1.160</speed><sat>24</sat></trkpt>
  <trkpt lat="45.76856150" lon="2.95960966"><ele>1312.043</ele><time>2026-09-21T08:39:06Z</time><speed>1.170</speed><sat>24</sat></trkpt>
  <trkpt lat="45.76858362" lon="2.95957859"><ele>1312.546</ele><time>2026-09-21T08:39:09Z</time><speed>1.090</speed><sat>25</sat></trkpt>
  <trkpt lat="45.76860118" lon="2.95955739"><ele>1314.484</ele><time>2026-09-21T08:39:12Z</time><speed>1.040</speed><sat>24</sat></trkpt>
  <trkpt lat="45.76862253" lon="2.95952952"><ele>1314.943</ele><time>2026-09-21T08:39:15Z</time><speed>1.030</speed><sat>25</sat></trkpt>
  <trkpt lat="45.76863583" lon="2.95949528"><ele>1315.587</ele><time>2026-09-21T08:39:18Z</time><speed>0.970</speed><sat>26</sat></trkpt>
  <trkpt lat="45.76864008" lon="2.95945381"><ele>1317.881</ele><time>2026-09-21T08:39:21Z</time><speed>0.920</speed><sat>26</sat></trkpt>
  <trkpt lat="45.76865529" lon="2.95942754"><ele>1318.735</ele><time>2026-09-21T08:39:24Z</time><speed>0.710</speed><sat>25</sat></trkpt>
  <trkpt lat="45.76865443" lon="2.95943480"><ele>1317.502</ele><time>2026-09-21T08:39:27Z</time><speed>0.000</speed><sat>26</sat></trkpt>
  <trkpt lat="45.76865456" lon="2.95942784"><ele>1317.933</ele><time>2026-09-21T08:39:30Z</time><speed>0.000</speed><sat>25</sat></trkpt>
  <trkpt lat="45.76865466" lon="2.95942446"><ele>1318.229</ele><time>2026-09-21T08:39:33Z</time><speed>0.230</speed><sat>26</sat></trkpt>
  <trkpt lat="45.76865725" lon="2.95941980"><ele>1318.763</ele><time>2026-09-21T08:39:36Z</time><speed>0.000</speed><sat>27</sat></trkpt>
  <trkpt lat="45.76865734" lon="2.95941955"><ele>1318.790</ele><time>2026-09-21T08:39:39Z</time><speed>0.000</speed><sat>25</sat></trkpt>
  <trkpt lat="45.76865735" lon="2.95941934"><ele>1318.779</ele><time>2026-09-21T08:39:42Z</time><speed>0.000</speed><sat>24</sat></trkpt>
  <trkpt lat="45.76865742" lon="2.95941929"><ele>1318.802</ele><time>2026-09-21T08:39:45Z</time><speed>0.000</speed><sat>24</sat></trkpt>
  <trkpt lat="45.76867105" lon="2.95941695"><ele>1318.999</ele><time>2026-09-21T08:39:48Z</time><speed>0.840</speed><sat>25</sat></trkpt>
  <trkpt lat="45.76868942" lon="2.95940982"><ele>1319.181</ele><time>2026-09-21T08:39:51Z</time><speed>0.820</speed><sat>25</sat></trkpt>
  <trkpt lat="45.76871090" lon="2.95942125"><ele>1319.816</ele><time>2026-09-21T08:39:54Z</time><speed>0.910</speed><sat>27</sat></trkpt>
  <trkpt lat="45.76873338" lon="2.95942839"><ele>1320.229</ele><time>2026-09-21T08:39:57Z</time><speed>0.850</speed><sat>28</sat></trkpt>
  <trkpt lat="45.76875653" lon="2.95943412"><ele>1320.927</ele><time>2026-09-21T08:40:00Z</time><speed>0.850</speed><sat>27</sat></trkpt>
  <trkpt lat="45.76878007" lon="2.95944023"><ele>1321.849</ele><time>2026-09-21T08:40:03Z</time><speed>0.780</speed><sat>25</sat></trkpt>
  <trkpt lat="45.76880432" lon="2.95944050"><ele>1322.875</ele><time>2026-09-21T08:40:06Z</time><speed>0.790</speed><sat>26</sat></trkpt>
  <trkpt lat="45.76882506" lon="2.95942413"><ele>1323.185</ele><time>2026-09-21T08:40:09Z</time><speed>0.780</speed><sat>25</sat></trkpt>
  <trkpt lat="45.76884674" lon="2.95941742"><ele>1324.094</ele><time>2026-09-21T08:40:12Z</time><speed>0.750</speed><sat>26</sat></trkpt>
  <trkpt lat="45.76886690" lon="2.95940443"><ele>1326.598</ele><time>2026-09-21T08:40:15Z</time><speed>0.850</speed><sat>27</sat></trkpt>
  <trkpt lat="45.76889187" lon="2.95937755"><ele>1326.189</ele><time>2026-09-21T08:40:18Z</time><speed>0.830</speed><sat>27</sat></trkpt>
  <trkpt lat="45.76891750" lon="2.95938527"><ele>1326.325</ele><time>2026-09-21T08:40:21Z</time><speed>0.790</speed><sat>27</sat></trkpt>
  <trkpt lat="45.76893832" lon="2.95940298"><ele>1326.276</ele><time>2026-09-21T08:40:24Z</time><speed>0.760</speed><sat>27</sat></trkpt>
  <trkpt lat="45.76894427" lon="2.95942962"><ele>1325.990</ele><time>2026-09-21T08:40:27Z</time><speed>0.820</speed><sat>24</sat></trkpt>
  <trkpt lat="45.76893891" lon="2.95945798"><ele>1326.770</ele><time>2026-09-21T08:40:30Z</time><speed>0.870</speed><sat>22</sat></trkpt>
  <trkpt lat="45.76893151" lon="2.95948274"><ele>1326.950</ele><time>2026-09-21T08:40:33Z</time><speed>0.860</speed><sat>22</sat></trkpt>
  <trkpt lat="45.76891636" lon="2.95950541"><ele>1327.179</ele><time>2026-09-21T08:40:36Z</time><speed>0.790</speed><sat>24</sat></trkpt>
  <trkpt lat="45.76889873" lon="2.95952889"><ele>1327.994</ele><time>2026-09-21T08:40:39Z</time><speed>0.880</speed><sat>22</sat></trkpt>
  <trkpt lat="45.76887860" lon="2.95954974"><ele>1328.855</ele><time>2026-09-21T08:40:42Z</time><speed>0.940</speed><sat>23</sat></trkpt>
  <trkpt lat="45.76885807" lon="2.95957299"><ele>1329.779</ele><time>2026-09-21T08:40:45Z</time><speed>0.990</speed><sat>23</sat></trkpt>
  <trkpt lat="45.76883746" lon="2.95960111"><ele>1329.601</ele><time>2026-09-21T08:40:48Z</time><speed>0.870</speed><sat>22</sat></trkpt>
  <trkpt lat="45.76880874" lon="2.95961958"><ele>1330.096</ele><time>2026-09-21T08:40:51Z</time><speed>1.160</speed><sat>22</sat></trkpt>
  <trkpt lat="45.76877937" lon="2.95963868"><ele>1331.321</ele><time>2026-09-21T08:40:54Z</time><speed>0.930</speed><sat>23</sat></trkpt>
  <trkpt lat="45.76874892" lon="2.95966529"><ele>1331.806</ele><time>2026-09-21T08:40:57Z</time><speed>1.200</speed><sat>24</sat></trkpt>
  <trkpt lat="45.76872350" lon="2.95968794"><ele>1331.891</ele><time>2026-09-21T08:41:00Z</time><speed>0.810</speed><sat>24</sat></trkpt>
  <trkpt lat="45.76869530" lon="2.95971487"><ele>1332.793</ele><time>2026-09-21T08:41:03Z</time><speed>1.040</speed><sat>24</sat></trkpt>
  <trkpt lat="45.76867977" lon="2.95975623"><ele>1332.747</ele><time>2026-09-21T08:41:06Z</time><speed>1.130</speed><sat>25</sat></trkpt>
  <trkpt lat="45.76867906" lon="2.95979960"><ele>1333.413</ele><time>2026-09-21T08:41:09Z</time><speed>0.950</speed><sat>25</sat></trkpt>
  <trkpt lat="45.76870617" lon="2.95983136"><ele>1335.004</ele><time>2026-09-21T08:41:12Z</time><speed>1.080</speed><sat>25</sat></trkpt>
  <trkpt lat="45.76873587" lon="2.95984323"><ele>1335.340</ele><time>2026-09-21T08:41:15Z</time><speed>0.940</speed><sat>24</sat></trkpt>
  <trkpt lat="45.76876368" lon="2.95986451"><ele>1335.682</ele><time>2026-09-21T08:41:18Z</time><speed>0.980</speed><sat>23</sat></trkpt>
  <trkpt lat="45.76879095" lon="2.95987068"><ele>1335.969</ele><time>2026-09-21T08:41:21Z</time><speed>0.860</speed><sat>22</sat></trkpt>
  <trkpt lat="45.76882164" lon="2.95986723"><ele>1337.520</ele><time>2026-09-21T08:41:24Z</time><speed>0.870</speed><sat>22</sat></trkpt>
  <trkpt lat="45.76884731" lon="2.95986112"><ele>1336.775</ele><time>2026-09-21T08:41:27Z</time><speed>0.870</speed><sat>24</sat></trkpt>
  <trkpt lat="45.76887277" lon="2.95986144"><ele>1338.268</ele><time>2026-09-21T08:41:30Z</time><speed>0.870</speed><sat>24</sat></trkpt>
  <trkpt lat="45.76890021" lon="2.95985454"><ele>1337.600</ele><time>2026-09-21T08:41:33Z</time><speed>0.850</speed><sat>22</sat></trkpt>
  <trkpt lat="45.76892396" lon="2.95983972"><ele>1338.719</ele><time>2026-09-21T08:41:36Z</time><speed>0.850</speed><sat>20</sat></trkpt>
  <trkpt lat="45.76894814" lon="2.95982823"><ele>1338.555</ele><time>2026-09-21T08:41:39Z</time><speed>0.850</speed><sat>25</sat></trkpt>
  <trkpt lat="45.76897316" lon="2.95981174"><ele>1341.041</ele><time>2026-09-21T08:41:42Z</time><speed>0.870</speed><sat>25</sat></trkpt>
  <trkpt lat="45.76899942" lon="2.95978141"><ele>1340.903</ele><time>2026-09-21T08:41:45Z</time><speed>0.870</speed><sat>23</sat></trkpt>
  <trkpt lat="45.76902515" lon="2.95975970"><ele>1339.669</ele><time>2026-09-21T08:41:48Z</time><speed>0.880</speed><sat>22</sat></trkpt>
  <trkpt lat="45.76905092" lon="2.95973940"><ele>1338.738</ele><time>2026-09-21T08:41:51Z</time><speed>0.880</speed><sat>23</sat></trkpt>
  <trkpt lat="45.76908153" lon="2.95971641"><ele>1339.000</ele><time>2026-09-21T08:41:54Z</time><speed>0.920</speed><sat>24</sat></trkpt>
  <trkpt lat="45.76911033" lon="2.95968761"><ele>1341.197</ele><time>2026-09-21T08:41:57Z</time><speed>0.940</speed><sat>25</sat></trkpt>
  <trkpt lat="45.76913535" lon="2.95966083"><ele>1342.873</ele><time>2026-09-21T08:42:00Z</time><speed>0.910</speed><sat>24</sat></trkpt>
  <trkpt lat="45.76915962" lon="2.95962886"><ele>1345.087</ele><time>2026-09-21T08:42:03Z</time><speed>0.870</speed><sat>24</sat></trkpt>
  <trkpt lat="45.76918791" lon="2.95961425"><ele>1345.338</ele><time>2026-09-21T08:42:06Z</time><speed>0.900</speed><sat>27</sat></trkpt>
  <trkpt lat="45.76921648" lon="2.95960090"><ele>1344.841</ele><time>2026-09-21T08:42:09Z</time><speed>0.890</speed><sat>26</sat></trkpt>
  <trkpt lat="45.76924291" lon="2.95958554"><ele>1346.360</ele><time>2026-09-21T08:42:12Z</time><speed>0.890</speed><sat>25</sat></trkpt>
  <trkpt lat="45.76927181" lon="2.95956419"><ele>1348.215</ele><time>2026-09-21T08:42:15Z</time><speed>0.900</speed><sat>25</sat></trkpt>
  <trkpt lat="45.76929715" lon="2.95953980"><ele>1347.547</ele><time>2026-09-21T08:42:18Z</time><speed>1.030</speed><sat>26</sat></trkpt>
  <trkpt lat="45.76931935" lon="2.95951750"><ele>1346.661</ele><time>2026-09-21T08:42:21Z</time><speed>0.920</speed><sat>27</sat></trkpt>
  <trkpt lat="45.76934580" lon="2.95949324"><ele>1347.757</ele><time>2026-09-21T08:42:24Z</time><speed>0.880</speed><sat>26</sat></trkpt>
  <trkpt lat="45.76937202" lon="2.95947346"><ele>1348.748</ele><time>2026-09-21T08:42:27Z</time><speed>1.000</speed><sat>26</sat></trkpt>
  <trkpt lat="45.76939737" lon="2.95945842"><ele>1349.729</ele><time>2026-09-21T08:42:30Z</time><speed>0.930</speed><sat>27</sat></trkpt>
  <trkpt lat="45.76942466" lon="2.95945496"><ele>1349.344</ele><time>2026-09-21T08:42:33Z</time><speed>0.910</speed><sat>27</sat></trkpt>
  <trkpt lat="45.76945033" lon="2.95944033"><ele>1351.207</ele><time>2026-09-21T08:42:36Z</time><speed>0.930</speed><sat>26</sat></trkpt>
  <trkpt lat="45.76946510" lon="2.95942384"><ele>1353.735</ele><time>2026-09-21T08:42:39Z</time><speed>0.800</speed><sat>26</sat></trkpt>
  <trkpt lat="45.76948849" lon="2.95941458"><ele>1353.354</ele><time>2026-09-21T08:42:42Z</time><speed>0.750</speed><sat>26</sat></trkpt>
  <trkpt lat="45.76950908" lon="2.95941723"><ele>1353.715</ele><time>2026-09-21T08:42:45Z</time><speed>0.850</speed><sat>26</sat></trkpt>
  <trkpt lat="45.76952317" lon="2.95941226"><ele>1356.101</ele><time>2026-09-21T08:42:48Z</time><speed>0.180</speed><sat>23</sat></trkpt>
  <trkpt lat="45.76952235" lon="2.95940591"><ele>1356.385</ele><time>2026-09-21T08:42:51Z</time><speed>0.000</speed><sat>25</sat></trkpt>
  <trkpt lat="45.76952329" lon="2.95940499"><ele>1356.276</ele><time>2026-09-21T08:42:54Z</time><speed>0.000</speed><sat>24</sat></trkpt>
  <trkpt lat="45.76952396" lon="2.95940439"><ele>1356.271</ele><time>2026-09-21T08:42:57Z</time><speed>0.000</speed><sat>25</sat></trkpt>
  <trkpt lat="45.76953034" lon="2.95940601"><ele>1356.719</ele><time>2026-09-21T08:43:00Z</time><speed>0.170</speed><sat>24</sat></trkpt>
  <trkpt lat="45.76954397" lon="2.95939640"><ele>1357.065</ele><time>2026-09-21T08:43:03Z</time><speed>0.000</speed><sat>24</sat></trkpt>
  <trkpt lat="45.76954417" lon="2.95939555"><ele>1357.027</ele><time>2026-09-21T08:43:06Z</time><speed>0.000</speed><sat>24</sat></trkpt>
  <trkpt lat="45.76954424" lon="2.95939556"><ele>1356.991</ele><time>2026-09-21T08:43:09Z</time><speed>0.000</speed><sat>24</sat></trkpt>
  <trkpt lat="45.76954434" lon="2.95939564"><ele>1356.936</ele><time>2026-09-21T08:43:12Z</time><speed>0.000</speed><sat>24</sat></trkpt>
  <trkpt lat="45.76954454" lon="2.95939555"><ele>1356.898</ele><time>2026-09-21T08:43:15Z</time><speed>0.000</speed><sat>24</sat></trkpt>
  <trkpt lat="45.76954782" lon="2.95939743"><ele>1356.932</ele><time>2026-09-21T08:43:18Z</time><speed>0.400</speed><sat>25</sat></trkpt>
  <trkpt lat="45.76955121" lon="2.95940330"><ele>1356.556</ele><time>2026-09-21T08:43:21Z</time><speed>0.000</speed><sat>26</sat></trkpt>
  <trkpt lat="45.76955196" lon="2.95940371"><ele>1356.147</ele><time>2026-09-21T08:43:24Z</time><speed>0.000</speed><sat>26</sat></trkpt>
  <trkpt lat="45.76955413" lon="2.95940365"><ele>1356.031</ele><time>2026-09-21T08:43:27Z</time><speed>0.240</speed><sat>26</sat></trkpt>
  <trkpt lat="45.76955481" lon="2.95939843"><ele>1355.288</ele><time>2026-09-21T08:43:30Z</time><speed>0.000</speed><sat>25</sat></trkpt>
  <trkpt lat="45.76955445" lon="2.95939833"><ele>1355.313</ele><time>2026-09-21T08:43:33Z</time><speed>0.000</speed><sat>25</sat></trkpt>
  <trkpt lat="45.76955468" lon="2.95939797"><ele>1355.194</ele><time>2026-09-21T08:43:36Z</time><speed>0.000</speed><sat>23</sat></trkpt>
  <trkpt lat="45.76955604" lon="2.95940595"><ele>1355.060</ele><time>2026-09-21T08:43:39Z</time><speed>0.350</speed><sat>23</sat></trkpt>
  <trkpt lat="45.76955589" lon="2.95941079"><ele>1355.326</ele><time>2026-09-21T08:43:42Z</time><speed>0.000</speed><sat>24</sat></trkpt>
  <trkpt lat="45.76955572" lon="2.95941029"><ele>1355.441</ele><time>2026-09-21T08:43:45Z</time><speed>0.000</speed><sat>24</sat></trkpt>
  <trkpt lat="45.76955572" lon="2.95941021"><ele>1355.531</ele><time>2026-09-21T08:43:48Z</time><speed>0.000</speed><sat>22</sat></trkpt>
  <trkpt lat="45.76955575" lon="2.95941002"><ele>1355.578</ele><time>2026-09-21T08:43:51Z</time><speed>0.000</speed><sat>22</sat></trkpt>
  <trkpt lat="45.76955551" lon="2.95940974"><ele>1355.588</ele><time>2026-09-21T08:43:54Z</time><speed>0.000</speed><sat>22</sat></trkpt>
  <trkpt lat="45.76955560" lon="2.95940938"><ele>1355.559</ele><time>2026-09-21T08:43:57Z</time><speed>0.000</speed><sat>24</sat></trkpt>
  <trkpt lat="45.76955258" lon="2.95941302"><ele>1355.537</ele><time>2026-09-21T08:44:00Z</time><speed>0.560</speed><sat>24</sat></trkpt>
  <trkpt lat="45.76954868" lon="2.95941799"><ele>1355.670</ele><time>2026-09-21T08:44:03Z</time><speed>0.580</speed><sat>23</sat></trkpt>
  <trkpt lat="45.76956234" lon="2.95944525"><ele>1355.734</ele><time>2026-09-21T08:44:06Z</time><speed>2.570</speed><sat>23</sat></trkpt>
  <trkpt lat="45.76957726" lon="2.95942820"><ele>1354.235</ele><time>2026-09-21T08:44:09Z</time><speed>0.770</speed><sat>23</sat></trkpt>
  <trkpt lat="45.76957132" lon="2.95942441"><ele>1355.564</ele><time>2026-09-21T08:44:12Z</time><speed>0.000</speed><sat>22</sat></trkpt>
  <trkpt lat="45.76956959" lon="2.95942547"><ele>1355.384</ele><time>2026-09-21T08:44:15Z</time><speed>0.000</speed><sat>23</sat></trkpt>
  <trkpt lat="45.76956957" lon="2.95942566"><ele>1355.416</ele><time>2026-09-21T08:44:18Z</time><speed>0.000</speed><sat>24</sat></trkpt>
  <trkpt lat="45.76956898" lon="2.95942830"><ele>1355.551</ele><time>2026-09-21T08:44:21Z</time><speed>0.000</speed><sat>22</sat></trkpt>
  <trkpt lat="45.76956922" lon="2.95942917"><ele>1355.528</ele><time>2026-09-21T08:44:24Z</time><speed>0.000</speed><sat>22</sat></trkpt>
  <trkpt lat="45.76956919" lon="2.95942956"><ele>1355.618</ele><time>2026-09-21T08:44:27Z</time><speed>0.000</speed><sat>22</sat></trkpt>
  <trkpt lat="45.76956934" lon="2.95942998"><ele>1355.609</ele><time>2026-09-21T08:44:30Z</time><speed>0.000</speed><sat>23</sat></trkpt>
  <trkpt lat="45.76956945" lon="2.95943026"><ele>1355.613</ele><time>2026-09-21T08:44:33Z</time><speed>0.000</speed><sat>23</sat></trkpt>
  <trkpt lat="45.76956939" lon="2.95943057"><ele>1355.625</ele><time>2026-09-21T08:44:36Z</time><speed>0.000</speed><sat>22</sat></trkpt>
  <trkpt lat="45.76956932" lon="2.95943108"><ele>1355.624</ele><time>2026-09-21T08:44:39Z</time><speed>0.000</speed><sat>23</sat></trkpt>
  <trkpt lat="45.76956938" lon="2.95943107"><ele>1355.604</ele><time>2026-09-21T08:44:42Z</time><speed>0.000</speed><sat>24</sat></trkpt>
  <trkpt lat="45.76956943" lon="2.95943128"><ele>1355.608</ele><time>2026-09-21T08:44:45Z</time><speed>0.000</speed><sat>24</sat></trkpt>
  <trkpt lat="45.76956911" lon="2.95943141"><ele>1355.635</ele><time>2026-09-21T08:44:48Z</time><speed>0.000</speed><sat>23</sat></trkpt>
  <trkpt lat="45.76956916" lon="2.95943150"><ele>1355.618</ele><time>2026-09-21T08:44:51Z</time><speed>0.000</speed><sat>23</sat></trkpt>
  <trkpt lat="45.76956913" lon="2.95943192"><ele>1355.622</ele><time>2026-09-21T08:44:54Z</time><speed>0.000</speed><sat>23</sat></trkpt>
  <trkpt lat="45.76956897" lon="2.95943197"><ele>1355.635</ele><time>2026-09-21T08:44:57Z</time><speed>0.000</speed><sat>23</sat></trkpt>
  <trkpt lat="45.76956910" lon="2.95943242"><ele>1355.652</ele><time>2026-09-21T08:45:00Z</time><speed>0.000</speed><sat>21</sat></trkpt>
  <trkpt lat="45.76956923" lon="2.95943277"><ele>1355.651</ele><time>2026-09-21T08:45:03Z</time><speed>0.000</speed><sat>23</sat></trkpt>
  <trkpt lat="45.76956925" lon="2.95943293"><ele>1355.684</ele><time>2026-09-21T08:45:06Z</time><speed>0.000</speed><sat>23</sat></trkpt>
  <trkpt lat="45.76956912" lon="2.95943281"><ele>1355.710</ele><time>2026-09-21T08:45:09Z</time><speed>0.000</speed><sat>21</sat></trkpt>
  <trkpt lat="45.76956905" lon="2.95943259"><ele>1355.729</ele><time>2026-09-21T08:45:12Z</time><speed>0.000</speed><sat>18</sat></trkpt>
  <trkpt lat="45.76956879" lon="2.95943249"><ele>1355.782</ele><time>2026-09-21T08:45:15Z</time><speed>0.000</speed><sat>24</sat></trkpt>
  <trkpt lat="45.76956862" lon="2.95943229"><ele>1355.802</ele><time>2026-09-21T08:45:18Z</time><speed>0.000</speed><sat>24</sat></trkpt>
  <trkpt lat="45.76956907" lon="2.95943542"><ele>1355.880</ele><time>2026-09-21T08:45:21Z</time><speed>0.000</speed><sat>23</sat></trkpt>
  <trkpt lat="45.76956951" lon="2.95943736"><ele>1355.856</ele><time>2026-09-21T08:45:24Z</time><speed>0.000</speed><sat>23</sat></trkpt>
  <trkpt lat="45.76956033" lon="2.95942648"><ele>1356.804</ele><time>2026-09-21T08:45:27Z</time><speed>0.370</speed><sat>23</sat></trkpt>
  <trkpt lat="45.76955665" lon="2.95942977"><ele>1356.819</ele><time>2026-09-21T08:45:30Z</time><speed>0.000</speed><sat>20</sat></trkpt>
  <trkpt lat="45.76955641" lon="2.95942993"><ele>1356.834</ele><time>2026-09-21T08:45:33Z</time><speed>0.000</speed><sat>22</sat></trkpt>
  <trkpt lat="45.76955615" lon="2.95942972"><ele>1356.849</ele><time>2026-09-21T08:45:36Z</time><speed>0.000</speed><sat>21</sat></trkpt>
  <trkpt lat="45.76955598" lon="2.95942967"><ele>1356.870</ele><time>2026-09-21T08:45:39Z</time><speed>0.000</speed><sat>21</sat></trkpt>
  <trkpt lat="45.76955590" lon="2.95942968"><ele>1356.880</ele><time>2026-09-21T08:45:42Z</time><speed>0.000</speed><sat>20</sat></trkpt>
  <trkpt lat="45.76955600" lon="2.95942989"><ele>1356.887</ele><time>2026-09-21T08:45:45Z</time><speed>0.000</speed><sat>21</sat></trkpt>
  <trkpt lat="45.76955619" lon="2.95943003"><ele>1356.889</ele><time>2026-09-21T08:45:48Z</time><speed>0.000</speed><sat>21</sat></trkpt>
  <trkpt lat="45.76955612" lon="2.95943012"><ele>1356.909</ele><time>2026-09-21T08:45:51Z</time><speed>0.000</speed><sat>22</sat></trkpt>
  <trkpt lat="45.76955603" lon="2.95942997"><ele>1356.919</ele><time>2026-09-21T08:45:54Z</time><speed>0.000</speed><sat>22</sat></trkpt>
  <trkpt lat="45.76955597" lon="2.95942991"><ele>1356.929</ele><time>2026-09-21T08:45:57Z</time><speed>0.000</speed><sat>21</sat></trkpt>
  <trkpt lat="45.76955599" lon="2.95942985"><ele>1356.919</ele><time>2026-09-21T08:46:00Z</time><speed>0.000</speed><sat>22</sat></trkpt>
  <trkpt lat="45.76955238" lon="2.95943044"><ele>1357.124</ele><time>2026-09-21T08:46:03Z</time><speed>0.000</speed><sat>23</sat></trkpt>
  <trkpt lat="45.76955222" lon="2.95943029"><ele>1357.112</ele><time>2026-09-21T08:46:06Z</time><speed>0.000</speed><sat>21</sat></trkpt>
  <trkpt lat="45.76955201" lon="2.95943047"><ele>1357.157</ele><time>2026-09-21T08:46:09Z</time><speed>0.000</speed><sat>21</sat></trkpt>
  <trkpt lat="45.76955234" lon="2.95943394"><ele>1357.323</ele><time>2026-09-21T08:46:12Z</time><speed>0.000</speed><sat>21</sat></trkpt>
  <trkpt lat="45.76955269" lon="2.95943430"><ele>1357.330</ele><time>2026-09-21T08:46:15Z</time><speed>0.000</speed><sat>22</sat></trkpt>
  <trkpt lat="45.76955338" lon="2.95943406"><ele>1357.369</ele><time>2026-09-21T08:46:18Z</time><speed>0.160</speed><sat>22</sat></trkpt>
  <trkpt lat="45.76956536" lon="2.95942950"><ele>1357.350</ele><time>2026-09-21T08:46:21Z</time><speed>0.390</speed><sat>20</sat></trkpt>
  <trkpt lat="45.76958315" lon="2.95942450"><ele>1357.277</ele><time>2026-09-21T08:46:24Z</time><speed>0.000</speed><sat>23</sat></trkpt>
  <trkpt lat="45.76958232" lon="2.95942583"><ele>1357.345</ele><time>2026-09-21T08:46:27Z</time><speed>0.000</speed><sat>23</sat></trkpt>
  <trkpt lat="45.76958243" lon="2.95942609"><ele>1357.383</ele><time>2026-09-21T08:46:30Z</time><speed>0.000</speed><sat>23</sat></trkpt>
  <trkpt lat="45.76958257" lon="2.95942622"><ele>1357.399</ele><time>2026-09-21T08:46:33Z</time><speed>0.000</speed><sat>23</sat></trkpt>
  <trkpt lat="45.76958306" lon="2.95942654"><ele>1357.449</ele><time>2026-09-21T08:46:36Z</time><speed>0.000</speed><sat>22</sat></trkpt>
  <trkpt lat="45.76958308" lon="2.95942656"><ele>1357.465</ele><time>2026-09-21T08:46:39Z</time><speed>0.000</speed><sat>22</sat></trkpt>
  <trkpt lat="45.76958294" lon="2.95942656"><ele>1357.484</ele><time>2026-09-21T08:46:42Z</time><speed>0.000</speed><sat>23</sat></trkpt>
  <trkpt lat="45.76958271" lon="2.95942658"><ele>1357.527</ele><time>2026-09-21T08:46:45Z</time><speed>0.000</speed><sat>23</sat></trkpt>
  <trkpt lat="45.76958267" lon="2.95942644"><ele>1357.528</ele><time>2026-09-21T08:46:48Z</time><speed>0.000</speed><sat>23</sat></trkpt>
  <trkpt lat="45.76958266" lon="2.95942647"><ele>1357.533</ele><time>2026-09-21T08:46:51Z</time><speed>0.000</speed><sat>20</sat></trkpt>
  <trkpt lat="45.76958259" lon="2.95942657"><ele>1357.537</ele><time>2026-09-21T08:46:54Z</time><speed>0.000</speed><sat>20</sat></trkpt>
  <trkpt lat="45.76958252" lon="2.95942661"><ele>1357.534</ele><time>2026-09-21T08:46:57Z</time><speed>0.000</speed><sat>20</sat></trkpt>
  <trkpt lat="45.76958250" lon="2.95942667"><ele>1357.548</ele><time>2026-09-21T08:47:00Z</time><speed>0.000</speed><sat>21</sat></trkpt>
  <trkpt lat="45.76958249" lon="2.95942671"><ele>1357.552</ele><time>2026-09-21T08:47:03Z</time><speed>0.000</speed><sat>22</sat></trkpt>
  <trkpt lat="45.76958249" lon="2.95942674"><ele>1357.551</ele><time>2026-09-21T08:47:06Z</time><speed>0.000</speed><sat>22</sat></trkpt>
  <trkpt lat="45.76958253" lon="2.95942674"><ele>1357.549</ele><time>2026-09-21T08:47:09Z</time><speed>0.000</speed><sat>20</sat></trkpt>
  <trkpt lat="45.76958265" lon="2.95942677"><ele>1357.568</ele><time>2026-09-21T08:47:12Z</time><speed>0.000</speed><sat>21</sat></trkpt>
  <trkpt lat="45.76958237" lon="2.95942686"><ele>1357.607</ele><time>2026-09-21T08:47:15Z</time><speed>0.000</speed><sat>22</sat></trkpt>
  <trkpt lat="45.76958204" lon="2.95942710"><ele>1357.647</ele><time>2026-09-21T08:47:18Z</time><speed>0.000</speed><sat>22</sat></trkpt>
  <trkpt lat="45.76958185" lon="2.95942723"><ele>1357.653</ele><time>2026-09-21T08:47:21Z</time><speed>0.000</speed><sat>21</sat></trkpt>
  <trkpt lat="45.76958169" lon="2.95942780"><ele>1357.733</ele><time>2026-09-21T08:47:24Z</time><speed>0.000</speed><sat>21</sat></trkpt>
  <trkpt lat="45.76958137" lon="2.95942807"><ele>1357.790</ele><time>2026-09-21T08:47:27Z</time><speed>0.000</speed><sat>22</sat></trkpt>
  <trkpt lat="45.76958070" lon="2.95942811"><ele>1357.843</ele><time>2026-09-21T08:47:30Z</time><speed>0.000</speed><sat>22</sat></trkpt>
  <trkpt lat="45.76957262" lon="2.95943718"><ele>1357.909</ele><time>2026-09-21T08:47:33Z</time><speed>1.000</speed><sat>21</sat></trkpt>
  <trkpt lat="45.76953193" lon="2.95942206"><ele>1358.761</ele><time>2026-09-21T08:47:36Z</time><speed>3.720</speed><sat>22</sat></trkpt>
  <trkpt lat="45.76950825" lon="2.95943932"><ele>1360.459</ele><time>2026-09-21T08:47:39Z</time><speed>0.280</speed><sat>22</sat></trkpt>
  <trkpt lat="45.76949233" lon="2.95947664"><ele>1360.950</ele><time>2026-09-21T08:47:42Z</time><speed>0.490</speed><sat>24</sat></trkpt>
  <trkpt lat="45.76947206" lon="2.95950558"><ele>1361.316</ele><time>2026-09-21T08:47:45Z</time><speed>0.730</speed><sat>24</sat></trkpt>
  <trkpt lat="45.76945485" lon="2.95953995"><ele>1361.154</ele><time>2026-09-21T08:47:48Z</time><speed>0.930</speed><sat>24</sat></trkpt>
  <trkpt lat="45.76944128" lon="2.95957548"><ele>1361.358</ele><time>2026-09-21T08:47:51Z</time><speed>0.870</speed><sat>26</sat></trkpt>
  <trkpt lat="45.76942579" lon="2.95960086"><ele>1361.925</ele><time>2026-09-21T08:47:54Z</time><speed>0.690</speed><sat>27</sat></trkpt>
  <trkpt lat="45.76941087" lon="2.95962355"><ele>1362.059</ele><time>2026-09-21T08:47:57Z</time><speed>0.620</speed><sat>27</sat></trkpt>
  <trkpt lat="45.76939736" lon="2.95965102"><ele>1362.325</ele><time>2026-09-21T08:48:00Z</time><speed>0.460</speed><sat>27</sat></trkpt>
  <trkpt lat="45.76937942" lon="2.95967656"><ele>1362.059</ele><time>2026-09-21T08:48:03Z</time><speed>0.910</speed><sat>27</sat></trkpt>
  <trkpt lat="45.76936960" lon="2.95970531"><ele>1361.681</ele><time>2026-09-21T08:48:06Z</time><speed>0.590</speed><sat>26</sat></trkpt>
  <trkpt lat="45.76935598" lon="2.95973639"><ele>1362.176</ele><time>2026-09-21T08:48:09Z</time><speed>0.460</speed><sat>26</sat></trkpt>
  <trkpt lat="45.76934413" lon="2.95976596"><ele>1363.009</ele><time>2026-09-21T08:48:12Z</time><speed>0.740</speed><sat>25</sat></trkpt>
  <trkpt lat="45.76932749" lon="2.95978790"><ele>1364.064</ele><time>2026-09-21T08:48:15Z</time><speed>0.840</speed><sat>24</sat></trkpt>
  <trkpt lat="45.76931391" lon="2.95981052"><ele>1366.025</ele><time>2026-09-21T08:48:18Z</time><speed>0.750</speed><sat>25</sat></trkpt>
  <trkpt lat="45.76929985" lon="2.95983810"><ele>1367.020</ele><time>2026-09-21T08:48:21Z</time><speed>0.880</speed><sat>25</sat></trkpt>
  <trkpt lat="45.76928829" lon="2.95986696"><ele>1366.608</ele><time>2026-09-21T08:48:24Z</time><speed>0.710</speed><sat>25</sat></trkpt>
  <trkpt lat="45.76927173" lon="2.95989522"><ele>1366.234</ele><time>2026-09-21T08:48:27Z</time><speed>0.730</speed><sat>25</sat></trkpt>
  <trkpt lat="45.76925194" lon="2.95992475"><ele>1365.959</ele><time>2026-09-21T08:48:30Z</time><speed>1.070</speed><sat>26</sat></trkpt>
  <trkpt lat="45.76923475" lon="2.95994784"><ele>1366.658</ele><time>2026-09-21T08:48:33Z</time><speed>0.800</speed><sat>26</sat></trkpt>
  <trkpt lat="45.76922140" lon="2.95997184"><ele>1367.603</ele><time>2026-09-21T08:48:36Z</time><speed>0.720</speed><sat>24</sat></trkpt>
  <trkpt lat="45.76921773" lon="2.96000722"><ele>1368.652</ele><time>2026-09-21T08:48:39Z</time><speed>0.730</speed><sat>24</sat></trkpt>
  <trkpt lat="45.76922735" lon="2.96003934"><ele>1369.535</ele><time>2026-09-21T08:48:42Z</time><speed>0.670</speed><sat>24</sat></trkpt>
  <trkpt lat="45.76924463" lon="2.96005984"><ele>1369.861</ele><time>2026-09-21T08:48:45Z</time><speed>0.580</speed><sat>24</sat></trkpt>
  <trkpt lat="45.76926607" lon="2.96007735"><ele>1369.527</ele><time>2026-09-21T08:48:48Z</time><speed>0.670</speed><sat>25</sat></trkpt>
  <trkpt lat="45.76927767" lon="2.96007882"><ele>1369.677</ele><time>2026-09-21T08:48:51Z</time><speed>0.000</speed><sat>24</sat></trkpt>
  <trkpt lat="45.76928591" lon="2.96008321"><ele>1369.424</ele><time>2026-09-21T08:48:54Z</time><speed>0.230</speed><sat>24</sat></trkpt>
  <trkpt lat="45.76929186" lon="2.96008695"><ele>1369.436</ele><time>2026-09-21T08:48:57Z</time><speed>0.000</speed><sat>23</sat></trkpt>
  <trkpt lat="45.76929190" lon="2.96008657"><ele>1369.441</ele><time>2026-09-21T08:49:00Z</time><speed>0.000</speed><sat>23</sat></trkpt>
  <trkpt lat="45.76929193" lon="2.96008654"><ele>1369.435</ele><time>2026-09-21T08:49:03Z</time><speed>0.000</speed><sat>22</sat></trkpt>
  <trkpt lat="45.76929197" lon="2.96008657"><ele>1369.453</ele><time>2026-09-21T08:49:06Z</time><speed>0.000</speed><sat>20</sat></trkpt>
  <trkpt lat="45.76929200" lon="2.96008660"><ele>1369.454</ele><time>2026-09-21T08:49:09Z</time><speed>0.000</speed><sat>20</sat></trkpt>
  <trkpt lat="45.76929204" lon="2.96008660"><ele>1369.460</ele><time>2026-09-21T08:49:12Z</time><speed>0.000</speed><sat>17</sat></trkpt>
  <trkpt lat="45.76929203" lon="2.96008669"><ele>1369.471</ele><time>2026-09-21T08:49:15Z</time><speed>0.000</speed><sat>18</sat></trkpt>
  <trkpt lat="45.76929973" lon="2.96008428"><ele>1368.682</ele><time>2026-09-21T08:49:18Z</time><speed>0.270</speed><sat>17</sat></trkpt>
  <trkpt lat="45.76930991" lon="2.96008310"><ele>1368.818</ele><time>2026-09-21T08:49:21Z</time><speed>0.790</speed><sat>22</sat></trkpt>
  <trkpt lat="45.76933794" lon="2.96008176"><ele>1369.615</ele><time>2026-09-21T08:49:24Z</time><speed>0.650</speed><sat>23</sat></trkpt>
  <trkpt lat="45.76935318" lon="2.96006326"><ele>1371.506</ele><time>2026-09-21T08:49:27Z</time><speed>0.670</speed><sat>22</sat></trkpt>
  <trkpt lat="45.76936925" lon="2.96004349"><ele>1371.556</ele><time>2026-09-21T08:49:30Z</time><speed>0.700</speed><sat>24</sat></trkpt>
  <trkpt lat="45.76938729" lon="2.96003205"><ele>1372.222</ele><time>2026-09-21T08:49:33Z</time><speed>0.590</speed><sat>25</sat></trkpt>
  <trkpt lat="45.76940329" lon="2.96001601"><ele>1372.601</ele><time>2026-09-21T08:49:36Z</time><speed>0.620</speed><sat>24</sat></trkpt>
  <trkpt lat="45.76942057" lon="2.96000217"><ele>1372.816</ele><time>2026-09-21T08:49:39Z</time><speed>0.690</speed><sat>23</sat></trkpt>
  <trkpt lat="45.76943678" lon="2.95998868"><ele>1372.268</ele><time>2026-09-21T08:49:42Z</time><speed>0.630</speed><sat>23</sat></trkpt>
  <trkpt lat="45.76945039" lon="2.95996126"><ele>1372.350</ele><time>2026-09-21T08:49:45Z</time><speed>0.670</speed><sat>23</sat></trkpt>
  <trkpt lat="45.76946624" lon="2.95994366"><ele>1371.689</ele><time>2026-09-21T08:49:48Z</time><speed>0.700</speed><sat>25</sat></trkpt>
  <trkpt lat="45.76948113" lon="2.95992803"><ele>1371.917</ele><time>2026-09-21T08:49:51Z</time><speed>0.710</speed><sat>24</sat></trkpt>
  <trkpt lat="45.76950082" lon="2.95993247"><ele>1372.889</ele><time>2026-09-21T08:49:54Z</time><speed>0.690</speed><sat>23</sat></trkpt>
  <trkpt lat="45.76951776" lon="2.95993498"><ele>1371.830</ele><time>2026-09-21T08:49:57Z</time><speed>0.890</speed><sat>23</sat></trkpt>
  <trkpt lat="45.76952405" lon="2.95995546"><ele>1372.432</ele><time>2026-09-21T08:50:00Z</time><speed>0.760</speed><sat>25</sat></trkpt>
  <trkpt lat="45.76952177" lon="2.95997943"><ele>1373.139</ele><time>2026-09-21T08:50:03Z</time><speed>0.940</speed><sat>24</sat></trkpt>
  <trkpt lat="45.76951839" lon="2.96000045"><ele>1374.205</ele><time>2026-09-21T08:50:06Z</time><speed>0.660</speed><sat>23</sat></trkpt>
  <trkpt lat="45.76950841" lon="2.96001831"><ele>1376.117</ele><time>2026-09-21T08:50:09Z</time><speed>0.620</speed><sat>25</sat></trkpt>
  <trkpt lat="45.76949928" lon="2.96003746"><ele>1377.388</ele><time>2026-09-21T08:50:12Z</time><speed>0.630</speed><sat>25</sat></trkpt>
  <trkpt lat="45.76947739" lon="2.96006270"><ele>1379.323</ele><time>2026-09-21T08:50:15Z</time><speed>1.410</speed><sat>24</sat></trkpt>
  <trkpt lat="45.76945961" lon="2.96007946"><ele>1379.751</ele><time>2026-09-21T08:50:18Z</time><speed>0.900</speed><sat>26</sat></trkpt>
  <trkpt lat="45.76944331" lon="2.96009271"><ele>1381.252</ele><time>2026-09-21T08:50:21Z</time><speed>0.720</speed><sat>25</sat></trkpt>
  <trkpt lat="45.76942574" lon="2.96012336"><ele>1380.815</ele><time>2026-09-21T08:50:24Z</time><speed>0.740</speed><sat>24</sat></trkpt>
  <trkpt lat="45.76940740" lon="2.96015738"><ele>1381.616</ele><time>2026-09-21T08:50:27Z</time><speed>0.900</speed><sat>25</sat></trkpt>
  <trkpt lat="45.76939438" lon="2.96018976"><ele>1381.535</ele><time>2026-09-21T08:50:30Z</time><speed>0.830</speed><sat>25</sat></trkpt>
  <trkpt lat="45.76938407" lon="2.96022422"><ele>1382.374</ele><time>2026-09-21T08:50:33Z</time><speed>0.810</speed><sat>26</sat></trkpt>
  <trkpt lat="45.76938528" lon="2.96026119"><ele>1382.935</ele><time>2026-09-21T08:50:36Z</time><speed>0.770</speed><sat>26</sat></trkpt>
  <trkpt lat="45.76940095" lon="2.96029090"><ele>1383.249</ele><time>2026-09-21T08:50:39Z</time><speed>0.770</speed><sat>24</sat></trkpt>
  <trkpt lat="45.76942723" lon="2.96029725"><ele>1383.419</ele><time>2026-09-21T08:50:42Z</time><speed>0.810</speed><sat>22</sat></trkpt>
  <trkpt lat="45.76945334" lon="2.96029042"><ele>1384.432</ele><time>2026-09-21T08:50:45Z</time><speed>0.830</speed><sat>23</sat></trkpt>
  <trkpt lat="45.76947948" lon="2.96028070"><ele>1384.611</ele><time>2026-09-21T08:50:48Z</time><speed>0.830</speed><sat>22</sat></trkpt>
  <trkpt lat="45.76950821" lon="2.96026387"><ele>1384.416</ele><time>2026-09-21T08:50:51Z</time><speed>0.800</speed><sat>24</sat></trkpt>
  <trkpt lat="45.76953188" lon="2.96025011"><ele>1384.149</ele><time>2026-09-21T08:50:54Z</time><speed>0.820</speed><sat>24</sat></trkpt>
  <trkpt lat="45.76955447" lon="2.96024378"><ele>1384.642</ele><time>2026-09-21T08:50:57Z</time><speed>0.820</speed><sat>23</sat></trkpt>
  <trkpt lat="45.76957748" lon="2.96023539"><ele>1384.120</ele><time>2026-09-21T08:51:00Z</time><speed>0.900</speed><sat>25</sat></trkpt>
  <trkpt lat="45.76959420" lon="2.96021035"><ele>1385.498</ele><time>2026-09-21T08:51:03Z</time><speed>0.790</speed><sat>25</sat></trkpt>
  <trkpt lat="45.76961367" lon="2.96018355"><ele>1387.302</ele><time>2026-09-21T08:51:06Z</time><speed>0.850</speed><sat>25</sat></trkpt>
  <trkpt lat="45.76963357" lon="2.96015409"><ele>1387.599</ele><time>2026-09-21T08:51:09Z</time><speed>0.790</speed><sat>24</sat></trkpt>
  <trkpt lat="45.76965363" lon="2.96012646"><ele>1387.434</ele><time>2026-09-21T08:51:12Z</time><speed>0.830</speed><sat>23</sat></trkpt>
  <trkpt lat="45.76967698" lon="2.96010076"><ele>1390.565</ele><time>2026-09-21T08:51:15Z</time><speed>0.860</speed><sat>23</sat></trkpt>
  <trkpt lat="45.76969332" lon="2.96006683"><ele>1391.636</ele><time>2026-09-21T08:51:18Z</time><speed>0.840</speed><sat>24</sat></trkpt>
  <trkpt lat="45.76971099" lon="2.96004432"><ele>1392.228</ele><time>2026-09-21T08:51:21Z</time><speed>0.860</speed><sat>26</sat></trkpt>
  <trkpt lat="45.76973590" lon="2.96002784"><ele>1393.302</ele><time>2026-09-21T08:51:24Z</time><speed>0.940</speed><sat>25</sat></trkpt>
  <trkpt lat="45.76974126" lon="2.96003210"><ele>1394.442</ele><time>2026-09-21T08:51:27Z</time><speed>0.810</speed><sat>24</sat></trkpt>
  <trkpt lat="45.76976300" lon="2.96002367"><ele>1396.317</ele><time>2026-09-21T08:51:30Z</time><speed>0.740</speed><sat>23</sat></trkpt>
  <trkpt lat="45.76978279" lon="2.96002750"><ele>1397.062</ele><time>2026-09-21T08:51:33Z</time><speed>0.700</speed><sat>25</sat></trkpt>
  <trkpt lat="45.76979824" lon="2.96004042"><ele>1396.347</ele><time>2026-09-21T08:51:36Z</time><speed>0.620</speed><sat>25</sat></trkpt>
  <trkpt lat="45.76980634" lon="2.96006165"><ele>1396.384</ele><time>2026-09-21T08:51:39Z</time><speed>0.740</speed><sat>25</sat></trkpt>
  <trkpt lat="45.76980401" lon="2.96008401"><ele>1396.908</ele><time>2026-09-21T08:51:42Z</time><speed>0.450</speed><sat>24</sat></trkpt>
  <trkpt lat="45.76980062" lon="2.96011401"><ele>1397.243</ele><time>2026-09-21T08:51:45Z</time><speed>0.690</speed><sat>24</sat></trkpt>
  <trkpt lat="45.76979972" lon="2.96013524"><ele>1397.684</ele><time>2026-09-21T08:51:48Z</time><speed>0.460</speed><sat>24</sat></trkpt>
  <trkpt lat="45.76979691" lon="2.96015912"><ele>1397.557</ele><time>2026-09-21T08:51:51Z</time><speed>0.680</speed><sat>23</sat></trkpt>
  <trkpt lat="45.76978912" lon="2.96017784"><ele>1397.737</ele><time>2026-09-21T08:51:54Z</time><speed>0.760</speed><sat>22</sat></trkpt>
  <trkpt lat="45.76977730" lon="2.96019686"><ele>1398.910</ele><time>2026-09-21T08:51:57Z</time><speed>0.800</speed><sat>22</sat></trkpt>
  <trkpt lat="45.76977205" lon="2.96021592"><ele>1399.783</ele><time>2026-09-21T08:52:00Z</time><speed>0.650</speed><sat>21</sat></trkpt>
  <trkpt lat="45.76977533" lon="2.96021841"><ele>1399.508</ele><time>2026-09-21T08:52:03Z</time><speed>0.000</speed><sat>20</sat></trkpt>
  <trkpt lat="45.76976907" lon="2.96021855"><ele>1399.673</ele><time>2026-09-21T08:52:06Z</time><speed>0.350</speed><sat>22</sat></trkpt>
  <trkpt lat="45.76975368" lon="2.96023137"><ele>1400.688</ele><time>2026-09-21T08:52:09Z</time><speed>0.900</speed><sat>23</sat></trkpt>
  <trkpt lat="45.76975097" lon="2.96024435"><ele>1400.914</ele><time>2026-09-21T08:52:12Z</time><speed>0.000</speed><sat>22</sat></trkpt>
  <trkpt lat="45.76975155" lon="2.96025455"><ele>1401.266</ele><time>2026-09-21T08:52:15Z</time><speed>0.660</speed><sat>25</sat></trkpt>
  <trkpt lat="45.76975421" lon="2.96027789"><ele>1401.598</ele><time>2026-09-21T08:52:18Z</time><speed>1.210</speed><sat>25</sat></trkpt>
  <trkpt lat="45.76975262" lon="2.96031468"><ele>1401.594</ele><time>2026-09-21T08:52:21Z</time><speed>1.810</speed><sat>25</sat></trkpt>
  <trkpt lat="45.76974287" lon="2.96033276"><ele>1402.595</ele><time>2026-09-21T08:52:24Z</time><speed>0.440</speed><sat>25</sat></trkpt>
  <trkpt lat="45.76975996" lon="2.96034945"><ele>1402.681</ele><time>2026-09-21T08:52:27Z</time><speed>0.000</speed><sat>23</sat></trkpt>
  <trkpt lat="45.76976093" lon="2.96034864"><ele>1402.690</ele><time>2026-09-21T08:52:30Z</time><speed>0.000</speed><sat>24</sat></trkpt>
  <trkpt lat="45.76975892" lon="2.96035506"><ele>1402.925</ele><time>2026-09-21T08:52:33Z</time><speed>0.640</speed><sat>21</sat></trkpt>
  <trkpt lat="45.76975517" lon="2.96037998"><ele>1403.165</ele><time>2026-09-21T08:52:36Z</time><speed>0.310</speed><sat>24</sat></trkpt>
  <trkpt lat="45.76975119" lon="2.96038968"><ele>1403.149</ele><time>2026-09-21T08:52:39Z</time><speed>0.000</speed><sat>23</sat></trkpt>
  <trkpt lat="45.76972391" lon="2.96043664"><ele>1402.907</ele><time>2026-09-21T08:52:42Z</time><speed>1.450</speed><sat>24</sat></trkpt>
  <trkpt lat="45.76972076" lon="2.96046438"><ele>1402.980</ele><time>2026-09-21T08:52:45Z</time><speed>1.230</speed><sat>23</sat></trkpt>
  <trkpt lat="45.76971265" lon="2.96048074"><ele>1402.969</ele><time>2026-09-21T08:52:48Z</time><speed>0.600</speed><sat>24</sat></trkpt>
  <trkpt lat="45.76969567" lon="2.96049324"><ele>1403.181</ele><time>2026-09-21T08:52:51Z</time><speed>0.770</speed><sat>24</sat></trkpt>
  <trkpt lat="45.76967930" lon="2.96049888"><ele>1404.316</ele><time>2026-09-21T08:52:54Z</time><speed>0.890</speed><sat>24</sat></trkpt>
  <trkpt lat="45.76966397" lon="2.96049941"><ele>1405.335</ele><time>2026-09-21T08:52:57Z</time><speed>0.480</speed><sat>24</sat></trkpt>
  <trkpt lat="45.76964769" lon="2.96049349"><ele>1405.700</ele><time>2026-09-21T08:53:00Z</time><speed>0.000</speed><sat>24</sat></trkpt>
  <trkpt lat="45.76963080" lon="2.96049579"><ele>1406.647</ele><time>2026-09-21T08:53:03Z</time><speed>0.830</speed><sat>25</sat></trkpt>
  <trkpt lat="45.76961666" lon="2.96051191"><ele>1407.027</ele><time>2026-09-21T08:53:06Z</time><speed>0.880</speed><sat>25</sat></trkpt>
  <trkpt lat="45.76959865" lon="2.96053782"><ele>1407.367</ele><time>2026-09-21T08:53:09Z</time><speed>0.730</speed><sat>23</sat></trkpt>
  <trkpt lat="45.76957508" lon="2.96056336"><ele>1408.118</ele><time>2026-09-21T08:53:12Z</time><speed>0.780</speed><sat>23</sat></trkpt>
  <trkpt lat="45.76955783" lon="2.96059279"><ele>1408.083</ele><time>2026-09-21T08:53:15Z</time><speed>1.180</speed><sat>23</sat></trkpt>
  <trkpt lat="45.76953854" lon="2.96061792"><ele>1409.273</ele><time>2026-09-21T08:53:18Z</time><speed>1.000</speed><sat>23</sat></trkpt>
  <trkpt lat="45.76951624" lon="2.96063766"><ele>1411.219</ele><time>2026-09-21T08:53:21Z</time><speed>0.830</speed><sat>23</sat></trkpt>
  <trkpt lat="45.76949606" lon="2.96067154"><ele>1412.110</ele><time>2026-09-21T08:53:24Z</time><speed>1.000</speed><sat>24</sat></trkpt>
  <trkpt lat="45.76946968" lon="2.96070117"><ele>1413.744</ele><time>2026-09-21T08:53:27Z</time><speed>0.900</speed><sat>23</sat></trkpt>
  <trkpt lat="45.76945064" lon="2.96073332"><ele>1412.536</ele><time>2026-09-21T08:53:30Z</time><speed>1.250</speed><sat>23</sat></trkpt>
  <trkpt lat="45.76942853" lon="2.96075503"><ele>1413.352</ele><time>2026-09-21T08:53:33Z</time><speed>0.830</speed><sat>24</sat></trkpt>
  <trkpt lat="45.76940103" lon="2.96078192"><ele>1415.221</ele><time>2026-09-21T08:53:36Z</time><speed>0.860</speed><sat>22</sat></trkpt>
  <trkpt lat="45.76937140" lon="2.96080842"><ele>1416.934</ele><time>2026-09-21T08:53:39Z</time><speed>1.320</speed><sat>26</sat></trkpt>
  <trkpt lat="45.76935073" lon="2.96083589"><ele>1416.835</ele><time>2026-09-21T08:53:42Z</time><speed>1.130</speed><sat>27</sat></trkpt>
  <trkpt lat="45.76932216" lon="2.96086491"><ele>1416.636</ele><time>2026-09-21T08:53:45Z</time><speed>1.020</speed><sat>28</sat></trkpt>
  <trkpt lat="45.76929852" lon="2.96090274"><ele>1416.730</ele><time>2026-09-21T08:53:48Z</time><speed>1.030</speed><sat>27</sat></trkpt>
  <trkpt lat="45.76927544" lon="2.96094516"><ele>1417.364</ele><time>2026-09-21T08:53:51Z</time><speed>1.430</speed><sat>29</sat></trkpt>
  <trkpt lat="45.76925478" lon="2.96097543"><ele>1417.919</ele><time>2026-09-21T08:53:54Z</time><speed>1.200</speed><sat>30</sat></trkpt>
  <trkpt lat="45.76924718" lon="2.96099564"><ele>1418.169</ele><time>2026-09-21T08:53:57Z</time><speed>0.000</speed><sat>30</sat></trkpt>
  <trkpt lat="45.76924736" lon="2.96100432"><ele>1418.069</ele><time>2026-09-21T08:54:00Z</time><speed>0.450</speed><sat>30</sat></trkpt>
  <trkpt lat="45.76924588" lon="2.96101717"><ele>1418.117</ele><time>2026-09-21T08:54:03Z</time><speed>0.000</speed><sat>31</sat></trkpt>
  <trkpt lat="45.76924656" lon="2.96101905"><ele>1418.241</ele><time>2026-09-21T08:54:06Z</time><speed>0.170</speed><sat>30</sat></trkpt>
  <trkpt lat="45.76927774" lon="2.96104465"><ele>1417.849</ele><time>2026-09-21T08:54:09Z</time><speed>3.330</speed><sat>31</sat></trkpt>
  <trkpt lat="45.76928466" lon="2.96104846"><ele>1417.744</ele><time>2026-09-21T08:54:12Z</time><speed>0.000</speed><sat>31</sat></trkpt>
  <trkpt lat="45.76928422" lon="2.96105362"><ele>1417.337</ele><time>2026-09-21T08:54:15Z</time><speed>0.190</speed><sat>30</sat></trkpt>
  <trkpt lat="45.76928255" lon="2.96105425"><ele>1417.338</ele><time>2026-09-21T08:54:18Z</time><speed>0.000</speed><sat>30</sat></trkpt>
  <trkpt lat="45.76928224" lon="2.96105423"><ele>1417.332</ele><time>2026-09-21T08:54:21Z</time><speed>0.000</speed><sat>29</sat></trkpt>
  <trkpt lat="45.76928183" lon="2.96105415"><ele>1417.319</ele><time>2026-09-21T08:54:24Z</time><speed>0.000</speed><sat>28</sat></trkpt>
  <trkpt lat="45.76928186" lon="2.96105434"><ele>1417.449</ele><time>2026-09-21T08:54:27Z</time><speed>0.000</speed><sat>30</sat></trkpt>
  <trkpt lat="45.76927759" lon="2.96104591"><ele>1417.383</ele><time>2026-09-21T08:54:30Z</time><speed>0.000</speed><sat>29</sat></trkpt>
  <trkpt lat="45.76927403" lon="2.96105680"><ele>1416.933</ele><time>2026-09-21T08:54:33Z</time><speed>0.000</speed><sat>31</sat></trkpt>
  <trkpt lat="45.76927378" lon="2.96105677"><ele>1416.955</ele><time>2026-09-21T08:54:36Z</time><speed>0.000</speed><sat>31</sat></trkpt>
  <trkpt lat="45.76927383" lon="2.96105661"><ele>1416.930</ele><time>2026-09-21T08:54:39Z</time><speed>0.000</speed><sat>28</sat></trkpt>
  <trkpt lat="45.76927339" lon="2.96105651"><ele>1416.959</ele><time>2026-09-21T08:54:42Z</time><speed>0.000</speed><sat>26</sat></trkpt>
  <trkpt lat="45.76927287" lon="2.96105605"><ele>1416.941</ele><time>2026-09-21T08:54:45Z</time><speed>0.000</speed><sat>27</sat></trkpt>
  <trkpt lat="45.76927250" lon="2.96105585"><ele>1416.968</ele><time>2026-09-21T08:54:48Z</time><speed>0.000</speed><sat>28</sat></trkpt>
  <trkpt lat="45.76927229" lon="2.96105528"><ele>1416.968</ele><time>2026-09-21T08:54:51Z</time><speed>0.000</speed><sat>28</sat></trkpt>
  <trkpt lat="45.76927206" lon="2.96105474"><ele>1416.982</ele><time>2026-09-21T08:54:54Z</time><speed>0.000</speed><sat>28</sat></trkpt>
  <trkpt lat="45.76927159" lon="2.96105430"><ele>1417.046</ele><time>2026-09-21T08:54:57Z</time><speed>0.000</speed><sat>27</sat></trkpt>
  <trkpt lat="45.76926751" lon="2.96105638"><ele>1417.199</ele><time>2026-09-21T08:55:00Z</time><speed>0.000</speed><sat>25</sat></trkpt>
  <trkpt lat="45.76926717" lon="2.96105545"><ele>1417.284</ele><time>2026-09-21T08:55:03Z</time><speed>0.000</speed><sat>29</sat></trkpt>
  <trkpt lat="45.76926632" lon="2.96105431"><ele>1417.330</ele><time>2026-09-21T08:55:06Z</time><speed>0.000</speed><sat>31</sat></trkpt>
  <trkpt lat="45.76926513" lon="2.96105263"><ele>1417.353</ele><time>2026-09-21T08:55:09Z</time><speed>0.000</speed><sat>30</sat></trkpt>
  <trkpt lat="45.76926397" lon="2.96105164"><ele>1417.403</ele><time>2026-09-21T08:55:12Z</time><speed>0.000</speed><sat>29</sat></trkpt>
  <trkpt lat="45.76926378" lon="2.96104670"><ele>1417.341</ele><time>2026-09-21T08:55:15Z</time><speed>0.000</speed><sat>31</sat></trkpt>
  <trkpt lat="45.76926395" lon="2.96104531"><ele>1417.408</ele><time>2026-09-21T08:55:18Z</time><speed>0.000</speed><sat>31</sat></trkpt>
  <trkpt lat="45.76926415" lon="2.96104498"><ele>1417.450</ele><time>2026-09-21T08:55:21Z</time><speed>0.000</speed><sat>31</sat></trkpt>
  <trkpt lat="45.76926213" lon="2.96103576"><ele>1417.635</ele><time>2026-09-21T08:55:24Z</time><speed>0.000</speed><sat>26</sat></trkpt>
  <trkpt lat="45.76926090" lon="2.96103328"><ele>1417.625</ele><time>2026-09-21T08:55:27Z</time><speed>0.000</speed><sat>26</sat></trkpt>
  <trkpt lat="45.76926056" lon="2.96103190"><ele>1417.630</ele><time>2026-09-21T08:55:30Z</time><speed>0.000</speed><sat>27</sat></trkpt>
  <trkpt lat="45.76926052" lon="2.96103114"><ele>1417.602</ele><time>2026-09-21T08:55:33Z</time><speed>0.000</speed><sat>28</sat></trkpt>
  <trkpt lat="45.76926024" lon="2.96103074"><ele>1417.666</ele><time>2026-09-21T08:55:36Z</time><speed>0.000</speed><sat>28</sat></trkpt>
  <trkpt lat="45.76926012" lon="2.96103045"><ele>1417.663</ele><time>2026-09-21T08:55:39Z</time><speed>0.000</speed><sat>24</sat></trkpt>
  <trkpt lat="45.76925752" lon="2.96103073"><ele>1417.629</ele><time>2026-09-21T08:55:42Z</time><speed>0.000</speed><sat>25</sat></trkpt>
  <trkpt lat="45.76925695" lon="2.96103118"><ele>1417.637</ele><time>2026-09-21T08:55:45Z</time><speed>0.000</speed><sat>27</sat></trkpt>
  <trkpt lat="45.76925676" lon="2.96103161"><ele>1417.662</ele><time>2026-09-21T08:55:48Z</time><speed>0.000</speed><sat>28</sat></trkpt>
  <trkpt lat="45.76925646" lon="2.96103196"><ele>1417.699</ele><time>2026-09-21T08:55:51Z</time><speed>0.000</speed><sat>25</sat></trkpt>
  <trkpt lat="45.76925637" lon="2.96103212"><ele>1417.724</ele><time>2026-09-21T08:55:54Z</time><speed>0.000</speed><sat>27</sat></trkpt>
  <trkpt lat="45.76925660" lon="2.96103200"><ele>1417.718</ele><time>2026-09-21T08:55:57Z</time><speed>0.000</speed><sat>26</sat></trkpt>
  <trkpt lat="45.76925640" lon="2.96103176"><ele>1417.710</ele><time>2026-09-21T08:56:00Z</time><speed>0.000</speed><sat>28</sat></trkpt>
  <trkpt lat="45.76925606" lon="2.96103172"><ele>1417.733</ele><time>2026-09-21T08:56:03Z</time><speed>0.000</speed><sat>27</sat></trkpt>
  <trkpt lat="45.76925606" lon="2.96103200"><ele>1417.767</ele><time>2026-09-21T08:56:06Z</time><speed>0.000</speed><sat>29</sat></trkpt>
  <trkpt lat="45.76925841" lon="2.96103231"><ele>1417.851</ele><time>2026-09-21T08:56:09Z</time><speed>0.000</speed><sat>28</sat></trkpt>
  <trkpt lat="45.76925783" lon="2.96102932"><ele>1418.021</ele><time>2026-09-21T08:56:12Z</time><speed>0.180</speed><sat>28</sat></trkpt>
  <trkpt lat="45.76925370" lon="2.96102150"><ele>1417.779</ele><time>2026-09-21T08:56:15Z</time><speed>0.000</speed><sat>28</sat></trkpt>
  <trkpt lat="45.76925325" lon="2.96102037"><ele>1417.810</ele><time>2026-09-21T08:56:18Z</time><speed>0.000</speed><sat>27</sat></trkpt>
  <trkpt lat="45.76925294" lon="2.96101998"><ele>1417.817</ele><time>2026-09-21T08:56:21Z</time><speed>0.000</speed><sat>28</sat></trkpt>
  <trkpt lat="45.76925272" lon="2.96102028"><ele>1417.766</ele><time>2026-09-21T08:56:24Z</time><speed>0.000</speed><sat>28</sat></trkpt>
  <trkpt lat="45.76925278" lon="2.96101974"><ele>1417.805</ele><time>2026-09-21T08:56:27Z</time><speed>0.000</speed><sat>28</sat></trkpt>
  <trkpt lat="45.76925258" lon="2.96101976"><ele>1417.780</ele><time>2026-09-21T08:56:30Z</time><speed>0.000</speed><sat>29</sat></trkpt>
  <trkpt lat="45.76925273" lon="2.96102020"><ele>1417.675</ele><time>2026-09-21T08:56:33Z</time><speed>0.000</speed><sat>27</sat></trkpt>
  <trkpt lat="45.76925310" lon="2.96102090"><ele>1417.680</ele><time>2026-09-21T08:56:36Z</time><speed>0.000</speed><sat>28</sat></trkpt>
  <trkpt lat="45.76925332" lon="2.96102094"><ele>1417.695</ele><time>2026-09-21T08:56:39Z</time><speed>0.000</speed><sat>31</sat></trkpt>
  <trkpt lat="45.76925339" lon="2.96102113"><ele>1417.686</ele><time>2026-09-21T08:56:42Z</time><speed>0.000</speed><sat>31</sat></trkpt>
  <trkpt lat="45.76925342" lon="2.96102108"><ele>1417.695</ele><time>2026-09-21T08:56:45Z</time><speed>0.000</speed><sat>29</sat></trkpt>
  <trkpt lat="45.76925354" lon="2.96102126"><ele>1417.685</ele><time>2026-09-21T08:56:48Z</time><speed>0.000</speed><sat>29</sat></trkpt>
  <trkpt lat="45.76925328" lon="2.96102148"><ele>1417.699</ele><time>2026-09-21T08:56:51Z</time><speed>0.000</speed><sat>28</sat></trkpt>
  <trkpt lat="45.76925119" lon="2.96102103"><ele>1417.739</ele><time>2026-09-21T08:56:54Z</time><speed>0.000</speed><sat>31</sat></trkpt>
  <trkpt lat="45.76925080" lon="2.96102229"><ele>1417.745</ele><time>2026-09-21T08:56:57Z</time><speed>0.000</speed><sat>32</sat></trkpt>
  <trkpt lat="45.76925042" lon="2.96102256"><ele>1417.759</ele><time>2026-09-21T08:57:00Z</time><speed>0.000</speed><sat>31</sat></trkpt>
  <trkpt lat="45.76925030" lon="2.96102283"><ele>1417.759</ele><time>2026-09-21T08:57:03Z</time><speed>0.000</speed><sat>32</sat></trkpt>
  <trkpt lat="45.76925273" lon="2.96101550"><ele>1417.326</ele><time>2026-09-21T08:57:06Z</time><speed>0.650</speed><sat>32</sat></trkpt>
  <trkpt lat="45.76925230" lon="2.96101308"><ele>1417.323</ele><time>2026-09-21T08:57:09Z</time><speed>0.000</speed><sat>32</sat></trkpt>
  <trkpt lat="45.76924701" lon="2.96100826"><ele>1417.533</ele><time>2026-09-21T08:57:12Z</time><speed>0.250</speed><sat>31</sat></trkpt>
  <trkpt lat="45.76924399" lon="2.96100948"><ele>1417.674</ele><time>2026-09-21T08:57:15Z</time><speed>0.000</speed><sat>29</sat></trkpt>
  <trkpt lat="45.76924334" lon="2.96101038"><ele>1417.692</ele><time>2026-09-21T08:57:18Z</time><speed>0.000</speed><sat>30</sat></trkpt>
  <trkpt lat="45.76924307" lon="2.96101034"><ele>1417.700</ele><time>2026-09-21T08:57:21Z</time><speed>0.000</speed><sat>30</sat></trkpt>
  <trkpt lat="45.76924307" lon="2.96101036"><ele>1417.694</ele><time>2026-09-21T08:57:24Z</time><speed>0.000</speed><sat>30</sat></trkpt>
  <trkpt lat="45.76924307" lon="2.96101050"><ele>1417.699</ele><time>2026-09-21T08:57:27Z</time><speed>0.000</speed><sat>28</sat></trkpt>
  <trkpt lat="45.76924302" lon="2.96101065"><ele>1417.709</ele><time>2026-09-21T08:57:30Z</time><speed>0.000</speed><sat>28</sat></trkpt>
  <trkpt lat="45.76924317" lon="2.96101081"><ele>1417.719</ele><time>2026-09-21T08:57:33Z</time><speed>0.000</speed><sat>27</sat></trkpt>
  <trkpt lat="45.76924280" lon="2.96101112"><ele>1417.740</ele><time>2026-09-21T08:57:36Z</time><speed>0.000</speed><sat>28</sat></trkpt>
  <trkpt lat="45.76924250" lon="2.96101096"><ele>1417.770</ele><time>2026-09-21T08:57:39Z</time><speed>0.000</speed><sat>28</sat></trkpt>
  <trkpt lat="45.76924231" lon="2.96101100"><ele>1417.798</ele><time>2026-09-21T08:57:42Z</time><speed>0.000</speed><sat>29</sat></trkpt>
  <trkpt lat="45.76924220" lon="2.96101091"><ele>1417.826</ele><time>2026-09-21T08:57:45Z</time><speed>0.000</speed><sat>29</sat></trkpt>
  <trkpt lat="45.76924223" lon="2.96101096"><ele>1417.847</ele><time>2026-09-21T08:57:48Z</time><speed>0.000</speed><sat>28</sat></trkpt>
  <trkpt lat="45.76924209" lon="2.96101089"><ele>1417.869</ele><time>2026-09-21T08:57:51Z</time><speed>0.000</speed><sat>29</sat></trkpt>
  <trkpt lat="45.76924226" lon="2.96101128"><ele>1417.890</ele><time>2026-09-21T08:57:54Z</time><speed>0.000</speed><sat>29</sat></trkpt>
  <trkpt lat="45.76924237" lon="2.96101127"><ele>1417.880</ele><time>2026-09-21T08:57:57Z</time><speed>0.000</speed><sat>29</sat></trkpt>
  <trkpt lat="45.76924243" lon="2.96101143"><ele>1417.884</ele><time>2026-09-21T08:58:00Z</time><speed>0.000</speed><sat>29</sat></trkpt>
  <trkpt lat="45.76924221" lon="2.96101131"><ele>1417.878</ele><time>2026-09-21T08:58:03Z</time><speed>0.000</speed><sat>28</sat></trkpt>
  <trkpt lat="45.76924232" lon="2.96101148"><ele>1417.882</ele><time>2026-09-21T08:58:06Z</time><speed>0.000</speed><sat>27</sat></trkpt>
  <trkpt lat="45.76924237" lon="2.96101156"><ele>1417.864</ele><time>2026-09-21T08:58:09Z</time><speed>0.000</speed><sat>28</sat></trkpt>
  <trkpt lat="45.76924246" lon="2.96101136"><ele>1417.840</ele><time>2026-09-21T08:58:12Z</time><speed>0.000</speed><sat>27</sat></trkpt>
  <trkpt lat="45.76924273" lon="2.96101117"><ele>1417.822</ele><time>2026-09-21T08:58:15Z</time><speed>0.000</speed><sat>27</sat></trkpt>
  <trkpt lat="45.76924274" lon="2.96101106"><ele>1417.830</ele><time>2026-09-21T08:58:18Z</time><speed>0.000</speed><sat>27</sat></trkpt>
  <trkpt lat="45.76924290" lon="2.96101090"><ele>1417.813</ele><time>2026-09-21T08:58:21Z</time><speed>0.000</speed><sat>27</sat></trkpt>
  <trkpt lat="45.76924256" lon="2.96101102"><ele>1417.817</ele><time>2026-09-21T08:58:24Z</time><speed>0.000</speed><sat>26</sat></trkpt>
  <trkpt lat="45.76924257" lon="2.96101103"><ele>1417.825</ele><time>2026-09-21T08:58:27Z</time><speed>0.000</speed><sat>28</sat></trkpt>
  <trkpt lat="45.76924271" lon="2.96101103"><ele>1417.838</ele><time>2026-09-21T08:58:30Z</time><speed>0.000</speed><sat>28</sat></trkpt>
  <trkpt lat="45.76924285" lon="2.96101101"><ele>1417.840</ele><time>2026-09-21T08:58:33Z</time><speed>0.000</speed><sat>29</sat></trkpt>
  <trkpt lat="45.76924311" lon="2.96101095"><ele>1417.855</ele><time>2026-09-21T08:58:36Z</time><speed>0.000</speed><sat>29</sat></trkpt>
  <trkpt lat="45.76924340" lon="2.96101060"><ele>1417.838</ele><time>2026-09-21T08:58:39Z</time><speed>0.000</speed><sat>30</sat></trkpt>
  <trkpt lat="45.76924348" lon="2.96101068"><ele>1417.857</ele><time>2026-09-21T08:58:42Z</time><speed>0.000</speed><sat>30</sat></trkpt>
  <trkpt lat="45.76924354" lon="2.96101113"><ele>1417.866</ele><time>2026-09-21T08:58:45Z</time><speed>0.000</speed><sat>30</sat></trkpt>
  <trkpt lat="45.76924346" lon="2.96101195"><ele>1417.886</ele><time>2026-09-21T08:58:48Z</time><speed>0.000</speed><sat>30</sat></trkpt>
  <trkpt lat="45.76924337" lon="2.96101268"><ele>1417.909</ele><time>2026-09-21T08:58:51Z</time><speed>0.000</speed><sat>30</sat></trkpt>
  <trkpt lat="45.76924327" lon="2.96101327"><ele>1417.933</ele><time>2026-09-21T08:58:54Z</time><speed>0.000</speed><sat>30</sat></trkpt>
  <trkpt lat="45.76924312" lon="2.96101385"><ele>1417.944</ele><time>2026-09-21T08:58:57Z</time><speed>0.000</speed><sat>30</sat></trkpt>
  <trkpt lat="45.76924287" lon="2.96101437"><ele>1417.969</ele><time>2026-09-21T08:59:00Z</time><speed>0.000</speed><sat>30</sat></trkpt>
  <trkpt lat="45.76924271" lon="2.96101477"><ele>1418.001</ele><time>2026-09-21T08:59:03Z</time><speed>0.000</speed><sat>30</sat></trkpt>
  <trkpt lat="45.76924250" lon="2.96101503"><ele>1418.024</ele><time>2026-09-21T08:59:06Z</time><speed>0.000</speed><sat>30</sat></trkpt>
  <trkpt lat="45.76924230" lon="2.96101525"><ele>1418.058</ele><time>2026-09-21T08:59:09Z</time><speed>0.000</speed><sat>30</sat></trkpt>
  <trkpt lat="45.76924205" lon="2.96101568"><ele>1418.084</ele><time>2026-09-21T08:59:12Z</time><speed>0.000</speed><sat>30</sat></trkpt>
  <trkpt lat="45.76924178" lon="2.96101580"><ele>1418.117</ele><time>2026-09-21T08:59:15Z</time><speed>0.000</speed><sat>29</sat></trkpt>
  <trkpt lat="45.76924169" lon="2.96101618"><ele>1418.133</ele><time>2026-09-21T08:59:18Z</time><speed>0.000</speed><sat>30</sat></trkpt>
  <trkpt lat="45.76924163" lon="2.96101636"><ele>1418.159</ele><time>2026-09-21T08:59:21Z</time><speed>0.000</speed><sat>29</sat></trkpt>
  <trkpt lat="45.76924159" lon="2.96101654"><ele>1418.177</ele><time>2026-09-21T08:59:24Z</time><speed>0.000</speed><sat>30</sat></trkpt>
  <trkpt lat="45.76924144" lon="2.96101682"><ele>1418.180</ele><time>2026-09-21T08:59:27Z</time><speed>0.000</speed><sat>30</sat></trkpt>
  <trkpt lat="45.76924130" lon="2.96101704"><ele>1418.189</ele><time>2026-09-21T08:59:30Z</time><speed>0.000</speed><sat>30</sat></trkpt>
  <trkpt lat="45.76924115" lon="2.96101722"><ele>1418.200</ele><time>2026-09-21T08:59:33Z</time><speed>0.000</speed><sat>30</sat></trkpt>
  <trkpt lat="45.76924101" lon="2.96101733"><ele>1418.217</ele><time>2026-09-21T08:59:36Z</time><speed>0.000</speed><sat>30</sat></trkpt>
  <trkpt lat="45.76924088" lon="2.96101729"><ele>1418.232</ele><time>2026-09-21T08:59:39Z</time><speed>0.000</speed><sat>30</sat></trkpt>
  <trkpt lat="45.76924078" lon="2.96101728"><ele>1418.240</ele><time>2026-09-21T08:59:42Z</time><speed>0.000</speed><sat>30</sat></trkpt>
  <trkpt lat="45.76924070" lon="2.96101718"><ele>1418.261</ele><time>2026-09-21T08:59:45Z</time><speed>0.000</speed><sat>30</sat></trkpt>
  <trkpt lat="45.76924055" lon="2.96101682"><ele>1418.276</ele><time>2026-09-21T08:59:48Z</time><speed>0.000</speed><sat>30</sat></trkpt>
  <trkpt lat="45.76924054" lon="2.96101638"><ele>1418.282</ele><time>2026-09-21T08:59:51Z</time><speed>0.000</speed><sat>30</sat></trkpt>
  <trkpt lat="45.76924045" lon="2.96101616"><ele>1418.272</ele><time>2026-09-21T08:59:54Z</time><speed>0.000</speed><sat>30</sat></trkpt>
  <trkpt lat="45.76924047" lon="2.96101594"><ele>1418.269</ele><time>2026-09-21T08:59:57Z</time><speed>0.000</speed><sat>30</sat></trkpt>
  <trkpt lat="45.76924033" lon="2.96101599"><ele>1418.274</ele><time>2026-09-21T09:00:00Z</time><speed>0.000</speed><sat>30</sat></trkpt>
  <trkpt lat="45.76924027" lon="2.96101600"><ele>1418.276</ele><time>2026-09-21T09:00:03Z</time><speed>0.000</speed><sat>30</sat></trkpt>
  <trkpt lat="45.76924026" lon="2.96101599"><ele>1418.287</ele><time>2026-09-21T09:00:06Z</time><speed>0.000</speed><sat>29</sat></trkpt>
  <trkpt lat="45.76924024" lon="2.96101592"><ele>1418.293</ele><time>2026-09-21T09:00:09Z</time><speed>0.000</speed><sat>29</sat></trkpt>
  <trkpt lat="45.76924012" lon="2.96101613"><ele>1418.333</ele><time>2026-09-21T09:00:12Z</time><speed>0.000</speed><sat>29</sat></trkpt>
  <trkpt lat="45.76923994" lon="2.96101607"><ele>1418.342</ele><time>2026-09-21T09:00:15Z</time><speed>0.000</speed><sat>28</sat></trkpt>
  <trkpt lat="45.76924009" lon="2.96101594"><ele>1418.348</ele><time>2026-09-21T09:00:18Z</time><speed>0.000</speed><sat>30</sat></trkpt>
  <trkpt lat="45.76924586" lon="2.96102982"><ele>1418.240</ele><time>2026-09-21T09:00:21Z</time><speed>0.680</speed><sat>30</sat></trkpt>
  <trkpt lat="45.76924312" lon="2.96104657"><ele>1418.369</ele><time>2026-09-21T09:00:24Z</time><speed>0.000</speed><sat>31</sat></trkpt>
  <trkpt lat="45.76924249" lon="2.96104772"><ele>1418.385</ele><time>2026-09-21T09:00:27Z</time><speed>0.000</speed><sat>30</sat></trkpt>
  <trkpt lat="45.76924240" lon="2.96104794"><ele>1418.385</ele><time>2026-09-21T09:00:30Z</time><speed>0.000</speed><sat>30</sat></trkpt>
  <trkpt lat="45.76925052" lon="2.96107040"><ele>1418.529</ele><time>2026-09-21T09:00:33Z</time><speed>0.860</speed><sat>31</sat></trkpt>
  <trkpt lat="45.76923879" lon="2.96110407"><ele>1420.928</ele><time>2026-09-21T09:00:36Z</time><speed>0.980</speed><sat>32</sat></trkpt>
  <trkpt lat="45.76924873" lon="2.96111840"><ele>1420.994</ele><time>2026-09-21T09:00:39Z</time><speed>0.880</speed><sat>31</sat></trkpt>
  <trkpt lat="45.76925255" lon="2.96114861"><ele>1421.408</ele><time>2026-09-21T09:00:42Z</time><speed>1.960</speed><sat>31</sat></trkpt>
  <trkpt lat="45.76927211" lon="2.96116121"><ele>1422.790</ele><time>2026-09-21T09:00:45Z</time><speed>1.050</speed><sat>31</sat></trkpt>
  <trkpt lat="45.76927747" lon="2.96119009"><ele>1423.169</ele><time>2026-09-21T09:00:48Z</time><speed>0.960</speed><sat>31</sat></trkpt>
  <trkpt lat="45.76929750" lon="2.96120825"><ele>1424.372</ele><time>2026-09-21T09:00:51Z</time><speed>0.870</speed><sat>30</sat></trkpt>
  <trkpt lat="45.76931845" lon="2.96122768"><ele>1424.847</ele><time>2026-09-21T09:00:54Z</time><speed>0.780</speed><sat>30</sat></trkpt>
  <trkpt lat="45.76934681" lon="2.96122893"><ele>1424.491</ele><time>2026-09-21T09:00:57Z</time><speed>0.990</speed><sat>30</sat></trkpt>
  <trkpt lat="45.76937047" lon="2.96122134"><ele>1425.195</ele><time>2026-09-21T09:01:00Z</time><speed>0.780</speed><sat>29</sat></trkpt>
  <trkpt lat="45.76939110" lon="2.96120529"><ele>1425.569</ele><time>2026-09-21T09:01:03Z</time><speed>0.820</speed><sat>29</sat></trkpt>
  <trkpt lat="45.76941369" lon="2.96119163"><ele>1425.865</ele><time>2026-09-21T09:01:06Z</time><speed>0.880</speed><sat>29</sat></trkpt>
  <trkpt lat="45.76944346" lon="2.96118386"><ele>1427.007</ele><time>2026-09-21T09:01:09Z</time><speed>0.980</speed><sat>29</sat></trkpt>
  <trkpt lat="45.76946876" lon="2.96117212"><ele>1428.556</ele><time>2026-09-21T09:01:12Z</time><speed>0.970</speed><sat>30</sat></trkpt>
  <trkpt lat="45.76949448" lon="2.96115958"><ele>1428.229</ele><time>2026-09-21T09:01:15Z</time><speed>0.830</speed><sat>29</sat></trkpt>
  <trkpt lat="45.76951639" lon="2.96115155"><ele>1428.880</ele><time>2026-09-21T09:01:18Z</time><speed>0.740</speed><sat>30</sat></trkpt>
  <trkpt lat="45.76953949" lon="2.96114039"><ele>1429.558</ele><time>2026-09-21T09:01:21Z</time><speed>0.750</speed><sat>30</sat></trkpt>
  <trkpt lat="45.76956282" lon="2.96112834"><ele>1429.736</ele><time>2026-09-21T09:01:24Z</time><speed>0.730</speed><sat>29</sat></trkpt>
  <trkpt lat="45.76958340" lon="2.96111779"><ele>1429.764</ele><time>2026-09-21T09:01:27Z</time><speed>0.720</speed><sat>30</sat></trkpt>
  <trkpt lat="45.76960006" lon="2.96111588"><ele>1430.850</ele><time>2026-09-21T09:01:30Z</time><speed>0.000</speed><sat>29</sat></trkpt>
  <trkpt lat="45.76961865" lon="2.96109893"><ele>1431.460</ele><time>2026-09-21T09:01:33Z</time><speed>0.700</speed><sat>30</sat></trkpt>
  <trkpt lat="45.76963904" lon="2.96108675"><ele>1432.077</ele><time>2026-09-21T09:01:36Z</time><speed>0.810</speed><sat>30</sat></trkpt>
  <trkpt lat="45.76965578" lon="2.96106909"><ele>1432.117</ele><time>2026-09-21T09:01:39Z</time><speed>1.070</speed><sat>30</sat></trkpt>
  <trkpt lat="45.76968018" lon="2.96106042"><ele>1433.030</ele><time>2026-09-21T09:01:42Z</time><speed>0.830</speed><sat>29</sat></trkpt>
  <trkpt lat="45.76970183" lon="2.96103713"><ele>1432.720</ele><time>2026-09-21T09:01:45Z</time><speed>0.930</speed><sat>28</sat></trkpt>
  <trkpt lat="45.76972732" lon="2.96102848"><ele>1433.824</ele><time>2026-09-21T09:01:48Z</time><speed>0.730</speed><sat>29</sat></trkpt>
  <trkpt lat="45.76975594" lon="2.96100458"><ele>1434.431</ele><time>2026-09-21T09:01:51Z</time><speed>1.080</speed><sat>30</sat></trkpt>
  <trkpt lat="45.76979018" lon="2.96099919"><ele>1435.210</ele><time>2026-09-21T09:01:54Z</time><speed>1.140</speed><sat>30</sat></trkpt>
  <trkpt lat="45.76981105" lon="2.96098317"><ele>1435.414</ele><time>2026-09-21T09:01:57Z</time><speed>1.150</speed><sat>30</sat></trkpt>
  <trkpt lat="45.76982900" lon="2.96096464"><ele>1435.640</ele><time>2026-09-21T09:02:00Z</time><speed>0.990</speed><sat>30</sat></trkpt>
  <trkpt lat="45.76984645" lon="2.96094280"><ele>1436.622</ele><time>2026-09-21T09:02:03Z</time><speed>0.450</speed><sat>31</sat></trkpt>
  <trkpt lat="45.76985890" lon="2.96091873"><ele>1436.604</ele><time>2026-09-21T09:02:06Z</time><speed>0.590</speed><sat>32</sat></trkpt>
  <trkpt lat="45.76988396" lon="2.96090826"><ele>1438.616</ele><time>2026-09-21T09:02:09Z</time><speed>1.100</speed><sat>32</sat></trkpt>
  <trkpt lat="45.76990284" lon="2.96089935"><ele>1439.475</ele><time>2026-09-21T09:02:12Z</time><speed>0.820</speed><sat>32</sat></trkpt>
  <trkpt lat="45.76991796" lon="2.96088111"><ele>1439.439</ele><time>2026-09-21T09:02:15Z</time><speed>0.710</speed><sat>32</sat></trkpt>
  <trkpt lat="45.76993485" lon="2.96087590"><ele>1440.461</ele><time>2026-09-21T09:02:18Z</time><speed>0.860</speed><sat>32</sat></trkpt>
  <trkpt lat="45.76995754" lon="2.96086210"><ele>1441.112</ele><time>2026-09-21T09:02:21Z</time><speed>0.730</speed><sat>32</sat></trkpt>
  <trkpt lat="45.76997850" lon="2.96085631"><ele>1441.676</ele><time>2026-09-21T09:02:24Z</time><speed>0.730</speed><sat>30</sat></trkpt>
  <trkpt lat="45.76999851" lon="2.96085357"><ele>1442.733</ele><time>2026-09-21T09:02:27Z</time><speed>0.640</speed><sat>29</sat></trkpt>
  <trkpt lat="45.77001538" lon="2.96085411"><ele>1443.299</ele><time>2026-09-21T09:02:30Z</time><speed>0.680</speed><sat>28</sat></trkpt>
  <trkpt lat="45.77003648" lon="2.96085955"><ele>1444.047</ele><time>2026-09-21T09:02:33Z</time><speed>0.710</speed><sat>30</sat></trkpt>
  <trkpt lat="45.77005793" lon="2.96087110"><ele>1443.621</ele><time>2026-09-21T09:02:36Z</time><speed>0.870</speed><sat>30</sat></trkpt>
  <trkpt lat="45.77007765" lon="2.96089008"><ele>1443.982</ele><time>2026-09-21T09:02:39Z</time><speed>0.910</speed><sat>30</sat></trkpt>
  <trkpt lat="45.77009241" lon="2.96092194"><ele>1444.437</ele><time>2026-09-21T09:02:42Z</time><speed>1.020</speed><sat>28</sat></trkpt>
  <trkpt lat="45.77010521" lon="2.96095339"><ele>1444.610</ele><time>2026-09-21T09:02:45Z</time><speed>1.100</speed><sat>29</sat></trkpt>
  <trkpt lat="45.77011787" lon="2.96098214"><ele>1444.402</ele><time>2026-09-21T09:02:48Z</time><speed>1.230</speed><sat>29</sat></trkpt>
  <trkpt lat="45.77013235" lon="2.96100885"><ele>1444.460</ele><time>2026-09-21T09:02:51Z</time><speed>1.010</speed><sat>28</sat></trkpt>
  <trkpt lat="45.77014235" lon="2.96105037"><ele>1445.288</ele><time>2026-09-21T09:02:54Z</time><speed>1.510</speed><sat>28</sat></trkpt>
  <trkpt lat="45.77018222" lon="2.96113260"><ele>1443.226</ele><time>2026-09-21T09:02:57Z</time><speed>2.560</speed><sat>29</sat></trkpt>
  <trkpt lat="45.77021211" lon="2.96119935"><ele>1442.524</ele><time>2026-09-21T09:03:00Z</time><speed>2.350</speed><sat>29</sat></trkpt>
  <trkpt lat="45.77022349" lon="2.96125494"><ele>1443.730</ele><time>2026-09-21T09:03:03Z</time><speed>1.890</speed><sat>30</sat></trkpt>
  <trkpt lat="45.77023222" lon="2.96126160"><ele>1445.190</ele><time>2026-09-21T09:03:06Z</time><speed>1.310</speed><sat>30</sat></trkpt>
  <trkpt lat="45.77024233" lon="2.96128059"><ele>1445.319</ele><time>2026-09-21T09:03:09Z</time><speed>1.040</speed><sat>29</sat></trkpt>
  <trkpt lat="45.77024833" lon="2.96128650"><ele>1445.969</ele><time>2026-09-21T09:03:12Z</time><speed>1.060</speed><sat>28</sat></trkpt>
  <trkpt lat="45.77025826" lon="2.96129885"><ele>1445.741</ele><time>2026-09-21T09:03:15Z</time><speed>0.930</speed><sat>28</sat></trkpt>
  <trkpt lat="45.77026920" lon="2.96131952"><ele>1445.758</ele><time>2026-09-21T09:03:18Z</time><speed>1.020</speed><sat>30</sat></trkpt>
  <trkpt lat="45.77028286" lon="2.96134215"><ele>1447.260</ele><time>2026-09-21T09:03:21Z</time><speed>0.960</speed><sat>28</sat></trkpt>
  <trkpt lat="45.77029311" lon="2.96136611"><ele>1448.332</ele><time>2026-09-21T09:03:24Z</time><speed>0.900</speed><sat>25</sat></trkpt>
  <trkpt lat="45.77031116" lon="2.96138388"><ele>1448.699</ele><time>2026-09-21T09:03:27Z</time><speed>0.850</speed><sat>27</sat></trkpt>
  <trkpt lat="45.77032610" lon="2.96140112"><ele>1448.741</ele><time>2026-09-21T09:03:30Z</time><speed>0.910</speed><sat>30</sat></trkpt>
  <trkpt lat="45.77034320" lon="2.96142803"><ele>1448.794</ele><time>2026-09-21T09:03:33Z</time><speed>1.060</speed><sat>29</sat></trkpt>
  <trkpt lat="45.77036027" lon="2.96145043"><ele>1449.312</ele><time>2026-09-21T09:03:36Z</time><speed>1.260</speed><sat>27</sat></trkpt>
  <trkpt lat="45.77037690" lon="2.96147368"><ele>1449.343</ele><time>2026-09-21T09:03:39Z</time><speed>1.040</speed><sat>28</sat></trkpt>
  <trkpt lat="45.77039332" lon="2.96149774"><ele>1449.637</ele><time>2026-09-21T09:03:42Z</time><speed>0.880</speed><sat>27</sat></trkpt>
  <trkpt lat="45.77040814" lon="2.96152627"><ele>1450.802</ele><time>2026-09-21T09:03:45Z</time><speed>1.060</speed><sat>27</sat></trkpt>
  <trkpt lat="45.77042292" lon="2.96155344"><ele>1451.532</ele><time>2026-09-21T09:03:48Z</time><speed>0.990</speed><sat>28</sat></trkpt>
  <trkpt lat="45.77043898" lon="2.96157693"><ele>1451.753</ele><time>2026-09-21T09:03:51Z</time><speed>0.900</speed><sat>27</sat></trkpt>
  <trkpt lat="45.77045627" lon="2.96160494"><ele>1452.630</ele><time>2026-09-21T09:03:54Z</time><speed>1.110</speed><sat>29</sat></trkpt>
  <trkpt lat="45.77047916" lon="2.96163601"><ele>1453.623</ele><time>2026-09-21T09:03:57Z</time><speed>1.090</speed><sat>29</sat></trkpt>
  <trkpt lat="45.77050502" lon="2.96166056"><ele>1454.320</ele><time>2026-09-21T09:04:00Z</time><speed>1.100</speed><sat>29</sat></trkpt>
  <trkpt lat="45.77052704" lon="2.96167922"><ele>1454.817</ele><time>2026-09-21T09:04:03Z</time><speed>0.750</speed><sat>28</sat></trkpt>
  <trkpt lat="45.77054921" lon="2.96170438"><ele>1455.650</ele><time>2026-09-21T09:04:06Z</time><speed>0.850</speed><sat>27</sat></trkpt>
  <trkpt lat="45.77056708" lon="2.96173432"><ele>1456.724</ele><time>2026-09-21T09:04:09Z</time><speed>0.740</speed><sat>28</sat></trkpt>
  <trkpt lat="45.77058285" lon="2.96176305"><ele>1457.355</ele><time>2026-09-21T09:04:12Z</time><speed>0.940</speed><sat>28</sat></trkpt>
  <trkpt lat="45.77060236" lon="2.96178283"><ele>1457.456</ele><time>2026-09-21T09:04:15Z</time><speed>0.760</speed><sat>28</sat></trkpt>
  <trkpt lat="45.77062045" lon="2.96180446"><ele>1458.153</ele><time>2026-09-21T09:04:18Z</time><speed>0.550</speed><sat>28</sat></trkpt>
  <trkpt lat="45.77063818" lon="2.96182830"><ele>1458.431</ele><time>2026-09-21T09:04:21Z</time><speed>0.980</speed><sat>28</sat></trkpt>
  <trkpt lat="45.77065362" lon="2.96185433"><ele>1458.927</ele><time>2026-09-21T09:04:24Z</time><speed>0.990</speed><sat>28</sat></trkpt>
  <trkpt lat="45.77067034" lon="2.96187783"><ele>1459.390</ele><time>2026-09-21T09:04:27Z</time><speed>0.890</speed><sat>29</sat></trkpt>
  <trkpt lat="45.77068576" lon="2.96190658"><ele>1459.702</ele><time>2026-09-21T09:04:30Z</time><speed>0.770</speed><sat>29</sat></trkpt>
  <trkpt lat="45.77070504" lon="2.96192752"><ele>1460.411</ele><time>2026-09-21T09:04:33Z</time><speed>0.550</speed><sat>29</sat></trkpt>
  <trkpt lat="45.77072806" lon="2.96195502"><ele>1461.780</ele><time>2026-09-21T09:04:36Z</time><speed>0.700</speed><sat>28</sat></trkpt>
  <trkpt lat="45.77074425" lon="2.96196987"><ele>1461.792</ele><time>2026-09-21T09:04:39Z</time><speed>0.390</speed><sat>31</sat></trkpt>
  <trkpt lat="45.77075823" lon="2.96199054"><ele>1462.396</ele><time>2026-09-21T09:04:42Z</time><speed>0.530</speed><sat>31</sat></trkpt>
  <trkpt lat="45.77077333" lon="2.96200931"><ele>1462.878</ele><time>2026-09-21T09:04:45Z</time><speed>0.600</speed><sat>32</sat></trkpt>
  <trkpt lat="45.77078880" lon="2.96202173"><ele>1463.068</ele><time>2026-09-21T09:04:48Z</time><speed>0.590</speed><sat>32</sat></trkpt>
  <trkpt lat="45.77080892" lon="2.96203851"><ele>1463.834</ele><time>2026-09-21T09:04:51Z</time><speed>0.960</speed><sat>31</sat></trkpt>
  <trkpt lat="45.77081786" lon="2.96205863"><ele>1464.145</ele><time>2026-09-21T09:04:54Z</time><speed>0.640</speed><sat>34</sat></trkpt>
  <trkpt lat="45.77081501" lon="2.96208893"><ele>1464.218</ele><time>2026-09-21T09:04:57Z</time><speed>0.730</speed><sat>34</sat></trkpt>
  <trkpt lat="45.77080778" lon="2.96212426"><ele>1463.966</ele><time>2026-09-21T09:05:00Z</time><speed>0.780</speed><sat>34</sat></trkpt>
  <trkpt lat="45.77080051" lon="2.96215344"><ele>1464.224</ele><time>2026-09-21T09:05:03Z</time><speed>0.750</speed><sat>34</sat></trkpt>
  <trkpt lat="45.77079146" lon="2.96218268"><ele>1464.467</ele><time>2026-09-21T09:05:06Z</time><speed>0.750</speed><sat>33</sat></trkpt>
  <trkpt lat="45.77078267" lon="2.96220371"><ele>1464.983</ele><time>2026-09-21T09:05:09Z</time><speed>0.730</speed><sat>33</sat></trkpt>
  <trkpt lat="45.77077997" lon="2.96221888"><ele>1465.066</ele><time>2026-09-21T09:05:12Z</time><speed>0.000</speed><sat>32</sat></trkpt>
  <trkpt lat="45.77078284" lon="2.96222614"><ele>1464.805</ele><time>2026-09-21T09:05:15Z</time><speed>0.000</speed><sat>31</sat></trkpt>
  <trkpt lat="45.77077879" lon="2.96223571"><ele>1464.869</ele><time>2026-09-21T09:05:18Z</time><speed>0.000</speed><sat>31</sat></trkpt>
  <trkpt lat="45.77078005" lon="2.96223103"><ele>1464.753</ele><time>2026-09-21T09:05:21Z</time><speed>0.000</speed><sat>30</sat></trkpt>
  <trkpt lat="45.77078010" lon="2.96223082"><ele>1464.757</ele><time>2026-09-21T09:05:24Z</time><speed>0.000</speed><sat>31</sat></trkpt>
  <trkpt lat="45.77078008" lon="2.96223060"><ele>1464.792</ele><time>2026-09-21T09:05:27Z</time><speed>0.000</speed><sat>31</sat></trkpt>
  <trkpt lat="45.77078700" lon="2.96223421"><ele>1464.442</ele><time>2026-09-21T09:05:30Z</time><speed>0.210</speed><sat>31</sat></trkpt>
  <trkpt lat="45.77078541" lon="2.96224935"><ele>1464.811</ele><time>2026-09-21T09:05:33Z</time><speed>0.500</speed><sat>32</sat></trkpt>
  <trkpt lat="45.77077594" lon="2.96227720"><ele>1465.031</ele><time>2026-09-21T09:05:36Z</time><speed>0.620</speed><sat>32</sat></trkpt>
  <trkpt lat="45.77076455" lon="2.96230455"><ele>1465.354</ele><time>2026-09-21T09:05:39Z</time><speed>1.060</speed><sat>32</sat></trkpt>
  <trkpt lat="45.77076345" lon="2.96232248"><ele>1465.754</ele><time>2026-09-21T09:05:42Z</time><speed>0.380</speed><sat>31</sat></trkpt>
  <trkpt lat="45.77076379" lon="2.96233145"><ele>1465.646</ele><time>2026-09-21T09:05:45Z</time><speed>0.000</speed><sat>26</sat></trkpt>
  <trkpt lat="45.77076373" lon="2.96233197"><ele>1465.666</ele><time>2026-09-21T09:05:48Z</time><speed>0.000</speed><sat>23</sat></trkpt>
  <trkpt lat="45.77076796" lon="2.96233401"><ele>1465.559</ele><time>2026-09-21T09:05:51Z</time><speed>0.000</speed><sat>21</sat></trkpt>
  <trkpt lat="45.77076823" lon="2.96233420"><ele>1465.600</ele><time>2026-09-21T09:05:54Z</time><speed>0.000</speed><sat>20</sat></trkpt>
  <trkpt lat="45.77076860" lon="2.96233451"><ele>1465.621</ele><time>2026-09-21T09:05:57Z</time><speed>0.000</speed><sat>20</sat></trkpt>
  <trkpt lat="45.77077071" lon="2.96233641"><ele>1465.522</ele><time>2026-09-21T09:06:00Z</time><speed>0.240</speed><sat>20</sat></trkpt>
  <trkpt lat="45.77077145" lon="2.96233790"><ele>1465.535</ele><time>2026-09-21T09:06:03Z</time><speed>0.000</speed><sat>24</sat></trkpt>
  <trkpt lat="45.77077176" lon="2.96233793"><ele>1465.520</ele><time>2026-09-21T09:06:06Z</time><speed>0.000</speed><sat>25</sat></trkpt>
  <trkpt lat="45.77077203" lon="2.96233811"><ele>1465.525</ele><time>2026-09-21T09:06:09Z</time><speed>0.000</speed><sat>22</sat></trkpt>
  <trkpt lat="45.77077217" lon="2.96233815"><ele>1465.529</ele><time>2026-09-21T09:06:12Z</time><speed>0.000</speed><sat>20</sat></trkpt>
  <trkpt lat="45.77077208" lon="2.96233810"><ele>1465.552</ele><time>2026-09-21T09:06:15Z</time><speed>0.000</speed><sat>21</sat></trkpt>
  <trkpt lat="45.77077214" lon="2.96233819"><ele>1465.575</ele><time>2026-09-21T09:06:18Z</time><speed>0.000</speed><sat>22</sat></trkpt>
  <trkpt lat="45.77077216" lon="2.96233789"><ele>1465.570</ele><time>2026-09-21T09:06:21Z</time><speed>0.000</speed><sat>21</sat></trkpt>
  <trkpt lat="45.77077231" lon="2.96233780"><ele>1465.547</ele><time>2026-09-21T09:06:24Z</time><speed>0.000</speed><sat>21</sat></trkpt>
  <trkpt lat="45.77077256" lon="2.96233820"><ele>1465.535</ele><time>2026-09-21T09:06:27Z</time><speed>0.000</speed><sat>21</sat></trkpt>
  <trkpt lat="45.77077248" lon="2.96233818"><ele>1465.547</ele><time>2026-09-21T09:06:30Z</time><speed>0.000</speed><sat>21</sat></trkpt>
  <trkpt lat="45.77077242" lon="2.96233775"><ele>1465.533</ele><time>2026-09-21T09:06:33Z</time><speed>0.000</speed><sat>23</sat></trkpt>
  <trkpt lat="45.77077232" lon="2.96233724"><ele>1465.527</ele><time>2026-09-21T09:06:36Z</time><speed>0.000</speed><sat>24</sat></trkpt>
  <trkpt lat="45.77077220" lon="2.96233698"><ele>1465.542</ele><time>2026-09-21T09:06:39Z</time><speed>0.000</speed><sat>24</sat></trkpt>
  <trkpt lat="45.77077219" lon="2.96233680"><ele>1465.542</ele><time>2026-09-21T09:06:42Z</time><speed>0.000</speed><sat>20</sat></trkpt>
  <trkpt lat="45.77077118" lon="2.96233689"><ele>1465.491</ele><time>2026-09-21T09:06:45Z</time><speed>0.000</speed><sat>19</sat></trkpt>
  <trkpt lat="45.77077524" lon="2.96234045"><ele>1465.906</ele><time>2026-09-21T09:06:48Z</time><speed>0.460</speed><sat>22</sat></trkpt>
  <trkpt lat="45.77077738" lon="2.96233815"><ele>1465.947</ele><time>2026-09-21T09:06:51Z</time><speed>0.000</speed><sat>23</sat></trkpt>
  <trkpt lat="45.77077733" lon="2.96233825"><ele>1465.987</ele><time>2026-09-21T09:06:54Z</time><speed>0.000</speed><sat>25</sat></trkpt>
  <trkpt lat="45.77077799" lon="2.96233841"><ele>1465.974</ele><time>2026-09-21T09:06:57Z</time><speed>0.000</speed><sat>28</sat></trkpt>
  <trkpt lat="45.77077828" lon="2.96233873"><ele>1465.976</ele><time>2026-09-21T09:07:00Z</time><speed>0.000</speed><sat>28</sat></trkpt>
  <trkpt lat="45.77077839" lon="2.96233864"><ele>1465.985</ele><time>2026-09-21T09:07:03Z</time><speed>0.000</speed><sat>27</sat></trkpt>
  <trkpt lat="45.77077818" lon="2.96233803"><ele>1466.006</ele><time>2026-09-21T09:07:06Z</time><speed>0.000</speed><sat>28</sat></trkpt>
  <trkpt lat="45.77077801" lon="2.96233733"><ele>1465.996</ele><time>2026-09-21T09:07:09Z</time><speed>0.000</speed><sat>28</sat></trkpt>
  <trkpt lat="45.77077791" lon="2.96233726"><ele>1466.008</ele><time>2026-09-21T09:07:12Z</time><speed>0.000</speed><sat>28</sat></trkpt>
  <trkpt lat="45.77077784" lon="2.96233784"><ele>1466.074</ele><time>2026-09-21T09:07:15Z</time><speed>0.000</speed><sat>27</sat></trkpt>
  <trkpt lat="45.77077201" lon="2.96233903"><ele>1466.232</ele><time>2026-09-21T09:07:18Z</time><speed>0.200</speed><sat>28</sat></trkpt>
  <trkpt lat="45.77077506" lon="2.96233518"><ele>1466.012</ele><time>2026-09-21T09:07:21Z</time><speed>0.000</speed><sat>25</sat></trkpt>
  <trkpt lat="45.77077494" lon="2.96233542"><ele>1466.027</ele><time>2026-09-21T09:07:24Z</time><speed>0.000</speed><sat>25</sat></trkpt>
  <trkpt lat="45.77077474" lon="2.96233534"><ele>1466.020</ele><time>2026-09-21T09:07:27Z</time><speed>0.000</speed><sat>22</sat></trkpt>
  <trkpt lat="45.77077508" lon="2.96233583"><ele>1466.015</ele><time>2026-09-21T09:07:30Z</time><speed>0.000</speed><sat>27</sat></trkpt>
  <trkpt lat="45.77077428" lon="2.96233891"><ele>1466.051</ele><time>2026-09-21T09:07:33Z</time><speed>0.000</speed><sat>27</sat></trkpt>
  <trkpt lat="45.77077103" lon="2.96233576"><ele>1466.027</ele><time>2026-09-21T09:07:36Z</time><speed>0.000</speed><sat>25</sat></trkpt>
  <trkpt lat="45.77076903" lon="2.96233516"><ele>1466.194</ele><time>2026-09-21T09:07:39Z</time><speed>0.150</speed><sat>24</sat></trkpt>
  <trkpt lat="45.77076875" lon="2.96233611"><ele>1466.276</ele><time>2026-09-21T09:07:42Z</time><speed>0.000</speed><sat>24</sat></trkpt>
  <trkpt lat="45.77076693" lon="2.96233735"><ele>1466.417</ele><time>2026-09-21T09:07:45Z</time><speed>0.000</speed><sat>21</sat></trkpt>
  <trkpt lat="45.77076667" lon="2.96233773"><ele>1466.437</ele><time>2026-09-21T09:07:48Z</time><speed>0.000</speed><sat>21</sat></trkpt>
  <trkpt lat="45.77076700" lon="2.96233797"><ele>1466.411</ele><time>2026-09-21T09:07:51Z</time><speed>0.000</speed><sat>20</sat></trkpt>
  <trkpt lat="45.77076744" lon="2.96233858"><ele>1466.395</ele><time>2026-09-21T09:07:54Z</time><speed>0.000</speed><sat>21</sat></trkpt>
  <trkpt lat="45.77076724" lon="2.96233907"><ele>1466.380</ele><time>2026-09-21T09:07:57Z</time><speed>0.000</speed><sat>21</sat></trkpt>
  <trkpt lat="45.77076725" lon="2.96233912"><ele>1466.391</ele><time>2026-09-21T09:08:00Z</time><speed>0.000</speed><sat>21</sat></trkpt>
  <trkpt lat="45.77076663" lon="2.96233802"><ele>1466.634</ele><time>2026-09-21T09:08:03Z</time><speed>0.000</speed><sat>21</sat></trkpt>
  <trkpt lat="45.77076655" lon="2.96233706"><ele>1466.647</ele><time>2026-09-21T09:08:06Z</time><speed>0.000</speed><sat>21</sat></trkpt>
  <trkpt lat="45.77076668" lon="2.96233729"><ele>1466.645</ele><time>2026-09-21T09:08:09Z</time><speed>0.000</speed><sat>22</sat></trkpt>
  <trkpt lat="45.77076674" lon="2.96233773"><ele>1466.633</ele><time>2026-09-21T09:08:12Z</time><speed>0.000</speed><sat>22</sat></trkpt>
  <trkpt lat="45.77076683" lon="2.96233764"><ele>1466.616</ele><time>2026-09-21T09:08:15Z</time><speed>0.000</speed><sat>21</sat></trkpt>
  <trkpt lat="45.77076703" lon="2.96233795"><ele>1466.616</ele><time>2026-09-21T09:08:18Z</time><speed>0.000</speed><sat>25</sat></trkpt>
  <trkpt lat="45.77076701" lon="2.96233812"><ele>1466.635</ele><time>2026-09-21T09:08:21Z</time><speed>0.000</speed><sat>26</sat></trkpt>
  <trkpt lat="45.77076698" lon="2.96233816"><ele>1466.638</ele><time>2026-09-21T09:08:24Z</time><speed>0.000</speed><sat>24</sat></trkpt>
  <trkpt lat="45.77077353" lon="2.96233217"><ele>1466.656</ele><time>2026-09-21T09:08:27Z</time><speed>0.530</speed><sat>24</sat></trkpt>
  <trkpt lat="45.77077505" lon="2.96236888"><ele>1466.231</ele><time>2026-09-21T09:08:30Z</time><speed>0.720</speed><sat>26</sat></trkpt>
  <trkpt lat="45.77076214" lon="2.96236370"><ele>1465.382</ele><time>2026-09-21T09:08:33Z</time><speed>1.030</speed><sat>31</sat></trkpt>
  <trkpt lat="45.77076171" lon="2.96235911"><ele>1465.424</ele><time>2026-09-21T09:08:36Z</time><speed>0.000</speed><sat>31</sat></trkpt>
  <trkpt lat="45.77076191" lon="2.96235848"><ele>1465.496</ele><time>2026-09-21T09:08:39Z</time><speed>0.000</speed><sat>31</sat></trkpt>
  <trkpt lat="45.77075658" lon="2.96234352"><ele>1465.716</ele><time>2026-09-21T09:08:42Z</time><speed>0.310</speed><sat>29</sat></trkpt>
  <trkpt lat="45.77076278" lon="2.96234348"><ele>1465.842</ele><time>2026-09-21T09:08:45Z</time><speed>0.000</speed><sat>30</sat></trkpt>
  <trkpt lat="45.77076347" lon="2.96234400"><ele>1465.806</ele><time>2026-09-21T09:08:48Z</time><speed>0.000</speed><sat>31</sat></trkpt>
  <trkpt lat="45.77077511" lon="2.96234128"><ele>1465.270</ele><time>2026-09-21T09:08:51Z</time><speed>0.630</speed><sat>30</sat></trkpt>
  <trkpt lat="45.77079195" lon="2.96233320"><ele>1465.064</ele><time>2026-09-21T09:08:54Z</time><speed>0.000</speed><sat>30</sat></trkpt>
  <trkpt lat="45.77079350" lon="2.96233191"><ele>1464.870</ele><time>2026-09-21T09:08:57Z</time><speed>0.240</speed><sat>29</sat></trkpt>
  <trkpt lat="45.77078439" lon="2.96233184"><ele>1464.631</ele><time>2026-09-21T09:09:00Z</time><speed>0.310</speed><sat>29</sat></trkpt>
  <trkpt lat="45.77078164" lon="2.96232161"><ele>1465.173</ele><time>2026-09-21T09:09:03Z</time><speed>0.000</speed><sat>30</sat></trkpt>
  <trkpt lat="45.77077648" lon="2.96232173"><ele>1465.196</ele><time>2026-09-21T09:09:06Z</time><speed>0.430</speed><sat>30</sat></trkpt>
  <trkpt lat="45.77077249" lon="2.96231757"><ele>1465.383</ele><time>2026-09-21T09:09:09Z</time><speed>0.000</speed><sat>29</sat></trkpt>
  <trkpt lat="45.77077191" lon="2.96231660"><ele>1465.406</ele><time>2026-09-21T09:09:12Z</time><speed>0.000</speed><sat>29</sat></trkpt>
  <trkpt lat="45.77077213" lon="2.96231720"><ele>1465.555</ele><time>2026-09-21T09:09:15Z</time><speed>0.180</speed><sat>29</sat></trkpt>
  <trkpt lat="45.77077421" lon="2.96231852"><ele>1465.554</ele><time>2026-09-21T09:09:18Z</time><speed>0.000</speed><sat>28</sat></trkpt>
  <trkpt lat="45.77077440" lon="2.96231896"><ele>1465.584</ele><time>2026-09-21T09:09:21Z</time><speed>0.000</speed><sat>27</sat></trkpt>
  <trkpt lat="45.77077560" lon="2.96232207"><ele>1465.542</ele><time>2026-09-21T09:09:24Z</time><speed>0.000</speed><sat>28</sat></trkpt>
  <trkpt lat="45.77077607" lon="2.96232246"><ele>1465.564</ele><time>2026-09-21T09:09:27Z</time><speed>0.000</speed><sat>29</sat></trkpt>
  <trkpt lat="45.77077518" lon="2.96231881"><ele>1465.724</ele><time>2026-09-21T09:09:30Z</time><speed>0.320</speed><sat>28</sat></trkpt>
  <trkpt lat="45.77077574" lon="2.96231662"><ele>1465.753</ele><time>2026-09-21T09:09:33Z</time><speed>0.000</speed><sat>29</sat></trkpt>
  <trkpt lat="45.77077601" lon="2.96231601"><ele>1465.736</ele><time>2026-09-21T09:09:36Z</time><speed>0.000</speed><sat>27</sat></trkpt>
  <trkpt lat="45.77077554" lon="2.96231617"><ele>1465.755</ele><time>2026-09-21T09:09:39Z</time><speed>0.000</speed><sat>26</sat></trkpt>
  <trkpt lat="45.77077552" lon="2.96231658"><ele>1465.790</ele><time>2026-09-21T09:09:42Z</time><speed>0.000</speed><sat>27</sat></trkpt>
  <trkpt lat="45.77077555" lon="2.96231678"><ele>1465.804</ele><time>2026-09-21T09:09:45Z</time><speed>0.000</speed><sat>25</sat></trkpt>
  <trkpt lat="45.77077575" lon="2.96231715"><ele>1465.863</ele><time>2026-09-21T09:09:48Z</time><speed>0.000</speed><sat>25</sat></trkpt>
  <trkpt lat="45.77077564" lon="2.96231778"><ele>1465.931</ele><time>2026-09-21T09:09:51Z</time><speed>0.000</speed><sat>25</sat></trkpt>
  <trkpt lat="45.77077547" lon="2.96231778"><ele>1465.958</ele><time>2026-09-21T09:09:54Z</time><speed>0.000</speed><sat>24</sat></trkpt>
  <trkpt lat="45.77077488" lon="2.96231756"><ele>1465.970</ele><time>2026-09-21T09:09:57Z</time><speed>0.000</speed><sat>26</sat></trkpt>
  <trkpt lat="45.77077454" lon="2.96231713"><ele>1466.014</ele><time>2026-09-21T09:10:00Z</time><speed>0.000</speed><sat>26</sat></trkpt>
  <trkpt lat="45.77077410" lon="2.96231675"><ele>1466.040</ele><time>2026-09-21T09:10:03Z</time><speed>0.000</speed><sat>26</sat></trkpt>
  <trkpt lat="45.77077360" lon="2.96231651"><ele>1466.099</ele><time>2026-09-21T09:10:06Z</time><speed>0.000</speed><sat>26</sat></trkpt>
  <trkpt lat="45.77077299" lon="2.96231632"><ele>1466.130</ele><time>2026-09-21T09:10:09Z</time><speed>0.000</speed><sat>27</sat></trkpt>
  <trkpt lat="45.77077279" lon="2.96231593"><ele>1466.106</ele><time>2026-09-21T09:10:12Z</time><speed>0.000</speed><sat>27</sat></trkpt>
  <trkpt lat="45.77077238" lon="2.96231579"><ele>1466.117</ele><time>2026-09-21T09:10:15Z</time><speed>0.000</speed><sat>27</sat></trkpt>
  <trkpt lat="45.77077127" lon="2.96231591"><ele>1466.169</ele><time>2026-09-21T09:10:18Z</time><speed>0.000</speed><sat>26</sat></trkpt>
  <trkpt lat="45.77077040" lon="2.96231581"><ele>1466.303</ele><time>2026-09-21T09:10:21Z</time><speed>0.000</speed><sat>26</sat></trkpt>
  <trkpt lat="45.77076964" lon="2.96231620"><ele>1466.444</ele><time>2026-09-21T09:10:24Z</time><speed>0.000</speed><sat>25</sat></trkpt>
  <trkpt lat="45.77076888" lon="2.96231654"><ele>1466.569</ele><time>2026-09-21T09:10:27Z</time><speed>0.000</speed><sat>24</sat></trkpt>
  <trkpt lat="45.77076803" lon="2.96231663"><ele>1466.662</ele><time>2026-09-21T09:10:30Z</time><speed>0.000</speed><sat>25</sat></trkpt>
  <trkpt lat="45.77076741" lon="2.96231679"><ele>1466.737</ele><time>2026-09-21T09:10:33Z</time><speed>0.000</speed><sat>24</sat></trkpt>
  <trkpt lat="45.77076684" lon="2.96231658"><ele>1466.794</ele><time>2026-09-21T09:10:36Z</time><speed>0.000</speed><sat>24</sat></trkpt>
  <trkpt lat="45.77076681" lon="2.96231551"><ele>1466.801</ele><time>2026-09-21T09:10:39Z</time><speed>0.000</speed><sat>24</sat></trkpt>
  <trkpt lat="45.77076755" lon="2.96231491"><ele>1466.811</ele><time>2026-09-21T09:10:42Z</time><speed>0.000</speed><sat>26</sat></trkpt>
  <trkpt lat="45.77076962" lon="2.96231114"><ele>1466.598</ele><time>2026-09-21T09:10:45Z</time><speed>0.250</speed><sat>26</sat></trkpt>
  <trkpt lat="45.77077041" lon="2.96230963"><ele>1466.599</ele><time>2026-09-21T09:10:48Z</time><speed>0.000</speed><sat>25</sat></trkpt>
  <trkpt lat="45.77076759" lon="2.96230836"><ele>1466.631</ele><time>2026-09-21T09:10:51Z</time><speed>0.000</speed><sat>26</sat></trkpt>
  <trkpt lat="45.77076743" lon="2.96230832"><ele>1466.656</ele><time>2026-09-21T09:10:54Z</time><speed>0.000</speed><sat>27</sat></trkpt>
  <trkpt lat="45.77076781" lon="2.96230869"><ele>1466.672</ele><time>2026-09-21T09:10:57Z</time><speed>0.000</speed><sat>26</sat></trkpt>
  <trkpt lat="45.77076788" lon="2.96230890"><ele>1466.697</ele><time>2026-09-21T09:11:00Z</time><speed>0.000</speed><sat>26</sat></trkpt>
  <trkpt lat="45.77076779" lon="2.96230897"><ele>1466.722</ele><time>2026-09-21T09:11:03Z</time><speed>0.000</speed><sat>27</sat></trkpt>
  <trkpt lat="45.77076757" lon="2.96230968"><ele>1466.722</ele><time>2026-09-21T09:11:06Z</time><speed>0.000</speed><sat>27</sat></trkpt>
  <trkpt lat="45.77076765" lon="2.96231013"><ele>1466.756</ele><time>2026-09-21T09:11:09Z</time><speed>0.000</speed><sat>25</sat></trkpt>
  <trkpt lat="45.77076765" lon="2.96231028"><ele>1466.764</ele><time>2026-09-21T09:11:12Z</time><speed>0.000</speed><sat>25</sat></trkpt>
  <trkpt lat="45.77076772" lon="2.96231043"><ele>1466.780</ele><time>2026-09-21T09:11:15Z</time><speed>0.000</speed><sat>26</sat></trkpt>
  <trkpt lat="45.77076774" lon="2.96231053"><ele>1466.773</ele><time>2026-09-21T09:11:18Z</time><speed>0.000</speed><sat>27</sat></trkpt>
  <trkpt lat="45.77076753" lon="2.96231081"><ele>1466.784</ele><time>2026-09-21T09:11:21Z</time><speed>0.000</speed><sat>26</sat></trkpt>
  <trkpt lat="45.77076743" lon="2.96231099"><ele>1466.829</ele><time>2026-09-21T09:11:24Z</time><speed>0.000</speed><sat>25</sat></trkpt>
  <trkpt lat="45.77076708" lon="2.96231090"><ele>1466.910</ele><time>2026-09-21T09:11:27Z</time><speed>0.000</speed><sat>27</sat></trkpt>
  <trkpt lat="45.77076717" lon="2.96231110"><ele>1466.954</ele><time>2026-09-21T09:11:30Z</time><speed>0.000</speed><sat>28</sat></trkpt>
  <trkpt lat="45.77076739" lon="2.96231142"><ele>1466.988</ele><time>2026-09-21T09:11:33Z</time><speed>0.000</speed><sat>27</sat></trkpt>
  <trkpt lat="45.77076771" lon="2.96231193"><ele>1467.014</ele><time>2026-09-21T09:11:36Z</time><speed>0.000</speed><sat>27</sat></trkpt>
  <trkpt lat="45.77076740" lon="2.96230590"><ele>1467.016</ele><time>2026-09-21T09:11:39Z</time><speed>0.170</speed><sat>25</sat></trkpt>
  <trkpt lat="45.77076778" lon="2.96230588"><ele>1467.036</ele><time>2026-09-21T09:11:42Z</time><speed>0.000</speed><sat>25</sat></trkpt>
  <trkpt lat="45.77076786" lon="2.96230556"><ele>1467.045</ele><time>2026-09-21T09:11:45Z</time><speed>0.000</speed><sat>25</sat></trkpt>
  <trkpt lat="45.77076271" lon="2.96230351"><ele>1466.976</ele><time>2026-09-21T09:11:48Z</time><speed>0.270</speed><sat>25</sat></trkpt>
  <trkpt lat="45.77076165" lon="2.96230073"><ele>1466.993</ele><time>2026-09-21T09:11:51Z</time><speed>0.000</speed><sat>25</sat></trkpt>
  <trkpt lat="45.77076113" lon="2.96230154"><ele>1467.021</ele><time>2026-09-21T09:11:54Z</time><speed>0.000</speed><sat>25</sat></trkpt>
  <trkpt lat="45.77076054" lon="2.96230199"><ele>1467.025</ele><time>2026-09-21T09:11:57Z</time><speed>0.000</speed><sat>28</sat></trkpt>
  <trkpt lat="45.77075974" lon="2.96230224"><ele>1467.038</ele><time>2026-09-21T09:12:00Z</time><speed>0.000</speed><sat>28</sat></trkpt>
  <trkpt lat="45.77075964" lon="2.96230245"><ele>1467.098</ele><time>2026-09-21T09:12:03Z</time><speed>0.000</speed><sat>27</sat></trkpt>
  <trkpt lat="45.77075938" lon="2.96230240"><ele>1467.088</ele><time>2026-09-21T09:12:06Z</time><speed>0.000</speed><sat>29</sat></trkpt>
  <trkpt lat="45.77075914" lon="2.96230213"><ele>1467.054</ele><time>2026-09-21T09:12:09Z</time><speed>0.000</speed><sat>29</sat></trkpt>
  <trkpt lat="45.77075671" lon="2.96230347"><ele>1467.021</ele><time>2026-09-21T09:12:12Z</time><speed>0.000</speed><sat>28</sat></trkpt>
  <trkpt lat="45.77075670" lon="2.96230335"><ele>1466.994</ele><time>2026-09-21T09:12:15Z</time><speed>0.000</speed><sat>29</sat></trkpt>
  <trkpt lat="45.77075689" lon="2.96230343"><ele>1467.020</ele><time>2026-09-21T09:12:18Z</time><speed>0.000</speed><sat>26</sat></trkpt>
  <trkpt lat="45.77075705" lon="2.96230373"><ele>1467.061</ele><time>2026-09-21T09:12:21Z</time><speed>0.000</speed><sat>26</sat></trkpt>
  <trkpt lat="45.77075681" lon="2.96230381"><ele>1467.106</ele><time>2026-09-21T09:12:24Z</time><speed>0.000</speed><sat>25</sat></trkpt>
  <trkpt lat="45.77075650" lon="2.96230349"><ele>1467.079</ele><time>2026-09-21T09:12:27Z</time><speed>0.000</speed><sat>25</sat></trkpt>
  <trkpt lat="45.77075599" lon="2.96230304"><ele>1467.059</ele><time>2026-09-21T09:12:30Z</time><speed>0.000</speed><sat>26</sat></trkpt>
  <trkpt lat="45.77075563" lon="2.96230282"><ele>1467.089</ele><time>2026-09-21T09:12:33Z</time><speed>0.000</speed><sat>25</sat></trkpt>
  <trkpt lat="45.77075519" lon="2.96230267"><ele>1467.127</ele><time>2026-09-21T09:12:36Z</time><speed>0.000</speed><sat>24</sat></trkpt>
  <trkpt lat="45.77075481" lon="2.96230250"><ele>1467.152</ele><time>2026-09-21T09:12:39Z</time><speed>0.000</speed><sat>24</sat></trkpt>
  <trkpt lat="45.77075470" lon="2.96230230"><ele>1467.179</ele><time>2026-09-21T09:12:42Z</time><speed>0.000</speed><sat>22</sat></trkpt>
  <trkpt lat="45.77075442" lon="2.96230234"><ele>1467.224</ele><time>2026-09-21T09:12:45Z</time><speed>0.000</speed><sat>23</sat></trkpt>
  <trkpt lat="45.77075401" lon="2.96230229"><ele>1467.296</ele><time>2026-09-21T09:12:48Z</time><speed>0.000</speed><sat>24</sat></trkpt>
  <trkpt lat="45.77075360" lon="2.96230220"><ele>1467.349</ele><time>2026-09-21T09:12:51Z</time><speed>0.000</speed><sat>24</sat></trkpt>
  <trkpt lat="45.77075467" lon="2.96229901"><ele>1467.770</ele><time>2026-09-21T09:12:54Z</time><speed>0.000</speed><sat>23</sat></trkpt>
  <trkpt lat="45.77075449" lon="2.96229541"><ele>1467.680</ele><time>2026-09-21T09:12:57Z</time><speed>0.000</speed><sat>25</sat></trkpt>
  <trkpt lat="45.77077287" lon="2.96230200"><ele>1466.431</ele><time>2026-09-21T09:13:00Z</time><speed>0.650</speed><sat>25</sat></trkpt>
  <trkpt lat="45.77079802" lon="2.96231482"><ele>1465.773</ele><time>2026-09-21T09:13:03Z</time><speed>0.820</speed><sat>28</sat></trkpt>
  <trkpt lat="45.77081145" lon="2.96234596"><ele>1466.219</ele><time>2026-09-21T09:13:06Z</time><speed>1.850</speed><sat>29</sat></trkpt>
  <trkpt lat="45.77081890" lon="2.96236387"><ele>1466.664</ele><time>2026-09-21T09:13:09Z</time><speed>0.510</speed><sat>29</sat></trkpt>
  <trkpt lat="45.77082677" lon="2.96237929"><ele>1466.953</ele><time>2026-09-21T09:13:12Z</time><speed>0.710</speed><sat>30</sat></trkpt>
  <trkpt lat="45.77083040" lon="2.96237017"><ele>1466.819</ele><time>2026-09-21T09:13:15Z</time><speed>0.000</speed><sat>31</sat></trkpt>
  <trkpt lat="45.77083113" lon="2.96236724"><ele>1466.792</ele><time>2026-09-21T09:13:18Z</time><speed>0.000</speed><sat>31</sat></trkpt>
  <trkpt lat="45.77083273" lon="2.96238892"><ele>1466.696</ele><time>2026-09-21T09:13:21Z</time><speed>1.060</speed><sat>31</sat></trkpt>
  <trkpt lat="45.77080939" lon="2.96241079"><ele>1465.881</ele><time>2026-09-21T09:13:24Z</time><speed>1.590</speed><sat>31</sat></trkpt>
  <trkpt lat="45.77080090" lon="2.96243848"><ele>1465.471</ele><time>2026-09-21T09:13:27Z</time><speed>0.850</speed><sat>31</sat></trkpt>
  <trkpt lat="45.77080605" lon="2.96245607"><ele>1464.595</ele><time>2026-09-21T09:13:30Z</time><speed>0.000</speed><sat>29</sat></trkpt>
  <trkpt lat="45.77079731" lon="2.96247326"><ele>1464.227</ele><time>2026-09-21T09:13:33Z</time><speed>0.670</speed><sat>30</sat></trkpt>
  <trkpt lat="45.77078261" lon="2.96249295"><ele>1464.457</ele><time>2026-09-21T09:13:36Z</time><speed>0.780</speed><sat>31</sat></trkpt>
  <trkpt lat="45.77077129" lon="2.96251166"><ele>1465.166</ele><time>2026-09-21T09:13:39Z</time><speed>0.950</speed><sat>31</sat></trkpt>
  <trkpt lat="45.77076008" lon="2.96251041"><ele>1465.393</ele><time>2026-09-21T09:13:42Z</time><speed>0.600</speed><sat>31</sat></trkpt>
  <trkpt lat="45.77075379" lon="2.96250462"><ele>1465.984</ele><time>2026-09-21T09:13:45Z</time><speed>0.200</speed><sat>32</sat></trkpt>
  <trkpt lat="45.77073861" lon="2.96249911"><ele>1466.768</ele><time>2026-09-21T09:13:48Z</time><speed>0.800</speed><sat>31</sat></trkpt>
  <trkpt lat="45.77071907" lon="2.96249630"><ele>1467.495</ele><time>2026-09-21T09:13:51Z</time><speed>0.820</speed><sat>31</sat></trkpt>
  <trkpt lat="45.77070923" lon="2.96249281"><ele>1468.000</ele><time>2026-09-21T09:13:54Z</time><speed>0.000</speed><sat>31</sat></trkpt>
  <trkpt lat="45.77070971" lon="2.96249336"><ele>1467.997</ele><time>2026-09-21T09:13:57Z</time><speed>0.000</speed><sat>31</sat></trkpt>
  <trkpt lat="45.77071205" lon="2.96249264"><ele>1467.695</ele><time>2026-09-21T09:14:00Z</time><speed>0.000</speed><sat>31</sat></trkpt>
  <trkpt lat="45.77071247" lon="2.96249179"><ele>1467.714</ele><time>2026-09-21T09:14:03Z</time><speed>0.000</speed><sat>31</sat></trkpt>
  <trkpt lat="45.77071264" lon="2.96249099"><ele>1467.812</ele><time>2026-09-21T09:14:06Z</time><speed>0.000</speed><sat>30</sat></trkpt>
  <trkpt lat="45.77071281" lon="2.96249158"><ele>1467.775</ele><time>2026-09-21T09:14:09Z</time><speed>0.000</speed><sat>29</sat></trkpt>
  <trkpt lat="45.77071297" lon="2.96249161"><ele>1467.811</ele><time>2026-09-21T09:14:12Z</time><speed>0.000</speed><sat>30</sat></trkpt>
  <trkpt lat="45.77070426" lon="2.96249166"><ele>1468.123</ele><time>2026-09-21T09:14:15Z</time><speed>0.000</speed><sat>30</sat></trkpt>
  <trkpt lat="45.77070395" lon="2.96249253"><ele>1468.095</ele><time>2026-09-21T09:14:18Z</time><speed>0.000</speed><sat>32</sat></trkpt>
  <trkpt lat="45.77070354" lon="2.96249250"><ele>1468.141</ele><time>2026-09-21T09:14:21Z</time><speed>0.000</speed><sat>31</sat></trkpt>
  <trkpt lat="45.77070175" lon="2.96249287"><ele>1468.333</ele><time>2026-09-21T09:14:24Z</time><speed>0.180</speed><sat>31</sat></trkpt>
  <trkpt lat="45.77070402" lon="2.96250763"><ele>1468.432</ele><time>2026-09-21T09:14:27Z</time><speed>0.370</speed><sat>32</sat></trkpt>
  <trkpt lat="45.77070790" lon="2.96251421"><ele>1468.410</ele><time>2026-09-21T09:14:30Z</time><speed>0.000</speed><sat>32</sat></trkpt>
  <trkpt lat="45.77071390" lon="2.96252851"><ele>1468.404</ele><time>2026-09-21T09:14:33Z</time><speed>0.000</speed><sat>31</sat></trkpt>
  <trkpt lat="45.77071327" lon="2.96253633"><ele>1468.422</ele><time>2026-09-21T09:14:36Z</time><speed>0.000</speed><sat>30</sat></trkpt>
  <trkpt lat="45.77071291" lon="2.96253777"><ele>1468.413</ele><time>2026-09-21T09:14:39Z</time><speed>0.000</speed><sat>30</sat></trkpt>
  <trkpt lat="45.77071261" lon="2.96253836"><ele>1468.449</ele><time>2026-09-21T09:14:42Z</time><speed>0.000</speed><sat>30</sat></trkpt>
  <trkpt lat="45.77071217" lon="2.96253937"><ele>1468.461</ele><time>2026-09-21T09:14:45Z</time><speed>0.000</speed><sat>31</sat></trkpt>
  <trkpt lat="45.77071183" lon="2.96253958"><ele>1468.463</ele><time>2026-09-21T09:14:48Z</time><speed>0.000</speed><sat>31</sat></trkpt>
  <trkpt lat="45.77071187" lon="2.96254004"><ele>1468.436</ele><time>2026-09-21T09:14:51Z</time><speed>0.000</speed><sat>31</sat></trkpt>
  <trkpt lat="45.77071180" lon="2.96254083"><ele>1468.459</ele><time>2026-09-21T09:14:54Z</time><speed>0.000</speed><sat>31</sat></trkpt>
  <trkpt lat="45.77071136" lon="2.96254088"><ele>1468.431</ele><time>2026-09-21T09:14:57Z</time><speed>0.000</speed><sat>31</sat></trkpt>
  <trkpt lat="45.77071117" lon="2.96254099"><ele>1468.441</ele><time>2026-09-21T09:15:00Z</time><speed>0.000</speed><sat>31</sat></trkpt>
  <trkpt lat="45.77071459" lon="2.96254968"><ele>1468.832</ele><time>2026-09-21T09:15:03Z</time><speed>0.450</speed><sat>31</sat></trkpt>
  <trkpt lat="45.77070355" lon="2.96257036"><ele>1469.488</ele><time>2026-09-21T09:15:06Z</time><speed>0.000</speed><sat>31</sat></trkpt>
  <trkpt lat="45.77070556" lon="2.96256394"><ele>1469.529</ele><time>2026-09-21T09:15:09Z</time><speed>0.000</speed><sat>31</sat></trkpt>
  <trkpt lat="45.77070556" lon="2.96255712"><ele>1469.557</ele><time>2026-09-21T09:15:12Z</time><speed>0.000</speed><sat>31</sat></trkpt>
  <trkpt lat="45.77070618" lon="2.96255593"><ele>1469.537</ele><time>2026-09-21T09:15:15Z</time><speed>0.000</speed><sat>31</sat></trkpt>
  <trkpt lat="45.77070548" lon="2.96255589"><ele>1469.703</ele><time>2026-09-21T09:15:18Z</time><speed>0.000</speed><sat>31</sat></trkpt>
  <trkpt lat="45.77070509" lon="2.96255516"><ele>1469.729</ele><time>2026-09-21T09:15:21Z</time><speed>0.000</speed><sat>31</sat></trkpt>
  <trkpt lat="45.77070497" lon="2.96255468"><ele>1469.762</ele><time>2026-09-21T09:15:24Z</time><speed>0.000</speed><sat>32</sat></trkpt>
  <trkpt lat="45.77070514" lon="2.96255462"><ele>1469.759</ele><time>2026-09-21T09:15:27Z</time><speed>0.000</speed><sat>32</sat></trkpt>
  <trkpt lat="45.77070687" lon="2.96255304"><ele>1469.653</ele><time>2026-09-21T09:15:30Z</time><speed>0.000</speed><sat>29</sat></trkpt>
  <trkpt lat="45.77070698" lon="2.96255265"><ele>1469.689</ele><time>2026-09-21T09:15:33Z</time><speed>0.000</speed><sat>30</sat></trkpt>
  <trkpt lat="45.77070696" lon="2.96255200"><ele>1469.734</ele><time>2026-09-21T09:15:36Z</time><speed>0.000</speed><sat>31</sat></trkpt>
  <trkpt lat="45.77070712" lon="2.96255235"><ele>1469.687</ele><time>2026-09-21T09:15:39Z</time><speed>0.000</speed><sat>31</sat></trkpt>
  <trkpt lat="45.77070714" lon="2.96255259"><ele>1469.650</ele><time>2026-09-21T09:15:42Z</time><speed>0.000</speed><sat>31</sat></trkpt>
  <trkpt lat="45.77070750" lon="2.96255256"><ele>1469.614</ele><time>2026-09-21T09:15:45Z</time><speed>0.000</speed><sat>31</sat></trkpt>
  <trkpt lat="45.77070795" lon="2.96255288"><ele>1469.572</ele><time>2026-09-21T09:15:48Z</time><speed>0.000</speed><sat>29</sat></trkpt>
  <trkpt lat="45.77070816" lon="2.96255345"><ele>1469.547</ele><time>2026-09-21T09:15:51Z</time><speed>0.000</speed><sat>30</sat></trkpt>
  <trkpt lat="45.77070849" lon="2.96255381"><ele>1469.567</ele><time>2026-09-21T09:15:54Z</time><speed>0.000</speed><sat>30</sat></trkpt>
  <trkpt lat="45.77070835" lon="2.96255691"><ele>1469.256</ele><time>2026-09-21T09:15:57Z</time><speed>0.000</speed><sat>29</sat></trkpt>
  <trkpt lat="45.77070854" lon="2.96255797"><ele>1469.126</ele><time>2026-09-21T09:16:00Z</time><speed>0.000</speed><sat>30</sat></trkpt>
  <trkpt lat="45.77070879" lon="2.96255873"><ele>1469.072</ele><time>2026-09-21T09:16:03Z</time><speed>0.000</speed><sat>30</sat></trkpt>
  <trkpt lat="45.77070921" lon="2.96256028"><ele>1468.992</ele><time>2026-09-21T09:16:06Z</time><speed>0.000</speed><sat>29</sat></trkpt>
  <trkpt lat="45.77070936" lon="2.96256113"><ele>1469.002</ele><time>2026-09-21T09:16:09Z</time><speed>0.000</speed><sat>30</sat></trkpt>
  <trkpt lat="45.77071017" lon="2.96256213"><ele>1468.940</ele><time>2026-09-21T09:16:12Z</time><speed>0.000</speed><sat>30</sat></trkpt>
  <trkpt lat="45.77071085" lon="2.96256503"><ele>1468.927</ele><time>2026-09-21T09:16:15Z</time><speed>0.000</speed><sat>27</sat></trkpt>
  <trkpt lat="45.77071059" lon="2.96256622"><ele>1468.927</ele><time>2026-09-21T09:16:18Z</time><speed>0.000</speed><sat>28</sat></trkpt>
  <trkpt lat="45.77070951" lon="2.96256365"><ele>1469.006</ele><time>2026-09-21T09:16:21Z</time><speed>0.000</speed><sat>31</sat></trkpt>
  <trkpt lat="45.77070921" lon="2.96256332"><ele>1469.077</ele><time>2026-09-21T09:16:24Z</time><speed>0.000</speed><sat>31</sat></trkpt>
  <trkpt lat="45.77071469" lon="2.96256717"><ele>1468.990</ele><time>2026-09-21T09:16:27Z</time><speed>0.180</speed><sat>31</sat></trkpt>
  <trkpt lat="45.77071488" lon="2.96256697"><ele>1469.300</ele><time>2026-09-21T09:16:30Z</time><speed>0.000</speed><sat>31</sat></trkpt>
  <trkpt lat="45.77071402" lon="2.96256812"><ele>1468.829</ele><time>2026-09-21T09:16:33Z</time><speed>0.170</speed><sat>29</sat></trkpt>
  <trkpt lat="45.77071444" lon="2.96257078"><ele>1468.816</ele><time>2026-09-21T09:16:36Z</time><speed>0.000</speed><sat>28</sat></trkpt>
  <trkpt lat="45.77071499" lon="2.96256905"><ele>1468.948</ele><time>2026-09-21T09:16:39Z</time><speed>0.000</speed><sat>32</sat></trkpt>
  <trkpt lat="45.77071472" lon="2.96256413"><ele>1468.887</ele><time>2026-09-21T09:16:42Z</time><speed>0.000</speed><sat>32</sat></trkpt>
  <trkpt lat="45.77071436" lon="2.96256377"><ele>1468.889</ele><time>2026-09-21T09:16:45Z</time><speed>0.000</speed><sat>32</sat></trkpt>
  <trkpt lat="45.77071147" lon="2.96255960"><ele>1469.084</ele><time>2026-09-21T09:16:48Z</time><speed>0.220</speed><sat>32</sat></trkpt>
  <trkpt lat="45.77070840" lon="2.96255645"><ele>1469.059</ele><time>2026-09-21T09:16:51Z</time><speed>0.000</speed><sat>32</sat></trkpt>
  <trkpt lat="45.77070796" lon="2.96255607"><ele>1469.003</ele><time>2026-09-21T09:16:54Z</time><speed>0.000</speed><sat>32</sat></trkpt>
  <trkpt lat="45.77070725" lon="2.96255623"><ele>1469.010</ele><time>2026-09-21T09:16:57Z</time><speed>0.000</speed><sat>32</sat></trkpt>
  <trkpt lat="45.77070646" lon="2.96255644"><ele>1468.993</ele><time>2026-09-21T09:17:00Z</time><speed>0.000</speed><sat>32</sat></trkpt>
  <trkpt lat="45.77070629" lon="2.96255685"><ele>1469.046</ele><time>2026-09-21T09:17:03Z</time><speed>0.000</speed><sat>32</sat></trkpt>
  <trkpt lat="45.77070664" lon="2.96255671"><ele>1469.113</ele><time>2026-09-21T09:17:06Z</time><speed>0.000</speed><sat>32</sat></trkpt>
  <trkpt lat="45.77070637" lon="2.96255638"><ele>1469.090</ele><time>2026-09-21T09:17:09Z</time><speed>0.000</speed><sat>31</sat></trkpt>
  <trkpt lat="45.77070397" lon="2.96256191"><ele>1469.492</ele><time>2026-09-21T09:17:12Z</time><speed>0.000</speed><sat>31</sat></trkpt>
  <trkpt lat="45.77070349" lon="2.96256291"><ele>1469.514</ele><time>2026-09-21T09:17:15Z</time><speed>0.000</speed><sat>32</sat></trkpt>
  <trkpt lat="45.77070328" lon="2.96256308"><ele>1469.530</ele><time>2026-09-21T09:17:18Z</time><speed>0.000</speed><sat>32</sat></trkpt>
  <trkpt lat="45.77070346" lon="2.96256405"><ele>1469.420</ele><time>2026-09-21T09:17:21Z</time><speed>0.000</speed><sat>32</sat></trkpt>
  <trkpt lat="45.77070318" lon="2.96256443"><ele>1469.424</ele><time>2026-09-21T09:17:24Z</time><speed>0.000</speed><sat>31</sat></trkpt>
  <trkpt lat="45.77070308" lon="2.96256431"><ele>1469.434</ele><time>2026-09-21T09:17:27Z</time><speed>0.000</speed><sat>30</sat></trkpt>
  <trkpt lat="45.77070270" lon="2.96256441"><ele>1469.412</ele><time>2026-09-21T09:17:30Z</time><speed>0.000</speed><sat>31</sat></trkpt>
  <trkpt lat="45.77070210" lon="2.96256466"><ele>1469.435</ele><time>2026-09-21T09:17:33Z</time><speed>0.000</speed><sat>30</sat></trkpt>
  <trkpt lat="45.77070177" lon="2.96256468"><ele>1469.403</ele><time>2026-09-21T09:17:36Z</time><speed>0.000</speed><sat>29</sat></trkpt>
  <trkpt lat="45.77070098" lon="2.96256492"><ele>1469.423</ele><time>2026-09-21T09:17:39Z</time><speed>0.000</speed><sat>30</sat></trkpt>
  <trkpt lat="45.77070078" lon="2.96256493"><ele>1469.413</ele><time>2026-09-21T09:17:42Z</time><speed>0.000</speed><sat>29</sat></trkpt>
  <trkpt lat="45.77070045" lon="2.96256486"><ele>1469.367</ele><time>2026-09-21T09:17:45Z</time><speed>0.000</speed><sat>30</sat></trkpt>
  <trkpt lat="45.77070008" lon="2.96256485"><ele>1469.349</ele><time>2026-09-21T09:17:48Z</time><speed>0.000</speed><sat>30</sat></trkpt>
  <trkpt lat="45.77069959" lon="2.96256478"><ele>1469.409</ele><time>2026-09-21T09:17:51Z</time><speed>0.000</speed><sat>28</sat></trkpt>
  <trkpt lat="45.77069990" lon="2.96256410"><ele>1469.585</ele><time>2026-09-21T09:17:54Z</time><speed>0.270</speed><sat>29</sat></trkpt>
  <trkpt lat="45.77070134" lon="2.96257200"><ele>1469.825</ele><time>2026-09-21T09:17:57Z</time><speed>0.000</speed><sat>32</sat></trkpt>
  <trkpt lat="45.77070430" lon="2.96257782"><ele>1470.066</ele><time>2026-09-21T09:18:00Z</time><speed>0.000</speed><sat>32</sat></trkpt>
  <trkpt lat="45.77070136" lon="2.96257883"><ele>1470.076</ele><time>2026-09-21T09:18:03Z</time><speed>0.000</speed><sat>31</sat></trkpt>
  <trkpt lat="45.77070106" lon="2.96257862"><ele>1470.055</ele><time>2026-09-21T09:18:06Z</time><speed>0.000</speed><sat>31</sat></trkpt>
  <trkpt lat="45.77070078" lon="2.96257853"><ele>1470.014</ele><time>2026-09-21T09:18:09Z</time><speed>0.000</speed><sat>31</sat></trkpt>
  <trkpt lat="45.77070055" lon="2.96257841"><ele>1469.967</ele><time>2026-09-21T09:18:12Z</time><speed>0.000</speed><sat>31</sat></trkpt>
  <trkpt lat="45.77070033" lon="2.96257835"><ele>1469.931</ele><time>2026-09-21T09:18:15Z</time><speed>0.000</speed><sat>28</sat></trkpt>
  <trkpt lat="45.77070013" lon="2.96257832"><ele>1469.920</ele><time>2026-09-21T09:18:18Z</time><speed>0.000</speed><sat>29</sat></trkpt>
  <trkpt lat="45.77069991" lon="2.96257823"><ele>1469.886</ele><time>2026-09-21T09:18:21Z</time><speed>0.000</speed><sat>30</sat></trkpt>
  <trkpt lat="45.77071032" lon="2.96259272"><ele>1470.248</ele><time>2026-09-21T09:18:24Z</time><speed>0.770</speed><sat>30</sat></trkpt>
  <trkpt lat="45.77068631" lon="2.96264651"><ele>1467.667</ele><time>2026-09-21T09:18:27Z</time><speed>1.760</speed><sat>31</sat></trkpt>
  <trkpt lat="45.77065665" lon="2.96265340"><ele>1465.360</ele><time>2026-09-21T09:18:30Z</time><speed>1.140</speed><sat>32</sat></trkpt>
  <trkpt lat="45.77065686" lon="2.96270120"><ele>1465.870</ele><time>2026-09-21T09:18:33Z</time><speed>1.150</speed><sat>31</sat></trkpt>
  <trkpt lat="45.77064893" lon="2.96274914"><ele>1466.470</ele><time>2026-09-21T09:18:36Z</time><speed>1.110</speed><sat>30</sat></trkpt>
  <trkpt lat="45.77064215" lon="2.96279694"><ele>1465.959</ele><time>2026-09-21T09:18:39Z</time><speed>1.140</speed><sat>29</sat></trkpt>
  <trkpt lat="45.77064141" lon="2.96284961"><ele>1466.527</ele><time>2026-09-21T09:18:42Z</time><speed>1.160</speed><sat>29</sat></trkpt>
  <trkpt lat="45.77066282" lon="2.96292470"><ele>1467.830</ele><time>2026-09-21T09:18:45Z</time><speed>1.170</speed><sat>31</sat></trkpt>
  <trkpt lat="45.77067164" lon="2.96298331"><ele>1468.101</ele><time>2026-09-21T09:18:48Z</time><speed>1.240</speed><sat>31</sat></trkpt>
  <trkpt lat="45.77068976" lon="2.96305242"><ele>1468.576</ele><time>2026-09-21T09:18:51Z</time><speed>1.060</speed><sat>31</sat></trkpt>
  <trkpt lat="45.77067552" lon="2.96308719"><ele>1469.348</ele><time>2026-09-21T09:18:54Z</time><speed>0.740</speed><sat>31</sat></trkpt>
  <trkpt lat="45.77067068" lon="2.96310365"><ele>1470.704</ele><time>2026-09-21T09:18:57Z</time><speed>1.090</speed><sat>32</sat></trkpt>
  <trkpt lat="45.77068889" lon="2.96313779"><ele>1470.949</ele><time>2026-09-21T09:19:00Z</time><speed>0.950</speed><sat>31</sat></trkpt>
  <trkpt lat="45.77070373" lon="2.96316882"><ele>1472.393</ele><time>2026-09-21T09:19:03Z</time><speed>0.830</speed><sat>31</sat></trkpt>
  <trkpt lat="45.77072606" lon="2.96317317"><ele>1472.246</ele><time>2026-09-21T09:19:06Z</time><speed>0.000</speed><sat>31</sat></trkpt>
  <trkpt lat="45.77072775" lon="2.96317295"><ele>1471.807</ele><time>2026-09-21T09:19:09Z</time><speed>0.000</speed><sat>32</sat></trkpt>
  <trkpt lat="45.77073793" lon="2.96318983"><ele>1471.518</ele><time>2026-09-21T09:19:12Z</time><speed>0.790</speed><sat>31</sat></trkpt>
  <trkpt lat="45.77075355" lon="2.96321590"><ele>1471.331</ele><time>2026-09-21T09:19:15Z</time><speed>0.980</speed><sat>31</sat></trkpt>
  <trkpt lat="45.77077430" lon="2.96323865"><ele>1470.952</ele><time>2026-09-21T09:19:18Z</time><speed>0.900</speed><sat>31</sat></trkpt>
  <trkpt lat="45.77079662" lon="2.96324887"><ele>1470.366</ele><time>2026-09-21T09:19:21Z</time><speed>0.710</speed><sat>31</sat></trkpt>
  <trkpt lat="45.77082390" lon="2.96324628"><ele>1469.692</ele><time>2026-09-21T09:19:24Z</time><speed>0.830</speed><sat>30</sat></trkpt>
  <trkpt lat="45.77084043" lon="2.96326772"><ele>1469.474</ele><time>2026-09-21T09:19:27Z</time><speed>0.520</speed><sat>30</sat></trkpt>
  <trkpt lat="45.77085779" lon="2.96327330"><ele>1468.781</ele><time>2026-09-21T09:19:30Z</time><speed>0.860</speed><sat>30</sat></trkpt>
  <trkpt lat="45.77086662" lon="2.96328725"><ele>1468.419</ele><time>2026-09-21T09:19:33Z</time><speed>0.350</speed><sat>30</sat></trkpt>
  <trkpt lat="45.77087909" lon="2.96332281"><ele>1468.257</ele><time>2026-09-21T09:19:36Z</time><speed>0.910</speed><sat>30</sat></trkpt>
  <trkpt lat="45.77089151" lon="2.96334202"><ele>1468.382</ele><time>2026-09-21T09:19:39Z</time><speed>0.340</speed><sat>30</sat></trkpt>
  <trkpt lat="45.77089657" lon="2.96336239"><ele>1468.510</ele><time>2026-09-21T09:19:42Z</time><speed>0.270</speed><sat>30</sat></trkpt>
  <trkpt lat="45.77090381" lon="2.96338867"><ele>1468.628</ele><time>2026-09-21T09:19:45Z</time><speed>0.540</speed><sat>30</sat></trkpt>
  <trkpt lat="45.77091076" lon="2.96341162"><ele>1468.857</ele><time>2026-09-21T09:19:48Z</time><speed>0.800</speed><sat>31</sat></trkpt>
  <trkpt lat="45.77092020" lon="2.96343793"><ele>1469.430</ele><time>2026-09-21T09:19:51Z</time><speed>0.890</speed><sat>31</sat></trkpt>
  <trkpt lat="45.77093032" lon="2.96346325"><ele>1469.731</ele><time>2026-09-21T09:19:54Z</time><speed>0.890</speed><sat>31</sat></trkpt>
  <trkpt lat="45.77094184" lon="2.96349309"><ele>1470.668</ele><time>2026-09-21T09:19:57Z</time><speed>1.060</speed><sat>31</sat></trkpt>
  <trkpt lat="45.77094987" lon="2.96352107"><ele>1470.879</ele><time>2026-09-21T09:20:00Z</time><speed>0.800</speed><sat>31</sat></trkpt>
  <trkpt lat="45.77096330" lon="2.96355347"><ele>1470.999</ele><time>2026-09-21T09:20:03Z</time><speed>1.320</speed><sat>31</sat></trkpt>
  <trkpt lat="45.77097361" lon="2.96357705"><ele>1471.155</ele><time>2026-09-21T09:20:06Z</time><speed>0.750</speed><sat>31</sat></trkpt>
  <trkpt lat="45.77098658" lon="2.96359315"><ele>1471.596</ele><time>2026-09-21T09:20:09Z</time><speed>0.770</speed><sat>31</sat></trkpt>
  <trkpt lat="45.77099647" lon="2.96360884"><ele>1472.077</ele><time>2026-09-21T09:20:12Z</time><speed>0.250</speed><sat>31</sat></trkpt>
  <trkpt lat="45.77100711" lon="2.96362576"><ele>1472.656</ele><time>2026-09-21T09:20:15Z</time><speed>0.390</speed><sat>31</sat></trkpt>
  <trkpt lat="45.77101775" lon="2.96363484"><ele>1472.688</ele><time>2026-09-21T09:20:18Z</time><speed>0.280</speed><sat>31</sat></trkpt>
  <trkpt lat="45.77102824" lon="2.96365625"><ele>1473.306</ele><time>2026-09-21T09:20:21Z</time><speed>0.700</speed><sat>31</sat></trkpt>
  <trkpt lat="45.77103736" lon="2.96367566"><ele>1473.752</ele><time>2026-09-21T09:20:24Z</time><speed>0.700</speed><sat>31</sat></trkpt>
  <trkpt lat="45.77104240" lon="2.96369543"><ele>1473.930</ele><time>2026-09-21T09:20:27Z</time><speed>0.560</speed><sat>31</sat></trkpt>
  <trkpt lat="45.77105156" lon="2.96370886"><ele>1474.216</ele><time>2026-09-21T09:20:30Z</time><speed>0.590</speed><sat>31</sat></trkpt>
  <trkpt lat="45.77106400" lon="2.96372911"><ele>1474.731</ele><time>2026-09-21T09:20:33Z</time><speed>0.540</speed><sat>31</sat></trkpt>
  <trkpt lat="45.77107792" lon="2.96375053"><ele>1475.210</ele><time>2026-09-21T09:20:36Z</time><speed>0.400</speed><sat>31</sat></trkpt>
  <trkpt lat="45.77109253" lon="2.96377462"><ele>1475.229</ele><time>2026-09-21T09:20:39Z</time><speed>0.320</speed><sat>31</sat></trkpt>
  <trkpt lat="45.77110473" lon="2.96379701"><ele>1475.310</ele><time>2026-09-21T09:20:42Z</time><speed>0.760</speed><sat>30</sat></trkpt>
  <trkpt lat="45.77111570" lon="2.96381913"><ele>1475.061</ele><time>2026-09-21T09:20:45Z</time><speed>0.690</speed><sat>31</sat></trkpt>
  <trkpt lat="45.77112386" lon="2.96384037"><ele>1475.914</ele><time>2026-09-21T09:20:48Z</time><speed>0.750</speed><sat>31</sat></trkpt>
  <trkpt lat="45.77113780" lon="2.96386492"><ele>1476.055</ele><time>2026-09-21T09:20:51Z</time><speed>0.690</speed><sat>31</sat></trkpt>
  <trkpt lat="45.77114752" lon="2.96389590"><ele>1476.408</ele><time>2026-09-21T09:20:54Z</time><speed>1.030</speed><sat>31</sat></trkpt>
  <trkpt lat="45.77116667" lon="2.96391648"><ele>1477.061</ele><time>2026-09-21T09:20:57Z</time><speed>1.090</speed><sat>31</sat></trkpt>
  <trkpt lat="45.77118720" lon="2.96392559"><ele>1477.189</ele><time>2026-09-21T09:21:00Z</time><speed>0.810</speed><sat>31</sat></trkpt>
  <trkpt lat="45.77120840" lon="2.96393659"><ele>1477.725</ele><time>2026-09-21T09:21:03Z</time><speed>0.770</speed><sat>31</sat></trkpt>
  <trkpt lat="45.77122770" lon="2.96393308"><ele>1478.356</ele><time>2026-09-21T09:21:06Z</time><speed>0.730</speed><sat>31</sat></trkpt>
  <trkpt lat="45.77124206" lon="2.96391860"><ele>1478.755</ele><time>2026-09-21T09:21:09Z</time><speed>0.450</speed><sat>31</sat></trkpt>
  <trkpt lat="45.77125181" lon="2.96390535"><ele>1479.410</ele><time>2026-09-21T09:21:12Z</time><speed>0.620</speed><sat>31</sat></trkpt>
  <trkpt lat="45.77126182" lon="2.96389220"><ele>1479.857</ele><time>2026-09-21T09:21:15Z</time><speed>0.560</speed><sat>31</sat></trkpt>
  <trkpt lat="45.77127573" lon="2.96387277"><ele>1480.525</ele><time>2026-09-21T09:21:18Z</time><speed>0.610</speed><sat>30</sat></trkpt>
  <trkpt lat="45.77128687" lon="2.96385365"><ele>1480.759</ele><time>2026-09-21T09:21:21Z</time><speed>0.580</speed><sat>31</sat></trkpt>
  <trkpt lat="45.77130214" lon="2.96383324"><ele>1480.905</ele><time>2026-09-21T09:21:24Z</time><speed>0.670</speed><sat>31</sat></trkpt>
  <trkpt lat="45.77131658" lon="2.96380431"><ele>1480.404</ele><time>2026-09-21T09:21:27Z</time><speed>0.780</speed><sat>31</sat></trkpt>
  <trkpt lat="45.77133986" lon="2.96377687"><ele>1480.631</ele><time>2026-09-21T09:21:30Z</time><speed>0.870</speed><sat>32</sat></trkpt>
  <trkpt lat="45.77136010" lon="2.96375004"><ele>1480.806</ele><time>2026-09-21T09:21:33Z</time><speed>0.920</speed><sat>32</sat></trkpt>
  <trkpt lat="45.77137472" lon="2.96372053"><ele>1480.523</ele><time>2026-09-21T09:21:36Z</time><speed>0.880</speed><sat>32</sat></trkpt>
  <trkpt lat="45.77139506" lon="2.96368969"><ele>1481.153</ele><time>2026-09-21T09:21:39Z</time><speed>0.790</speed><sat>31</sat></trkpt>
  <trkpt lat="45.77141300" lon="2.96365533"><ele>1482.296</ele><time>2026-09-21T09:21:42Z</time><speed>1.010</speed><sat>31</sat></trkpt>
  <trkpt lat="45.77143095" lon="2.96362460"><ele>1482.414</ele><time>2026-09-21T09:21:45Z</time><speed>0.970</speed><sat>31</sat></trkpt>
  <trkpt lat="45.77144577" lon="2.96358967"><ele>1482.182</ele><time>2026-09-21T09:21:48Z</time><speed>0.890</speed><sat>32</sat></trkpt>
  <trkpt lat="45.77146534" lon="2.96356434"><ele>1482.284</ele><time>2026-09-21T09:21:51Z</time><speed>0.770</speed><sat>32</sat></trkpt>
  <trkpt lat="45.77148229" lon="2.96353880"><ele>1482.856</ele><time>2026-09-21T09:21:54Z</time><speed>0.730</speed><sat>32</sat></trkpt>
  <trkpt lat="45.77149141" lon="2.96350361"><ele>1482.755</ele><time>2026-09-21T09:21:57Z</time><speed>0.780</speed><sat>32</sat></trkpt>
  <trkpt lat="45.77150077" lon="2.96345887"><ele>1483.194</ele><time>2026-09-21T09:22:00Z</time><speed>1.030</speed><sat>32</sat></trkpt>
  <trkpt lat="45.77151385" lon="2.96341968"><ele>1483.442</ele><time>2026-09-21T09:22:03Z</time><speed>1.350</speed><sat>30</sat></trkpt>
  <trkpt lat="45.77152338" lon="2.96338065"><ele>1483.415</ele><time>2026-09-21T09:22:06Z</time><speed>0.810</speed><sat>32</sat></trkpt>
  <trkpt lat="45.77153355" lon="2.96333861"><ele>1483.136</ele><time>2026-09-21T09:22:09Z</time><speed>0.920</speed><sat>32</sat></trkpt>
  <trkpt lat="45.77154382" lon="2.96330158"><ele>1483.362</ele><time>2026-09-21T09:22:12Z</time><speed>0.850</speed><sat>32</sat></trkpt>
  <trkpt lat="45.77155834" lon="2.96326245"><ele>1483.243</ele><time>2026-09-21T09:22:15Z</time><speed>0.880</speed><sat>32</sat></trkpt>
  <trkpt lat="45.77157616" lon="2.96322408"><ele>1483.271</ele><time>2026-09-21T09:22:18Z</time><speed>1.120</speed><sat>31</sat></trkpt>
  <trkpt lat="45.77159433" lon="2.96319279"><ele>1483.453</ele><time>2026-09-21T09:22:21Z</time><speed>1.130</speed><sat>32</sat></trkpt>
  <trkpt lat="45.77161482" lon="2.96316327"><ele>1483.330</ele><time>2026-09-21T09:22:24Z</time><speed>0.880</speed><sat>33</sat></trkpt>
  <trkpt lat="45.77163447" lon="2.96312844"><ele>1482.877</ele><time>2026-09-21T09:22:27Z</time><speed>0.990</speed><sat>33</sat></trkpt>
  <trkpt lat="45.77165741" lon="2.96309541"><ele>1482.996</ele><time>2026-09-21T09:22:30Z</time><speed>1.070</speed><sat>33</sat></trkpt>
  <trkpt lat="45.77167731" lon="2.96306008"><ele>1482.493</ele><time>2026-09-21T09:22:33Z</time><speed>1.150</speed><sat>33</sat></trkpt>
  <trkpt lat="45.77169763" lon="2.96303103"><ele>1482.410</ele><time>2026-09-21T09:22:36Z</time><speed>1.000</speed><sat>32</sat></trkpt>
  <trkpt lat="45.77171009" lon="2.96301038"><ele>1483.061</ele><time>2026-09-21T09:22:39Z</time><speed>0.490</speed><sat>33</sat></trkpt>
  <trkpt lat="45.77171229" lon="2.96298540"><ele>1483.933</ele><time>2026-09-21T09:22:42Z</time><speed>0.450</speed><sat>33</sat></trkpt>
  <trkpt lat="45.77170905" lon="2.96296676"><ele>1483.890</ele><time>2026-09-21T09:22:45Z</time><speed>0.000</speed><sat>33</sat></trkpt>
  <trkpt lat="45.77170875" lon="2.96296594"><ele>1483.917</ele><time>2026-09-21T09:22:48Z</time><speed>0.000</speed><sat>33</sat></trkpt>
  <trkpt lat="45.77170863" lon="2.96296600"><ele>1483.980</ele><time>2026-09-21T09:22:51Z</time><speed>0.000</speed><sat>33</sat></trkpt>
  <trkpt lat="45.77170860" lon="2.96296595"><ele>1484.003</ele><time>2026-09-21T09:22:54Z</time><speed>0.000</speed><sat>33</sat></trkpt>
  <trkpt lat="45.77170860" lon="2.96296536"><ele>1484.023</ele><time>2026-09-21T09:22:57Z</time><speed>0.000</speed><sat>33</sat></trkpt>
  <trkpt lat="45.77170885" lon="2.96296552"><ele>1484.050</ele><time>2026-09-21T09:23:00Z</time><speed>0.000</speed><sat>33</sat></trkpt>
  <trkpt lat="45.77170890" lon="2.96296537"><ele>1484.042</ele><time>2026-09-21T09:23:03Z</time><speed>0.000</speed><sat>33</sat></trkpt>
  <trkpt lat="45.77170896" lon="2.96296510"><ele>1484.007</ele><time>2026-09-21T09:23:06Z</time><speed>0.000</speed><sat>32</sat></trkpt>
  <trkpt lat="45.77170910" lon="2.96296478"><ele>1484.046</ele><time>2026-09-21T09:23:09Z</time><speed>0.000</speed><sat>32</sat></trkpt>
  <trkpt lat="45.77170845" lon="2.96296182"><ele>1484.133</ele><time>2026-09-21T09:23:12Z</time><speed>0.200</speed><sat>33</sat></trkpt>
  <trkpt lat="45.77170677" lon="2.96295661"><ele>1484.226</ele><time>2026-09-21T09:23:15Z</time><speed>0.000</speed><sat>33</sat></trkpt>
  <trkpt lat="45.77170782" lon="2.96295669"><ele>1484.213</ele><time>2026-09-21T09:23:18Z</time><speed>0.000</speed><sat>33</sat></trkpt>
  <trkpt lat="45.77171104" lon="2.96295935"><ele>1484.406</ele><time>2026-09-21T09:23:21Z</time><speed>0.000</speed><sat>33</sat></trkpt>
  <trkpt lat="45.77171092" lon="2.96295972"><ele>1484.394</ele><time>2026-09-21T09:23:24Z</time><speed>0.000</speed><sat>33</sat></trkpt>
  <trkpt lat="45.77171149" lon="2.96296053"><ele>1484.659</ele><time>2026-09-21T09:23:27Z</time><speed>0.160</speed><sat>33</sat></trkpt>
  <trkpt lat="45.77171271" lon="2.96295972"><ele>1484.680</ele><time>2026-09-21T09:23:30Z</time><speed>0.000</speed><sat>33</sat></trkpt>
  <trkpt lat="45.77171476" lon="2.96295947"><ele>1484.735</ele><time>2026-09-21T09:23:33Z</time><speed>0.000</speed><sat>33</sat></trkpt>
  <trkpt lat="45.77171505" lon="2.96295875"><ele>1484.721</ele><time>2026-09-21T09:23:36Z</time><speed>0.000</speed><sat>33</sat></trkpt>
  <trkpt lat="45.77171523" lon="2.96295875"><ele>1484.747</ele><time>2026-09-21T09:23:39Z</time><speed>0.000</speed><sat>33</sat></trkpt>
  <trkpt lat="45.77171531" lon="2.96295866"><ele>1484.778</ele><time>2026-09-21T09:23:42Z</time><speed>0.000</speed><sat>33</sat></trkpt>
  <trkpt lat="45.77171602" lon="2.96295769"><ele>1484.969</ele><time>2026-09-21T09:23:45Z</time><speed>0.000</speed><sat>33</sat></trkpt>
  <trkpt lat="45.77171621" lon="2.96295883"><ele>1485.044</ele><time>2026-09-21T09:23:48Z</time><speed>0.000</speed><sat>33</sat></trkpt>
  <trkpt lat="45.77171606" lon="2.96295946"><ele>1485.051</ele><time>2026-09-21T09:23:51Z</time><speed>0.000</speed><sat>33</sat></trkpt>
  <trkpt lat="45.77171608" lon="2.96295944"><ele>1485.043</ele><time>2026-09-21T09:23:54Z</time><speed>0.000</speed><sat>33</sat></trkpt>
  <trkpt lat="45.77171616" lon="2.96295925"><ele>1485.031</ele><time>2026-09-21T09:23:57Z</time><speed>0.000</speed><sat>33</sat></trkpt>
  <trkpt lat="45.77171621" lon="2.96295922"><ele>1485.024</ele><time>2026-09-21T09:24:00Z</time><speed>0.000</speed><sat>33</sat></trkpt>
  <trkpt lat="45.77171641" lon="2.96295904"><ele>1484.988</ele><time>2026-09-21T09:24:03Z</time><speed>0.000</speed><sat>33</sat></trkpt>
  <trkpt lat="45.77171680" lon="2.96295823"><ele>1484.950</ele><time>2026-09-21T09:24:06Z</time><speed>0.000</speed><sat>33</sat></trkpt>
  <trkpt lat="45.77171684" lon="2.96295808"><ele>1484.962</ele><time>2026-09-21T09:24:09Z</time><speed>0.000</speed><sat>33</sat></trkpt>
  <trkpt lat="45.77171718" lon="2.96295772"><ele>1485.004</ele><time>2026-09-21T09:24:12Z</time><speed>0.000</speed><sat>33</sat></trkpt>
  <trkpt lat="45.77171729" lon="2.96295768"><ele>1485.001</ele><time>2026-09-21T09:24:15Z</time><speed>0.000</speed><sat>33</sat></trkpt>
  <trkpt lat="45.77171780" lon="2.96295845"><ele>1485.046</ele><time>2026-09-21T09:24:18Z</time><speed>0.000</speed><sat>33</sat></trkpt>
  <trkpt lat="45.77171784" lon="2.96295836"><ele>1485.045</ele><time>2026-09-21T09:24:21Z</time><speed>0.000</speed><sat>33</sat></trkpt>
  <trkpt lat="45.77171646" lon="2.96295859"><ele>1485.071</ele><time>2026-09-21T09:24:24Z</time><speed>0.190</speed><sat>33</sat></trkpt>
  <trkpt lat="45.77171480" lon="2.96296115"><ele>1485.143</ele><time>2026-09-21T09:24:27Z</time><speed>0.000</speed><sat>33</sat></trkpt>
  <trkpt lat="45.77171459" lon="2.96296053"><ele>1485.137</ele><time>2026-09-21T09:24:30Z</time><speed>0.000</speed><sat>33</sat></trkpt>
  <trkpt lat="45.77171195" lon="2.96296038"><ele>1485.254</ele><time>2026-09-21T09:24:33Z</time><speed>0.000</speed><sat>33</sat></trkpt>
  <trkpt lat="45.77171189" lon="2.96296064"><ele>1485.299</ele><time>2026-09-21T09:24:36Z</time><speed>0.000</speed><sat>33</sat></trkpt>
  <trkpt lat="45.77171190" lon="2.96296061"><ele>1485.303</ele><time>2026-09-21T09:24:39Z</time><speed>0.000</speed><sat>33</sat></trkpt>
  <trkpt lat="45.77171189" lon="2.96296016"><ele>1485.318</ele><time>2026-09-21T09:24:42Z</time><speed>0.000</speed><sat>33</sat></trkpt>
  <trkpt lat="45.77171198" lon="2.96295881"><ele>1485.252</ele><time>2026-09-21T09:24:45Z</time><speed>0.000</speed><sat>33</sat></trkpt>
  <trkpt lat="45.77171216" lon="2.96295777"><ele>1485.289</ele><time>2026-09-21T09:24:48Z</time><speed>0.000</speed><sat>33</sat></trkpt>
  <trkpt lat="45.77170874" lon="2.96295544"><ele>1485.357</ele><time>2026-09-21T09:24:51Z</time><speed>0.590</speed><sat>33</sat></trkpt>
  <trkpt lat="45.77170841" lon="2.96295541"><ele>1485.359</ele><time>2026-09-21T09:24:54Z</time><speed>0.000</speed><sat>32</sat></trkpt>
  <trkpt lat="45.77170970" lon="2.96296220"><ele>1485.234</ele><time>2026-09-21T09:24:57Z</time><speed>0.280</speed><sat>31</sat></trkpt>
  <trkpt lat="45.77168260" lon="2.96295378"><ele>1485.197</ele><time>2026-09-21T09:25:00Z</time><speed>2.190</speed><sat>31</sat></trkpt>
  <trkpt lat="45.77166681" lon="2.96294476"><ele>1485.631</ele><time>2026-09-21T09:25:03Z</time><speed>1.000</speed><sat>32</sat></trkpt>
  <trkpt lat="45.77164858" lon="2.96299233"><ele>1485.345</ele><time>2026-09-21T09:25:06Z</time><speed>0.940</speed><sat>31</sat></trkpt>
  <trkpt lat="45.77163861" lon="2.96303123"><ele>1484.624</ele><time>2026-09-21T09:25:09Z</time><speed>0.970</speed><sat>31</sat></trkpt>
  <trkpt lat="45.77163149" lon="2.96306413"><ele>1484.242</ele><time>2026-09-21T09:25:12Z</time><speed>0.950</speed><sat>31</sat></trkpt>
  <trkpt lat="45.77162655" lon="2.96309834"><ele>1483.928</ele><time>2026-09-21T09:25:15Z</time><speed>0.920</speed><sat>30</sat></trkpt>
  <trkpt lat="45.77161428" lon="2.96313493"><ele>1483.489</ele><time>2026-09-21T09:25:18Z</time><speed>0.870</speed><sat>30</sat></trkpt>
  <trkpt lat="45.77160212" lon="2.96317051"><ele>1482.834</ele><time>2026-09-21T09:25:21Z</time><speed>1.030</speed><sat>30</sat></trkpt>
  <trkpt lat="45.77158619" lon="2.96320293"><ele>1482.263</ele><time>2026-09-21T09:25:24Z</time><speed>1.320</speed><sat>30</sat></trkpt>
  <trkpt lat="45.77157189" lon="2.96323314"><ele>1481.767</ele><time>2026-09-21T09:25:27Z</time><speed>0.800</speed><sat>30</sat></trkpt>
  <trkpt lat="45.77155531" lon="2.96326614"><ele>1481.770</ele><time>2026-09-21T09:25:30Z</time><speed>1.030</speed><sat>30</sat></trkpt>
  <trkpt lat="45.77154096" lon="2.96330334"><ele>1481.694</ele><time>2026-09-21T09:25:33Z</time><speed>1.230</speed><sat>30</sat></trkpt>
  <trkpt lat="45.77153043" lon="2.96333958"><ele>1481.171</ele><time>2026-09-21T09:25:36Z</time><speed>0.810</speed><sat>31</sat></trkpt>
  <trkpt lat="45.77152366" lon="2.96337607"><ele>1481.158</ele><time>2026-09-21T09:25:39Z</time><speed>1.030</speed><sat>31</sat></trkpt>
  <trkpt lat="45.77151747" lon="2.96341814"><ele>1481.078</ele><time>2026-09-21T09:25:42Z</time><speed>0.980</speed><sat>31</sat></trkpt>
  <trkpt lat="45.77150977" lon="2.96345979"><ele>1481.133</ele><time>2026-09-21T09:25:45Z</time><speed>1.000</speed><sat>30</sat></trkpt>
  <trkpt lat="45.77149797" lon="2.96350211"><ele>1481.531</ele><time>2026-09-21T09:25:48Z</time><speed>1.030</speed><sat>31</sat></trkpt>
  <trkpt lat="45.77148383" lon="2.96353278"><ele>1481.292</ele><time>2026-09-21T09:25:51Z</time><speed>0.780</speed><sat>30</sat></trkpt>
  <trkpt lat="45.77146772" lon="2.96356292"><ele>1480.812</ele><time>2026-09-21T09:25:54Z</time><speed>0.910</speed><sat>30</sat></trkpt>
  <trkpt lat="45.77144913" lon="2.96359433"><ele>1480.435</ele><time>2026-09-21T09:25:57Z</time><speed>0.870</speed><sat>30</sat></trkpt>
  <trkpt lat="45.77142921" lon="2.96362501"><ele>1479.865</ele><time>2026-09-21T09:26:00Z</time><speed>1.230</speed><sat>29</sat></trkpt>
  <trkpt lat="45.77140427" lon="2.96366652"><ele>1479.526</ele><time>2026-09-21T09:26:03Z</time><speed>1.240</speed><sat>29</sat></trkpt>
  <trkpt lat="45.77138142" lon="2.96370273"><ele>1479.333</ele><time>2026-09-21T09:26:06Z</time><speed>1.350</speed><sat>29</sat></trkpt>
  <trkpt lat="45.77135952" lon="2.96373844"><ele>1479.081</ele><time>2026-09-21T09:26:09Z</time><speed>1.420</speed><sat>29</sat></trkpt>
  <trkpt lat="45.77133374" lon="2.96378077"><ele>1478.825</ele><time>2026-09-21T09:26:12Z</time><speed>1.530</speed><sat>28</sat></trkpt>
  <trkpt lat="45.77130882" lon="2.96381685"><ele>1479.039</ele><time>2026-09-21T09:26:15Z</time><speed>1.250</speed><sat>30</sat></trkpt>
  <trkpt lat="45.77128711" lon="2.96384820"><ele>1478.815</ele><time>2026-09-21T09:26:18Z</time><speed>0.980</speed><sat>29</sat></trkpt>
  <trkpt lat="45.77126834" lon="2.96387081"><ele>1478.534</ele><time>2026-09-21T09:26:21Z</time><speed>0.750</speed><sat>29</sat></trkpt>
  <trkpt lat="45.77125904" lon="2.96389010"><ele>1478.112</ele><time>2026-09-21T09:26:24Z</time><speed>0.460</speed><sat>31</sat></trkpt>
  <trkpt lat="45.77124687" lon="2.96390147"><ele>1477.674</ele><time>2026-09-21T09:26:27Z</time><speed>0.510</speed><sat>30</sat></trkpt>
  <trkpt lat="45.77122752" lon="2.96392041"><ele>1476.879</ele><time>2026-09-21T09:26:30Z</time><speed>1.210</speed><sat>28</sat></trkpt>
  <trkpt lat="45.77122140" lon="2.96396462"><ele>1477.072</ele><time>2026-09-21T09:26:33Z</time><speed>0.730</speed><sat>27</sat></trkpt>
  <trkpt lat="45.77123390" lon="2.96399210"><ele>1477.941</ele><time>2026-09-21T09:26:36Z</time><speed>0.740</speed><sat>30</sat></trkpt>
  <trkpt lat="45.77124478" lon="2.96401714"><ele>1479.062</ele><time>2026-09-21T09:26:39Z</time><speed>1.060</speed><sat>30</sat></trkpt>
  <trkpt lat="45.77125592" lon="2.96405016"><ele>1479.370</ele><time>2026-09-21T09:26:42Z</time><speed>0.860</speed><sat>30</sat></trkpt>
  <trkpt lat="45.77126965" lon="2.96407336"><ele>1480.419</ele><time>2026-09-21T09:26:45Z</time><speed>0.870</speed><sat>30</sat></trkpt>
  <trkpt lat="45.77127947" lon="2.96410060"><ele>1481.207</ele><time>2026-09-21T09:26:48Z</time><speed>0.920</speed><sat>30</sat></trkpt>
  <trkpt lat="45.77129032" lon="2.96412459"><ele>1481.582</ele><time>2026-09-21T09:26:51Z</time><speed>0.900</speed><sat>30</sat></trkpt>
  <trkpt lat="45.77130279" lon="2.96414894"><ele>1481.971</ele><time>2026-09-21T09:26:54Z</time><speed>0.740</speed><sat>30</sat></trkpt>
  <trkpt lat="45.77131172" lon="2.96416945"><ele>1482.956</ele><time>2026-09-21T09:26:57Z</time><speed>0.640</speed><sat>29</sat></trkpt>
  <trkpt lat="45.77132388" lon="2.96419303"><ele>1483.076</ele><time>2026-09-21T09:27:00Z</time><speed>0.720</speed><sat>30</sat></trkpt>
  <trkpt lat="45.77133201" lon="2.96422321"><ele>1483.319</ele><time>2026-09-21T09:27:03Z</time><speed>0.640</speed><sat>30</sat></trkpt>
  <trkpt lat="45.77133856" lon="2.96425515"><ele>1483.946</ele><time>2026-09-21T09:27:06Z</time><speed>0.720</speed><sat>30</sat></trkpt>
  <trkpt lat="45.77134671" lon="2.96428275"><ele>1483.985</ele><time>2026-09-21T09:27:09Z</time><speed>0.490</speed><sat>30</sat></trkpt>
  <trkpt lat="45.77135856" lon="2.96430885"><ele>1484.252</ele><time>2026-09-21T09:27:12Z</time><speed>0.900</speed><sat>29</sat></trkpt>
  <trkpt lat="45.77136493" lon="2.96434002"><ele>1484.703</ele><time>2026-09-21T09:27:15Z</time><speed>1.060</speed><sat>29</sat></trkpt>
  <trkpt lat="45.77136609" lon="2.96437928"><ele>1485.351</ele><time>2026-09-21T09:27:18Z</time><speed>1.160</speed><sat>29</sat></trkpt>
  <trkpt lat="45.77136575" lon="2.96441388"><ele>1485.880</ele><time>2026-09-21T09:27:21Z</time><speed>1.200</speed><sat>29</sat></trkpt>
  <trkpt lat="45.77136913" lon="2.96445171"><ele>1486.077</ele><time>2026-09-21T09:27:24Z</time><speed>1.110</speed><sat>28</sat></trkpt>
  <trkpt lat="45.77137407" lon="2.96448425"><ele>1486.415</ele><time>2026-09-21T09:27:27Z</time><speed>0.840</speed><sat>28</sat></trkpt>
  <trkpt lat="45.77138052" lon="2.96451958"><ele>1486.741</ele><time>2026-09-21T09:27:30Z</time><speed>1.170</speed><sat>28</sat></trkpt>
  <trkpt lat="45.77138442" lon="2.96455549"><ele>1486.945</ele><time>2026-09-21T09:27:33Z</time><speed>1.030</speed><sat>28</sat></trkpt>
  <trkpt lat="45.77139215" lon="2.96458248"><ele>1487.174</ele><time>2026-09-21T09:27:36Z</time><speed>0.860</speed><sat>28</sat></trkpt>
  <trkpt lat="45.77139609" lon="2.96460749"><ele>1487.509</ele><time>2026-09-21T09:27:39Z</time><speed>0.850</speed><sat>29</sat></trkpt>
  <trkpt lat="45.77139697" lon="2.96463957"><ele>1488.206</ele><time>2026-09-21T09:27:42Z</time><speed>0.760</speed><sat>29</sat></trkpt>
  <trkpt lat="45.77139959" lon="2.96466763"><ele>1488.396</ele><time>2026-09-21T09:27:45Z</time><speed>0.580</speed><sat>30</sat></trkpt>
  <trkpt lat="45.77140672" lon="2.96468748"><ele>1488.907</ele><time>2026-09-21T09:27:48Z</time><speed>0.230</speed><sat>30</sat></trkpt>
  <trkpt lat="45.77140821" lon="2.96468835"><ele>1488.914</ele><time>2026-09-21T09:27:51Z</time><speed>0.000</speed><sat>31</sat></trkpt>
  <trkpt lat="45.77140901" lon="2.96469305"><ele>1488.915</ele><time>2026-09-21T09:27:54Z</time><speed>0.240</speed><sat>31</sat></trkpt>
  <trkpt lat="45.77141199" lon="2.96469546"><ele>1488.689</ele><time>2026-09-21T09:27:57Z</time><speed>0.200</speed><sat>30</sat></trkpt>
  <trkpt lat="45.77141408" lon="2.96469481"><ele>1488.692</ele><time>2026-09-21T09:28:00Z</time><speed>0.000</speed><sat>31</sat></trkpt>
  <trkpt lat="45.77141224" lon="2.96469628"><ele>1488.751</ele><time>2026-09-21T09:28:03Z</time><speed>0.160</speed><sat>32</sat></trkpt>
  <trkpt lat="45.77141221" lon="2.96471998"><ele>1488.980</ele><time>2026-09-21T09:28:06Z</time><speed>0.730</speed><sat>31</sat></trkpt>
  <trkpt lat="45.77141356" lon="2.96472340"><ele>1489.020</ele><time>2026-09-21T09:28:09Z</time><speed>0.000</speed><sat>31</sat></trkpt>
  <trkpt lat="45.77141478" lon="2.96472500"><ele>1489.026</ele><time>2026-09-21T09:28:12Z</time><speed>0.000</speed><sat>31</sat></trkpt>
  <trkpt lat="45.77141560" lon="2.96472546"><ele>1488.997</ele><time>2026-09-21T09:28:15Z</time><speed>0.000</speed><sat>32</sat></trkpt>
  <trkpt lat="45.77141637" lon="2.96472505"><ele>1489.212</ele><time>2026-09-21T09:28:18Z</time><speed>0.000</speed><sat>32</sat></trkpt>
  <trkpt lat="45.77141652" lon="2.96472509"><ele>1489.226</ele><time>2026-09-21T09:28:21Z</time><speed>0.000</speed><sat>32</sat></trkpt>
  <trkpt lat="45.77141670" lon="2.96472534"><ele>1489.292</ele><time>2026-09-21T09:28:24Z</time><speed>0.000</speed><sat>32</sat></trkpt>
  <trkpt lat="45.77141692" lon="2.96472570"><ele>1489.325</ele><time>2026-09-21T09:28:27Z</time><speed>0.000</speed><sat>31</sat></trkpt>
  <trkpt lat="45.77141716" lon="2.96472654"><ele>1489.376</ele><time>2026-09-21T09:28:30Z</time><speed>0.000</speed><sat>31</sat></trkpt>
  <trkpt lat="45.77141726" lon="2.96472731"><ele>1489.437</ele><time>2026-09-21T09:28:33Z</time><speed>0.000</speed><sat>31</sat></trkpt>
  <trkpt lat="45.77141739" lon="2.96472763"><ele>1489.465</ele><time>2026-09-21T09:28:36Z</time><speed>0.000</speed><sat>31</sat></trkpt>
  <trkpt lat="45.77141771" lon="2.96472845"><ele>1489.507</ele><time>2026-09-21T09:28:39Z</time><speed>0.000</speed><sat>31</sat></trkpt>
  <trkpt lat="45.77141779" lon="2.96472875"><ele>1489.551</ele><time>2026-09-21T09:28:42Z</time><speed>0.000</speed><sat>31</sat></trkpt>
  <trkpt lat="45.77141777" lon="2.96472898"><ele>1489.556</ele><time>2026-09-21T09:28:45Z</time><speed>0.000</speed><sat>31</sat></trkpt>
  <trkpt lat="45.77141761" lon="2.96472899"><ele>1489.611</ele><time>2026-09-21T09:28:48Z</time><speed>0.000</speed><sat>32</sat></trkpt>
  <trkpt lat="45.77141785" lon="2.96472993"><ele>1489.669</ele><time>2026-09-21T09:28:51Z</time><speed>0.000</speed><sat>32</sat></trkpt>
  <trkpt lat="45.77141785" lon="2.96473001"><ele>1489.686</ele><time>2026-09-21T09:28:54Z</time><speed>0.000</speed><sat>32</sat></trkpt>
  <trkpt lat="45.77141778" lon="2.96472985"><ele>1489.728</ele><time>2026-09-21T09:28:57Z</time><speed>0.000</speed><sat>32</sat></trkpt>
  <trkpt lat="45.77141775" lon="2.96472952"><ele>1489.708</ele><time>2026-09-21T09:29:00Z</time><speed>0.000</speed><sat>31</sat></trkpt>
  <trkpt lat="45.77141788" lon="2.96472980"><ele>1489.692</ele><time>2026-09-21T09:29:03Z</time><speed>0.000</speed><sat>31</sat></trkpt>
  <trkpt lat="45.77141901" lon="2.96473128"><ele>1489.676</ele><time>2026-09-21T09:29:06Z</time><speed>0.000</speed><sat>31</sat></trkpt>
  <trkpt lat="45.77141959" lon="2.96473132"><ele>1489.639</ele><time>2026-09-21T09:29:09Z</time><speed>0.000</speed><sat>31</sat></trkpt>
  <trkpt lat="45.77141974" lon="2.96473132"><ele>1489.629</ele><time>2026-09-21T09:29:12Z</time><speed>0.000</speed><sat>31</sat></trkpt>
  <trkpt lat="45.77141997" lon="2.96473124"><ele>1489.588</ele><time>2026-09-21T09:29:15Z</time><speed>0.000</speed><sat>31</sat></trkpt>
  <trkpt lat="45.77141995" lon="2.96473134"><ele>1489.622</ele><time>2026-09-21T09:29:18Z</time><speed>0.000</speed><sat>31</sat></trkpt>
  <trkpt lat="45.77142002" lon="2.96473096"><ele>1489.613</ele><time>2026-09-21T09:29:21Z</time><speed>0.000</speed><sat>32</sat></trkpt>
  <trkpt lat="45.77141990" lon="2.96473137"><ele>1489.643</ele><time>2026-09-21T09:29:24Z</time><speed>0.000</speed><sat>31</sat></trkpt>
  <trkpt lat="45.77141962" lon="2.96473150"><ele>1489.649</ele><time>2026-09-21T09:29:27Z</time><speed>0.000</speed><sat>31</sat></trkpt>
  <trkpt lat="45.77141968" lon="2.96473156"><ele>1489.637</ele><time>2026-09-21T09:29:30Z</time><speed>0.000</speed><sat>31</sat></trkpt>
  <trkpt lat="45.77141969" lon="2.96473157"><ele>1489.624</ele><time>2026-09-21T09:29:33Z</time><speed>0.000</speed><sat>31</sat></trkpt>
  <trkpt lat="45.77141959" lon="2.96473139"><ele>1489.646</ele><time>2026-09-21T09:29:36Z</time><speed>0.000</speed><sat>31</sat></trkpt>
  <trkpt lat="45.77141959" lon="2.96473144"><ele>1489.639</ele><time>2026-09-21T09:29:39Z</time><speed>0.000</speed><sat>31</sat></trkpt>
  <trkpt lat="45.77141957" lon="2.96473149"><ele>1489.643</ele><time>2026-09-21T09:29:42Z</time><speed>0.000</speed><sat>31</sat></trkpt>
  <trkpt lat="45.77141963" lon="2.96473144"><ele>1489.644</ele><time>2026-09-21T09:29:45Z</time><speed>0.000</speed><sat>31</sat></trkpt>
  <trkpt lat="45.77141985" lon="2.96473138"><ele>1489.634</ele><time>2026-09-21T09:29:48Z</time><speed>0.000</speed><sat>31</sat></trkpt>
  <trkpt lat="45.77141995" lon="2.96473137"><ele>1489.629</ele><time>2026-09-21T09:29:51Z</time><speed>0.000</speed><sat>31</sat></trkpt>
  <trkpt lat="45.77141993" lon="2.96473167"><ele>1489.649</ele><time>2026-09-21T09:29:54Z</time><speed>0.000</speed><sat>31</sat></trkpt>
  <trkpt lat="45.77141985" lon="2.96473160"><ele>1489.702</ele><time>2026-09-21T09:29:57Z</time><speed>0.000</speed><sat>31</sat></trkpt>
  <trkpt lat="45.77142003" lon="2.96473174"><ele>1489.725</ele><time>2026-09-21T09:30:00Z</time><speed>0.000</speed><sat>31</sat></trkpt>
  <trkpt lat="45.77142024" lon="2.96473174"><ele>1489.770</ele><time>2026-09-21T09:30:03Z</time><speed>0.000</speed><sat>31</sat></trkpt>
  <trkpt lat="45.77142049" lon="2.96473183"><ele>1489.830</ele><time>2026-09-21T09:30:06Z</time><speed>0.000</speed><sat>31</sat></trkpt>
  <trkpt lat="45.77142054" lon="2.96473186"><ele>1489.866</ele><time>2026-09-21T09:30:09Z</time><speed>0.000</speed><sat>31</sat></trkpt>
  <trkpt lat="45.77142097" lon="2.96473168"><ele>1489.913</ele><time>2026-09-21T09:30:12Z</time><speed>0.000</speed><sat>31</sat></trkpt>
  <trkpt lat="45.77142255" lon="2.96473370"><ele>1490.050</ele><time>2026-09-21T09:30:15Z</time><speed>0.000</speed><sat>31</sat></trkpt>
  <trkpt lat="45.77142326" lon="2.96473405"><ele>1490.089</ele><time>2026-09-21T09:30:18Z</time><speed>0.000</speed><sat>31</sat></trkpt>
  <trkpt lat="45.77142319" lon="2.96473389"><ele>1490.103</ele><time>2026-09-21T09:30:21Z</time><speed>0.000</speed><sat>31</sat></trkpt>
  <trkpt lat="45.77142322" lon="2.96473387"><ele>1490.104</ele><time>2026-09-21T09:30:24Z</time><speed>0.000</speed><sat>31</sat></trkpt>
  <trkpt lat="45.77142360" lon="2.96473378"><ele>1490.135</ele><time>2026-09-21T09:30:27Z</time><speed>0.000</speed><sat>31</sat></trkpt>
  <trkpt lat="45.77142419" lon="2.96473365"><ele>1490.162</ele><time>2026-09-21T09:30:30Z</time><speed>0.000</speed><sat>31</sat></trkpt>
  <trkpt lat="45.77142462" lon="2.96473372"><ele>1490.178</ele><time>2026-09-21T09:30:33Z</time><speed>0.000</speed><sat>31</sat></trkpt>
  <trkpt lat="45.77142478" lon="2.96473381"><ele>1490.184</ele><time>2026-09-21T09:30:36Z</time><speed>0.000</speed><sat>31</sat></trkpt>
  <trkpt lat="45.77142473" lon="2.96473368"><ele>1490.211</ele><time>2026-09-21T09:30:39Z</time><speed>0.000</speed><sat>31</sat></trkpt>
  <trkpt lat="45.77142542" lon="2.96473372"><ele>1490.230</ele><time>2026-09-21T09:30:42Z</time><speed>0.000</speed><sat>31</sat></trkpt>
  <trkpt lat="45.77142559" lon="2.96473369"><ele>1490.227</ele><time>2026-09-21T09:30:45Z</time><speed>0.000</speed><sat>32</sat></trkpt>
  <trkpt lat="45.77142572" lon="2.96473336"><ele>1490.221</ele><time>2026-09-21T09:30:48Z</time><speed>0.000</speed><sat>32</sat></trkpt>
  <trkpt lat="45.77142604" lon="2.96473344"><ele>1490.245</ele><time>2026-09-21T09:30:51Z</time><speed>0.000</speed><sat>32</sat></trkpt>
  <trkpt lat="45.77142616" lon="2.96473340"><ele>1490.243</ele><time>2026-09-21T09:30:54Z</time><speed>0.000</speed><sat>31</sat></trkpt>
  <trkpt lat="45.77142633" lon="2.96473337"><ele>1490.252</ele><time>2026-09-21T09:30:57Z</time><speed>0.000</speed><sat>31</sat></trkpt>
  <trkpt lat="45.77142628" lon="2.96473337"><ele>1490.260</ele><time>2026-09-21T09:31:00Z</time><speed>0.000</speed><sat>32</sat></trkpt>
  <trkpt lat="45.77142612" lon="2.96473331"><ele>1490.256</ele><time>2026-09-21T09:31:03Z</time><speed>0.000</speed><sat>32</sat></trkpt>
  <trkpt lat="45.77142616" lon="2.96473305"><ele>1490.282</ele><time>2026-09-21T09:31:06Z</time><speed>0.000</speed><sat>32</sat></trkpt>
  <trkpt lat="45.77142591" lon="2.96473283"><ele>1490.276</ele><time>2026-09-21T09:31:09Z</time><speed>0.000</speed><sat>32</sat></trkpt>
  <trkpt lat="45.77142583" lon="2.96473286"><ele>1490.297</ele><time>2026-09-21T09:31:12Z</time><speed>0.000</speed><sat>32</sat></trkpt>
  <trkpt lat="45.77142589" lon="2.96473283"><ele>1490.300</ele><time>2026-09-21T09:31:15Z</time><speed>0.000</speed><sat>32</sat></trkpt>
  <trkpt lat="45.77142629" lon="2.96473294"><ele>1490.312</ele><time>2026-09-21T09:31:18Z</time><speed>0.000</speed><sat>32</sat></trkpt>
  <trkpt lat="45.77142643" lon="2.96473286"><ele>1490.370</ele><time>2026-09-21T09:31:21Z</time><speed>0.000</speed><sat>32</sat></trkpt>
  <trkpt lat="45.77142638" lon="2.96473305"><ele>1490.398</ele><time>2026-09-21T09:31:24Z</time><speed>0.000</speed><sat>32</sat></trkpt>
  <trkpt lat="45.77142597" lon="2.96473309"><ele>1490.512</ele><time>2026-09-21T09:31:27Z</time><speed>0.000</speed><sat>32</sat></trkpt>
  <trkpt lat="45.77142622" lon="2.96473228"><ele>1490.537</ele><time>2026-09-21T09:31:30Z</time><speed>0.000</speed><sat>32</sat></trkpt>
  <trkpt lat="45.77142582" lon="2.96473230"><ele>1490.557</ele><time>2026-09-21T09:31:33Z</time><speed>0.000</speed><sat>32</sat></trkpt>
  <trkpt lat="45.77142547" lon="2.96473259"><ele>1490.567</ele><time>2026-09-21T09:31:36Z</time><speed>0.000</speed><sat>32</sat></trkpt>
  <trkpt lat="45.77142536" lon="2.96473261"><ele>1490.560</ele><time>2026-09-21T09:31:39Z</time><speed>0.000</speed><sat>32</sat></trkpt>
  <trkpt lat="45.77142517" lon="2.96473275"><ele>1490.570</ele><time>2026-09-21T09:31:42Z</time><speed>0.000</speed><sat>32</sat></trkpt>
  <trkpt lat="45.77142528" lon="2.96473271"><ele>1490.581</ele><time>2026-09-21T09:31:45Z</time><speed>0.000</speed><sat>32</sat></trkpt>
  <trkpt lat="45.77142519" lon="2.96473272"><ele>1490.580</ele><time>2026-09-21T09:31:48Z</time><speed>0.000</speed><sat>32</sat></trkpt>
  <trkpt lat="45.77142522" lon="2.96473312"><ele>1490.622</ele><time>2026-09-21T09:31:51Z</time><speed>0.000</speed><sat>32</sat></trkpt>
  <trkpt lat="45.77142541" lon="2.96473332"><ele>1490.647</ele><time>2026-09-21T09:31:54Z</time><speed>0.000</speed><sat>32</sat></trkpt>
  <trkpt lat="45.77142537" lon="2.96473344"><ele>1490.665</ele><time>2026-09-21T09:31:57Z</time><speed>0.000</speed><sat>32</sat></trkpt>
  <trkpt lat="45.77142525" lon="2.96473347"><ele>1490.675</ele><time>2026-09-21T09:32:00Z</time><speed>0.000</speed><sat>32</sat></trkpt>
  <trkpt lat="45.77142504" lon="2.96473362"><ele>1490.687</ele><time>2026-09-21T09:32:03Z</time><speed>0.000</speed><sat>32</sat></trkpt>
  <trkpt lat="45.77142478" lon="2.96473375"><ele>1490.675</ele><time>2026-09-21T09:32:06Z</time><speed>0.000</speed><sat>32</sat></trkpt>
  <trkpt lat="45.77142463" lon="2.96473378"><ele>1490.681</ele><time>2026-09-21T09:32:09Z</time><speed>0.000</speed><sat>32</sat></trkpt>
  <trkpt lat="45.77142455" lon="2.96473379"><ele>1490.681</ele><time>2026-09-21T09:32:12Z</time><speed>0.000</speed><sat>32</sat></trkpt>
  <trkpt lat="45.77142444" lon="2.96473377"><ele>1490.678</ele><time>2026-09-21T09:32:15Z</time><speed>0.000</speed><sat>32</sat></trkpt>
  <trkpt lat="45.77142414" lon="2.96473379"><ele>1490.682</ele><time>2026-09-21T09:32:18Z</time><speed>0.000</speed><sat>32</sat></trkpt>
  <trkpt lat="45.77142397" lon="2.96473370"><ele>1490.673</ele><time>2026-09-21T09:32:21Z</time><speed>0.000</speed><sat>32</sat></trkpt>
  <trkpt lat="45.77142383" lon="2.96473374"><ele>1490.681</ele><time>2026-09-21T09:32:24Z</time><speed>0.000</speed><sat>32</sat></trkpt>
  <trkpt lat="45.77142344" lon="2.96473398"><ele>1490.694</ele><time>2026-09-21T09:32:27Z</time><speed>0.000</speed><sat>32</sat></trkpt>
  <trkpt lat="45.77142342" lon="2.96473404"><ele>1490.708</ele><time>2026-09-21T09:32:30Z</time><speed>0.000</speed><sat>32</sat></trkpt>
  <trkpt lat="45.77142338" lon="2.96473399"><ele>1490.717</ele><time>2026-09-21T09:32:33Z</time><speed>0.000</speed><sat>32</sat></trkpt>
  <trkpt lat="45.77142335" lon="2.96473406"><ele>1490.732</ele><time>2026-09-21T09:32:36Z</time><speed>0.000</speed><sat>32</sat></trkpt>
  <trkpt lat="45.77142331" lon="2.96473412"><ele>1490.737</ele><time>2026-09-21T09:32:39Z</time><speed>0.000</speed><sat>32</sat></trkpt>
  <trkpt lat="45.77142321" lon="2.96473413"><ele>1490.742</ele><time>2026-09-21T09:32:42Z</time><speed>0.000</speed><sat>31</sat></trkpt>
  <trkpt lat="45.77142069" lon="2.96473228"><ele>1490.525</ele><time>2026-09-21T09:32:45Z</time><speed>0.000</speed><sat>31</sat></trkpt>
  <trkpt lat="45.77141987" lon="2.96473625"><ele>1490.427</ele><time>2026-09-21T09:32:48Z</time><speed>0.000</speed><sat>32</sat></trkpt>
  <trkpt lat="45.77142004" lon="2.96473689"><ele>1490.475</ele><time>2026-09-21T09:32:51Z</time><speed>0.000</speed><sat>31</sat></trkpt>
  <trkpt lat="45.77142026" lon="2.96473735"><ele>1490.480</ele><time>2026-09-21T09:32:54Z</time><speed>0.000</speed><sat>31</sat></trkpt>
  <trkpt lat="45.77142035" lon="2.96473747"><ele>1490.486</ele><time>2026-09-21T09:32:57Z</time><speed>0.000</speed><sat>30</sat></trkpt>
  <trkpt lat="45.77141987" lon="2.96473899"><ele>1490.558</ele><time>2026-09-21T09:33:00Z</time><speed>0.000</speed><sat>30</sat></trkpt>
  <trkpt lat="45.77141937" lon="2.96474014"><ele>1490.595</ele><time>2026-09-21T09:33:03Z</time><speed>0.000</speed><sat>31</sat></trkpt>
  <trkpt lat="45.77141987" lon="2.96474034"><ele>1490.617</ele><time>2026-09-21T09:33:06Z</time><speed>0.000</speed><sat>31</sat></trkpt>
  <trkpt lat="45.77142014" lon="2.96474043"><ele>1490.647</ele><time>2026-09-21T09:33:09Z</time><speed>0.000</speed><sat>31</sat></trkpt>
  <trkpt lat="45.77142016" lon="2.96474048"><ele>1490.666</ele><time>2026-09-21T09:33:12Z</time><speed>0.000</speed><sat>31</sat></trkpt>
  <trkpt lat="45.77142049" lon="2.96474095"><ele>1490.717</ele><time>2026-09-21T09:33:15Z</time><speed>0.000</speed><sat>31</sat></trkpt>
  <trkpt lat="45.77142021" lon="2.96474096"><ele>1490.768</ele><time>2026-09-21T09:33:18Z</time><speed>0.000</speed><sat>30</sat></trkpt>
  <trkpt lat="45.77141999" lon="2.96474095"><ele>1490.778</ele><time>2026-09-21T09:33:21Z</time><speed>0.000</speed><sat>29</sat></trkpt>
  <trkpt lat="45.77141978" lon="2.96474116"><ele>1490.811</ele><time>2026-09-21T09:33:24Z</time><speed>0.000</speed><sat>28</sat></trkpt>
  <trkpt lat="45.77141969" lon="2.96474121"><ele>1490.830</ele><time>2026-09-21T09:33:27Z</time><speed>0.000</speed><sat>29</sat></trkpt>
  <trkpt lat="45.77141969" lon="2.96474120"><ele>1490.862</ele><time>2026-09-21T09:33:30Z</time><speed>0.000</speed><sat>30</sat></trkpt>
  <trkpt lat="45.77141965" lon="2.96474126"><ele>1490.883</ele><time>2026-09-21T09:33:33Z</time><speed>0.000</speed><sat>30</sat></trkpt>
  <trkpt lat="45.77141938" lon="2.96474135"><ele>1490.917</ele><time>2026-09-21T09:33:36Z</time><speed>0.000</speed><sat>30</sat></trkpt>
  <trkpt lat="45.77141970" lon="2.96474115"><ele>1490.928</ele><time>2026-09-21T09:33:39Z</time><speed>0.000</speed><sat>30</sat></trkpt>
  <trkpt lat="45.77141966" lon="2.96474132"><ele>1490.940</ele><time>2026-09-21T09:33:42Z</time><speed>0.000</speed><sat>30</sat></trkpt>
  <trkpt lat="45.77141962" lon="2.96474101"><ele>1490.961</ele><time>2026-09-21T09:33:45Z</time><speed>0.000</speed><sat>30</sat></trkpt>
  <trkpt lat="45.77141989" lon="2.96474068"><ele>1490.934</ele><time>2026-09-21T09:33:48Z</time><speed>0.000</speed><sat>30</sat></trkpt>
  <trkpt lat="45.77142001" lon="2.96474062"><ele>1490.915</ele><time>2026-09-21T09:33:51Z</time><speed>0.000</speed><sat>30</sat></trkpt>
  <trkpt lat="45.77142007" lon="2.96473990"><ele>1490.915</ele><time>2026-09-21T09:33:54Z</time><speed>0.000</speed><sat>30</sat></trkpt>
  <trkpt lat="45.77142006" lon="2.96473958"><ele>1490.948</ele><time>2026-09-21T09:33:57Z</time><speed>0.000</speed><sat>30</sat></trkpt>
  <trkpt lat="45.77142004" lon="2.96473938"><ele>1490.990</ele><time>2026-09-21T09:34:00Z</time><speed>0.000</speed><sat>29</sat></trkpt>
  <trkpt lat="45.77141982" lon="2.96473932"><ele>1490.983</ele><time>2026-09-21T09:34:03Z</time><speed>0.000</speed><sat>29</sat></trkpt>
  <trkpt lat="45.77141950" lon="2.96473918"><ele>1490.940</ele><time>2026-09-21T09:34:06Z</time><speed>0.000</speed><sat>29</sat></trkpt>
  <trkpt lat="45.77141927" lon="2.96473905"><ele>1490.913</ele><time>2026-09-21T09:34:09Z</time><speed>0.000</speed><sat>30</sat></trkpt>
  <trkpt lat="45.77141894" lon="2.96473917"><ele>1490.915</ele><time>2026-09-21T09:34:12Z</time><speed>0.000</speed><sat>31</sat></trkpt>
  <trkpt lat="45.77141885" lon="2.96473922"><ele>1490.917</ele><time>2026-09-21T09:34:15Z</time><speed>0.000</speed><sat>31</sat></trkpt>
  <trkpt lat="45.77141869" lon="2.96473919"><ele>1490.918</ele><time>2026-09-21T09:34:18Z</time><speed>0.000</speed><sat>31</sat></trkpt>
  <trkpt lat="45.77141892" lon="2.96473920"><ele>1490.925</ele><time>2026-09-21T09:34:21Z</time><speed>0.000</speed><sat>29</sat></trkpt>
  <trkpt lat="45.77141889" lon="2.96473900"><ele>1490.903</ele><time>2026-09-21T09:34:24Z</time><speed>0.000</speed><sat>31</sat></trkpt>
  <trkpt lat="45.77141912" lon="2.96473882"><ele>1490.915</ele><time>2026-09-21T09:34:27Z</time><speed>0.000</speed><sat>31</sat></trkpt>
  <trkpt lat="45.77141901" lon="2.96473889"><ele>1490.923</ele><time>2026-09-21T09:34:30Z</time><speed>0.000</speed><sat>31</sat></trkpt>
  <trkpt lat="45.77141873" lon="2.96473893"><ele>1490.908</ele><time>2026-09-21T09:34:33Z</time><speed>0.000</speed><sat>30</sat></trkpt>
  <trkpt lat="45.77141861" lon="2.96473889"><ele>1490.927</ele><time>2026-09-21T09:34:36Z</time><speed>0.000</speed><sat>30</sat></trkpt>
  <trkpt lat="45.77141859" lon="2.96473889"><ele>1490.939</ele><time>2026-09-21T09:34:39Z</time><speed>0.000</speed><sat>31</sat></trkpt>
  <trkpt lat="45.77141855" lon="2.96473901"><ele>1490.972</ele><time>2026-09-21T09:34:42Z</time><speed>0.000</speed><sat>30</sat></trkpt>
  <trkpt lat="45.77141856" lon="2.96473901"><ele>1490.985</ele><time>2026-09-21T09:34:45Z</time><speed>0.000</speed><sat>29</sat></trkpt>
  <trkpt lat="45.77141856" lon="2.96473888"><ele>1490.990</ele><time>2026-09-21T09:34:48Z</time><speed>0.000</speed><sat>30</sat></trkpt>
  <trkpt lat="45.77141893" lon="2.96473906"><ele>1491.056</ele><time>2026-09-21T09:34:51Z</time><speed>0.000</speed><sat>30</sat></trkpt>
  <trkpt lat="45.77141914" lon="2.96473935"><ele>1491.100</ele><time>2026-09-21T09:34:54Z</time><speed>0.000</speed><sat>30</sat></trkpt>
  <trkpt lat="45.77141916" lon="2.96473962"><ele>1491.131</ele><time>2026-09-21T09:34:57Z</time><speed>0.000</speed><sat>31</sat></trkpt>
  <trkpt lat="45.77141902" lon="2.96473984"><ele>1491.169</ele><time>2026-09-21T09:35:00Z</time><speed>0.000</speed><sat>30</sat></trkpt>
  <trkpt lat="45.77141877" lon="2.96473974"><ele>1491.154</ele><time>2026-09-21T09:35:03Z</time><speed>0.000</speed><sat>30</sat></trkpt>
  <trkpt lat="45.77141885" lon="2.96474004"><ele>1491.186</ele><time>2026-09-21T09:35:06Z</time><speed>0.000</speed><sat>31</sat></trkpt>
  <trkpt lat="45.77141887" lon="2.96474006"><ele>1491.206</ele><time>2026-09-21T09:35:09Z</time><speed>0.000</speed><sat>29</sat></trkpt>
  <trkpt lat="45.77141888" lon="2.96474012"><ele>1491.230</ele><time>2026-09-21T09:35:12Z</time><speed>0.000</speed><sat>31</sat></trkpt>
  <trkpt lat="45.77141861" lon="2.96473981"><ele>1491.221</ele><time>2026-09-21T09:35:15Z</time><speed>0.000</speed><sat>31</sat></trkpt>
  <trkpt lat="45.77141857" lon="2.96473979"><ele>1491.231</ele><time>2026-09-21T09:35:18Z</time><speed>0.000</speed><sat>30</sat></trkpt>
  <trkpt lat="45.77141854" lon="2.96473981"><ele>1491.225</ele><time>2026-09-21T09:35:21Z</time><speed>0.000</speed><sat>30</sat></trkpt>
  <trkpt lat="45.77141870" lon="2.96473940"><ele>1491.224</ele><time>2026-09-21T09:35:24Z</time><speed>0.000</speed><sat>31</sat></trkpt>
  <trkpt lat="45.77141889" lon="2.96473942"><ele>1491.238</ele><time>2026-09-21T09:35:27Z</time><speed>0.000</speed><sat>31</sat></trkpt>
  <trkpt lat="45.77141883" lon="2.96473942"><ele>1491.239</ele><time>2026-09-21T09:35:30Z</time><speed>0.000</speed><sat>31</sat></trkpt>
  <trkpt lat="45.77141879" lon="2.96473929"><ele>1491.255</ele><time>2026-09-21T09:35:33Z</time><speed>0.000</speed><sat>31</sat></trkpt>
  <trkpt lat="45.77141874" lon="2.96473920"><ele>1491.255</ele><time>2026-09-21T09:35:36Z</time><speed>0.000</speed><sat>30</sat></trkpt>
  <trkpt lat="45.77141867" lon="2.96473921"><ele>1491.238</ele><time>2026-09-21T09:35:39Z</time><speed>0.000</speed><sat>31</sat></trkpt>
  <trkpt lat="45.77141869" lon="2.96473914"><ele>1491.260</ele><time>2026-09-21T09:35:42Z</time><speed>0.000</speed><sat>31</sat></trkpt>
  <trkpt lat="45.77141889" lon="2.96473921"><ele>1491.244</ele><time>2026-09-21T09:35:45Z</time><speed>0.000</speed><sat>30</sat></trkpt>
  <trkpt lat="45.77141890" lon="2.96473935"><ele>1491.245</ele><time>2026-09-21T09:35:48Z</time><speed>0.000</speed><sat>30</sat></trkpt>
  <trkpt lat="45.77141872" lon="2.96473901"><ele>1491.224</ele><time>2026-09-21T09:35:51Z</time><speed>0.000</speed><sat>30</sat></trkpt>
  <trkpt lat="45.77142219" lon="2.96474554"><ele>1491.323</ele><time>2026-09-21T09:35:54Z</time><speed>0.410</speed><sat>31</sat></trkpt>
  <trkpt lat="45.77141630" lon="2.96476473"><ele>1490.946</ele><time>2026-09-21T09:35:57Z</time><speed>0.570</speed><sat>31</sat></trkpt>
  <trkpt lat="45.77141538" lon="2.96477455"><ele>1489.460</ele><time>2026-09-21T09:36:00Z</time><speed>1.110</speed><sat>30</sat></trkpt>
  <trkpt lat="45.77140909" lon="2.96480802"><ele>1489.619</ele><time>2026-09-21T09:36:03Z</time><speed>1.480</speed><sat>31</sat></trkpt>
  <trkpt lat="45.77140514" lon="2.96484714"><ele>1489.866</ele><time>2026-09-21T09:36:06Z</time><speed>0.870</speed><sat>30</sat></trkpt>
  <trkpt lat="45.77141608" lon="2.96489341"><ele>1489.909</ele><time>2026-09-21T09:36:09Z</time><speed>0.780</speed><sat>31</sat></trkpt>
  <trkpt lat="45.77143077" lon="2.96493773"><ele>1490.210</ele><time>2026-09-21T09:36:12Z</time><speed>1.270</speed><sat>31</sat></trkpt>
  <trkpt lat="45.77144838" lon="2.96497578"><ele>1490.200</ele><time>2026-09-21T09:36:15Z</time><speed>1.200</speed><sat>31</sat></trkpt>
  <trkpt lat="45.77146957" lon="2.96499998"><ele>1490.551</ele><time>2026-09-21T09:36:18Z</time><speed>0.810</speed><sat>30</sat></trkpt>
  <trkpt lat="45.77149359" lon="2.96501791"><ele>1490.896</ele><time>2026-09-21T09:36:21Z</time><speed>0.700</speed><sat>31</sat></trkpt>
  <trkpt lat="45.77153144" lon="2.96501910"><ele>1492.030</ele><time>2026-09-21T09:36:24Z</time><speed>1.750</speed><sat>31</sat></trkpt>
  <trkpt lat="45.77155019" lon="2.96502422"><ele>1491.625</ele><time>2026-09-21T09:36:27Z</time><speed>0.790</speed><sat>31</sat></trkpt>
  <trkpt lat="45.77156399" lon="2.96504091"><ele>1492.304</ele><time>2026-09-21T09:36:30Z</time><speed>0.960</speed><sat>31</sat></trkpt>
  <trkpt lat="45.77158123" lon="2.96505113"><ele>1492.334</ele><time>2026-09-21T09:36:33Z</time><speed>1.090</speed><sat>31</sat></trkpt>
  <trkpt lat="45.77160602" lon="2.96504041"><ele>1492.326</ele><time>2026-09-21T09:36:36Z</time><speed>2.770</speed><sat>31</sat></trkpt>
  <trkpt lat="45.77162109" lon="2.96504950"><ele>1492.637</ele><time>2026-09-21T09:36:39Z</time><speed>0.970</speed><sat>31</sat></trkpt>
  <trkpt lat="45.77163911" lon="2.96505509"><ele>1492.990</ele><time>2026-09-21T09:36:42Z</time><speed>0.910</speed><sat>31</sat></trkpt>
  <trkpt lat="45.77165951" lon="2.96506470"><ele>1493.714</ele><time>2026-09-21T09:36:45Z</time><speed>1.180</speed><sat>31</sat></trkpt>
  <trkpt lat="45.77167887" lon="2.96507104"><ele>1493.639</ele><time>2026-09-21T09:36:48Z</time><speed>0.830</speed><sat>31</sat></trkpt>
  <trkpt lat="45.77169913" lon="2.96508159"><ele>1493.658</ele><time>2026-09-21T09:36:51Z</time><speed>0.880</speed><sat>31</sat></trkpt>
  <trkpt lat="45.77171847" lon="2.96508532"><ele>1493.702</ele><time>2026-09-21T09:36:54Z</time><speed>0.980</speed><sat>31</sat></trkpt>
  <trkpt lat="45.77173719" lon="2.96508978"><ele>1493.833</ele><time>2026-09-21T09:36:57Z</time><speed>0.990</speed><sat>31</sat></trkpt>
  <trkpt lat="45.77175236" lon="2.96508993"><ele>1494.068</ele><time>2026-09-21T09:37:00Z</time><speed>0.590</speed><sat>31</sat></trkpt>
  <trkpt lat="45.77177158" lon="2.96509157"><ele>1493.994</ele><time>2026-09-21T09:37:03Z</time><speed>0.540</speed><sat>31</sat></trkpt>
  <trkpt lat="45.77179811" lon="2.96509737"><ele>1494.923</ele><time>2026-09-21T09:37:06Z</time><speed>0.710</speed><sat>31</sat></trkpt>
  <trkpt lat="45.77181896" lon="2.96510381"><ele>1495.504</ele><time>2026-09-21T09:37:09Z</time><speed>0.620</speed><sat>31</sat></trkpt>
  <trkpt lat="45.77184238" lon="2.96510724"><ele>1496.498</ele><time>2026-09-21T09:37:12Z</time><speed>0.780</speed><sat>31</sat></trkpt>
  <trkpt lat="45.77186880" lon="2.96511518"><ele>1496.825</ele><time>2026-09-21T09:37:15Z</time><speed>0.810</speed><sat>31</sat></trkpt>
  <trkpt lat="45.77189041" lon="2.96512002"><ele>1497.092</ele><time>2026-09-21T09:37:18Z</time><speed>0.930</speed><sat>31</sat></trkpt>
  <trkpt lat="45.77191139" lon="2.96512409"><ele>1497.185</ele><time>2026-09-21T09:37:21Z</time><speed>0.940</speed><sat>31</sat></trkpt>
  <trkpt lat="45.77193014" lon="2.96512313"><ele>1497.442</ele><time>2026-09-21T09:37:24Z</time><speed>0.770</speed><sat>31</sat></trkpt>
  <trkpt lat="45.77193841" lon="2.96511971"><ele>1497.884</ele><time>2026-09-21T09:37:27Z</time><speed>0.000</speed><sat>31</sat></trkpt>
  <trkpt lat="45.77193938" lon="2.96511961"><ele>1497.872</ele><time>2026-09-21T09:37:30Z</time><speed>0.000</speed><sat>31</sat></trkpt>
  <trkpt lat="45.77193948" lon="2.96511971"><ele>1497.802</ele><time>2026-09-21T09:37:33Z</time><speed>0.000</speed><sat>31</sat></trkpt>
  <trkpt lat="45.77193996" lon="2.96511791"><ele>1497.777</ele><time>2026-09-21T09:37:36Z</time><speed>0.000</speed><sat>31</sat></trkpt>
  <trkpt lat="45.77194015" lon="2.96511713"><ele>1497.772</ele><time>2026-09-21T09:37:39Z</time><speed>0.000</speed><sat>30</sat></trkpt>
  <trkpt lat="45.77194011" lon="2.96511637"><ele>1497.705</ele><time>2026-09-21T09:37:42Z</time><speed>0.000</speed><sat>30</sat></trkpt>
  <trkpt lat="45.77193986" lon="2.96511575"><ele>1497.705</ele><time>2026-09-21T09:37:45Z</time><speed>0.000</speed><sat>31</sat></trkpt>
  <trkpt lat="45.77193959" lon="2.96512635"><ele>1497.717</ele><time>2026-09-21T09:37:48Z</time><speed>0.000</speed><sat>30</sat></trkpt>
  <trkpt lat="45.77195653" lon="2.96513451"><ele>1498.387</ele><time>2026-09-21T09:37:51Z</time><speed>0.720</speed><sat>31</sat></trkpt>
  <trkpt lat="45.77196161" lon="2.96512520"><ele>1498.269</ele><time>2026-09-21T09:37:54Z</time><speed>0.580</speed><sat>31</sat></trkpt>
  <trkpt lat="45.77195383" lon="2.96511243"><ele>1497.597</ele><time>2026-09-21T09:37:57Z</time><speed>0.350</speed><sat>31</sat></trkpt>
  <trkpt lat="45.77195231" lon="2.96511330"><ele>1497.625</ele><time>2026-09-21T09:38:00Z</time><speed>0.000</speed><sat>30</sat></trkpt>
  <trkpt lat="45.77195264" lon="2.96511308"><ele>1497.628</ele><time>2026-09-21T09:38:03Z</time><speed>0.000</speed><sat>30</sat></trkpt>
  <trkpt lat="45.77195254" lon="2.96511295"><ele>1497.623</ele><time>2026-09-21T09:38:06Z</time><speed>0.000</speed><sat>31</sat></trkpt>
  <trkpt lat="45.77195371" lon="2.96511466"><ele>1497.608</ele><time>2026-09-21T09:38:09Z</time><speed>0.350</speed><sat>31</sat></trkpt>
  <trkpt lat="45.77195621" lon="2.96511445"><ele>1497.603</ele><time>2026-09-21T09:38:12Z</time><speed>0.000</speed><sat>31</sat></trkpt>
  <trkpt lat="45.77195627" lon="2.96511416"><ele>1497.589</ele><time>2026-09-21T09:38:15Z</time><speed>0.000</speed><sat>30</sat></trkpt>
  <trkpt lat="45.77195640" lon="2.96511378"><ele>1497.516</ele><time>2026-09-21T09:38:18Z</time><speed>0.000</speed><sat>30</sat></trkpt>
  <trkpt lat="45.77195658" lon="2.96511268"><ele>1497.540</ele><time>2026-09-21T09:38:21Z</time><speed>0.000</speed><sat>31</sat></trkpt>
  <trkpt lat="45.77195461" lon="2.96510990"><ele>1497.250</ele><time>2026-09-21T09:38:24Z</time><speed>0.000</speed><sat>30</sat></trkpt>
  <trkpt lat="45.77195376" lon="2.96510840"><ele>1497.226</ele><time>2026-09-21T09:38:27Z</time><speed>0.000</speed><sat>30</sat></trkpt>
  <trkpt lat="45.77195417" lon="2.96510788"><ele>1497.198</ele><time>2026-09-21T09:38:30Z</time><speed>0.000</speed><sat>30</sat></trkpt>
  <trkpt lat="45.77195434" lon="2.96510750"><ele>1497.181</ele><time>2026-09-21T09:38:33Z</time><speed>0.000</speed><sat>30</sat></trkpt>
  <trkpt lat="45.77195433" lon="2.96510748"><ele>1497.126</ele><time>2026-09-21T09:38:36Z</time><speed>0.000</speed><sat>30</sat></trkpt>
  <trkpt lat="45.77195469" lon="2.96510716"><ele>1497.098</ele><time>2026-09-21T09:38:39Z</time><speed>0.000</speed><sat>30</sat></trkpt>
  <trkpt lat="45.77195507" lon="2.96510655"><ele>1497.056</ele><time>2026-09-21T09:38:42Z</time><speed>0.000</speed><sat>31</sat></trkpt>
  <trkpt lat="45.77195589" lon="2.96510906"><ele>1496.830</ele><time>2026-09-21T09:38:45Z</time><speed>0.200</speed><sat>30</sat></trkpt>
  <trkpt lat="45.77195638" lon="2.96510886"><ele>1496.674</ele><time>2026-09-21T09:38:48Z</time><speed>0.000</speed><sat>29</sat></trkpt>
  <trkpt lat="45.77195660" lon="2.96510877"><ele>1496.675</ele><time>2026-09-21T09:38:51Z</time><speed>0.000</speed><sat>28</sat></trkpt>
  <trkpt lat="45.77195546" lon="2.96510880"><ele>1496.739</ele><time>2026-09-21T09:38:54Z</time><speed>0.000</speed><sat>29</sat></trkpt>
  <trkpt lat="45.77195536" lon="2.96510906"><ele>1496.775</ele><time>2026-09-21T09:38:57Z</time><speed>0.000</speed><sat>29</sat></trkpt>
  <trkpt lat="45.77195534" lon="2.96510941"><ele>1496.807</ele><time>2026-09-21T09:39:00Z</time><speed>0.000</speed><sat>29</sat></trkpt>
  <trkpt lat="45.77195531" lon="2.96510933"><ele>1496.808</ele><time>2026-09-21T09:39:03Z</time><speed>0.000</speed><sat>29</sat></trkpt>
  <trkpt lat="45.77195536" lon="2.96510911"><ele>1496.794</ele><time>2026-09-21T09:39:06Z</time><speed>0.000</speed><sat>30</sat></trkpt>
  <trkpt lat="45.77195550" lon="2.96510869"><ele>1496.772</ele><time>2026-09-21T09:39:09Z</time><speed>0.000</speed><sat>30</sat></trkpt>
  <trkpt lat="45.77195556" lon="2.96510820"><ele>1496.743</ele><time>2026-09-21T09:39:12Z</time><speed>0.000</speed><sat>30</sat></trkpt>
  <trkpt lat="45.77195559" lon="2.96510799"><ele>1496.734</ele><time>2026-09-21T09:39:15Z</time><speed>0.000</speed><sat>29</sat></trkpt>
  <trkpt lat="45.77195561" lon="2.96510792"><ele>1496.733</ele><time>2026-09-21T09:39:18Z</time><speed>0.000</speed><sat>29</sat></trkpt>
  <trkpt lat="45.77195560" lon="2.96510751"><ele>1496.719</ele><time>2026-09-21T09:39:21Z</time><speed>0.000</speed><sat>29</sat></trkpt>
  <trkpt lat="45.77195546" lon="2.96510713"><ele>1496.719</ele><time>2026-09-21T09:39:24Z</time><speed>0.000</speed><sat>30</sat></trkpt>
  <trkpt lat="45.77195543" lon="2.96510630"><ele>1496.691</ele><time>2026-09-21T09:39:27Z</time><speed>0.000</speed><sat>30</sat></trkpt>
  <trkpt lat="45.77195544" lon="2.96510588"><ele>1496.678</ele><time>2026-09-21T09:39:30Z</time><speed>0.000</speed><sat>26</sat></trkpt>
  <trkpt lat="45.77195543" lon="2.96510538"><ele>1496.643</ele><time>2026-09-21T09:39:33Z</time><speed>0.000</speed><sat>26</sat></trkpt>
  <trkpt lat="45.77195547" lon="2.96510516"><ele>1496.654</ele><time>2026-09-21T09:39:36Z</time><speed>0.000</speed><sat>28</sat></trkpt>
  <trkpt lat="45.77195542" lon="2.96510534"><ele>1496.682</ele><time>2026-09-21T09:39:39Z</time><speed>0.000</speed><sat>31</sat></trkpt>
  <trkpt lat="45.77195532" lon="2.96510538"><ele>1496.699</ele><time>2026-09-21T09:39:42Z</time><speed>0.000</speed><sat>31</sat></trkpt>
  <trkpt lat="45.77195508" lon="2.96510573"><ele>1496.758</ele><time>2026-09-21T09:39:45Z</time><speed>0.000</speed><sat>29</sat></trkpt>
  <trkpt lat="45.77195503" lon="2.96510566"><ele>1496.759</ele><time>2026-09-21T09:39:48Z</time><speed>0.000</speed><sat>30</sat></trkpt>
  <trkpt lat="45.77195445" lon="2.96511215"><ele>1496.627</ele><time>2026-09-21T09:39:51Z</time><speed>0.200</speed><sat>29</sat></trkpt>
  <trkpt lat="45.77195158" lon="2.96511193"><ele>1496.612</ele><time>2026-09-21T09:39:54Z</time><speed>0.000</speed><sat>31</sat></trkpt>
  <trkpt lat="45.77195189" lon="2.96511192"><ele>1496.625</ele><time>2026-09-21T09:39:57Z</time><speed>0.000</speed><sat>31</sat></trkpt>
  <trkpt lat="45.77195162" lon="2.96511199"><ele>1496.591</ele><time>2026-09-21T09:40:00Z</time><speed>0.000</speed><sat>31</sat></trkpt>
  <trkpt lat="45.77195174" lon="2.96511208"><ele>1496.573</ele><time>2026-09-21T09:40:03Z</time><speed>0.000</speed><sat>31</sat></trkpt>
  <trkpt lat="45.77195100" lon="2.96511236"><ele>1496.566</ele><time>2026-09-21T09:40:06Z</time><speed>0.000</speed><sat>31</sat></trkpt>
  <trkpt lat="45.77195051" lon="2.96511245"><ele>1496.574</ele><time>2026-09-21T09:40:09Z</time><speed>0.000</speed><sat>31</sat></trkpt>
  <trkpt lat="45.77194824" lon="2.96511299"><ele>1496.279</ele><time>2026-09-21T09:40:12Z</time><speed>0.000</speed><sat>31</sat></trkpt>
  <trkpt lat="45.77194528" lon="2.96511334"><ele>1496.003</ele><time>2026-09-21T09:40:15Z</time><speed>0.000</speed><sat>29</sat></trkpt>
  <trkpt lat="45.77194434" lon="2.96511385"><ele>1495.959</ele><time>2026-09-21T09:40:18Z</time><speed>0.000</speed><sat>29</sat></trkpt>
  <trkpt lat="45.77194380" lon="2.96511468"><ele>1495.913</ele><time>2026-09-21T09:40:21Z</time><speed>0.000</speed><sat>30</sat></trkpt>
  <trkpt lat="45.77194367" lon="2.96511484"><ele>1495.894</ele><time>2026-09-21T09:40:24Z</time><speed>0.000</speed><sat>31</sat></trkpt>
  <trkpt lat="45.77194341" lon="2.96511516"><ele>1495.881</ele><time>2026-09-21T09:40:27Z</time><speed>0.000</speed><sat>30</sat></trkpt>
  <trkpt lat="45.77194306" lon="2.96511530"><ele>1495.852</ele><time>2026-09-21T09:40:30Z</time><speed>0.000</speed><sat>30</sat></trkpt>
  <trkpt lat="45.77194283" lon="2.96511551"><ele>1495.831</ele><time>2026-09-21T09:40:33Z</time><speed>0.000</speed><sat>30</sat></trkpt>
  <trkpt lat="45.77194275" lon="2.96511584"><ele>1495.854</ele><time>2026-09-21T09:40:36Z</time><speed>0.000</speed><sat>30</sat></trkpt>
  <trkpt lat="45.77194295" lon="2.96511588"><ele>1495.851</ele><time>2026-09-21T09:40:39Z</time><speed>0.000</speed><sat>30</sat></trkpt>
  <trkpt lat="45.77194274" lon="2.96511630"><ele>1495.825</ele><time>2026-09-21T09:40:42Z</time><speed>0.000</speed><sat>30</sat></trkpt>
  <trkpt lat="45.77194266" lon="2.96511646"><ele>1495.823</ele><time>2026-09-21T09:40:45Z</time><speed>0.000</speed><sat>30</sat></trkpt>
  <trkpt lat="45.77194216" lon="2.96511691"><ele>1495.823</ele><time>2026-09-21T09:40:48Z</time><speed>0.000</speed><sat>31</sat></trkpt>
  <trkpt lat="45.77194182" lon="2.96511696"><ele>1495.817</ele><time>2026-09-21T09:40:51Z</time><speed>0.000</speed><sat>30</sat></trkpt>
  <trkpt lat="45.77194096" lon="2.96511662"><ele>1495.763</ele><time>2026-09-21T09:40:54Z</time><speed>0.000</speed><sat>30</sat></trkpt>
  <trkpt lat="45.77194068" lon="2.96511578"><ele>1495.730</ele><time>2026-09-21T09:40:57Z</time><speed>0.000</speed><sat>30</sat></trkpt>
  <trkpt lat="45.77194042" lon="2.96511597"><ele>1495.713</ele><time>2026-09-21T09:41:00Z</time><speed>0.000</speed><sat>30</sat></trkpt>
  <trkpt lat="45.77194026" lon="2.96511582"><ele>1495.712</ele><time>2026-09-21T09:41:03Z</time><speed>0.000</speed><sat>28</sat></trkpt>
  <trkpt lat="45.77194017" lon="2.96511588"><ele>1495.702</ele><time>2026-09-21T09:41:06Z</time><speed>0.000</speed><sat>30</sat></trkpt>
  <trkpt lat="45.77193999" lon="2.96511584"><ele>1495.694</ele><time>2026-09-21T09:41:09Z</time><speed>0.000</speed><sat>30</sat></trkpt>
  <trkpt lat="45.77193993" lon="2.96511616"><ele>1495.698</ele><time>2026-09-21T09:41:12Z</time><speed>0.000</speed><sat>31</sat></trkpt>
  <trkpt lat="45.77193992" lon="2.96511616"><ele>1495.706</ele><time>2026-09-21T09:41:15Z</time><speed>0.000</speed><sat>30</sat></trkpt>
  <trkpt lat="45.77194018" lon="2.96511616"><ele>1495.716</ele><time>2026-09-21T09:41:18Z</time><speed>0.000</speed><sat>31</sat></trkpt>
  <trkpt lat="45.77194026" lon="2.96511614"><ele>1495.715</ele><time>2026-09-21T09:41:21Z</time><speed>0.000</speed><sat>31</sat></trkpt>
  <trkpt lat="45.77194003" lon="2.96511631"><ele>1495.721</ele><time>2026-09-21T09:41:24Z</time><speed>0.000</speed><sat>31</sat></trkpt>
  <trkpt lat="45.77193983" lon="2.96511639"><ele>1495.738</ele><time>2026-09-21T09:41:27Z</time><speed>0.000</speed><sat>31</sat></trkpt>
  <trkpt lat="45.77193976" lon="2.96511688"><ele>1495.765</ele><time>2026-09-21T09:41:30Z</time><speed>0.000</speed><sat>31</sat></trkpt>
  <trkpt lat="45.77193973" lon="2.96511682"><ele>1495.757</ele><time>2026-09-21T09:41:33Z</time><speed>0.000</speed><sat>31</sat></trkpt>
  <trkpt lat="45.77193964" lon="2.96511688"><ele>1495.762</ele><time>2026-09-21T09:41:36Z</time><speed>0.000</speed><sat>31</sat></trkpt>
  <trkpt lat="45.77193960" lon="2.96511684"><ele>1495.764</ele><time>2026-09-21T09:41:39Z</time><speed>0.000</speed><sat>31</sat></trkpt>
  <trkpt lat="45.77193907" lon="2.96511906"><ele>1495.724</ele><time>2026-09-21T09:41:42Z</time><speed>0.000</speed><sat>30</sat></trkpt>
  <trkpt lat="45.77193885" lon="2.96511951"><ele>1495.727</ele><time>2026-09-21T09:41:45Z</time><speed>0.000</speed><sat>31</sat></trkpt>
  <trkpt lat="45.77193892" lon="2.96511959"><ele>1495.753</ele><time>2026-09-21T09:41:48Z</time><speed>0.000</speed><sat>31</sat></trkpt>
  <trkpt lat="45.77193906" lon="2.96511973"><ele>1495.762</ele><time>2026-09-21T09:41:51Z</time><speed>0.000</speed><sat>30</sat></trkpt>
  <trkpt lat="45.77193914" lon="2.96512008"><ele>1495.781</ele><time>2026-09-21T09:41:54Z</time><speed>0.000</speed><sat>30</sat></trkpt>
  <trkpt lat="45.77193918" lon="2.96512045"><ele>1495.799</ele><time>2026-09-21T09:41:57Z</time><speed>0.000</speed><sat>30</sat></trkpt>
  <trkpt lat="45.77193914" lon="2.96512054"><ele>1495.805</ele><time>2026-09-21T09:42:00Z</time><speed>0.000</speed><sat>30</sat></trkpt>
  <trkpt lat="45.77193944" lon="2.96512015"><ele>1495.802</ele><time>2026-09-21T09:42:03Z</time><speed>0.000</speed><sat>30</sat></trkpt>
  <trkpt lat="45.77193956" lon="2.96511998"><ele>1495.809</ele><time>2026-09-21T09:42:06Z</time><speed>0.000</speed><sat>31</sat></trkpt>
  <trkpt lat="45.77193938" lon="2.96511990"><ele>1495.793</ele><time>2026-09-21T09:42:09Z</time><speed>0.000</speed><sat>30</sat></trkpt>
  <trkpt lat="45.77193940" lon="2.96511998"><ele>1495.788</ele><time>2026-09-21T09:42:12Z</time><speed>0.000</speed><sat>30</sat></trkpt>
  <trkpt lat="45.77193939" lon="2.96511996"><ele>1495.774</ele><time>2026-09-21T09:42:15Z</time><speed>0.000</speed><sat>29</sat></trkpt>
  <trkpt lat="45.77193956" lon="2.96511996"><ele>1495.773</ele><time>2026-09-21T09:42:18Z</time><speed>0.000</speed><sat>29</sat></trkpt>
  <trkpt lat="45.77193971" lon="2.96512005"><ele>1495.775</ele><time>2026-09-21T09:42:21Z</time><speed>0.000</speed><sat>29</sat></trkpt>
  <trkpt lat="45.77193986" lon="2.96512005"><ele>1495.798</ele><time>2026-09-21T09:42:24Z</time><speed>0.000</speed><sat>30</sat></trkpt>
  <trkpt lat="45.77193991" lon="2.96512013"><ele>1495.808</ele><time>2026-09-21T09:42:27Z</time><speed>0.000</speed><sat>30</sat></trkpt>
  <trkpt lat="45.77193992" lon="2.96512002"><ele>1495.832</ele><time>2026-09-21T09:42:30Z</time><speed>0.000</speed><sat>29</sat></trkpt>
  <trkpt lat="45.77193989" lon="2.96512003"><ele>1495.826</ele><time>2026-09-21T09:42:33Z</time><speed>0.000</speed><sat>30</sat></trkpt>
  <trkpt lat="45.77193355" lon="2.96509252"><ele>1495.669</ele><time>2026-09-21T09:42:36Z</time><speed>0.000</speed><sat>29</sat></trkpt>
  <trkpt lat="45.77193390" lon="2.96509093"><ele>1495.640</ele><time>2026-09-21T09:42:39Z</time><speed>0.000</speed><sat>30</sat></trkpt>
  <trkpt lat="45.77193391" lon="2.96509132"><ele>1495.623</ele><time>2026-09-21T09:42:42Z</time><speed>0.000</speed><sat>29</sat></trkpt>
  <trkpt lat="45.77193416" lon="2.96509156"><ele>1495.632</ele><time>2026-09-21T09:42:45Z</time><speed>0.000</speed><sat>30</sat></trkpt>
  <trkpt lat="45.77193419" lon="2.96509167"><ele>1495.623</ele><time>2026-09-21T09:42:48Z</time><speed>0.000</speed><sat>30</sat></trkpt>
  <trkpt lat="45.77193450" lon="2.96509213"><ele>1495.624</ele><time>2026-09-21T09:42:51Z</time><speed>0.000</speed><sat>30</sat></trkpt>
  <trkpt lat="45.77193478" lon="2.96509256"><ele>1495.629</ele><time>2026-09-21T09:42:54Z</time><speed>0.000</speed><sat>30</sat></trkpt>
  <trkpt lat="45.77193512" lon="2.96509239"><ele>1495.631</ele><time>2026-09-21T09:42:57Z</time><speed>0.000</speed><sat>30</sat></trkpt>
  <trkpt lat="45.77193514" lon="2.96509250"><ele>1495.646</ele><time>2026-09-21T09:43:00Z</time><speed>0.000</speed><sat>30</sat></trkpt>
  <trkpt lat="45.77193509" lon="2.96509278"><ele>1495.661</ele><time>2026-09-21T09:43:03Z</time><speed>0.000</speed><sat>30</sat></trkpt>
  <trkpt lat="45.77193507" lon="2.96509258"><ele>1495.680</ele><time>2026-09-21T09:43:06Z</time><speed>0.000</speed><sat>30</sat></trkpt>
  <trkpt lat="45.77193499" lon="2.96509268"><ele>1495.663</ele><time>2026-09-21T09:43:09Z</time><speed>0.000</speed><sat>31</sat></trkpt>
  <trkpt lat="45.77193493" lon="2.96509321"><ele>1495.682</ele><time>2026-09-21T09:43:12Z</time><speed>0.000</speed><sat>31</sat></trkpt>
  <trkpt lat="45.77193372" lon="2.96509428"><ele>1495.676</ele><time>2026-09-21T09:43:15Z</time><speed>0.000</speed><sat>31</sat></trkpt>
  <trkpt lat="45.77193345" lon="2.96509474"><ele>1495.673</ele><time>2026-09-21T09:43:18Z</time><speed>0.000</speed><sat>31</sat></trkpt>
  <trkpt lat="45.77193357" lon="2.96509366"><ele>1495.736</ele><time>2026-09-21T09:43:21Z</time><speed>0.240</speed><sat>31</sat></trkpt>
  <trkpt lat="45.77193522" lon="2.96509426"><ele>1495.768</ele><time>2026-09-21T09:43:24Z</time><speed>0.000</speed><sat>31</sat></trkpt>
  <trkpt lat="45.77193572" lon="2.96509468"><ele>1495.806</ele><time>2026-09-21T09:43:27Z</time><speed>0.000</speed><sat>31</sat></trkpt>
  <trkpt lat="45.77193587" lon="2.96509442"><ele>1495.829</ele><time>2026-09-21T09:43:30Z</time><speed>0.000</speed><sat>31</sat></trkpt>
  <trkpt lat="45.77193570" lon="2.96509427"><ele>1495.805</ele><time>2026-09-21T09:43:33Z</time><speed>0.000</speed><sat>31</sat></trkpt>
  <trkpt lat="45.77193570" lon="2.96509445"><ele>1495.811</ele><time>2026-09-21T09:43:36Z</time><speed>0.000</speed><sat>31</sat></trkpt>
  <trkpt lat="45.77193568" lon="2.96509376"><ele>1495.826</ele><time>2026-09-21T09:43:39Z</time><speed>0.000</speed><sat>31</sat></trkpt>
  <trkpt lat="45.77193572" lon="2.96509361"><ele>1495.849</ele><time>2026-09-21T09:43:42Z</time><speed>0.000</speed><sat>31</sat></trkpt>
  <trkpt lat="45.77193588" lon="2.96509390"><ele>1495.880</ele><time>2026-09-21T09:43:45Z</time><speed>0.000</speed><sat>31</sat></trkpt>
  <trkpt lat="45.77193603" lon="2.96509441"><ele>1495.910</ele><time>2026-09-21T09:43:48Z</time><speed>0.000</speed><sat>31</sat></trkpt>
  <trkpt lat="45.77193564" lon="2.96509478"><ele>1495.963</ele><time>2026-09-21T09:43:51Z</time><speed>0.000</speed><sat>30</sat></trkpt>
  <trkpt lat="45.77193556" lon="2.96509492"><ele>1495.971</ele><time>2026-09-21T09:43:54Z</time><speed>0.000</speed><sat>31</sat></trkpt>
  <trkpt lat="45.77193584" lon="2.96509490"><ele>1495.955</ele><time>2026-09-21T09:43:57Z</time><speed>0.000</speed><sat>31</sat></trkpt>
  <trkpt lat="45.77193588" lon="2.96509487"><ele>1495.946</ele><time>2026-09-21T09:44:00Z</time><speed>0.000</speed><sat>30</sat></trkpt>
  <trkpt lat="45.77193589" lon="2.96509516"><ele>1495.960</ele><time>2026-09-21T09:44:03Z</time><speed>0.000</speed><sat>30</sat></trkpt>
  <trkpt lat="45.77193614" lon="2.96509508"><ele>1495.923</ele><time>2026-09-21T09:44:06Z</time><speed>0.000</speed><sat>30</sat></trkpt>
  <trkpt lat="45.77193619" lon="2.96509493"><ele>1495.916</ele><time>2026-09-21T09:44:09Z</time><speed>0.000</speed><sat>30</sat></trkpt>
  <trkpt lat="45.77193605" lon="2.96509449"><ele>1495.939</ele><time>2026-09-21T09:44:12Z</time><speed>0.000</speed><sat>30</sat></trkpt>
  <trkpt lat="45.77193657" lon="2.96509561"><ele>1495.840</ele><time>2026-09-21T09:44:15Z</time><speed>0.000</speed><sat>29</sat></trkpt>
  <trkpt lat="45.77193696" lon="2.96509522"><ele>1495.803</ele><time>2026-09-21T09:44:18Z</time><speed>0.000</speed><sat>29</sat></trkpt>
  <trkpt lat="45.77193702" lon="2.96509477"><ele>1495.789</ele><time>2026-09-21T09:44:21Z</time><speed>0.000</speed><sat>30</sat></trkpt>
  <trkpt lat="45.77193719" lon="2.96509451"><ele>1495.742</ele><time>2026-09-21T09:44:24Z</time><speed>0.000</speed><sat>30</sat></trkpt>
  <trkpt lat="45.77193723" lon="2.96509406"><ele>1495.720</ele><time>2026-09-21T09:44:27Z</time><speed>0.000</speed><sat>30</sat></trkpt>
  <trkpt lat="45.77193725" lon="2.96509361"><ele>1495.709</ele><time>2026-09-21T09:44:30Z</time><speed>0.000</speed><sat>30</sat></trkpt>
  <trkpt lat="45.77193737" lon="2.96509321"><ele>1495.689</ele><time>2026-09-21T09:44:33Z</time><speed>0.000</speed><sat>29</sat></trkpt>
  <trkpt lat="45.77193651" lon="2.96509158"><ele>1495.703</ele><time>2026-09-21T09:44:36Z</time><speed>0.000</speed><sat>29</sat></trkpt>
  <trkpt lat="45.77193633" lon="2.96509382"><ele>1495.723</ele><time>2026-09-21T09:44:39Z</time><speed>0.000</speed><sat>30</sat></trkpt>
  <trkpt lat="45.77193643" lon="2.96509396"><ele>1495.742</ele><time>2026-09-21T09:44:42Z</time><speed>0.000</speed><sat>31</sat></trkpt>
  <trkpt lat="45.77193790" lon="2.96509568"><ele>1495.651</ele><time>2026-09-21T09:44:45Z</time><speed>0.000</speed><sat>30</sat></trkpt>
  <trkpt lat="45.77193804" lon="2.96509522"><ele>1495.626</ele><time>2026-09-21T09:44:48Z</time><speed>0.000</speed><sat>30</sat></trkpt>
  <trkpt lat="45.77193799" lon="2.96509486"><ele>1495.632</ele><time>2026-09-21T09:44:51Z</time><speed>0.000</speed><sat>30</sat></trkpt>
  <trkpt lat="45.77193809" lon="2.96509426"><ele>1495.600</ele><time>2026-09-21T09:44:54Z</time><speed>0.000</speed><sat>30</sat></trkpt>
  <trkpt lat="45.77193816" lon="2.96509369"><ele>1495.583</ele><time>2026-09-21T09:44:57Z</time><speed>0.000</speed><sat>30</sat></trkpt>
  <trkpt lat="45.77193823" lon="2.96509277"><ele>1495.540</ele><time>2026-09-21T09:45:00Z</time><speed>0.000</speed><sat>30</sat></trkpt>
  <trkpt lat="45.77193833" lon="2.96509266"><ele>1495.537</ele><time>2026-09-21T09:45:03Z</time><speed>0.000</speed><sat>28</sat></trkpt>
  <trkpt lat="45.77193832" lon="2.96509335"><ele>1495.575</ele><time>2026-09-21T09:45:06Z</time><speed>0.000</speed><sat>30</sat></trkpt>
  <trkpt lat="45.77193835" lon="2.96509344"><ele>1495.586</ele><time>2026-09-21T09:45:09Z</time><speed>0.000</speed><sat>30</sat></trkpt>
  <trkpt lat="45.77193837" lon="2.96509326"><ele>1495.609</ele><time>2026-09-21T09:45:12Z</time><speed>0.000</speed><sat>29</sat></trkpt>
  <trkpt lat="45.77193832" lon="2.96509314"><ele>1495.635</ele><time>2026-09-21T09:45:15Z</time><speed>0.000</speed><sat>28</sat></trkpt>
  <trkpt lat="45.77193818" lon="2.96509260"><ele>1495.666</ele><time>2026-09-21T09:45:18Z</time><speed>0.000</speed><sat>29</sat></trkpt>
  <trkpt lat="45.77193797" lon="2.96509165"><ele>1495.705</ele><time>2026-09-21T09:45:21Z</time><speed>0.000</speed><sat>29</sat></trkpt>
  <trkpt lat="45.77193788" lon="2.96509094"><ele>1495.692</ele><time>2026-09-21T09:45:24Z</time><speed>0.000</speed><sat>29</sat></trkpt>
  <trkpt lat="45.77194178" lon="2.96509357"><ele>1495.684</ele><time>2026-09-21T09:45:27Z</time><speed>0.000</speed><sat>27</sat></trkpt>
  <trkpt lat="45.77194137" lon="2.96509458"><ele>1495.604</ele><time>2026-09-21T09:45:30Z</time><speed>0.340</speed><sat>30</sat></trkpt>
  <trkpt lat="45.77194308" lon="2.96509639"><ele>1495.322</ele><time>2026-09-21T09:45:33Z</time><speed>0.000</speed><sat>29</sat></trkpt>
  <trkpt lat="45.77194390" lon="2.96509774"><ele>1495.173</ele><time>2026-09-21T09:45:36Z</time><speed>0.280</speed><sat>29</sat></trkpt>
  <trkpt lat="45.77194221" lon="2.96509640"><ele>1495.212</ele><time>2026-09-21T09:45:39Z</time><speed>0.000</speed><sat>30</sat></trkpt>
  <trkpt lat="45.77194210" lon="2.96509551"><ele>1495.251</ele><time>2026-09-21T09:45:42Z</time><speed>0.000</speed><sat>30</sat></trkpt>
  <trkpt lat="45.77194196" lon="2.96509519"><ele>1495.265</ele><time>2026-09-21T09:45:45Z</time><speed>0.000</speed><sat>29</sat></trkpt>
  <trkpt lat="45.77194174" lon="2.96509512"><ele>1495.304</ele><time>2026-09-21T09:45:48Z</time><speed>0.000</speed><sat>29</sat></trkpt>
  <trkpt lat="45.77194173" lon="2.96509428"><ele>1495.284</ele><time>2026-09-21T09:45:51Z</time><speed>0.000</speed><sat>30</sat></trkpt>
  <trkpt lat="45.77194174" lon="2.96509383"><ele>1495.307</ele><time>2026-09-21T09:45:54Z</time><speed>0.000</speed><sat>31</sat></trkpt>
  <trkpt lat="45.77194197" lon="2.96509360"><ele>1495.332</ele><time>2026-09-21T09:45:57Z</time><speed>0.000</speed><sat>31</sat></trkpt>
  <trkpt lat="45.77194195" lon="2.96509348"><ele>1495.337</ele><time>2026-09-21T09:46:00Z</time><speed>0.000</speed><sat>30</sat></trkpt>
  <trkpt lat="45.77194216" lon="2.96509307"><ele>1495.326</ele><time>2026-09-21T09:46:03Z</time><speed>0.000</speed><sat>29</sat></trkpt>
  <trkpt lat="45.77194218" lon="2.96509318"><ele>1495.326</ele><time>2026-09-21T09:46:06Z</time><speed>0.000</speed><sat>30</sat></trkpt>
  <trkpt lat="45.77194220" lon="2.96509349"><ele>1495.349</ele><time>2026-09-21T09:46:09Z</time><speed>0.000</speed><sat>30</sat></trkpt>
  <trkpt lat="45.77194213" lon="2.96509346"><ele>1495.407</ele><time>2026-09-21T09:46:12Z</time><speed>0.000</speed><sat>31</sat></trkpt>
  <trkpt lat="45.77194207" lon="2.96509359"><ele>1495.479</ele><time>2026-09-21T09:46:15Z</time><speed>0.000</speed><sat>31</sat></trkpt>
  <trkpt lat="45.77194190" lon="2.96509342"><ele>1495.579</ele><time>2026-09-21T09:46:18Z</time><speed>0.000</speed><sat>31</sat></trkpt>
  <trkpt lat="45.77194186" lon="2.96509319"><ele>1495.609</ele><time>2026-09-21T09:46:21Z</time><speed>0.000</speed><sat>31</sat></trkpt>
  <trkpt lat="45.77194177" lon="2.96509270"><ele>1495.613</ele><time>2026-09-21T09:46:24Z</time><speed>0.000</speed><sat>31</sat></trkpt>
  <trkpt lat="45.77194217" lon="2.96509316"><ele>1495.605</ele><time>2026-09-21T09:46:27Z</time><speed>0.000</speed><sat>31</sat></trkpt>
  <trkpt lat="45.77194223" lon="2.96509297"><ele>1495.609</ele><time>2026-09-21T09:46:30Z</time><speed>0.000</speed><sat>31</sat></trkpt>
  <trkpt lat="45.77194216" lon="2.96509282"><ele>1495.645</ele><time>2026-09-21T09:46:33Z</time><speed>0.000</speed><sat>31</sat></trkpt>
  <trkpt lat="45.77194203" lon="2.96509278"><ele>1495.674</ele><time>2026-09-21T09:46:36Z</time><speed>0.000</speed><sat>31</sat></trkpt>
  <trkpt lat="45.77194071" lon="2.96509330"><ele>1495.812</ele><time>2026-09-21T09:46:39Z</time><speed>0.190</speed><sat>31</sat></trkpt>
  <trkpt lat="45.77197043" lon="2.96508873"><ele>1496.227</ele><time>2026-09-21T09:46:42Z</time><speed>3.010</speed><sat>31</sat></trkpt>
  <trkpt lat="45.77199595" lon="2.96509131"><ele>1496.277</ele><time>2026-09-21T09:46:45Z</time><speed>0.810</speed><sat>31</sat></trkpt>
  <trkpt lat="45.77201665" lon="2.96510017"><ele>1496.631</ele><time>2026-09-21T09:46:48Z</time><speed>0.720</speed><sat>31</sat></trkpt>
  <trkpt lat="45.77203528" lon="2.96511367"><ele>1496.850</ele><time>2026-09-21T09:46:51Z</time><speed>0.630</speed><sat>31</sat></trkpt>
  <trkpt lat="45.77205887" lon="2.96513063"><ele>1497.409</ele><time>2026-09-21T09:46:54Z</time><speed>0.840</speed><sat>30</sat></trkpt>
  <trkpt lat="45.77208383" lon="2.96514027"><ele>1497.749</ele><time>2026-09-21T09:46:57Z</time><speed>1.060</speed><sat>30</sat></trkpt>
  <trkpt lat="45.77210735" lon="2.96514935"><ele>1498.567</ele><time>2026-09-21T09:47:00Z</time><speed>1.160</speed><sat>31</sat></trkpt>
  <trkpt lat="45.77213015" lon="2.96515856"><ele>1499.486</ele><time>2026-09-21T09:47:03Z</time><speed>1.180</speed><sat>31</sat></trkpt>
  <trkpt lat="45.77215660" lon="2.96515902"><ele>1500.025</ele><time>2026-09-21T09:47:06Z</time><speed>0.780</speed><sat>31</sat></trkpt>
  <trkpt lat="45.77217913" lon="2.96515659"><ele>1500.487</ele><time>2026-09-21T09:47:09Z</time><speed>0.630</speed><sat>31</sat></trkpt>
  <trkpt lat="45.77220417" lon="2.96516204"><ele>1500.863</ele><time>2026-09-21T09:47:12Z</time><speed>0.750</speed><sat>31</sat></trkpt>
  <trkpt lat="45.77222613" lon="2.96517388"><ele>1501.164</ele><time>2026-09-21T09:47:15Z</time><speed>0.690</speed><sat>31</sat></trkpt>
  <trkpt lat="45.77224980" lon="2.96518856"><ele>1501.022</ele><time>2026-09-21T09:47:18Z</time><speed>0.640</speed><sat>31</sat></trkpt>
  <trkpt lat="45.77227113" lon="2.96519456"><ele>1501.113</ele><time>2026-09-21T09:47:21Z</time><speed>0.470</speed><sat>31</sat></trkpt>
  <trkpt lat="45.77229582" lon="2.96519692"><ele>1501.641</ele><time>2026-09-21T09:47:24Z</time><speed>0.820</speed><sat>31</sat></trkpt>
  <trkpt lat="45.77232157" lon="2.96519964"><ele>1502.031</ele><time>2026-09-21T09:47:27Z</time><speed>0.940</speed><sat>32</sat></trkpt>
  <trkpt lat="45.77234861" lon="2.96521203"><ele>1501.958</ele><time>2026-09-21T09:47:30Z</time><speed>1.310</speed><sat>32</sat></trkpt>
  <trkpt lat="45.77237424" lon="2.96522566"><ele>1502.130</ele><time>2026-09-21T09:47:33Z</time><speed>0.920</speed><sat>30</sat></trkpt>
  <trkpt lat="45.77240317" lon="2.96522839"><ele>1502.495</ele><time>2026-09-21T09:47:36Z</time><speed>0.770</speed><sat>31</sat></trkpt>
  <trkpt lat="45.77242912" lon="2.96522539"><ele>1502.686</ele><time>2026-09-21T09:47:39Z</time><speed>0.710</speed><sat>32</sat></trkpt>
  <trkpt lat="45.77244775" lon="2.96522654"><ele>1502.661</ele><time>2026-09-21T09:47:42Z</time><speed>0.540</speed><sat>32</sat></trkpt>
  <trkpt lat="45.77246420" lon="2.96522023"><ele>1502.628</ele><time>2026-09-21T09:47:45Z</time><speed>0.640</speed><sat>32</sat></trkpt>
  <trkpt lat="45.77249133" lon="2.96521767"><ele>1502.124</ele><time>2026-09-21T09:47:48Z</time><speed>0.910</speed><sat>33</sat></trkpt>
  <trkpt lat="45.77251225" lon="2.96521841"><ele>1501.988</ele><time>2026-09-21T09:47:51Z</time><speed>1.190</speed><sat>33</sat></trkpt>
  <trkpt lat="45.77254329" lon="2.96521837"><ele>1502.087</ele><time>2026-09-21T09:47:54Z</time><speed>1.040</speed><sat>33</sat></trkpt>
  <trkpt lat="45.77257279" lon="2.96521408"><ele>1501.823</ele><time>2026-09-21T09:47:57Z</time><speed>0.890</speed><sat>33</sat></trkpt>
  <trkpt lat="45.77259919" lon="2.96521150"><ele>1501.213</ele><time>2026-09-21T09:48:00Z</time><speed>0.880</speed><sat>33</sat></trkpt>
  <trkpt lat="45.77263259" lon="2.96520857"><ele>1501.184</ele><time>2026-09-21T09:48:03Z</time><speed>1.190</speed><sat>33</sat></trkpt>
  <trkpt lat="45.77266352" lon="2.96519962"><ele>1500.693</ele><time>2026-09-21T09:48:06Z</time><speed>1.070</speed><sat>31</sat></trkpt>
  <trkpt lat="45.77269275" lon="2.96518312"><ele>1500.461</ele><time>2026-09-21T09:48:09Z</time><speed>1.170</speed><sat>31</sat></trkpt>
  <trkpt lat="45.77271922" lon="2.96515778"><ele>1499.889</ele><time>2026-09-21T09:48:12Z</time><speed>1.130</speed><sat>31</sat></trkpt>
  <trkpt lat="45.77274671" lon="2.96513671"><ele>1500.061</ele><time>2026-09-21T09:48:15Z</time><speed>1.020</speed><sat>31</sat></trkpt>
  <trkpt lat="45.77277484" lon="2.96511293"><ele>1499.754</ele><time>2026-09-21T09:48:18Z</time><speed>1.020</speed><sat>31</sat></trkpt>
  <trkpt lat="45.77280088" lon="2.96508957"><ele>1499.758</ele><time>2026-09-21T09:48:21Z</time><speed>1.200</speed><sat>31</sat></trkpt>
  <trkpt lat="45.77282816" lon="2.96506580"><ele>1499.037</ele><time>2026-09-21T09:48:24Z</time><speed>1.060</speed><sat>31</sat></trkpt>
  <trkpt lat="45.77285564" lon="2.96504190"><ele>1498.826</ele><time>2026-09-21T09:48:27Z</time><speed>1.110</speed><sat>31</sat></trkpt>
  <trkpt lat="45.77287606" lon="2.96501620"><ele>1498.602</ele><time>2026-09-21T09:48:30Z</time><speed>0.650</speed><sat>31</sat></trkpt>
  <trkpt lat="45.77289865" lon="2.96499214"><ele>1497.958</ele><time>2026-09-21T09:48:33Z</time><speed>1.260</speed><sat>31</sat></trkpt>
  <trkpt lat="45.77292117" lon="2.96495514"><ele>1497.376</ele><time>2026-09-21T09:48:36Z</time><speed>1.140</speed><sat>31</sat></trkpt>
  <trkpt lat="45.77294511" lon="2.96492115"><ele>1497.405</ele><time>2026-09-21T09:48:39Z</time><speed>1.040</speed><sat>31</sat></trkpt>
  <trkpt lat="45.77296355" lon="2.96488608"><ele>1497.009</ele><time>2026-09-21T09:48:42Z</time><speed>0.980</speed><sat>31</sat></trkpt>
  <trkpt lat="45.77298726" lon="2.96484878"><ele>1497.085</ele><time>2026-09-21T09:48:45Z</time><speed>1.300</speed><sat>31</sat></trkpt>
  <trkpt lat="45.77301087" lon="2.96480767"><ele>1496.299</ele><time>2026-09-21T09:48:48Z</time><speed>1.170</speed><sat>31</sat></trkpt>
  <trkpt lat="45.77303261" lon="2.96476910"><ele>1496.129</ele><time>2026-09-21T09:48:51Z</time><speed>1.220</speed><sat>31</sat></trkpt>
  <trkpt lat="45.77305438" lon="2.96473676"><ele>1496.767</ele><time>2026-09-21T09:48:54Z</time><speed>1.300</speed><sat>30</sat></trkpt>
  <trkpt lat="45.77306514" lon="2.96469068"><ele>1495.696</ele><time>2026-09-21T09:48:57Z</time><speed>1.140</speed><sat>31</sat></trkpt>
  <trkpt lat="45.77307999" lon="2.96464768"><ele>1496.125</ele><time>2026-09-21T09:49:00Z</time><speed>1.170</speed><sat>31</sat></trkpt>
  <trkpt lat="45.77309028" lon="2.96460148"><ele>1495.683</ele><time>2026-09-21T09:49:03Z</time><speed>1.240</speed><sat>31</sat></trkpt>
  <trkpt lat="45.77309511" lon="2.96454789"><ele>1495.597</ele><time>2026-09-21T09:49:06Z</time><speed>1.280</speed><sat>31</sat></trkpt>
  <trkpt lat="45.77309221" lon="2.96450228"><ele>1495.484</ele><time>2026-09-21T09:49:09Z</time><speed>1.130</speed><sat>31</sat></trkpt>
  <trkpt lat="45.77309235" lon="2.96444432"><ele>1495.499</ele><time>2026-09-21T09:49:12Z</time><speed>1.280</speed><sat>31</sat></trkpt>
  <trkpt lat="45.77309487" lon="2.96440193"><ele>1495.802</ele><time>2026-09-21T09:49:15Z</time><speed>1.130</speed><sat>30</sat></trkpt>
  <trkpt lat="45.77309291" lon="2.96434899"><ele>1496.126</ele><time>2026-09-21T09:49:18Z</time><speed>1.240</speed><sat>30</sat></trkpt>
  <trkpt lat="45.77308614" lon="2.96430546"><ele>1496.400</ele><time>2026-09-21T09:49:21Z</time><speed>1.140</speed><sat>30</sat></trkpt>
  <trkpt lat="45.77307382" lon="2.96425558"><ele>1497.444</ele><time>2026-09-21T09:49:24Z</time><speed>1.070</speed><sat>31</sat></trkpt>
  <trkpt lat="45.77306372" lon="2.96421971"><ele>1497.739</ele><time>2026-09-21T09:49:27Z</time><speed>1.250</speed><sat>32</sat></trkpt>
  <trkpt lat="45.77305571" lon="2.96418214"><ele>1498.286</ele><time>2026-09-21T09:49:30Z</time><speed>0.780</speed><sat>32</sat></trkpt>
  <trkpt lat="45.77305018" lon="2.96414510"><ele>1499.170</ele><time>2026-09-21T09:49:33Z</time><speed>0.530</speed><sat>32</sat></trkpt>
  <trkpt lat="45.77305094" lon="2.96410817"><ele>1499.370</ele><time>2026-09-21T09:49:36Z</time><speed>0.940</speed><sat>32</sat></trkpt>
  <trkpt lat="45.77305586" lon="2.96406558"><ele>1499.642</ele><time>2026-09-21T09:49:39Z</time><speed>0.980</speed><sat>32</sat></trkpt>
  <trkpt lat="45.77306075" lon="2.96403974"><ele>1499.340</ele><time>2026-09-21T09:49:42Z</time><speed>0.380</speed><sat>32</sat></trkpt>
  <trkpt lat="45.77306762" lon="2.96402820"><ele>1499.007</ele><time>2026-09-21T09:49:45Z</time><speed>0.000</speed><sat>32</sat></trkpt>
  <trkpt lat="45.77306663" lon="2.96402691"><ele>1498.888</ele><time>2026-09-21T09:49:48Z</time><speed>0.000</speed><sat>32</sat></trkpt>
  <trkpt lat="45.77306555" lon="2.96402652"><ele>1498.805</ele><time>2026-09-21T09:49:51Z</time><speed>0.000</speed><sat>32</sat></trkpt>
  <trkpt lat="45.77306572" lon="2.96402714"><ele>1498.674</ele><time>2026-09-21T09:49:54Z</time><speed>0.000</speed><sat>32</sat></trkpt>
  <trkpt lat="45.77306563" lon="2.96402781"><ele>1498.708</ele><time>2026-09-21T09:49:57Z</time><speed>0.000</speed><sat>32</sat></trkpt>
  <trkpt lat="45.77306562" lon="2.96402783"><ele>1498.717</ele><time>2026-09-21T09:50:00Z</time><speed>0.000</speed><sat>31</sat></trkpt>
  <trkpt lat="45.77306549" lon="2.96402779"><ele>1498.686</ele><time>2026-09-21T09:50:03Z</time><speed>0.000</speed><sat>32</sat></trkpt>
  <trkpt lat="45.77306561" lon="2.96402781"><ele>1498.703</ele><time>2026-09-21T09:50:06Z</time><speed>0.000</speed><sat>32</sat></trkpt>
  <trkpt lat="45.77306547" lon="2.96402809"><ele>1498.674</ele><time>2026-09-21T09:50:09Z</time><speed>0.000</speed><sat>32</sat></trkpt>
  <trkpt lat="45.77306541" lon="2.96402841"><ele>1498.674</ele><time>2026-09-21T09:50:12Z</time><speed>0.000</speed><sat>32</sat></trkpt>
  <trkpt lat="45.77306538" lon="2.96402841"><ele>1498.673</ele><time>2026-09-21T09:50:15Z</time><speed>0.000</speed><sat>32</sat></trkpt>
  <trkpt lat="45.77306515" lon="2.96402831"><ele>1498.661</ele><time>2026-09-21T09:50:18Z</time><speed>0.000</speed><sat>32</sat></trkpt>
  <trkpt lat="45.77306514" lon="2.96402854"><ele>1498.653</ele><time>2026-09-21T09:50:21Z</time><speed>0.000</speed><sat>32</sat></trkpt>
  <trkpt lat="45.77306644" lon="2.96402141"><ele>1498.789</ele><time>2026-09-21T09:50:24Z</time><speed>0.450</speed><sat>32</sat></trkpt>
  <trkpt lat="45.77306521" lon="2.96399731"><ele>1499.355</ele><time>2026-09-21T09:50:27Z</time><speed>0.630</speed><sat>33</sat></trkpt>
  <trkpt lat="45.77305520" lon="2.96396035"><ele>1499.203</ele><time>2026-09-21T09:50:30Z</time><speed>0.800</speed><sat>33</sat></trkpt>
  <trkpt lat="45.77304569" lon="2.96392565"><ele>1498.622</ele><time>2026-09-21T09:50:33Z</time><speed>0.950</speed><sat>33</sat></trkpt>
  <trkpt lat="45.77304162" lon="2.96389327"><ele>1498.415</ele><time>2026-09-21T09:50:36Z</time><speed>0.940</speed><sat>33</sat></trkpt>
  <trkpt lat="45.77303625" lon="2.96386679"><ele>1498.079</ele><time>2026-09-21T09:50:39Z</time><speed>0.770</speed><sat>33</sat></trkpt>
  <trkpt lat="45.77303157" lon="2.96383298"><ele>1497.128</ele><time>2026-09-21T09:50:42Z</time><speed>0.970</speed><sat>34</sat></trkpt>
  <trkpt lat="45.77302699" lon="2.96380177"><ele>1496.202</ele><time>2026-09-21T09:50:45Z</time><speed>0.790</speed><sat>34</sat></trkpt>
  <trkpt lat="45.77301144" lon="2.96377136"><ele>1495.096</ele><time>2026-09-21T09:50:48Z</time><speed>1.590</speed><sat>32</sat></trkpt>
  <trkpt lat="45.77299893" lon="2.96374771"><ele>1494.086</ele><time>2026-09-21T09:50:51Z</time><speed>0.660</speed><sat>32</sat></trkpt>
  <trkpt lat="45.77298800" lon="2.96371962"><ele>1493.402</ele><time>2026-09-21T09:50:54Z</time><speed>0.950</speed><sat>32</sat></trkpt>
  <trkpt lat="45.77298434" lon="2.96369431"><ele>1492.436</ele><time>2026-09-21T09:50:57Z</time><speed>0.860</speed><sat>30</sat></trkpt>
  <trkpt lat="45.77298230" lon="2.96366593"><ele>1492.190</ele><time>2026-09-21T09:51:00Z</time><speed>0.700</speed><sat>30</sat></trkpt>
  <trkpt lat="45.77298209" lon="2.96364085"><ele>1491.627</ele><time>2026-09-21T09:51:03Z</time><speed>0.590</speed><sat>30</sat></trkpt>
  <trkpt lat="45.77297754" lon="2.96361750"><ele>1490.947</ele><time>2026-09-21T09:51:06Z</time><speed>0.960</speed><sat>31</sat></trkpt>
  <trkpt lat="45.77298507" lon="2.96358868"><ele>1490.633</ele><time>2026-09-21T09:51:09Z</time><speed>0.890</speed><sat>30</sat></trkpt>
  <trkpt lat="45.77300154" lon="2.96356041"><ele>1491.190</ele><time>2026-09-21T09:51:12Z</time><speed>1.230</speed><sat>32</sat></trkpt>
  <trkpt lat="45.77300814" lon="2.96353804"><ele>1491.524</ele><time>2026-09-21T09:51:15Z</time><speed>0.430</speed><sat>32</sat></trkpt>
  <trkpt lat="45.77300367" lon="2.96352332"><ele>1491.516</ele><time>2026-09-21T09:51:18Z</time><speed>0.350</speed><sat>33</sat></trkpt>
  <trkpt lat="45.77300189" lon="2.96352222"><ele>1491.578</ele><time>2026-09-21T09:51:21Z</time><speed>0.000</speed><sat>33</sat></trkpt>
  <trkpt lat="45.77300146" lon="2.96352197"><ele>1491.591</ele><time>2026-09-21T09:51:24Z</time><speed>0.000</speed><sat>33</sat></trkpt>
  <trkpt lat="45.77300071" lon="2.96352206"><ele>1491.567</ele><time>2026-09-21T09:51:27Z</time><speed>0.000</speed><sat>33</sat></trkpt>
  <trkpt lat="45.77300010" lon="2.96352244"><ele>1491.546</ele><time>2026-09-21T09:51:30Z</time><speed>0.000</speed><sat>33</sat></trkpt>
  <trkpt lat="45.77299933" lon="2.96352264"><ele>1491.509</ele><time>2026-09-21T09:51:33Z</time><speed>0.000</speed><sat>31</sat></trkpt>
  <trkpt lat="45.77297657" lon="2.96351189"><ele>1491.170</ele><time>2026-09-21T09:51:36Z</time><speed>1.430</speed><sat>31</sat></trkpt>
  <trkpt lat="45.77295422" lon="2.96348850"><ele>1491.005</ele><time>2026-09-21T09:51:39Z</time><speed>1.170</speed><sat>32</sat></trkpt>
  <trkpt lat="45.77293718" lon="2.96346436"><ele>1490.281</ele><time>2026-09-21T09:51:42Z</time><speed>1.080</speed><sat>33</sat></trkpt>
  <trkpt lat="45.77293699" lon="2.96341819"><ele>1490.067</ele><time>2026-09-21T09:51:45Z</time><speed>0.940</speed><sat>33</sat></trkpt>
  <trkpt lat="45.77293796" lon="2.96338412"><ele>1489.755</ele><time>2026-09-21T09:51:48Z</time><speed>0.910</speed><sat>33</sat></trkpt>
  <trkpt lat="45.77295326" lon="2.96335404"><ele>1489.030</ele><time>2026-09-21T09:51:51Z</time><speed>1.260</speed><sat>33</sat></trkpt>
  <trkpt lat="45.77297247" lon="2.96332551"><ele>1488.658</ele><time>2026-09-21T09:51:54Z</time><speed>1.170</speed><sat>33</sat></trkpt>
  <trkpt lat="45.77298495" lon="2.96328217"><ele>1488.380</ele><time>2026-09-21T09:51:57Z</time><speed>1.090</speed><sat>33</sat></trkpt>
  <trkpt lat="45.77299388" lon="2.96324216"><ele>1488.401</ele><time>2026-09-21T09:52:00Z</time><speed>1.180</speed><sat>33</sat></trkpt>
  <trkpt lat="45.77299797" lon="2.96319559"><ele>1487.846</ele><time>2026-09-21T09:52:03Z</time><speed>1.100</speed><sat>34</sat></trkpt>
  <trkpt lat="45.77299771" lon="2.96315903"><ele>1487.550</ele><time>2026-09-21T09:52:06Z</time><speed>0.890</speed><sat>34</sat></trkpt>
  <trkpt lat="45.77299196" lon="2.96311267"><ele>1487.126</ele><time>2026-09-21T09:52:09Z</time><speed>1.140</speed><sat>34</sat></trkpt>
  <trkpt lat="45.77298485" lon="2.96306988"><ele>1486.660</ele><time>2026-09-21T09:52:12Z</time><speed>1.170</speed><sat>34</sat></trkpt>
  <trkpt lat="45.77297079" lon="2.96303195"><ele>1485.978</ele><time>2026-09-21T09:52:15Z</time><speed>1.100</speed><sat>33</sat></trkpt>
  <trkpt lat="45.77295628" lon="2.96299120"><ele>1485.604</ele><time>2026-09-21T09:52:18Z</time><speed>1.280</speed><sat>33</sat></trkpt>
  <trkpt lat="45.77294040" lon="2.96295356"><ele>1485.475</ele><time>2026-09-21T09:52:21Z</time><speed>1.040</speed><sat>33</sat></trkpt>
  <trkpt lat="45.77292214" lon="2.96291860"><ele>1485.091</ele><time>2026-09-21T09:52:24Z</time><speed>1.080</speed><sat>34</sat></trkpt>
  <trkpt lat="45.77290143" lon="2.96288095"><ele>1484.329</ele><time>2026-09-21T09:52:27Z</time><speed>1.120</speed><sat>34</sat></trkpt>
  <trkpt lat="45.77288287" lon="2.96284368"><ele>1484.061</ele><time>2026-09-21T09:52:30Z</time><speed>1.070</speed><sat>35</sat></trkpt>
  <trkpt lat="45.77286064" lon="2.96281400"><ele>1483.674</ele><time>2026-09-21T09:52:33Z</time><speed>0.990</speed><sat>35</sat></trkpt>
  <trkpt lat="45.77284053" lon="2.96279353"><ele>1483.432</ele><time>2026-09-21T09:52:36Z</time><speed>0.860</speed><sat>34</sat></trkpt>
  <trkpt lat="45.77280764" lon="2.96278485"><ele>1482.433</ele><time>2026-09-21T09:52:39Z</time><speed>1.240</speed><sat>34</sat></trkpt>
  <trkpt lat="45.77277310" lon="2.96279524"><ele>1482.448</ele><time>2026-09-21T09:52:42Z</time><speed>1.200</speed><sat>34</sat></trkpt>
  <trkpt lat="45.77273498" lon="2.96280655"><ele>1482.381</ele><time>2026-09-21T09:52:45Z</time><speed>1.560</speed><sat>33</sat></trkpt>
  <trkpt lat="45.77270240" lon="2.96281593"><ele>1482.491</ele><time>2026-09-21T09:52:48Z</time><speed>1.270</speed><sat>32</sat></trkpt>
  <trkpt lat="45.77266680" lon="2.96283480"><ele>1482.852</ele><time>2026-09-21T09:52:51Z</time><speed>1.600</speed><sat>32</sat></trkpt>
  <trkpt lat="45.77263360" lon="2.96285066"><ele>1483.350</ele><time>2026-09-21T09:52:54Z</time><speed>1.060</speed><sat>33</sat></trkpt>
  <trkpt lat="45.77259506" lon="2.96286870"><ele>1483.876</ele><time>2026-09-21T09:52:57Z</time><speed>1.300</speed><sat>33</sat></trkpt>
  <trkpt lat="45.77256170" lon="2.96287793"><ele>1484.125</ele><time>2026-09-21T09:53:00Z</time><speed>1.140</speed><sat>32</sat></trkpt>
  <trkpt lat="45.77253033" lon="2.96289268"><ele>1484.353</ele><time>2026-09-21T09:53:03Z</time><speed>1.240</speed><sat>34</sat></trkpt>
  <trkpt lat="45.77250127" lon="2.96290668"><ele>1483.952</ele><time>2026-09-21T09:53:06Z</time><speed>1.090</speed><sat>34</sat></trkpt>
  <trkpt lat="45.77247452" lon="2.96291880"><ele>1484.522</ele><time>2026-09-21T09:53:09Z</time><speed>0.960</speed><sat>33</sat></trkpt>
  <trkpt lat="45.77244146" lon="2.96291836"><ele>1485.070</ele><time>2026-09-21T09:53:12Z</time><speed>1.070</speed><sat>33</sat></trkpt>
  <trkpt lat="45.77241323" lon="2.96291926"><ele>1485.066</ele><time>2026-09-21T09:53:15Z</time><speed>0.900</speed><sat>32</sat></trkpt>
  <trkpt lat="45.77239052" lon="2.96292442"><ele>1485.058</ele><time>2026-09-21T09:53:18Z</time><speed>0.800</speed><sat>32</sat></trkpt>
  <trkpt lat="45.77236824" lon="2.96293185"><ele>1485.116</ele><time>2026-09-21T09:53:21Z</time><speed>0.460</speed><sat>32</sat></trkpt>
  <trkpt lat="45.77235013" lon="2.96293843"><ele>1485.521</ele><time>2026-09-21T09:53:24Z</time><speed>0.400</speed><sat>31</sat></trkpt>
  <trkpt lat="45.77233450" lon="2.96294177"><ele>1485.382</ele><time>2026-09-21T09:53:27Z</time><speed>0.800</speed><sat>31</sat></trkpt>
  <trkpt lat="45.77231142" lon="2.96295205"><ele>1485.494</ele><time>2026-09-21T09:53:30Z</time><speed>0.940</speed><sat>31</sat></trkpt>
  <trkpt lat="45.77228789" lon="2.96296339"><ele>1485.353</ele><time>2026-09-21T09:53:33Z</time><speed>1.140</speed><sat>32</sat></trkpt>
  <trkpt lat="45.77226216" lon="2.96297768"><ele>1485.208</ele><time>2026-09-21T09:53:36Z</time><speed>1.280</speed><sat>33</sat></trkpt>
  <trkpt lat="45.77223618" lon="2.96299664"><ele>1484.995</ele><time>2026-09-21T09:53:39Z</time><speed>0.970</speed><sat>31</sat></trkpt>
  <trkpt lat="45.77221246" lon="2.96301627"><ele>1485.214</ele><time>2026-09-21T09:53:42Z</time><speed>0.900</speed><sat>32</sat></trkpt>
  <trkpt lat="45.77218198" lon="2.96302968"><ele>1484.733</ele><time>2026-09-21T09:53:45Z</time><speed>1.550</speed><sat>31</sat></trkpt>
  <trkpt lat="45.77216230" lon="2.96306409"><ele>1484.350</ele><time>2026-09-21T09:53:48Z</time><speed>1.140</speed><sat>29</sat></trkpt>
  <trkpt lat="45.77216425" lon="2.96311046"><ele>1484.281</ele><time>2026-09-21T09:53:51Z</time><speed>1.170</speed><sat>29</sat></trkpt>
  <trkpt lat="45.77217980" lon="2.96315301"><ele>1484.032</ele><time>2026-09-21T09:53:54Z</time><speed>1.210</speed><sat>29</sat></trkpt>
  <trkpt lat="45.77220101" lon="2.96318359"><ele>1484.287</ele><time>2026-09-21T09:53:57Z</time><speed>0.890</speed><sat>30</sat></trkpt>
  <trkpt lat="45.77221840" lon="2.96321404"><ele>1484.146</ele><time>2026-09-21T09:54:00Z</time><speed>0.750</speed><sat>30</sat></trkpt>
  <trkpt lat="45.77223398" lon="2.96321889"><ele>1483.240</ele><time>2026-09-21T09:54:03Z</time><speed>0.000</speed><sat>28</sat></trkpt>
  <trkpt lat="45.77223373" lon="2.96321935"><ele>1483.193</ele><time>2026-09-21T09:54:06Z</time><speed>0.000</speed><sat>22</sat></trkpt>
  <trkpt lat="45.77223369" lon="2.96321948"><ele>1483.188</ele><time>2026-09-21T09:54:09Z</time><speed>0.000</speed><sat>19</sat></trkpt>
  <trkpt lat="45.77223383" lon="2.96321951"><ele>1483.190</ele><time>2026-09-21T09:54:12Z</time><speed>0.000</speed><sat>18</sat></trkpt>
  <trkpt lat="45.77223390" lon="2.96321954"><ele>1483.193</ele><time>2026-09-21T09:54:15Z</time><speed>0.000</speed><sat>16</sat></trkpt>
  <trkpt lat="45.77223377" lon="2.96321963"><ele>1483.186</ele><time>2026-09-21T09:54:18Z</time><speed>0.000</speed><sat>19</sat></trkpt>
  <trkpt lat="45.77223366" lon="2.96321990"><ele>1483.187</ele><time>2026-09-21T09:54:21Z</time><speed>0.000</speed><sat>19</sat></trkpt>
  <trkpt lat="45.77223354" lon="2.96321998"><ele>1483.188</ele><time>2026-09-21T09:54:24Z</time><speed>0.000</speed><sat>16</sat></trkpt>
  <trkpt lat="45.77223354" lon="2.96321994"><ele>1483.188</ele><time>2026-09-21T09:54:27Z</time><speed>0.000</speed><sat>17</sat></trkpt>
  <trkpt lat="45.77223358" lon="2.96321996"><ele>1483.194</ele><time>2026-09-21T09:54:30Z</time><speed>0.000</speed><sat>21</sat></trkpt>
  <trkpt lat="45.77223366" lon="2.96322005"><ele>1483.200</ele><time>2026-09-21T09:54:33Z</time><speed>0.000</speed><sat>19</sat></trkpt>
  <trkpt lat="45.77223373" lon="2.96322005"><ele>1483.230</ele><time>2026-09-21T09:54:36Z</time><speed>0.000</speed><sat>18</sat></trkpt>
  <trkpt lat="45.77223374" lon="2.96322010"><ele>1483.232</ele><time>2026-09-21T09:54:39Z</time><speed>0.000</speed><sat>23</sat></trkpt>
  <trkpt lat="45.77223363" lon="2.96322009"><ele>1483.275</ele><time>2026-09-21T09:54:42Z</time><speed>0.000</speed><sat>22</sat></trkpt>
  <trkpt lat="45.77223335" lon="2.96321798"><ele>1482.764</ele><time>2026-09-21T09:54:45Z</time><speed>0.190</speed><sat>19</sat></trkpt>
  <trkpt lat="45.77223607" lon="2.96322056"><ele>1481.931</ele><time>2026-09-21T09:54:48Z</time><speed>0.430</speed><sat>20</sat></trkpt>
  <trkpt lat="45.77225108" lon="2.96320531"><ele>1481.391</ele><time>2026-09-21T09:54:51Z</time><speed>0.960</speed><sat>20</sat></trkpt>
  <trkpt lat="45.77226381" lon="2.96319187"><ele>1481.122</ele><time>2026-09-21T09:54:54Z</time><speed>0.000</speed><sat>23</sat></trkpt>
  <trkpt lat="45.77226460" lon="2.96319118"><ele>1481.124</ele><time>2026-09-21T09:54:57Z</time><speed>0.000</speed><sat>23</sat></trkpt>
  <trkpt lat="45.77226459" lon="2.96319114"><ele>1481.121</ele><time>2026-09-21T09:55:00Z</time><speed>0.000</speed><sat>14</sat></trkpt>
  <trkpt lat="45.77226458" lon="2.96319118"><ele>1481.120</ele><time>2026-09-21T09:55:03Z</time><speed>0.000</speed><sat>17</sat></trkpt>
  <trkpt lat="45.77226233" lon="2.96319772"><ele>1481.036</ele><time>2026-09-21T09:55:06Z</time><speed>0.000</speed><sat>26</sat></trkpt>
  <trkpt lat="45.77225963" lon="2.96319926"><ele>1481.172</ele><time>2026-09-21T09:55:09Z</time><speed>0.150</speed><sat>22</sat></trkpt>
  <trkpt lat="45.77225856" lon="2.96319986"><ele>1481.247</ele><time>2026-09-21T09:55:12Z</time><speed>0.000</speed><sat>14</sat></trkpt>
  <trkpt lat="45.77225850" lon="2.96319990"><ele>1481.251</ele><time>2026-09-21T09:55:15Z</time><speed>0.000</speed><sat>18</sat></trkpt>
  <trkpt lat="45.77225838" lon="2.96319982"><ele>1481.253</ele><time>2026-09-21T09:55:18Z</time><speed>0.000</speed><sat>23</sat></trkpt>
  <trkpt lat="45.77225834" lon="2.96319984"><ele>1481.253</ele><time>2026-09-21T09:55:21Z</time><speed>0.000</speed><sat>20</sat></trkpt>
  <trkpt lat="45.77225880" lon="2.96320789"><ele>1481.448</ele><time>2026-09-21T09:55:24Z</time><speed>0.000</speed><sat>14</sat></trkpt>
  <trkpt lat="45.77225512" lon="2.96321247"><ele>1481.212</ele><time>2026-09-21T09:55:27Z</time><speed>0.000</speed><sat>14</sat></trkpt>
  <trkpt lat="45.77225283" lon="2.96321286"><ele>1481.050</ele><time>2026-09-21T09:55:30Z</time><speed>0.000</speed><sat>20</sat></trkpt>
  <trkpt lat="45.77224061" lon="2.96322170"><ele>1482.490</ele><time>2026-09-21T09:55:33Z</time><speed>0.620</speed><sat>23</sat></trkpt>
  <trkpt lat="45.77222828" lon="2.96326906"><ele>1483.666</ele><time>2026-09-21T09:55:36Z</time><speed>1.770</speed><sat>23</sat></trkpt>
  <trkpt lat="45.77224058" lon="2.96318733"><ele>1482.763</ele><time>2026-09-21T09:55:39Z</time><speed>1.470</speed><sat>25</sat></trkpt>
  <trkpt lat="45.77223683" lon="2.96319400"><ele>1482.345</ele><time>2026-09-21T09:55:42Z</time><speed>0.000</speed><sat>25</sat></trkpt>
  <trkpt lat="45.77223682" lon="2.96319417"><ele>1482.348</ele><time>2026-09-21T09:55:45Z</time><speed>0.000</speed><sat>22</sat></trkpt>
  <trkpt lat="45.77223685" lon="2.96319436"><ele>1482.361</ele><time>2026-09-21T09:55:48Z</time><speed>0.000</speed><sat>21</sat></trkpt>
  <trkpt lat="45.77223681" lon="2.96319443"><ele>1482.365</ele><time>2026-09-21T09:55:51Z</time><speed>0.000</speed><sat>22</sat></trkpt>
  <trkpt lat="45.77223683" lon="2.96319450"><ele>1482.370</ele><time>2026-09-21T09:55:54Z</time><speed>0.000</speed><sat>25</sat></trkpt>
  <trkpt lat="45.77223685" lon="2.96319455"><ele>1482.382</ele><time>2026-09-21T09:55:57Z</time><speed>0.000</speed><sat>25</sat></trkpt>
  <trkpt lat="45.77223687" lon="2.96319464"><ele>1482.373</ele><time>2026-09-21T09:56:00Z</time><speed>0.000</speed><sat>23</sat></trkpt>
  <trkpt lat="45.77223689" lon="2.96319475"><ele>1482.386</ele><time>2026-09-21T09:56:03Z</time><speed>0.000</speed><sat>22</sat></trkpt>
  <trkpt lat="45.77223687" lon="2.96319490"><ele>1482.392</ele><time>2026-09-21T09:56:06Z</time><speed>0.000</speed><sat>23</sat></trkpt>
  <trkpt lat="45.77223688" lon="2.96319499"><ele>1482.390</ele><time>2026-09-21T09:56:09Z</time><speed>0.000</speed><sat>23</sat></trkpt>
  <trkpt lat="45.77223686" lon="2.96319506"><ele>1482.389</ele><time>2026-09-21T09:56:12Z</time><speed>0.000</speed><sat>23</sat></trkpt>
  <trkpt lat="45.77223685" lon="2.96319502"><ele>1482.373</ele><time>2026-09-21T09:56:15Z</time><speed>0.000</speed><sat>23</sat></trkpt>
  <trkpt lat="45.77223681" lon="2.96319510"><ele>1482.400</ele><time>2026-09-21T09:56:18Z</time><speed>0.000</speed><sat>23</sat></trkpt>
  <trkpt lat="45.77223680" lon="2.96319519"><ele>1482.404</ele><time>2026-09-21T09:56:21Z</time><speed>0.000</speed><sat>23</sat></trkpt>
  <trkpt lat="45.77223680" lon="2.96319535"><ele>1482.404</ele><time>2026-09-21T09:56:24Z</time><speed>0.000</speed><sat>24</sat></trkpt>
  <trkpt lat="45.77223678" lon="2.96319546"><ele>1482.404</ele><time>2026-09-21T09:56:27Z</time><speed>0.000</speed><sat>25</sat></trkpt>
  <trkpt lat="45.77223820" lon="2.96319751"><ele>1482.450</ele><time>2026-09-21T09:56:30Z</time><speed>0.000</speed><sat>24</sat></trkpt>
  <trkpt lat="45.77223820" lon="2.96319779"><ele>1482.443</ele><time>2026-09-21T09:56:33Z</time><speed>0.000</speed><sat>22</sat></trkpt>
  <trkpt lat="45.77223816" lon="2.96319788"><ele>1482.448</ele><time>2026-09-21T09:56:36Z</time><speed>0.000</speed><sat>20</sat></trkpt>
  <trkpt lat="45.77223812" lon="2.96319801"><ele>1482.446</ele><time>2026-09-21T09:56:39Z</time><speed>0.000</speed><sat>21</sat></trkpt>
  <trkpt lat="45.77223803" lon="2.96319815"><ele>1482.440</ele><time>2026-09-21T09:56:42Z</time><speed>0.000</speed><sat>22</sat></trkpt>
  <trkpt lat="45.77223802" lon="2.96319826"><ele>1482.437</ele><time>2026-09-21T09:56:45Z</time><speed>0.000</speed><sat>23</sat></trkpt>
  <trkpt lat="45.77223797" lon="2.96319845"><ele>1482.437</ele><time>2026-09-21T09:56:48Z</time><speed>0.000</speed><sat>23</sat></trkpt>
  <trkpt lat="45.77223795" lon="2.96319864"><ele>1482.432</ele><time>2026-09-21T09:56:51Z</time><speed>0.000</speed><sat>24</sat></trkpt>
  <trkpt lat="45.77223791" lon="2.96319880"><ele>1482.431</ele><time>2026-09-21T09:56:54Z</time><speed>0.000</speed><sat>24</sat></trkpt>
  <trkpt lat="45.77223791" lon="2.96319888"><ele>1482.431</ele><time>2026-09-21T09:56:57Z</time><speed>0.000</speed><sat>24</sat></trkpt>
  <trkpt lat="45.77223787" lon="2.96319898"><ele>1482.425</ele><time>2026-09-21T09:57:00Z</time><speed>0.000</speed><sat>21</sat></trkpt>
  <trkpt lat="45.77223788" lon="2.96319904"><ele>1482.411</ele><time>2026-09-21T09:57:03Z</time><speed>0.000</speed><sat>23</sat></trkpt>
  <trkpt lat="45.77223784" lon="2.96319911"><ele>1482.406</ele><time>2026-09-21T09:57:06Z</time><speed>0.000</speed><sat>23</sat></trkpt>
  <trkpt lat="45.77223780" lon="2.96319918"><ele>1482.395</ele><time>2026-09-21T09:57:09Z</time><speed>0.000</speed><sat>21</sat></trkpt>
  <trkpt lat="45.77223781" lon="2.96319924"><ele>1482.386</ele><time>2026-09-21T09:57:12Z</time><speed>0.000</speed><sat>19</sat></trkpt>
  <trkpt lat="45.77223778" lon="2.96319932"><ele>1482.374</ele><time>2026-09-21T09:57:15Z</time><speed>0.000</speed><sat>22</sat></trkpt>
  <trkpt lat="45.77223776" lon="2.96319944"><ele>1482.364</ele><time>2026-09-21T09:57:18Z</time><speed>0.000</speed><sat>23</sat></trkpt>
  <trkpt lat="45.77223768" lon="2.96319949"><ele>1482.358</ele><time>2026-09-21T09:57:21Z</time><speed>0.000</speed><sat>23</sat></trkpt>
  <trkpt lat="45.77223768" lon="2.96319958"><ele>1482.348</ele><time>2026-09-21T09:57:24Z</time><speed>0.000</speed><sat>23</sat></trkpt>
  <trkpt lat="45.77223767" lon="2.96319959"><ele>1482.334</ele><time>2026-09-21T09:57:27Z</time><speed>0.000</speed><sat>21</sat></trkpt>
  <trkpt lat="45.77223765" lon="2.96319966"><ele>1482.338</ele><time>2026-09-21T09:57:30Z</time><speed>0.000</speed><sat>24</sat></trkpt>
  <trkpt lat="45.77223764" lon="2.96319972"><ele>1482.333</ele><time>2026-09-21T09:57:33Z</time><speed>0.000</speed><sat>24</sat></trkpt>
  <trkpt lat="45.77223762" lon="2.96319982"><ele>1482.335</ele><time>2026-09-21T09:57:36Z</time><speed>0.000</speed><sat>19</sat></trkpt>
  <trkpt lat="45.77223765" lon="2.96319992"><ele>1482.326</ele><time>2026-09-21T09:57:39Z</time><speed>0.000</speed><sat>20</sat></trkpt>
  <trkpt lat="45.77223762" lon="2.96320003"><ele>1482.327</ele><time>2026-09-21T09:57:42Z</time><speed>0.000</speed><sat>22</sat></trkpt>
  <trkpt lat="45.77223754" lon="2.96320014"><ele>1482.331</ele><time>2026-09-21T09:57:45Z</time><speed>0.000</speed><sat>22</sat></trkpt>
  <trkpt lat="45.77223745" lon="2.96320023"><ele>1482.331</ele><time>2026-09-21T09:57:48Z</time><speed>0.000</speed><sat>23</sat></trkpt>
  <trkpt lat="45.77223748" lon="2.96320030"><ele>1482.313</ele><time>2026-09-21T09:57:51Z</time><speed>0.000</speed><sat>22</sat></trkpt>
  <trkpt lat="45.77223744" lon="2.96320040"><ele>1482.316</ele><time>2026-09-21T09:57:54Z</time><speed>0.000</speed><sat>23</sat></trkpt>
  <trkpt lat="45.77223740" lon="2.96320043"><ele>1482.311</ele><time>2026-09-21T09:57:57Z</time><speed>0.000</speed><sat>23</sat></trkpt>
  <trkpt lat="45.77223733" lon="2.96320014"><ele>1482.082</ele><time>2026-09-21T09:58:00Z</time><speed>0.000</speed><sat>24</sat></trkpt>
  <trkpt lat="45.77223922" lon="2.96320248"><ele>1482.299</ele><time>2026-09-21T09:58:03Z</time><speed>0.000</speed><sat>26</sat></trkpt>
  <trkpt lat="45.77223972" lon="2.96320340"><ele>1482.269</ele><time>2026-09-21T09:58:06Z</time><speed>0.000</speed><sat>23</sat></trkpt>
  <trkpt lat="45.77223973" lon="2.96320342"><ele>1482.265</ele><time>2026-09-21T09:58:09Z</time><speed>0.000</speed><sat>22</sat></trkpt>
  <trkpt lat="45.77223970" lon="2.96320346"><ele>1482.262</ele><time>2026-09-21T09:58:12Z</time><speed>0.000</speed><sat>22</sat></trkpt>
  <trkpt lat="45.77223970" lon="2.96320352"><ele>1482.259</ele><time>2026-09-21T09:58:15Z</time><speed>0.000</speed><sat>22</sat></trkpt>
  <trkpt lat="45.77224002" lon="2.96320636"><ele>1482.379</ele><time>2026-09-21T09:58:18Z</time><speed>0.000</speed><sat>23</sat></trkpt>
  <trkpt lat="45.77224243" lon="2.96320480"><ele>1482.369</ele><time>2026-09-21T09:58:21Z</time><speed>0.000</speed><sat>21</sat></trkpt>
  <trkpt lat="45.77224328" lon="2.96320295"><ele>1482.151</ele><time>2026-09-21T09:58:24Z</time><speed>0.000</speed><sat>22</sat></trkpt>
  <trkpt lat="45.77224325" lon="2.96320299"><ele>1482.140</ele><time>2026-09-21T09:58:27Z</time><speed>0.000</speed><sat>23</sat></trkpt>
  <trkpt lat="45.77224046" lon="2.96320813"><ele>1481.768</ele><time>2026-09-21T09:58:30Z</time><speed>0.000</speed><sat>21</sat></trkpt>
  <trkpt lat="45.77223992" lon="2.96320868"><ele>1481.786</ele><time>2026-09-21T09:58:33Z</time><speed>0.000</speed><sat>22</sat></trkpt>
  <trkpt lat="45.77224239" lon="2.96320971"><ele>1481.215</ele><time>2026-09-21T09:58:36Z</time><speed>0.000</speed><sat>24</sat></trkpt>
  <trkpt lat="45.77224824" lon="2.96320270"><ele>1480.204</ele><time>2026-09-21T09:58:39Z</time><speed>0.000</speed><sat>23</sat></trkpt>
  <trkpt lat="45.77224823" lon="2.96320254"><ele>1480.216</ele><time>2026-09-21T09:58:42Z</time><speed>0.000</speed><sat>22</sat></trkpt>
  <trkpt lat="45.77224851" lon="2.96320385"><ele>1480.193</ele><time>2026-09-21T09:58:45Z</time><speed>0.000</speed><sat>22</sat></trkpt>
  <trkpt lat="45.77224850" lon="2.96320390"><ele>1480.192</ele><time>2026-09-21T09:58:48Z</time><speed>0.000</speed><sat>23</sat></trkpt>
  <trkpt lat="45.77224874" lon="2.96320273"><ele>1480.379</ele><time>2026-09-21T09:58:51Z</time><speed>0.000</speed><sat>21</sat></trkpt>
  <trkpt lat="45.77224940" lon="2.96320281"><ele>1480.206</ele><time>2026-09-21T09:58:54Z</time><speed>0.000</speed><sat>19</sat></trkpt>
  <trkpt lat="45.77225078" lon="2.96320388"><ele>1480.194</ele><time>2026-09-21T09:58:57Z</time><speed>0.000</speed><sat>21</sat></trkpt>
  <trkpt lat="45.77225080" lon="2.96320397"><ele>1480.196</ele><time>2026-09-21T09:59:00Z</time><speed>0.000</speed><sat>22</sat></trkpt>
  <trkpt lat="45.77225081" lon="2.96320398"><ele>1480.197</ele><time>2026-09-21T09:59:03Z</time><speed>0.000</speed><sat>13</sat></trkpt>
  <trkpt lat="45.77225081" lon="2.96320401"><ele>1480.198</ele><time>2026-09-21T09:59:06Z</time><speed>0.000</speed><sat>12</sat></trkpt>
  <trkpt lat="45.77225081" lon="2.96320401"><ele>1480.198</ele><time>2026-09-21T09:59:09Z</time><speed>0.000</speed><sat>12</sat></trkpt>
  <trkpt lat="45.77225080" lon="2.96320404"><ele>1480.200</ele><time>2026-09-21T09:59:12Z</time><speed>0.000</speed><sat>12</sat></trkpt>
  <trkpt lat="45.77225079" lon="2.96320411"><ele>1480.202</ele><time>2026-09-21T09:59:15Z</time><speed>0.000</speed><sat>12</sat></trkpt>
  <trkpt lat="45.77225078" lon="2.96320417"><ele>1480.205</ele><time>2026-09-21T09:59:18Z</time><speed>0.000</speed><sat>12</sat></trkpt>
  <trkpt lat="45.77225077" lon="2.96320427"><ele>1480.208</ele><time>2026-09-21T09:59:21Z</time><speed>0.000</speed><sat>12</sat></trkpt>
  <trkpt lat="45.77225076" lon="2.96320431"><ele>1480.211</ele><time>2026-09-21T09:59:24Z</time><speed>0.000</speed><sat>11</sat></trkpt>
  <trkpt lat="45.77225077" lon="2.96320438"><ele>1480.213</ele><time>2026-09-21T09:59:27Z</time><speed>0.000</speed><sat>11</sat></trkpt>
  <trkpt lat="45.77225076" lon="2.96320449"><ele>1480.217</ele><time>2026-09-21T09:59:30Z</time><speed>0.000</speed><sat>12</sat></trkpt>
  <trkpt lat="45.77225075" lon="2.96320457"><ele>1480.221</ele><time>2026-09-21T09:59:33Z</time><speed>0.000</speed><sat>13</sat></trkpt>
  <trkpt lat="45.77225075" lon="2.96320461"><ele>1480.222</ele><time>2026-09-21T09:59:36Z</time><speed>0.000</speed><sat>14</sat></trkpt>
  <trkpt lat="45.77225074" lon="2.96320467"><ele>1480.224</ele><time>2026-09-21T09:59:39Z</time><speed>0.000</speed><sat>13</sat></trkpt>
  <trkpt lat="45.77225073" lon="2.96320471"><ele>1480.225</ele><time>2026-09-21T09:59:42Z</time><speed>0.000</speed><sat>11</sat></trkpt>
  <trkpt lat="45.77225073" lon="2.96320474"><ele>1480.226</ele><time>2026-09-21T09:59:45Z</time><speed>0.000</speed><sat>11</sat></trkpt>
  <trkpt lat="45.77225073" lon="2.96320476"><ele>1480.228</ele><time>2026-09-21T09:59:48Z</time><speed>0.000</speed><sat>11</sat></trkpt>
  <trkpt lat="45.77225070" lon="2.96320479"><ele>1480.226</ele><time>2026-09-21T09:59:51Z</time><speed>0.000</speed><sat>13</sat></trkpt>
  <trkpt lat="45.77225068" lon="2.96320488"><ele>1480.229</ele><time>2026-09-21T09:59:54Z</time><speed>0.000</speed><sat>13</sat></trkpt>
  <trkpt lat="45.77225068" lon="2.96320494"><ele>1480.232</ele><time>2026-09-21T09:59:57Z</time><speed>0.000</speed><sat>14</sat></trkpt>
  <trkpt lat="45.77225067" lon="2.96320500"><ele>1480.234</ele><time>2026-09-21T10:00:00Z</time><speed>0.000</speed><sat>13</sat></trkpt>
  <trkpt lat="45.77225066" lon="2.96320510"><ele>1480.237</ele><time>2026-09-21T10:00:03Z</time><speed>0.000</speed><sat>14</sat></trkpt>
  <trkpt lat="45.77225066" lon="2.96320509"><ele>1480.236</ele><time>2026-09-21T10:00:06Z</time><speed>0.000</speed><sat>15</sat></trkpt>
  <trkpt lat="45.77225066" lon="2.96320512"><ele>1480.239</ele><time>2026-09-21T10:00:09Z</time><speed>0.000</speed><sat>14</sat></trkpt>
  <trkpt lat="45.77225065" lon="2.96320522"><ele>1480.242</ele><time>2026-09-21T10:00:12Z</time><speed>0.000</speed><sat>13</sat></trkpt>
  <trkpt lat="45.77225064" lon="2.96320528"><ele>1480.244</ele><time>2026-09-21T10:00:15Z</time><speed>0.000</speed><sat>14</sat></trkpt>
  <trkpt lat="45.77225062" lon="2.96320534"><ele>1480.246</ele><time>2026-09-21T10:00:18Z</time><speed>0.000</speed><sat>16</sat></trkpt>
  <trkpt lat="45.77225061" lon="2.96320538"><ele>1480.248</ele><time>2026-09-21T10:00:21Z</time><speed>0.000</speed><sat>13</sat></trkpt>
  <trkpt lat="45.77225061" lon="2.96320541"><ele>1480.249</ele><time>2026-09-21T10:00:24Z</time><speed>0.000</speed><sat>11</sat></trkpt>
  <trkpt lat="45.77225061" lon="2.96320548"><ele>1480.251</ele><time>2026-09-21T10:00:27Z</time><speed>0.000</speed><sat>13</sat></trkpt>
  <trkpt lat="45.77225060" lon="2.96320553"><ele>1480.253</ele><time>2026-09-21T10:00:30Z</time><speed>0.000</speed><sat>15</sat></trkpt>
  <trkpt lat="45.77225059" lon="2.96320556"><ele>1480.253</ele><time>2026-09-21T10:00:33Z</time><speed>0.000</speed><sat>11</sat></trkpt>
  <trkpt lat="45.77225059" lon="2.96320562"><ele>1480.255</ele><time>2026-09-21T10:00:36Z</time><speed>0.000</speed><sat>10</sat></trkpt>
  <trkpt lat="45.77225058" lon="2.96320567"><ele>1480.257</ele><time>2026-09-21T10:00:39Z</time><speed>0.000</speed><sat>13</sat></trkpt>
  <trkpt lat="45.77225058" lon="2.96320572"><ele>1480.258</ele><time>2026-09-21T10:00:42Z</time><speed>0.000</speed><sat>12</sat></trkpt>
  <trkpt lat="45.77225058" lon="2.96320577"><ele>1480.260</ele><time>2026-09-21T10:00:45Z</time><speed>0.000</speed><sat>12</sat></trkpt>
  <trkpt lat="45.77225057" lon="2.96320584"><ele>1480.263</ele><time>2026-09-21T10:00:48Z</time><speed>0.000</speed><sat>12</sat></trkpt>
  <trkpt lat="45.77225057" lon="2.96320596"><ele>1480.264</ele><time>2026-09-21T10:00:51Z</time><speed>0.000</speed><sat>14</sat></trkpt>
  <trkpt lat="45.77224594" lon="2.96321330"><ele>1479.732</ele><time>2026-09-21T10:00:54Z</time><speed>0.260</speed><sat>18</sat></trkpt>
  <trkpt lat="45.77224681" lon="2.96322631"><ele>1479.038</ele><time>2026-09-21T10:00:57Z</time><speed>0.000</speed><sat>20</sat></trkpt>
  <trkpt lat="45.77224672" lon="2.96322926"><ele>1479.467</ele><time>2026-09-21T10:01:00Z</time><speed>0.000</speed><sat>21</sat></trkpt>
  <trkpt lat="45.77224702" lon="2.96323100"><ele>1479.475</ele><time>2026-09-21T10:01:03Z</time><speed>0.000</speed><sat>19</sat></trkpt>
  <trkpt lat="45.77224695" lon="2.96323101"><ele>1479.479</ele><time>2026-09-21T10:01:06Z</time><speed>0.000</speed><sat>19</sat></trkpt>
  <trkpt lat="45.77224685" lon="2.96323106"><ele>1479.482</ele><time>2026-09-21T10:01:09Z</time><speed>0.000</speed><sat>19</sat></trkpt>
  <trkpt lat="45.77224676" lon="2.96323100"><ele>1479.483</ele><time>2026-09-21T10:01:12Z</time><speed>0.000</speed><sat>20</sat></trkpt>
  <trkpt lat="45.77224667" lon="2.96323104"><ele>1479.483</ele><time>2026-09-21T10:01:15Z</time><speed>0.000</speed><sat>20</sat></trkpt>
  <trkpt lat="45.77224658" lon="2.96323115"><ele>1479.484</ele><time>2026-09-21T10:01:18Z</time><speed>0.000</speed><sat>20</sat></trkpt>
  <trkpt lat="45.77337326" lon="2.96252479"><ele>1473.030</ele><time>2026-09-21T10:43:33Z</time><speed>0.000</speed><sat>33</sat></trkpt>
  <trkpt lat="45.77334124" lon="2.96253469"><ele>1470.624</ele><time>2026-09-21T10:43:36Z</time><speed>0.000</speed><sat>33</sat></trkpt>
  <trkpt lat="45.77334190" lon="2.96252932"><ele>1472.300</ele><time>2026-09-21T10:43:39Z</time><speed>0.000</speed><sat>33</sat></trkpt>
  <trkpt lat="45.77334440" lon="2.96252808"><ele>1473.185</ele><time>2026-09-21T10:43:42Z</time><speed>0.000</speed><sat>33</sat></trkpt>
  <trkpt lat="45.77334398" lon="2.96253105"><ele>1473.691</ele><time>2026-09-21T10:43:45Z</time><speed>0.000</speed><sat>32</sat></trkpt>
  <trkpt lat="45.77334537" lon="2.96253152"><ele>1473.654</ele><time>2026-09-21T10:43:48Z</time><speed>0.000</speed><sat>32</sat></trkpt>
  <trkpt lat="45.77334645" lon="2.96253171"><ele>1473.697</ele><time>2026-09-21T10:43:51Z</time><speed>0.000</speed><sat>32</sat></trkpt>
  <trkpt lat="45.77334750" lon="2.96253046"><ele>1474.000</ele><time>2026-09-21T10:43:54Z</time><speed>0.000</speed><sat>32</sat></trkpt>
  <trkpt lat="45.77334770" lon="2.96253063"><ele>1474.236</ele><time>2026-09-21T10:43:57Z</time><speed>0.000</speed><sat>33</sat></trkpt>
  <trkpt lat="45.77334813" lon="2.96253048"><ele>1474.265</ele><time>2026-09-21T10:44:00Z</time><speed>0.000</speed><sat>33</sat></trkpt>
  <trkpt lat="45.77334864" lon="2.96253217"><ele>1474.355</ele><time>2026-09-21T10:44:03Z</time><speed>0.000</speed><sat>31</sat></trkpt>
  <trkpt lat="45.77335134" lon="2.96253249"><ele>1474.369</ele><time>2026-09-21T10:44:06Z</time><speed>0.000</speed><sat>32</sat></trkpt>
  <trkpt lat="45.77335166" lon="2.96253073"><ele>1474.164</ele><time>2026-09-21T10:44:09Z</time><speed>0.000</speed><sat>32</sat></trkpt>
  <trkpt lat="45.77335202" lon="2.96252909"><ele>1474.156</ele><time>2026-09-21T10:44:12Z</time><speed>0.000</speed><sat>32</sat></trkpt>
  <trkpt lat="45.77335160" lon="2.96252780"><ele>1474.203</ele><time>2026-09-21T10:44:15Z</time><speed>0.000</speed><sat>33</sat></trkpt>
  <trkpt lat="45.77335187" lon="2.96252758"><ele>1474.223</ele><time>2026-09-21T10:44:18Z</time><speed>0.000</speed><sat>33</sat></trkpt>
  <trkpt lat="45.77335178" lon="2.96252704"><ele>1474.259</ele><time>2026-09-21T10:44:21Z</time><speed>0.000</speed><sat>33</sat></trkpt>
  <trkpt lat="45.77335318" lon="2.96252816"><ele>1474.256</ele><time>2026-09-21T10:44:24Z</time><speed>0.000</speed><sat>33</sat></trkpt>
  <trkpt lat="45.77335330" lon="2.96252962"><ele>1474.441</ele><time>2026-09-21T10:44:27Z</time><speed>0.000</speed><sat>33</sat></trkpt>
  <trkpt lat="45.77335527" lon="2.96252933"><ele>1474.263</ele><time>2026-09-21T10:44:30Z</time><speed>0.000</speed><sat>33</sat></trkpt>
  <trkpt lat="45.77335577" lon="2.96252988"><ele>1474.217</ele><time>2026-09-21T10:44:33Z</time><speed>0.000</speed><sat>29</sat></trkpt>
  <trkpt lat="45.77335573" lon="2.96252951"><ele>1474.276</ele><time>2026-09-21T10:44:36Z</time><speed>0.000</speed><sat>31</sat></trkpt>
  <trkpt lat="45.77335603" lon="2.96252917"><ele>1474.300</ele><time>2026-09-21T10:44:39Z</time><speed>0.000</speed><sat>31</sat></trkpt>
  <trkpt lat="45.77335588" lon="2.96252919"><ele>1474.321</ele><time>2026-09-21T10:44:42Z</time><speed>0.000</speed><sat>28</sat></trkpt>
  <trkpt lat="45.77335583" lon="2.96252939"><ele>1474.303</ele><time>2026-09-21T10:44:45Z</time><speed>0.000</speed><sat>28</sat></trkpt>
  <trkpt lat="45.77335555" lon="2.96252943"><ele>1474.274</ele><time>2026-09-21T10:44:48Z</time><speed>0.000</speed><sat>23</sat></trkpt>
  <trkpt lat="45.77335547" lon="2.96252972"><ele>1474.288</ele><time>2026-09-21T10:44:51Z</time><speed>0.000</speed><sat>29</sat></trkpt>
  <trkpt lat="45.77335547" lon="2.96252972"><ele>1474.281</ele><time>2026-09-21T10:44:54Z</time><speed>0.000</speed><sat>24</sat></trkpt>
  <trkpt lat="45.77335546" lon="2.96252973"><ele>1474.280</ele><time>2026-09-21T10:44:57Z</time><speed>0.000</speed><sat>23</sat></trkpt>
  <trkpt lat="45.77335538" lon="2.96252967"><ele>1474.287</ele><time>2026-09-21T10:45:00Z</time><speed>0.000</speed><sat>19</sat></trkpt>
  <trkpt lat="45.77335531" lon="2.96252971"><ele>1474.290</ele><time>2026-09-21T10:45:03Z</time><speed>0.000</speed><sat>25</sat></trkpt>
  <trkpt lat="45.77335518" lon="2.96252954"><ele>1474.291</ele><time>2026-09-21T10:45:06Z</time><speed>0.000</speed><sat>24</sat></trkpt>
  <trkpt lat="45.77335539" lon="2.96252970"><ele>1474.283</ele><time>2026-09-21T10:45:09Z</time><speed>0.000</speed><sat>23</sat></trkpt>
  <trkpt lat="45.77335591" lon="2.96252979"><ele>1474.291</ele><time>2026-09-21T10:45:12Z</time><speed>0.000</speed><sat>29</sat></trkpt>
  <trkpt lat="45.77335591" lon="2.96252980"><ele>1474.285</ele><time>2026-09-21T10:45:15Z</time><speed>0.000</speed><sat>28</sat></trkpt>
  <trkpt lat="45.77335589" lon="2.96252975"><ele>1474.293</ele><time>2026-09-21T10:45:18Z</time><speed>0.000</speed><sat>27</sat></trkpt>
  <trkpt lat="45.77335592" lon="2.96252991"><ele>1474.310</ele><time>2026-09-21T10:45:21Z</time><speed>0.000</speed><sat>30</sat></trkpt>
  <trkpt lat="45.77335587" lon="2.96252999"><ele>1474.316</ele><time>2026-09-21T10:45:24Z</time><speed>0.000</speed><sat>28</sat></trkpt>
  <trkpt lat="45.77335574" lon="2.96252990"><ele>1474.304</ele><time>2026-09-21T10:45:27Z</time><speed>0.000</speed><sat>29</sat></trkpt>
  <trkpt lat="45.77335556" lon="2.96252990"><ele>1474.302</ele><time>2026-09-21T10:45:30Z</time><speed>0.000</speed><sat>23</sat></trkpt>
  <trkpt lat="45.77335552" lon="2.96252993"><ele>1474.299</ele><time>2026-09-21T10:45:33Z</time><speed>0.000</speed><sat>19</sat></trkpt>
  <trkpt lat="45.77335546" lon="2.96252992"><ele>1474.301</ele><time>2026-09-21T10:45:36Z</time><speed>0.000</speed><sat>24</sat></trkpt>
  <trkpt lat="45.77335542" lon="2.96252990"><ele>1474.305</ele><time>2026-09-21T10:45:39Z</time><speed>0.000</speed><sat>20</sat></trkpt>
  <trkpt lat="45.77335536" lon="2.96252991"><ele>1474.304</ele><time>2026-09-21T10:45:42Z</time><speed>0.000</speed><sat>24</sat></trkpt>
  <trkpt lat="45.77335534" lon="2.96252990"><ele>1474.304</ele><time>2026-09-21T10:45:45Z</time><speed>0.000</speed><sat>21</sat></trkpt>
  <trkpt lat="45.77335536" lon="2.96252994"><ele>1474.300</ele><time>2026-09-21T10:45:48Z</time><speed>0.000</speed><sat>24</sat></trkpt>
  <trkpt lat="45.77335530" lon="2.96252996"><ele>1474.313</ele><time>2026-09-21T10:45:51Z</time><speed>0.000</speed><sat>22</sat></trkpt>
  <trkpt lat="45.77335519" lon="2.96252997"><ele>1474.300</ele><time>2026-09-21T10:45:54Z</time><speed>0.000</speed><sat>24</sat></trkpt>
  <trkpt lat="45.77335512" lon="2.96253011"><ele>1474.290</ele><time>2026-09-21T10:45:57Z</time><speed>0.000</speed><sat>23</sat></trkpt>
  <trkpt lat="45.77335509" lon="2.96253015"><ele>1474.292</ele><time>2026-09-21T10:46:00Z</time><speed>0.000</speed><sat>31</sat></trkpt>
  <trkpt lat="45.77335508" lon="2.96253018"><ele>1474.292</ele><time>2026-09-21T10:46:03Z</time><speed>0.000</speed><sat>30</sat></trkpt>
  <trkpt lat="45.77335505" lon="2.96253030"><ele>1474.279</ele><time>2026-09-21T10:46:06Z</time><speed>0.000</speed><sat>31</sat></trkpt>
  <trkpt lat="45.77335509" lon="2.96253018"><ele>1474.274</ele><time>2026-09-21T10:46:09Z</time><speed>0.000</speed><sat>30</sat></trkpt>
  <trkpt lat="45.77335510" lon="2.96253019"><ele>1474.269</ele><time>2026-09-21T10:46:12Z</time><speed>0.000</speed><sat>29</sat></trkpt>
  <trkpt lat="45.77335500" lon="2.96253016"><ele>1474.255</ele><time>2026-09-21T10:46:15Z</time><speed>0.000</speed><sat>30</sat></trkpt>
  <trkpt lat="45.77335511" lon="2.96253023"><ele>1474.286</ele><time>2026-09-21T10:46:18Z</time><speed>0.000</speed><sat>28</sat></trkpt>
  <trkpt lat="45.77335531" lon="2.96253022"><ele>1474.330</ele><time>2026-09-21T10:46:21Z</time><speed>0.000</speed><sat>29</sat></trkpt>
  <trkpt lat="45.77335536" lon="2.96253011"><ele>1474.325</ele><time>2026-09-21T10:46:24Z</time><speed>0.000</speed><sat>28</sat></trkpt>
  <trkpt lat="45.77335538" lon="2.96253011"><ele>1474.314</ele><time>2026-09-21T10:46:27Z</time><speed>0.000</speed><sat>29</sat></trkpt>
  <trkpt lat="45.77335533" lon="2.96253014"><ele>1474.312</ele><time>2026-09-21T10:46:30Z</time><speed>0.000</speed><sat>28</sat></trkpt>
  <trkpt lat="45.77335530" lon="2.96253014"><ele>1474.317</ele><time>2026-09-21T10:46:33Z</time><speed>0.000</speed><sat>28</sat></trkpt>
  <trkpt lat="45.77335533" lon="2.96253014"><ele>1474.306</ele><time>2026-09-21T10:46:36Z</time><speed>0.000</speed><sat>29</sat></trkpt>
  <trkpt lat="45.77335522" lon="2.96253014"><ele>1474.284</ele><time>2026-09-21T10:46:39Z</time><speed>0.000</speed><sat>25</sat></trkpt>
  <trkpt lat="45.77335522" lon="2.96253012"><ele>1474.283</ele><time>2026-09-21T10:46:42Z</time><speed>0.000</speed><sat>29</sat></trkpt>
  <trkpt lat="45.77335522" lon="2.96253030"><ele>1474.293</ele><time>2026-09-21T10:46:45Z</time><speed>0.000</speed><sat>27</sat></trkpt>
  <trkpt lat="45.77335516" lon="2.96253033"><ele>1474.307</ele><time>2026-09-21T10:46:48Z</time><speed>0.000</speed><sat>29</sat></trkpt>
  <trkpt lat="45.77335516" lon="2.96253032"><ele>1474.306</ele><time>2026-09-21T10:46:51Z</time><speed>0.000</speed><sat>29</sat></trkpt>
  <trkpt lat="45.77335501" lon="2.96253038"><ele>1474.319</ele><time>2026-09-21T10:46:54Z</time><speed>0.000</speed><sat>28</sat></trkpt>
  <trkpt lat="45.77335520" lon="2.96253026"><ele>1474.292</ele><time>2026-09-21T10:46:57Z</time><speed>0.000</speed><sat>29</sat></trkpt>
  <trkpt lat="45.77335518" lon="2.96253024"><ele>1474.295</ele><time>2026-09-21T10:47:00Z</time><speed>0.000</speed><sat>26</sat></trkpt>
  <trkpt lat="45.77335517" lon="2.96253032"><ele>1474.298</ele><time>2026-09-21T10:47:03Z</time><speed>0.000</speed><sat>25</sat></trkpt>
  <trkpt lat="45.77335500" lon="2.96253022"><ele>1474.289</ele><time>2026-09-21T10:47:06Z</time><speed>0.000</speed><sat>26</sat></trkpt>
  <trkpt lat="45.77335500" lon="2.96253023"><ele>1474.287</ele><time>2026-09-21T10:47:09Z</time><speed>0.000</speed><sat>28</sat></trkpt>
  <trkpt lat="45.77335490" lon="2.96253022"><ele>1474.283</ele><time>2026-09-21T10:47:12Z</time><speed>0.000</speed><sat>30</sat></trkpt>
  <trkpt lat="45.77335484" lon="2.96253018"><ele>1474.290</ele><time>2026-09-21T10:47:15Z</time><speed>0.000</speed><sat>28</sat></trkpt>
  <trkpt lat="45.77335512" lon="2.96253007"><ele>1474.309</ele><time>2026-09-21T10:47:18Z</time><speed>0.000</speed><sat>23</sat></trkpt>
  <trkpt lat="45.77335514" lon="2.96253008"><ele>1474.314</ele><time>2026-09-21T10:47:21Z</time><speed>0.000</speed><sat>27</sat></trkpt>
  <trkpt lat="45.77335502" lon="2.96253007"><ele>1474.306</ele><time>2026-09-21T10:47:24Z</time><speed>0.000</speed><sat>25</sat></trkpt>
  <trkpt lat="45.77335482" lon="2.96253016"><ele>1474.274</ele><time>2026-09-21T10:47:27Z</time><speed>0.000</speed><sat>27</sat></trkpt>
  <trkpt lat="45.77335473" lon="2.96253020"><ele>1474.277</ele><time>2026-09-21T10:47:30Z</time><speed>0.000</speed><sat>24</sat></trkpt>
  <trkpt lat="45.77335469" lon="2.96253019"><ele>1474.280</ele><time>2026-09-21T10:47:33Z</time><speed>0.000</speed><sat>27</sat></trkpt>
  <trkpt lat="45.77335458" lon="2.96253010"><ele>1474.285</ele><time>2026-09-21T10:47:36Z</time><speed>0.000</speed><sat>27</sat></trkpt>
  <trkpt lat="45.77335451" lon="2.96253005"><ele>1474.289</ele><time>2026-09-21T10:47:39Z</time><speed>0.000</speed><sat>25</sat></trkpt>
  <trkpt lat="45.77335446" lon="2.96253002"><ele>1474.294</ele><time>2026-09-21T10:47:42Z</time><speed>0.000</speed><sat>22</sat></trkpt>
  <trkpt lat="45.77335443" lon="2.96253000"><ele>1474.293</ele><time>2026-09-21T10:47:45Z</time><speed>0.000</speed><sat>23</sat></trkpt>
  <trkpt lat="45.77335441" lon="2.96253000"><ele>1474.292</ele><time>2026-09-21T10:47:48Z</time><speed>0.000</speed><sat>19</sat></trkpt>
  <trkpt lat="45.77335442" lon="2.96253003"><ele>1474.291</ele><time>2026-09-21T10:47:51Z</time><speed>0.000</speed><sat>29</sat></trkpt>
  <trkpt lat="45.77335439" lon="2.96253000"><ele>1474.295</ele><time>2026-09-21T10:47:54Z</time><speed>0.000</speed><sat>26</sat></trkpt>
  <trkpt lat="45.77335439" lon="2.96253002"><ele>1474.297</ele><time>2026-09-21T10:47:57Z</time><speed>0.000</speed><sat>24</sat></trkpt>
  <trkpt lat="45.77335436" lon="2.96253002"><ele>1474.300</ele><time>2026-09-21T10:48:00Z</time><speed>0.000</speed><sat>27</sat></trkpt>
  <trkpt lat="45.77335431" lon="2.96252998"><ele>1474.303</ele><time>2026-09-21T10:48:03Z</time><speed>0.000</speed><sat>22</sat></trkpt>
  <trkpt lat="45.77335432" lon="2.96252997"><ele>1474.308</ele><time>2026-09-21T10:48:06Z</time><speed>0.000</speed><sat>29</sat></trkpt>
  <trkpt lat="45.77335456" lon="2.96253007"><ele>1474.337</ele><time>2026-09-21T10:48:09Z</time><speed>0.000</speed><sat>29</sat></trkpt>
  <trkpt lat="45.77335331" lon="2.96253476"><ele>1474.377</ele><time>2026-09-21T10:48:12Z</time><speed>0.410</speed><sat>23</sat></trkpt>
  <trkpt lat="45.77333830" lon="2.96255977"><ele>1474.211</ele><time>2026-09-21T10:48:15Z</time><speed>0.660</speed><sat>24</sat></trkpt>
  <trkpt lat="45.77332919" lon="2.96256076"><ele>1473.740</ele><time>2026-09-21T10:48:18Z</time><speed>0.000</speed><sat>20</sat></trkpt>
  <trkpt lat="45.77330295" lon="2.96256126"><ele>1474.032</ele><time>2026-09-21T10:48:21Z</time><speed>0.000</speed><sat>28</sat></trkpt>
  <trkpt lat="45.77327272" lon="2.96255701"><ele>1474.500</ele><time>2026-09-21T10:48:24Z</time><speed>0.650</speed><sat>30</sat></trkpt>
  <trkpt lat="45.77324850" lon="2.96257468"><ele>1474.518</ele><time>2026-09-21T10:48:27Z</time><speed>0.630</speed><sat>28</sat></trkpt>
  <trkpt lat="45.77322285" lon="2.96256912"><ele>1474.493</ele><time>2026-09-21T10:48:30Z</time><speed>0.770</speed><sat>28</sat></trkpt>
  <trkpt lat="45.77320853" lon="2.96255254"><ele>1474.392</ele><time>2026-09-21T10:48:33Z</time><speed>1.020</speed><sat>30</sat></trkpt>
  <trkpt lat="45.77318765" lon="2.96253059"><ele>1474.735</ele><time>2026-09-21T10:48:36Z</time><speed>1.040</speed><sat>31</sat></trkpt>
  <trkpt lat="45.77316525" lon="2.96250707"><ele>1474.929</ele><time>2026-09-21T10:48:39Z</time><speed>1.110</speed><sat>31</sat></trkpt>
  <trkpt lat="45.77313817" lon="2.96248342"><ele>1474.916</ele><time>2026-09-21T10:48:42Z</time><speed>0.910</speed><sat>32</sat></trkpt>
  <trkpt lat="45.77311141" lon="2.96245611"><ele>1475.072</ele><time>2026-09-21T10:48:45Z</time><speed>1.080</speed><sat>32</sat></trkpt>
  <trkpt lat="45.77308493" lon="2.96243769"><ele>1474.924</ele><time>2026-09-21T10:48:48Z</time><speed>1.150</speed><sat>32</sat></trkpt>
  <trkpt lat="45.77306509" lon="2.96242756"><ele>1475.116</ele><time>2026-09-21T10:48:51Z</time><speed>0.850</speed><sat>32</sat></trkpt>
  <trkpt lat="45.77304431" lon="2.96242252"><ele>1475.000</ele><time>2026-09-21T10:48:54Z</time><speed>0.800</speed><sat>31</sat></trkpt>
  <trkpt lat="45.77301470" lon="2.96242712"><ele>1475.062</ele><time>2026-09-21T10:48:57Z</time><speed>0.930</speed><sat>31</sat></trkpt>
  <trkpt lat="45.77298677" lon="2.96242208"><ele>1474.622</ele><time>2026-09-21T10:49:00Z</time><speed>1.060</speed><sat>31</sat></trkpt>
  <trkpt lat="45.77295720" lon="2.96241548"><ele>1474.705</ele><time>2026-09-21T10:49:03Z</time><speed>0.990</speed><sat>29</sat></trkpt>
  <trkpt lat="45.77293312" lon="2.96240736"><ele>1474.324</ele><time>2026-09-21T10:49:06Z</time><speed>1.000</speed><sat>31</sat></trkpt>
  <trkpt lat="45.77289897" lon="2.96239834"><ele>1473.928</ele><time>2026-09-21T10:49:09Z</time><speed>1.320</speed><sat>31</sat></trkpt>
  <trkpt lat="45.77286967" lon="2.96239041"><ele>1473.673</ele><time>2026-09-21T10:49:12Z</time><speed>1.000</speed><sat>31</sat></trkpt>
  <trkpt lat="45.77283927" lon="2.96238080"><ele>1473.360</ele><time>2026-09-21T10:49:15Z</time><speed>1.150</speed><sat>31</sat></trkpt>
  <trkpt lat="45.77281048" lon="2.96236839"><ele>1472.743</ele><time>2026-09-21T10:49:18Z</time><speed>1.140</speed><sat>29</sat></trkpt>
  <trkpt lat="45.77278297" lon="2.96235151"><ele>1472.342</ele><time>2026-09-21T10:49:21Z</time><speed>1.150</speed><sat>29</sat></trkpt>
  <trkpt lat="45.77275082" lon="2.96233455"><ele>1471.833</ele><time>2026-09-21T10:49:24Z</time><speed>1.320</speed><sat>28</sat></trkpt>
  <trkpt lat="45.77271889" lon="2.96232001"><ele>1470.974</ele><time>2026-09-21T10:49:27Z</time><speed>1.130</speed><sat>27</sat></trkpt>
  <trkpt lat="45.77269251" lon="2.96230191"><ele>1470.852</ele><time>2026-09-21T10:49:30Z</time><speed>1.110</speed><sat>26</sat></trkpt>
  <trkpt lat="45.77266747" lon="2.96228315"><ele>1470.509</ele><time>2026-09-21T10:49:33Z</time><speed>1.060</speed><sat>26</sat></trkpt>
  <trkpt lat="45.77264701" lon="2.96227537"><ele>1469.731</ele><time>2026-09-21T10:49:36Z</time><speed>0.690</speed><sat>25</sat></trkpt>
  <trkpt lat="45.77261904" lon="2.96225167"><ele>1470.187</ele><time>2026-09-21T10:49:39Z</time><speed>1.370</speed><sat>26</sat></trkpt>
  <trkpt lat="45.77258855" lon="2.96222935"><ele>1469.500</ele><time>2026-09-21T10:49:42Z</time><speed>1.190</speed><sat>26</sat></trkpt>
  <trkpt lat="45.77256417" lon="2.96221004"><ele>1469.500</ele><time>2026-09-21T10:49:45Z</time><speed>1.120</speed><sat>26</sat></trkpt>
  <trkpt lat="45.77253135" lon="2.96218568"><ele>1468.915</ele><time>2026-09-21T10:49:48Z</time><speed>1.260</speed><sat>27</sat></trkpt>
  <trkpt lat="45.77250630" lon="2.96215718"><ele>1469.098</ele><time>2026-09-21T10:49:51Z</time><speed>1.000</speed><sat>27</sat></trkpt>
  <trkpt lat="45.77247834" lon="2.96213071"><ele>1468.872</ele><time>2026-09-21T10:49:54Z</time><speed>1.150</speed><sat>27</sat></trkpt>
  <trkpt lat="45.77245051" lon="2.96209743"><ele>1468.648</ele><time>2026-09-21T10:49:57Z</time><speed>1.150</speed><sat>29</sat></trkpt>
  <trkpt lat="45.77242319" lon="2.96206586"><ele>1468.729</ele><time>2026-09-21T10:50:00Z</time><speed>1.280</speed><sat>31</sat></trkpt>
  <trkpt lat="45.77239487" lon="2.96202894"><ele>1468.080</ele><time>2026-09-21T10:50:03Z</time><speed>1.270</speed><sat>31</sat></trkpt>
  <trkpt lat="45.77236923" lon="2.96199178"><ele>1467.982</ele><time>2026-09-21T10:50:06Z</time><speed>1.200</speed><sat>32</sat></trkpt>
  <trkpt lat="45.77234664" lon="2.96194887"><ele>1467.888</ele><time>2026-09-21T10:50:09Z</time><speed>1.180</speed><sat>31</sat></trkpt>
  <trkpt lat="45.77230869" lon="2.96194869"><ele>1467.511</ele><time>2026-09-21T10:50:12Z</time><speed>1.250</speed><sat>32</sat></trkpt>
  <trkpt lat="45.77227943" lon="2.96195601"><ele>1467.418</ele><time>2026-09-21T10:50:15Z</time><speed>1.120</speed><sat>33</sat></trkpt>
  <trkpt lat="45.77225299" lon="2.96198594"><ele>1467.958</ele><time>2026-09-21T10:50:18Z</time><speed>1.180</speed><sat>32</sat></trkpt>
  <trkpt lat="45.77223415" lon="2.96201931"><ele>1468.430</ele><time>2026-09-21T10:50:21Z</time><speed>1.290</speed><sat>31</sat></trkpt>
  <trkpt lat="45.77222193" lon="2.96205418"><ele>1468.599</ele><time>2026-09-21T10:50:24Z</time><speed>0.910</speed><sat>32</sat></trkpt>
  <trkpt lat="45.77219883" lon="2.96208762"><ele>1469.154</ele><time>2026-09-21T10:50:27Z</time><speed>1.190</speed><sat>32</sat></trkpt>
  <trkpt lat="45.77217865" lon="2.96211248"><ele>1468.489</ele><time>2026-09-21T10:50:30Z</time><speed>1.090</speed><sat>30</sat></trkpt>
  <trkpt lat="45.77214217" lon="2.96210675"><ele>1468.764</ele><time>2026-09-21T10:50:33Z</time><speed>1.390</speed><sat>30</sat></trkpt>
  <trkpt lat="45.77210436" lon="2.96208579"><ele>1467.924</ele><time>2026-09-21T10:50:36Z</time><speed>1.390</speed><sat>29</sat></trkpt>
  <trkpt lat="45.77207455" lon="2.96205888"><ele>1467.188</ele><time>2026-09-21T10:50:39Z</time><speed>1.270</speed><sat>29</sat></trkpt>
  <trkpt lat="45.77204393" lon="2.96203560"><ele>1466.941</ele><time>2026-09-21T10:50:42Z</time><speed>1.290</speed><sat>29</sat></trkpt>
  <trkpt lat="45.77201737" lon="2.96201150"><ele>1466.745</ele><time>2026-09-21T10:50:45Z</time><speed>1.270</speed><sat>29</sat></trkpt>
  <trkpt lat="45.77198553" lon="2.96198995"><ele>1466.350</ele><time>2026-09-21T10:50:48Z</time><speed>1.300</speed><sat>28</sat></trkpt>
  <trkpt lat="45.77195395" lon="2.96197031"><ele>1466.241</ele><time>2026-09-21T10:50:51Z</time><speed>1.170</speed><sat>29</sat></trkpt>
  <trkpt lat="45.77192042" lon="2.96195099"><ele>1465.878</ele><time>2026-09-21T10:50:54Z</time><speed>1.240</speed><sat>28</sat></trkpt>
  <trkpt lat="45.77188699" lon="2.96193498"><ele>1465.920</ele><time>2026-09-21T10:50:57Z</time><speed>1.360</speed><sat>29</sat></trkpt>
  <trkpt lat="45.77184928" lon="2.96191792"><ele>1465.681</ele><time>2026-09-21T10:51:00Z</time><speed>1.440</speed><sat>28</sat></trkpt>
  <trkpt lat="45.77181395" lon="2.96190181"><ele>1465.559</ele><time>2026-09-21T10:51:03Z</time><speed>1.410</speed><sat>30</sat></trkpt>
  <trkpt lat="45.77177965" lon="2.96189153"><ele>1465.733</ele><time>2026-09-21T10:51:06Z</time><speed>1.250</speed><sat>30</sat></trkpt>
  <trkpt lat="45.77173866" lon="2.96189231"><ele>1465.348</ele><time>2026-09-21T10:51:09Z</time><speed>1.330</speed><sat>30</sat></trkpt>
  <trkpt lat="45.77170137" lon="2.96189747"><ele>1465.508</ele><time>2026-09-21T10:51:12Z</time><speed>1.450</speed><sat>30</sat></trkpt>
  <trkpt lat="45.77166629" lon="2.96190828"><ele>1465.275</ele><time>2026-09-21T10:51:15Z</time><speed>1.190</speed><sat>31</sat></trkpt>
  <trkpt lat="45.77162419" lon="2.96192191"><ele>1466.080</ele><time>2026-09-21T10:51:18Z</time><speed>1.680</speed><sat>30</sat></trkpt>
  <trkpt lat="45.77158642" lon="2.96193803"><ele>1466.328</ele><time>2026-09-21T10:51:21Z</time><speed>1.460</speed><sat>30</sat></trkpt>
  <trkpt lat="45.77155328" lon="2.96195869"><ele>1465.956</ele><time>2026-09-21T10:51:24Z</time><speed>1.250</speed><sat>30</sat></trkpt>
  <trkpt lat="45.77151332" lon="2.96197907"><ele>1466.655</ele><time>2026-09-21T10:51:27Z</time><speed>1.710</speed><sat>30</sat></trkpt>
  <trkpt lat="45.77147913" lon="2.96200763"><ele>1466.607</ele><time>2026-09-21T10:51:30Z</time><speed>1.460</speed><sat>31</sat></trkpt>
  <trkpt lat="45.77144567" lon="2.96203654"><ele>1466.326</ele><time>2026-09-21T10:51:33Z</time><speed>1.150</speed><sat>31</sat></trkpt>
  <trkpt lat="45.77141239" lon="2.96207341"><ele>1466.316</ele><time>2026-09-21T10:51:36Z</time><speed>1.710</speed><sat>30</sat></trkpt>
  <trkpt lat="45.77138102" lon="2.96211265"><ele>1466.169</ele><time>2026-09-21T10:51:39Z</time><speed>1.360</speed><sat>30</sat></trkpt>
  <trkpt lat="45.77135184" lon="2.96214930"><ele>1466.154</ele><time>2026-09-21T10:51:42Z</time><speed>1.390</speed><sat>30</sat></trkpt>
  <trkpt lat="45.77132667" lon="2.96219358"><ele>1465.821</ele><time>2026-09-21T10:51:45Z</time><speed>1.460</speed><sat>30</sat></trkpt>
  <trkpt lat="45.77130015" lon="2.96223849"><ele>1465.915</ele><time>2026-09-21T10:51:48Z</time><speed>1.230</speed><sat>30</sat></trkpt>
  <trkpt lat="45.77127450" lon="2.96227302"><ele>1465.931</ele><time>2026-09-21T10:51:51Z</time><speed>1.020</speed><sat>30</sat></trkpt>
  <trkpt lat="45.77124754" lon="2.96231470"><ele>1465.939</ele><time>2026-09-21T10:51:54Z</time><speed>1.390</speed><sat>30</sat></trkpt>
  <trkpt lat="45.77122730" lon="2.96235027"><ele>1465.426</ele><time>2026-09-21T10:51:57Z</time><speed>1.090</speed><sat>30</sat></trkpt>
  <trkpt lat="45.77120299" lon="2.96239007"><ele>1465.681</ele><time>2026-09-21T10:52:00Z</time><speed>1.470</speed><sat>30</sat></trkpt>
  <trkpt lat="45.77118537" lon="2.96243336"><ele>1465.382</ele><time>2026-09-21T10:52:03Z</time><speed>1.090</speed><sat>30</sat></trkpt>
  <trkpt lat="45.77116500" lon="2.96247527"><ele>1465.375</ele><time>2026-09-21T10:52:06Z</time><speed>1.280</speed><sat>31</sat></trkpt>
  <trkpt lat="45.77114807" lon="2.96251736"><ele>1465.105</ele><time>2026-09-21T10:52:09Z</time><speed>1.150</speed><sat>31</sat></trkpt>
  <trkpt lat="45.77112972" lon="2.96256318"><ele>1465.283</ele><time>2026-09-21T10:52:12Z</time><speed>1.460</speed><sat>30</sat></trkpt>
  <trkpt lat="45.77111011" lon="2.96261049"><ele>1465.621</ele><time>2026-09-21T10:52:15Z</time><speed>1.380</speed><sat>30</sat></trkpt>
  <trkpt lat="45.77109097" lon="2.96265573"><ele>1465.129</ele><time>2026-09-21T10:52:18Z</time><speed>1.260</speed><sat>31</sat></trkpt>
  <trkpt lat="45.77106552" lon="2.96270527"><ele>1465.255</ele><time>2026-09-21T10:52:21Z</time><speed>1.680</speed><sat>31</sat></trkpt>
  <trkpt lat="45.77104603" lon="2.96275653"><ele>1465.259</ele><time>2026-09-21T10:52:24Z</time><speed>1.290</speed><sat>31</sat></trkpt>
  <trkpt lat="45.77103074" lon="2.96280074"><ele>1465.098</ele><time>2026-09-21T10:52:27Z</time><speed>1.160</speed><sat>31</sat></trkpt>
  <trkpt lat="45.77100988" lon="2.96284962"><ele>1465.367</ele><time>2026-09-21T10:52:30Z</time><speed>1.320</speed><sat>31</sat></trkpt>
  <trkpt lat="45.77099249" lon="2.96289899"><ele>1465.078</ele><time>2026-09-21T10:52:33Z</time><speed>1.360</speed><sat>31</sat></trkpt>
  <trkpt lat="45.77097789" lon="2.96294913"><ele>1464.957</ele><time>2026-09-21T10:52:36Z</time><speed>1.510</speed><sat>31</sat></trkpt>
  <trkpt lat="45.77096276" lon="2.96300901"><ele>1464.851</ele><time>2026-09-21T10:52:39Z</time><speed>1.420</speed><sat>31</sat></trkpt>
  <trkpt lat="45.77095183" lon="2.96305530"><ele>1464.772</ele><time>2026-09-21T10:52:42Z</time><speed>1.080</speed><sat>31</sat></trkpt>
  <trkpt lat="45.77093891" lon="2.96310204"><ele>1464.556</ele><time>2026-09-21T10:52:45Z</time><speed>1.460</speed><sat>31</sat></trkpt>
  <trkpt lat="45.77092952" lon="2.96315638"><ele>1464.040</ele><time>2026-09-21T10:52:48Z</time><speed>1.310</speed><sat>31</sat></trkpt>
  <trkpt lat="45.77091068" lon="2.96319886"><ele>1464.417</ele><time>2026-09-21T10:52:51Z</time><speed>1.650</speed><sat>31</sat></trkpt>
  <trkpt lat="45.77089370" lon="2.96324287"><ele>1464.580</ele><time>2026-09-21T10:52:54Z</time><speed>1.410</speed><sat>32</sat></trkpt>
  <trkpt lat="45.77087539" lon="2.96328248"><ele>1464.440</ele><time>2026-09-21T10:52:57Z</time><speed>1.310</speed><sat>32</sat></trkpt>
  <trkpt lat="45.77086051" lon="2.96333131"><ele>1464.353</ele><time>2026-09-21T10:53:00Z</time><speed>1.160</speed><sat>32</sat></trkpt>
  <trkpt lat="45.77085352" lon="2.96337770"><ele>1463.684</ele><time>2026-09-21T10:53:03Z</time><speed>1.080</speed><sat>32</sat></trkpt>
  <trkpt lat="45.77084348" lon="2.96343302"><ele>1462.896</ele><time>2026-09-21T10:53:06Z</time><speed>1.340</speed><sat>32</sat></trkpt>
  <trkpt lat="45.77083543" lon="2.96348245"><ele>1462.849</ele><time>2026-09-21T10:53:09Z</time><speed>1.380</speed><sat>32</sat></trkpt>
  <trkpt lat="45.77082966" lon="2.96352905"><ele>1462.371</ele><time>2026-09-21T10:53:12Z</time><speed>1.210</speed><sat>32</sat></trkpt>
  <trkpt lat="45.77081626" lon="2.96358030"><ele>1461.831</ele><time>2026-09-21T10:53:15Z</time><speed>1.170</speed><sat>32</sat></trkpt>
  <trkpt lat="45.77080822" lon="2.96362887"><ele>1461.232</ele><time>2026-09-21T10:53:18Z</time><speed>1.340</speed><sat>32</sat></trkpt>
  <trkpt lat="45.77080295" lon="2.96366952"><ele>1460.471</ele><time>2026-09-21T10:53:21Z</time><speed>1.090</speed><sat>32</sat></trkpt>
  <trkpt lat="45.77078987" lon="2.96371540"><ele>1460.132</ele><time>2026-09-21T10:53:24Z</time><speed>1.420</speed><sat>31</sat></trkpt>
  <trkpt lat="45.77077918" lon="2.96375927"><ele>1459.683</ele><time>2026-09-21T10:53:27Z</time><speed>1.040</speed><sat>31</sat></trkpt>
  <trkpt lat="45.77076055" lon="2.96379336"><ele>1459.681</ele><time>2026-09-21T10:53:30Z</time><speed>1.300</speed><sat>31</sat></trkpt>
  <trkpt lat="45.77074943" lon="2.96383028"><ele>1458.866</ele><time>2026-09-21T10:53:33Z</time><speed>0.880</speed><sat>31</sat></trkpt>
  <trkpt lat="45.77074387" lon="2.96387531"><ele>1458.094</ele><time>2026-09-21T10:53:36Z</time><speed>1.330</speed><sat>31</sat></trkpt>
  <trkpt lat="45.77073879" lon="2.96391860"><ele>1457.931</ele><time>2026-09-21T10:53:39Z</time><speed>1.220</speed><sat>31</sat></trkpt>
  <trkpt lat="45.77073259" lon="2.96396802"><ele>1457.241</ele><time>2026-09-21T10:53:42Z</time><speed>1.430</speed><sat>31</sat></trkpt>
  <trkpt lat="45.77072562" lon="2.96401619"><ele>1457.016</ele><time>2026-09-21T10:53:45Z</time><speed>1.470</speed><sat>31</sat></trkpt>
  <trkpt lat="45.77071466" lon="2.96406609"><ele>1456.652</ele><time>2026-09-21T10:53:48Z</time><speed>1.400</speed><sat>31</sat></trkpt>
  <trkpt lat="45.77071033" lon="2.96411564"><ele>1456.622</ele><time>2026-09-21T10:53:51Z</time><speed>1.470</speed><sat>31</sat></trkpt>
  <trkpt lat="45.77070742" lon="2.96416195"><ele>1455.890</ele><time>2026-09-21T10:53:54Z</time><speed>1.300</speed><sat>31</sat></trkpt>
  <trkpt lat="45.77070334" lon="2.96420661"><ele>1455.387</ele><time>2026-09-21T10:53:57Z</time><speed>1.340</speed><sat>31</sat></trkpt>
  <trkpt lat="45.77068733" lon="2.96423084"><ele>1454.476</ele><time>2026-09-21T10:54:00Z</time><speed>0.000</speed><sat>31</sat></trkpt>
  <trkpt lat="45.77064658" lon="2.96422317"><ele>1455.502</ele><time>2026-09-21T10:54:03Z</time><speed>1.540</speed><sat>31</sat></trkpt>
  <trkpt lat="45.77065092" lon="2.96422078"><ele>1455.713</ele><time>2026-09-21T10:54:06Z</time><speed>0.000</speed><sat>31</sat></trkpt>
  <trkpt lat="45.77065193" lon="2.96422016"><ele>1455.669</ele><time>2026-09-21T10:54:09Z</time><speed>0.000</speed><sat>30</sat></trkpt>
  <trkpt lat="45.77065203" lon="2.96421934"><ele>1455.535</ele><time>2026-09-21T10:54:12Z</time><speed>0.000</speed><sat>29</sat></trkpt>
  <trkpt lat="45.77065246" lon="2.96421832"><ele>1455.318</ele><time>2026-09-21T10:54:15Z</time><speed>0.000</speed><sat>29</sat></trkpt>
  <trkpt lat="45.77065259" lon="2.96421797"><ele>1455.371</ele><time>2026-09-21T10:54:18Z</time><speed>0.000</speed><sat>29</sat></trkpt>
  <trkpt lat="45.77065320" lon="2.96424077"><ele>1455.630</ele><time>2026-09-21T10:54:21Z</time><speed>0.560</speed><sat>29</sat></trkpt>
  <trkpt lat="45.77065180" lon="2.96427877"><ele>1455.987</ele><time>2026-09-21T10:54:24Z</time><speed>0.850</speed><sat>30</sat></trkpt>
  <trkpt lat="45.77065682" lon="2.96431436"><ele>1455.686</ele><time>2026-09-21T10:54:27Z</time><speed>0.810</speed><sat>30</sat></trkpt>
  <trkpt lat="45.77065475" lon="2.96435293"><ele>1455.147</ele><time>2026-09-21T10:54:30Z</time><speed>1.150</speed><sat>30</sat></trkpt>
  <trkpt lat="45.77065143" lon="2.96439632"><ele>1453.940</ele><time>2026-09-21T10:54:33Z</time><speed>1.330</speed><sat>31</sat></trkpt>
  <trkpt lat="45.77064873" lon="2.96444022"><ele>1453.138</ele><time>2026-09-21T10:54:36Z</time><speed>1.210</speed><sat>31</sat></trkpt>
  <trkpt lat="45.77064360" lon="2.96449174"><ele>1452.596</ele><time>2026-09-21T10:54:39Z</time><speed>1.340</speed><sat>30</sat></trkpt>
  <trkpt lat="45.77064147" lon="2.96453410"><ele>1451.548</ele><time>2026-09-21T10:54:42Z</time><speed>1.220</speed><sat>30</sat></trkpt>
  <trkpt lat="45.77064376" lon="2.96457558"><ele>1451.093</ele><time>2026-09-21T10:54:45Z</time><speed>1.270</speed><sat>30</sat></trkpt>
  <trkpt lat="45.77064442" lon="2.96462933"><ele>1450.177</ele><time>2026-09-21T10:54:48Z</time><speed>1.430</speed><sat>30</sat></trkpt>
  <trkpt lat="45.77064483" lon="2.96467932"><ele>1449.223</ele><time>2026-09-21T10:54:51Z</time><speed>1.290</speed><sat>29</sat></trkpt>
  <trkpt lat="45.77064693" lon="2.96472614"><ele>1448.432</ele><time>2026-09-21T10:54:54Z</time><speed>1.340</speed><sat>28</sat></trkpt>
  <trkpt lat="45.77065268" lon="2.96477667"><ele>1447.526</ele><time>2026-09-21T10:54:57Z</time><speed>1.310</speed><sat>28</sat></trkpt>
  <trkpt lat="45.77065761" lon="2.96482236"><ele>1447.324</ele><time>2026-09-21T10:55:00Z</time><speed>1.230</speed><sat>28</sat></trkpt>
  <trkpt lat="45.77065786" lon="2.96487396"><ele>1446.559</ele><time>2026-09-21T10:55:03Z</time><speed>1.320</speed><sat>28</sat></trkpt>
  <trkpt lat="45.77066089" lon="2.96492241"><ele>1446.007</ele><time>2026-09-21T10:55:06Z</time><speed>1.330</speed><sat>27</sat></trkpt>
  <trkpt lat="45.77066413" lon="2.96497045"><ele>1444.964</ele><time>2026-09-21T10:55:09Z</time><speed>1.160</speed><sat>28</sat></trkpt>
  <trkpt lat="45.77066983" lon="2.96502472"><ele>1444.372</ele><time>2026-09-21T10:55:12Z</time><speed>1.530</speed><sat>28</sat></trkpt>
  <trkpt lat="45.77066878" lon="2.96507703"><ele>1443.166</ele><time>2026-09-21T10:55:15Z</time><speed>1.330</speed><sat>26</sat></trkpt>
  <trkpt lat="45.77067377" lon="2.96512956"><ele>1442.942</ele><time>2026-09-21T10:55:18Z</time><speed>1.350</speed><sat>26</sat></trkpt>
  <trkpt lat="45.77068175" lon="2.96517230"><ele>1442.665</ele><time>2026-09-21T10:55:21Z</time><speed>1.000</speed><sat>27</sat></trkpt>
  <trkpt lat="45.77068999" lon="2.96521097"><ele>1442.256</ele><time>2026-09-21T10:55:24Z</time><speed>1.120</speed><sat>27</sat></trkpt>
  <trkpt lat="45.77070192" lon="2.96525927"><ele>1442.002</ele><time>2026-09-21T10:55:27Z</time><speed>1.380</speed><sat>27</sat></trkpt>
  <trkpt lat="45.77070901" lon="2.96530655"><ele>1441.492</ele><time>2026-09-21T10:55:30Z</time><speed>1.240</speed><sat>27</sat></trkpt>
  <trkpt lat="45.77071819" lon="2.96535659"><ele>1440.807</ele><time>2026-09-21T10:55:33Z</time><speed>1.440</speed><sat>27</sat></trkpt>
  <trkpt lat="45.77072962" lon="2.96541143"><ele>1440.376</ele><time>2026-09-21T10:55:36Z</time><speed>1.400</speed><sat>27</sat></trkpt>
  <trkpt lat="45.77074235" lon="2.96545555"><ele>1439.902</ele><time>2026-09-21T10:55:39Z</time><speed>1.200</speed><sat>27</sat></trkpt>
  <trkpt lat="45.77075797" lon="2.96549618"><ele>1439.585</ele><time>2026-09-21T10:55:42Z</time><speed>1.200</speed><sat>27</sat></trkpt>
  <trkpt lat="45.77076887" lon="2.96553856"><ele>1439.191</ele><time>2026-09-21T10:55:45Z</time><speed>1.200</speed><sat>26</sat></trkpt>
  <trkpt lat="45.77078142" lon="2.96558132"><ele>1438.873</ele><time>2026-09-21T10:55:48Z</time><speed>1.260</speed><sat>26</sat></trkpt>
  <trkpt lat="45.77079344" lon="2.96562844"><ele>1438.074</ele><time>2026-09-21T10:55:51Z</time><speed>1.240</speed><sat>26</sat></trkpt>
  <trkpt lat="45.77080476" lon="2.96567062"><ele>1437.519</ele><time>2026-09-21T10:55:54Z</time><speed>1.130</speed><sat>26</sat></trkpt>
  <trkpt lat="45.77081992" lon="2.96571842"><ele>1436.854</ele><time>2026-09-21T10:55:57Z</time><speed>1.600</speed><sat>26</sat></trkpt>
  <trkpt lat="45.77083854" lon="2.96576966"><ele>1436.093</ele><time>2026-09-21T10:56:00Z</time><speed>1.400</speed><sat>26</sat></trkpt>
  <trkpt lat="45.77085504" lon="2.96580750"><ele>1435.850</ele><time>2026-09-21T10:56:03Z</time><speed>1.280</speed><sat>26</sat></trkpt>
  <trkpt lat="45.77087070" lon="2.96584635"><ele>1435.758</ele><time>2026-09-21T10:56:06Z</time><speed>1.040</speed><sat>26</sat></trkpt>
  <trkpt lat="45.77088853" lon="2.96588653"><ele>1435.671</ele><time>2026-09-21T10:56:09Z</time><speed>1.360</speed><sat>27</sat></trkpt>
  <trkpt lat="45.77090794" lon="2.96592413"><ele>1435.663</ele><time>2026-09-21T10:56:12Z</time><speed>1.250</speed><sat>26</sat></trkpt>
  <trkpt lat="45.77092649" lon="2.96595927"><ele>1436.092</ele><time>2026-09-21T10:56:15Z</time><speed>0.850</speed><sat>26</sat></trkpt>
  <trkpt lat="45.77094422" lon="2.96599477"><ele>1435.942</ele><time>2026-09-21T10:56:18Z</time><speed>1.240</speed><sat>26</sat></trkpt>
  <trkpt lat="45.77096326" lon="2.96602647"><ele>1435.495</ele><time>2026-09-21T10:56:21Z</time><speed>1.180</speed><sat>26</sat></trkpt>
  <trkpt lat="45.77098128" lon="2.96605495"><ele>1435.477</ele><time>2026-09-21T10:56:24Z</time><speed>1.090</speed><sat>25</sat></trkpt>
  <trkpt lat="45.77100028" lon="2.96608799"><ele>1435.460</ele><time>2026-09-21T10:56:27Z</time><speed>1.000</speed><sat>25</sat></trkpt>
  <trkpt lat="45.77102062" lon="2.96611496"><ele>1435.155</ele><time>2026-09-21T10:56:30Z</time><speed>1.080</speed><sat>27</sat></trkpt>
  <trkpt lat="45.77104012" lon="2.96614680"><ele>1435.244</ele><time>2026-09-21T10:56:33Z</time><speed>1.020</speed><sat>27</sat></trkpt>
  <trkpt lat="45.77105677" lon="2.96617626"><ele>1435.258</ele><time>2026-09-21T10:56:36Z</time><speed>1.050</speed><sat>27</sat></trkpt>
  <trkpt lat="45.77107777" lon="2.96620681"><ele>1434.934</ele><time>2026-09-21T10:56:39Z</time><speed>1.340</speed><sat>27</sat></trkpt>
  <trkpt lat="45.77109653" lon="2.96623343"><ele>1434.535</ele><time>2026-09-21T10:56:42Z</time><speed>1.190</speed><sat>28</sat></trkpt>
  <trkpt lat="45.77111904" lon="2.96626066"><ele>1433.892</ele><time>2026-09-21T10:56:45Z</time><speed>1.190</speed><sat>29</sat></trkpt>
  <trkpt lat="45.77114745" lon="2.96629062"><ele>1432.695</ele><time>2026-09-21T10:56:48Z</time><speed>1.390</speed><sat>28</sat></trkpt>
  <trkpt lat="45.77117385" lon="2.96632140"><ele>1432.896</ele><time>2026-09-21T10:56:51Z</time><speed>1.170</speed><sat>28</sat></trkpt>
  <trkpt lat="45.77120363" lon="2.96634910"><ele>1432.606</ele><time>2026-09-21T10:56:54Z</time><speed>1.360</speed><sat>28</sat></trkpt>
  <trkpt lat="45.77122892" lon="2.96637125"><ele>1432.275</ele><time>2026-09-21T10:56:57Z</time><speed>1.190</speed><sat>28</sat></trkpt>
  <trkpt lat="45.77125806" lon="2.96639945"><ele>1431.510</ele><time>2026-09-21T10:57:00Z</time><speed>1.330</speed><sat>27</sat></trkpt>
  <trkpt lat="45.77129007" lon="2.96642812"><ele>1430.964</ele><time>2026-09-21T10:57:03Z</time><speed>1.230</speed><sat>27</sat></trkpt>
  <trkpt lat="45.77131950" lon="2.96645402"><ele>1430.608</ele><time>2026-09-21T10:57:06Z</time><speed>1.220</speed><sat>25</sat></trkpt>
  <trkpt lat="45.77134898" lon="2.96647198"><ele>1430.245</ele><time>2026-09-21T10:57:09Z</time><speed>1.090</speed><sat>25</sat></trkpt>
  <trkpt lat="45.77138046" lon="2.96649905"><ele>1429.761</ele><time>2026-09-21T10:57:12Z</time><speed>1.440</speed><sat>25</sat></trkpt>
  <trkpt lat="45.77141210" lon="2.96651916"><ele>1428.438</ele><time>2026-09-21T10:57:15Z</time><speed>1.240</speed><sat>26</sat></trkpt>
  <trkpt lat="45.77144061" lon="2.96654360"><ele>1428.383</ele><time>2026-09-21T10:57:18Z</time><speed>1.090</speed><sat>26</sat></trkpt>
  <trkpt lat="45.77146353" lon="2.96657677"><ele>1428.253</ele><time>2026-09-21T10:57:21Z</time><speed>1.200</speed><sat>26</sat></trkpt>
  <trkpt lat="45.77148301" lon="2.96661976"><ele>1428.026</ele><time>2026-09-21T10:57:24Z</time><speed>1.430</speed><sat>26</sat></trkpt>
  <trkpt lat="45.77150833" lon="2.96664412"><ele>1427.255</ele><time>2026-09-21T10:57:27Z</time><speed>1.290</speed><sat>27</sat></trkpt>
  <trkpt lat="45.77153971" lon="2.96666186"><ele>1426.345</ele><time>2026-09-21T10:57:30Z</time><speed>1.330</speed><sat>27</sat></trkpt>
  <trkpt lat="45.77156935" lon="2.96667467"><ele>1426.625</ele><time>2026-09-21T10:57:33Z</time><speed>1.170</speed><sat>27</sat></trkpt>
  <trkpt lat="45.77160180" lon="2.96669899"><ele>1425.115</ele><time>2026-09-21T10:57:36Z</time><speed>1.450</speed><sat>27</sat></trkpt>
  <trkpt lat="45.77163374" lon="2.96671930"><ele>1424.729</ele><time>2026-09-21T10:57:39Z</time><speed>1.230</speed><sat>27</sat></trkpt>
  <trkpt lat="45.77166285" lon="2.96673907"><ele>1424.228</ele><time>2026-09-21T10:57:42Z</time><speed>1.210</speed><sat>27</sat></trkpt>
  <trkpt lat="45.77169626" lon="2.96675643"><ele>1423.944</ele><time>2026-09-21T10:57:45Z</time><speed>1.310</speed><sat>28</sat></trkpt>
  <trkpt lat="45.77172776" lon="2.96676872"><ele>1423.145</ele><time>2026-09-21T10:57:48Z</time><speed>1.320</speed><sat>28</sat></trkpt>
  <trkpt lat="45.77176232" lon="2.96679062"><ele>1422.457</ele><time>2026-09-21T10:57:51Z</time><speed>1.360</speed><sat>28</sat></trkpt>
  <trkpt lat="45.77179221" lon="2.96680344"><ele>1421.796</ele><time>2026-09-21T10:57:54Z</time><speed>1.320</speed><sat>28</sat></trkpt>
  <trkpt lat="45.77182221" lon="2.96681572"><ele>1421.095</ele><time>2026-09-21T10:57:57Z</time><speed>1.130</speed><sat>28</sat></trkpt>
  <trkpt lat="45.77185401" lon="2.96682703"><ele>1421.272</ele><time>2026-09-21T10:58:00Z</time><speed>1.310</speed><sat>27</sat></trkpt>
  <trkpt lat="45.77189270" lon="2.96684219"><ele>1420.996</ele><time>2026-09-21T10:58:03Z</time><speed>1.370</speed><sat>27</sat></trkpt>
  <trkpt lat="45.77192614" lon="2.96685196"><ele>1420.884</ele><time>2026-09-21T10:58:06Z</time><speed>1.350</speed><sat>27</sat></trkpt>
  <trkpt lat="45.77195910" lon="2.96686311"><ele>1420.084</ele><time>2026-09-21T10:58:09Z</time><speed>1.240</speed><sat>27</sat></trkpt>
  <trkpt lat="45.77199111" lon="2.96687159"><ele>1419.500</ele><time>2026-09-21T10:58:12Z</time><speed>1.310</speed><sat>28</sat></trkpt>
  <trkpt lat="45.77202801" lon="2.96688579"><ele>1419.450</ele><time>2026-09-21T10:58:15Z</time><speed>1.310</speed><sat>28</sat></trkpt>
  <trkpt lat="45.77206052" lon="2.96689674"><ele>1418.260</ele><time>2026-09-21T10:58:18Z</time><speed>1.360</speed><sat>28</sat></trkpt>
  <trkpt lat="45.77209619" lon="2.96690737"><ele>1417.637</ele><time>2026-09-21T10:58:21Z</time><speed>1.280</speed><sat>28</sat></trkpt>
  <trkpt lat="45.77213060" lon="2.96690937"><ele>1417.354</ele><time>2026-09-21T10:58:24Z</time><speed>1.280</speed><sat>28</sat></trkpt>
  <trkpt lat="45.77216754" lon="2.96692100"><ele>1416.334</ele><time>2026-09-21T10:58:27Z</time><speed>1.370</speed><sat>28</sat></trkpt>
  <trkpt lat="45.77220307" lon="2.96692406"><ele>1416.592</ele><time>2026-09-21T10:58:30Z</time><speed>1.290</speed><sat>28</sat></trkpt>
  <trkpt lat="45.77223395" lon="2.96692972"><ele>1416.450</ele><time>2026-09-21T10:58:33Z</time><speed>1.030</speed><sat>28</sat></trkpt>
  <trkpt lat="45.77226512" lon="2.96693533"><ele>1415.790</ele><time>2026-09-21T10:58:36Z</time><speed>1.310</speed><sat>28</sat></trkpt>
  <trkpt lat="45.77229731" lon="2.96693585"><ele>1415.157</ele><time>2026-09-21T10:58:39Z</time><speed>1.210</speed><sat>27</sat></trkpt>
  <trkpt lat="45.77232661" lon="2.96693672"><ele>1415.408</ele><time>2026-09-21T10:58:42Z</time><speed>1.020</speed><sat>27</sat></trkpt>
  <trkpt lat="45.77235790" lon="2.96693350"><ele>1415.177</ele><time>2026-09-21T10:58:45Z</time><speed>1.250</speed><sat>27</sat></trkpt>
  <trkpt lat="45.77239042" lon="2.96693012"><ele>1414.749</ele><time>2026-09-21T10:58:48Z</time><speed>1.040</speed><sat>27</sat></trkpt>
  <trkpt lat="45.77242050" lon="2.96692138"><ele>1414.387</ele><time>2026-09-21T10:58:51Z</time><speed>1.080</speed><sat>27</sat></trkpt>
  <trkpt lat="45.77244977" lon="2.96691290"><ele>1414.160</ele><time>2026-09-21T10:58:54Z</time><speed>1.190</speed><sat>27</sat></trkpt>
  <trkpt lat="45.77248351" lon="2.96690148"><ele>1413.639</ele><time>2026-09-21T10:58:57Z</time><speed>1.070</speed><sat>27</sat></trkpt>
  <trkpt lat="45.77251574" lon="2.96688710"><ele>1413.353</ele><time>2026-09-21T10:59:00Z</time><speed>1.210</speed><sat>27</sat></trkpt>
  <trkpt lat="45.77254654" lon="2.96686911"><ele>1413.200</ele><time>2026-09-21T10:59:03Z</time><speed>1.160</speed><sat>27</sat></trkpt>
  <trkpt lat="45.77258233" lon="2.96685636"><ele>1413.324</ele><time>2026-09-21T10:59:06Z</time><speed>1.370</speed><sat>28</sat></trkpt>
  <trkpt lat="45.77261043" lon="2.96683698"><ele>1412.755</ele><time>2026-09-21T10:59:09Z</time><speed>1.130</speed><sat>29</sat></trkpt>
  <trkpt lat="45.77263914" lon="2.96681439"><ele>1412.050</ele><time>2026-09-21T10:59:12Z</time><speed>1.250</speed><sat>27</sat></trkpt>
  <trkpt lat="45.77266863" lon="2.96679107"><ele>1412.004</ele><time>2026-09-21T10:59:15Z</time><speed>1.300</speed><sat>27</sat></trkpt>
  <trkpt lat="45.77269851" lon="2.96676586"><ele>1411.618</ele><time>2026-09-21T10:59:18Z</time><speed>1.200</speed><sat>27</sat></trkpt>
  <trkpt lat="45.77272398" lon="2.96673684"><ele>1410.665</ele><time>2026-09-21T10:59:21Z</time><speed>1.320</speed><sat>28</sat></trkpt>
  <trkpt lat="45.77275190" lon="2.96670474"><ele>1409.518</ele><time>2026-09-21T10:59:24Z</time><speed>1.290</speed><sat>26</sat></trkpt>
  <trkpt lat="45.77277793" lon="2.96667324"><ele>1409.423</ele><time>2026-09-21T10:59:27Z</time><speed>1.190</speed><sat>26</sat></trkpt>
  <trkpt lat="45.77280486" lon="2.96663745"><ele>1409.315</ele><time>2026-09-21T10:59:30Z</time><speed>1.340</speed><sat>26</sat></trkpt>
  <trkpt lat="45.77282801" lon="2.96660461"><ele>1409.248</ele><time>2026-09-21T10:59:33Z</time><speed>1.230</speed><sat>25</sat></trkpt>
  <trkpt lat="45.77285327" lon="2.96657659"><ele>1408.571</ele><time>2026-09-21T10:59:36Z</time><speed>1.120</speed><sat>24</sat></trkpt>
  <trkpt lat="45.77287614" lon="2.96654865"><ele>1408.066</ele><time>2026-09-21T10:59:39Z</time><speed>1.250</speed><sat>24</sat></trkpt>
  <trkpt lat="45.77290551" lon="2.96651947"><ele>1407.654</ele><time>2026-09-21T10:59:42Z</time><speed>1.380</speed><sat>24</sat></trkpt>
  <trkpt lat="45.77293346" lon="2.96649093"><ele>1407.470</ele><time>2026-09-21T10:59:45Z</time><speed>1.180</speed><sat>24</sat></trkpt>
  <trkpt lat="45.77296247" lon="2.96646859"><ele>1406.867</ele><time>2026-09-21T10:59:48Z</time><speed>1.200</speed><sat>23</sat></trkpt>
  <trkpt lat="45.77299194" lon="2.96644824"><ele>1406.286</ele><time>2026-09-21T10:59:51Z</time><speed>1.310</speed><sat>23</sat></trkpt>
  <trkpt lat="45.77302884" lon="2.96643326"><ele>1406.019</ele><time>2026-09-21T10:59:54Z</time><speed>1.480</speed><sat>23</sat></trkpt>
  <trkpt lat="45.77306039" lon="2.96641138"><ele>1405.410</ele><time>2026-09-21T10:59:57Z</time><speed>1.180</speed><sat>23</sat></trkpt>
  <trkpt lat="45.77309529" lon="2.96639568"><ele>1405.250</ele><time>2026-09-21T11:00:00Z</time><speed>1.290</speed><sat>23</sat></trkpt>
  <trkpt lat="45.77312443" lon="2.96637379"><ele>1404.408</ele><time>2026-09-21T11:00:03Z</time><speed>1.170</speed><sat>23</sat></trkpt>
  <trkpt lat="45.77316239" lon="2.96636769"><ele>1403.870</ele><time>2026-09-21T11:00:06Z</time><speed>1.370</speed><sat>23</sat></trkpt>
  <trkpt lat="45.77319900" lon="2.96636138"><ele>1404.213</ele><time>2026-09-21T11:00:09Z</time><speed>1.270</speed><sat>23</sat></trkpt>
  <trkpt lat="45.77323289" lon="2.96635755"><ele>1403.375</ele><time>2026-09-21T11:00:12Z</time><speed>1.350</speed><sat>23</sat></trkpt>
  <trkpt lat="45.77326845" lon="2.96635764"><ele>1402.855</ele><time>2026-09-21T11:00:15Z</time><speed>1.260</speed><sat>24</sat></trkpt>
  <trkpt lat="45.77330252" lon="2.96636287"><ele>1402.141</ele><time>2026-09-21T11:00:18Z</time><speed>1.360</speed><sat>24</sat></trkpt>
  <trkpt lat="45.77333603" lon="2.96636134"><ele>1401.782</ele><time>2026-09-21T11:00:21Z</time><speed>1.250</speed><sat>23</sat></trkpt>
  <trkpt lat="45.77336891" lon="2.96636092"><ele>1401.851</ele><time>2026-09-21T11:00:24Z</time><speed>1.310</speed><sat>24</sat></trkpt>
  <trkpt lat="45.77340110" lon="2.96636028"><ele>1401.970</ele><time>2026-09-21T11:00:27Z</time><speed>1.160</speed><sat>24</sat></trkpt>
  <trkpt lat="45.77343796" lon="2.96635694"><ele>1401.344</ele><time>2026-09-21T11:00:30Z</time><speed>1.280</speed><sat>24</sat></trkpt>
  <trkpt lat="45.77347129" lon="2.96635123"><ele>1400.759</ele><time>2026-09-21T11:00:33Z</time><speed>1.150</speed><sat>25</sat></trkpt>
  <trkpt lat="45.77350590" lon="2.96634366"><ele>1400.117</ele><time>2026-09-21T11:00:36Z</time><speed>1.270</speed><sat>25</sat></trkpt>
  <trkpt lat="45.77353714" lon="2.96633154"><ele>1398.643</ele><time>2026-09-21T11:00:39Z</time><speed>1.190</speed><sat>26</sat></trkpt>
  <trkpt lat="45.77357137" lon="2.96632626"><ele>1398.059</ele><time>2026-09-21T11:00:42Z</time><speed>1.150</speed><sat>27</sat></trkpt>
  <trkpt lat="45.77360053" lon="2.96632218"><ele>1398.385</ele><time>2026-09-21T11:00:45Z</time><speed>1.110</speed><sat>28</sat></trkpt>
  <trkpt lat="45.77362144" lon="2.96633291"><ele>1398.563</ele><time>2026-09-21T11:00:48Z</time><speed>0.700</speed><sat>27</sat></trkpt>
  <trkpt lat="45.77363898" lon="2.96635822"><ele>1398.153</ele><time>2026-09-21T11:00:51Z</time><speed>1.240</speed><sat>26</sat></trkpt>
  <trkpt lat="45.77362280" lon="2.96639704"><ele>1398.796</ele><time>2026-09-21T11:00:54Z</time><speed>1.170</speed><sat>28</sat></trkpt>
  <trkpt lat="45.77361312" lon="2.96642505"><ele>1398.139</ele><time>2026-09-21T11:00:57Z</time><speed>0.740</speed><sat>27</sat></trkpt>
  <trkpt lat="45.77360347" lon="2.96644626"><ele>1397.137</ele><time>2026-09-21T11:01:00Z</time><speed>0.780</speed><sat>28</sat></trkpt>
  <trkpt lat="45.77360034" lon="2.96647120"><ele>1396.418</ele><time>2026-09-21T11:01:03Z</time><speed>0.710</speed><sat>28</sat></trkpt>
  <trkpt lat="45.77360066" lon="2.96649541"><ele>1396.062</ele><time>2026-09-21T11:01:06Z</time><speed>1.070</speed><sat>27</sat></trkpt>
  <trkpt lat="45.77360059" lon="2.96651806"><ele>1396.057</ele><time>2026-09-21T11:01:09Z</time><speed>0.500</speed><sat>27</sat></trkpt>
  <trkpt lat="45.77360105" lon="2.96652551"><ele>1395.890</ele><time>2026-09-21T11:01:12Z</time><speed>0.000</speed><sat>26</sat></trkpt>
  <trkpt lat="45.77360115" lon="2.96652523"><ele>1395.983</ele><time>2026-09-21T11:01:15Z</time><speed>0.170</speed><sat>28</sat></trkpt>
  <trkpt lat="45.77360910" lon="2.96651482"><ele>1395.849</ele><time>2026-09-21T11:01:18Z</time><speed>0.310</speed><sat>28</sat></trkpt>
  <trkpt lat="45.77360978" lon="2.96651111"><ele>1395.829</ele><time>2026-09-21T11:01:21Z</time><speed>0.000</speed><sat>28</sat></trkpt>
  <trkpt lat="45.77361037" lon="2.96650946"><ele>1395.745</ele><time>2026-09-21T11:01:24Z</time><speed>0.000</speed><sat>28</sat></trkpt>
  <trkpt lat="45.77361013" lon="2.96650884"><ele>1395.720</ele><time>2026-09-21T11:01:27Z</time><speed>0.000</speed><sat>28</sat></trkpt>
  <trkpt lat="45.77361011" lon="2.96650876"><ele>1395.729</ele><time>2026-09-21T11:01:30Z</time><speed>0.000</speed><sat>27</sat></trkpt>
  <trkpt lat="45.77360996" lon="2.96650880"><ele>1395.736</ele><time>2026-09-21T11:01:33Z</time><speed>0.000</speed><sat>28</sat></trkpt>
  <trkpt lat="45.77361004" lon="2.96650887"><ele>1395.733</ele><time>2026-09-21T11:01:36Z</time><speed>0.000</speed><sat>28</sat></trkpt>
  <trkpt lat="45.77360987" lon="2.96650880"><ele>1395.734</ele><time>2026-09-21T11:01:39Z</time><speed>0.000</speed><sat>28</sat></trkpt>
  <trkpt lat="45.77360951" lon="2.96650862"><ele>1395.745</ele><time>2026-09-21T11:01:42Z</time><speed>0.000</speed><sat>28</sat></trkpt>
  <trkpt lat="45.77360929" lon="2.96650854"><ele>1395.754</ele><time>2026-09-21T11:01:45Z</time><speed>0.000</speed><sat>26</sat></trkpt>
  <trkpt lat="45.77360907" lon="2.96650836"><ele>1395.761</ele><time>2026-09-21T11:01:48Z</time><speed>0.000</speed><sat>27</sat></trkpt>
  <trkpt lat="45.77360879" lon="2.96650835"><ele>1395.782</ele><time>2026-09-21T11:01:51Z</time><speed>0.000</speed><sat>26</sat></trkpt>
  <trkpt lat="45.77360881" lon="2.96650813"><ele>1395.802</ele><time>2026-09-21T11:01:54Z</time><speed>0.000</speed><sat>28</sat></trkpt>
  <trkpt lat="45.77360886" lon="2.96650835"><ele>1395.808</ele><time>2026-09-21T11:01:57Z</time><speed>0.000</speed><sat>28</sat></trkpt>
  <trkpt lat="45.77360889" lon="2.96650834"><ele>1395.810</ele><time>2026-09-21T11:02:00Z</time><speed>0.000</speed><sat>27</sat></trkpt>
  <trkpt lat="45.77360898" lon="2.96650806"><ele>1395.837</ele><time>2026-09-21T11:02:03Z</time><speed>0.000</speed><sat>27</sat></trkpt>
  <trkpt lat="45.77360919" lon="2.96650840"><ele>1395.896</ele><time>2026-09-21T11:02:06Z</time><speed>0.000</speed><sat>27</sat></trkpt>
  <trkpt lat="45.77360924" lon="2.96650849"><ele>1395.903</ele><time>2026-09-21T11:02:09Z</time><speed>0.000</speed><sat>28</sat></trkpt>
  <trkpt lat="45.77360925" lon="2.96650855"><ele>1395.920</ele><time>2026-09-21T11:02:12Z</time><speed>0.000</speed><sat>28</sat></trkpt>
  <trkpt lat="45.77360934" lon="2.96650848"><ele>1395.941</ele><time>2026-09-21T11:02:15Z</time><speed>0.000</speed><sat>27</sat></trkpt>
  <trkpt lat="45.77360932" lon="2.96650870"><ele>1395.964</ele><time>2026-09-21T11:02:18Z</time><speed>0.000</speed><sat>28</sat></trkpt>
  <trkpt lat="45.77360949" lon="2.96650839"><ele>1395.969</ele><time>2026-09-21T11:02:21Z</time><speed>0.000</speed><sat>28</sat></trkpt>
  <trkpt lat="45.77360951" lon="2.96650832"><ele>1395.973</ele><time>2026-09-21T11:02:24Z</time><speed>0.000</speed><sat>28</sat></trkpt>
  <trkpt lat="45.77360942" lon="2.96650816"><ele>1395.967</ele><time>2026-09-21T11:02:27Z</time><speed>0.000</speed><sat>28</sat></trkpt>
  <trkpt lat="45.77360950" lon="2.96650821"><ele>1395.961</ele><time>2026-09-21T11:02:30Z</time><speed>0.000</speed><sat>28</sat></trkpt>
  <trkpt lat="45.77360964" lon="2.96650795"><ele>1395.966</ele><time>2026-09-21T11:02:33Z</time><speed>0.000</speed><sat>28</sat></trkpt>
  <trkpt lat="45.77360980" lon="2.96650799"><ele>1395.958</ele><time>2026-09-21T11:02:36Z</time><speed>0.000</speed><sat>28</sat></trkpt>
  <trkpt lat="45.77360951" lon="2.96650788"><ele>1395.957</ele><time>2026-09-21T11:02:39Z</time><speed>0.000</speed><sat>28</sat></trkpt>
  <trkpt lat="45.77360928" lon="2.96650774"><ele>1395.957</ele><time>2026-09-21T11:02:42Z</time><speed>0.000</speed><sat>27</sat></trkpt>
  <trkpt lat="45.77360932" lon="2.96650769"><ele>1395.967</ele><time>2026-09-21T11:02:45Z</time><speed>0.000</speed><sat>27</sat></trkpt>
  <trkpt lat="45.77360913" lon="2.96650773"><ele>1395.973</ele><time>2026-09-21T11:02:48Z</time><speed>0.000</speed><sat>27</sat></trkpt>
  <trkpt lat="45.77360906" lon="2.96650773"><ele>1395.973</ele><time>2026-09-21T11:02:51Z</time><speed>0.000</speed><sat>27</sat></trkpt>
  <trkpt lat="45.77360894" lon="2.96650769"><ele>1395.980</ele><time>2026-09-21T11:02:54Z</time><speed>0.000</speed><sat>27</sat></trkpt>
  <trkpt lat="45.77360895" lon="2.96650768"><ele>1395.994</ele><time>2026-09-21T11:02:57Z</time><speed>0.000</speed><sat>27</sat></trkpt>
  <trkpt lat="45.77360885" lon="2.96650765"><ele>1395.999</ele><time>2026-09-21T11:03:00Z</time><speed>0.000</speed><sat>27</sat></trkpt>
  <trkpt lat="45.77360875" lon="2.96650765"><ele>1395.993</ele><time>2026-09-21T11:03:03Z</time><speed>0.000</speed><sat>27</sat></trkpt>
  <trkpt lat="45.77360867" lon="2.96650773"><ele>1395.984</ele><time>2026-09-21T11:03:06Z</time><speed>0.000</speed><sat>27</sat></trkpt>
  <trkpt lat="45.77360871" lon="2.96650769"><ele>1396.010</ele><time>2026-09-21T11:03:09Z</time><speed>0.000</speed><sat>26</sat></trkpt>
  <trkpt lat="45.77360873" lon="2.96650764"><ele>1396.063</ele><time>2026-09-21T11:03:12Z</time><speed>0.000</speed><sat>27</sat></trkpt>
  <trkpt lat="45.77360863" lon="2.96650768"><ele>1396.099</ele><time>2026-09-21T11:03:15Z</time><speed>0.000</speed><sat>27</sat></trkpt>
  <trkpt lat="45.77360853" lon="2.96650773"><ele>1396.097</ele><time>2026-09-21T11:03:18Z</time><speed>0.000</speed><sat>26</sat></trkpt>
  <trkpt lat="45.77360857" lon="2.96650764"><ele>1396.103</ele><time>2026-09-21T11:03:21Z</time><speed>0.000</speed><sat>26</sat></trkpt>
  <trkpt lat="45.77360852" lon="2.96650763"><ele>1396.096</ele><time>2026-09-21T11:03:24Z</time><speed>0.000</speed><sat>26</sat></trkpt>
  <trkpt lat="45.77360841" lon="2.96650771"><ele>1396.114</ele><time>2026-09-21T11:03:27Z</time><speed>0.000</speed><sat>27</sat></trkpt>
  <trkpt lat="45.77360839" lon="2.96650735"><ele>1396.088</ele><time>2026-09-21T11:03:30Z</time><speed>0.000</speed><sat>27</sat></trkpt>
  <trkpt lat="45.77360839" lon="2.96650730"><ele>1396.083</ele><time>2026-09-21T11:03:33Z</time><speed>0.000</speed><sat>27</sat></trkpt>
  <trkpt lat="45.77360839" lon="2.96650731"><ele>1396.081</ele><time>2026-09-21T11:03:36Z</time><speed>0.000</speed><sat>27</sat></trkpt>
  <trkpt lat="45.77360829" lon="2.96650682"><ele>1396.016</ele><time>2026-09-21T11:03:39Z</time><speed>0.000</speed><sat>27</sat></trkpt>
  <trkpt lat="45.77360814" lon="2.96650676"><ele>1395.994</ele><time>2026-09-21T11:03:42Z</time><speed>0.000</speed><sat>28</sat></trkpt>
  <trkpt lat="45.77360808" lon="2.96650671"><ele>1395.978</ele><time>2026-09-21T11:03:45Z</time><speed>0.000</speed><sat>27</sat></trkpt>
  <trkpt lat="45.77360810" lon="2.96650664"><ele>1395.968</ele><time>2026-09-21T11:03:48Z</time><speed>0.000</speed><sat>27</sat></trkpt>
  <trkpt lat="45.77360800" lon="2.96650666"><ele>1395.987</ele><time>2026-09-21T11:03:51Z</time><speed>0.000</speed><sat>26</sat></trkpt>
  <trkpt lat="45.77360786" lon="2.96650684"><ele>1395.998</ele><time>2026-09-21T11:03:54Z</time><speed>0.000</speed><sat>27</sat></trkpt>
  <trkpt lat="45.77360746" lon="2.96650704"><ele>1396.029</ele><time>2026-09-21T11:03:57Z</time><speed>0.000</speed><sat>27</sat></trkpt>
  <trkpt lat="45.77360716" lon="2.96650696"><ele>1396.038</ele><time>2026-09-21T11:04:00Z</time><speed>0.000</speed><sat>26</sat></trkpt>
  <trkpt lat="45.77360703" lon="2.96650704"><ele>1396.040</ele><time>2026-09-21T11:04:03Z</time><speed>0.000</speed><sat>26</sat></trkpt>
  <trkpt lat="45.77360687" lon="2.96650703"><ele>1396.057</ele><time>2026-09-21T11:04:06Z</time><speed>0.000</speed><sat>25</sat></trkpt>
  <trkpt lat="45.77360665" lon="2.96650726"><ele>1396.081</ele><time>2026-09-21T11:04:09Z</time><speed>0.000</speed><sat>26</sat></trkpt>
  <trkpt lat="45.77360661" lon="2.96650726"><ele>1396.079</ele><time>2026-09-21T11:04:12Z</time><speed>0.000</speed><sat>27</sat></trkpt>
  <trkpt lat="45.77360669" lon="2.96650746"><ele>1396.096</ele><time>2026-09-21T11:04:15Z</time><speed>0.000</speed><sat>26</sat></trkpt>
  <trkpt lat="45.77360659" lon="2.96650747"><ele>1396.095</ele><time>2026-09-21T11:04:18Z</time><speed>0.000</speed><sat>26</sat></trkpt>
  <trkpt lat="45.77360648" lon="2.96650752"><ele>1396.080</ele><time>2026-09-21T11:04:21Z</time><speed>0.000</speed><sat>26</sat></trkpt>
  <trkpt lat="45.77360619" lon="2.96650827"><ele>1396.060</ele><time>2026-09-21T11:04:24Z</time><speed>0.000</speed><sat>26</sat></trkpt>
  <trkpt lat="45.77360612" lon="2.96650799"><ele>1396.038</ele><time>2026-09-21T11:04:27Z</time><speed>0.000</speed><sat>26</sat></trkpt>
  <trkpt lat="45.77360563" lon="2.96650823"><ele>1396.065</ele><time>2026-09-21T11:04:30Z</time><speed>0.000</speed><sat>26</sat></trkpt>
  <trkpt lat="45.77360575" lon="2.96650831"><ele>1396.084</ele><time>2026-09-21T11:04:33Z</time><speed>0.000</speed><sat>26</sat></trkpt>
  <trkpt lat="45.77360570" lon="2.96650827"><ele>1396.045</ele><time>2026-09-21T11:04:36Z</time><speed>0.000</speed><sat>27</sat></trkpt>
  <trkpt lat="45.77360552" lon="2.96650853"><ele>1396.087</ele><time>2026-09-21T11:04:39Z</time><speed>0.000</speed><sat>27</sat></trkpt>
  <trkpt lat="45.77360536" lon="2.96650857"><ele>1396.084</ele><time>2026-09-21T11:04:42Z</time><speed>0.000</speed><sat>27</sat></trkpt>
  <trkpt lat="45.77360527" lon="2.96650874"><ele>1396.071</ele><time>2026-09-21T11:04:45Z</time><speed>0.000</speed><sat>27</sat></trkpt>
  <trkpt lat="45.77360531" lon="2.96650907"><ele>1396.071</ele><time>2026-09-21T11:04:48Z</time><speed>0.000</speed><sat>27</sat></trkpt>
  <trkpt lat="45.77360540" lon="2.96650888"><ele>1396.013</ele><time>2026-09-21T11:04:51Z</time><speed>0.000</speed><sat>28</sat></trkpt>
  <trkpt lat="45.77360574" lon="2.96650814"><ele>1395.946</ele><time>2026-09-21T11:04:54Z</time><speed>0.000</speed><sat>27</sat></trkpt>
  <trkpt lat="45.77360577" lon="2.96650756"><ele>1395.940</ele><time>2026-09-21T11:04:57Z</time><speed>0.000</speed><sat>27</sat></trkpt>
  <trkpt lat="45.77360579" lon="2.96650745"><ele>1395.938</ele><time>2026-09-21T11:05:00Z</time><speed>0.000</speed><sat>27</sat></trkpt>
  <trkpt lat="45.77360578" lon="2.96650741"><ele>1395.938</ele><time>2026-09-21T11:05:03Z</time><speed>0.000</speed><sat>27</sat></trkpt>
  <trkpt lat="45.77360576" lon="2.96650733"><ele>1395.937</ele><time>2026-09-21T11:05:06Z</time><speed>0.000</speed><sat>27</sat></trkpt>
  <trkpt lat="45.77360575" lon="2.96650728"><ele>1395.936</ele><time>2026-09-21T11:05:09Z</time><speed>0.000</speed><sat>27</sat></trkpt>
  <trkpt lat="45.77360563" lon="2.96650730"><ele>1395.946</ele><time>2026-09-21T11:05:12Z</time><speed>0.000</speed><sat>27</sat></trkpt>
  <trkpt lat="45.77360556" lon="2.96650736"><ele>1395.945</ele><time>2026-09-21T11:05:15Z</time><speed>0.000</speed><sat>27</sat></trkpt>
  <trkpt lat="45.77360553" lon="2.96650741"><ele>1395.951</ele><time>2026-09-21T11:05:18Z</time><speed>0.000</speed><sat>27</sat></trkpt>
  <trkpt lat="45.77360547" lon="2.96650751"><ele>1395.969</ele><time>2026-09-21T11:05:21Z</time><speed>0.000</speed><sat>27</sat></trkpt>
  <trkpt lat="45.77360650" lon="2.96650545"><ele>1395.953</ele><time>2026-09-21T11:05:24Z</time><speed>0.290</speed><sat>27</sat></trkpt>
  <trkpt lat="45.77360552" lon="2.96649172"><ele>1395.444</ele><time>2026-09-21T11:05:27Z</time><speed>0.310</speed><sat>27</sat></trkpt>
  <trkpt lat="45.77360648" lon="2.96648582"><ele>1395.325</ele><time>2026-09-21T11:05:30Z</time><speed>0.240</speed><sat>27</sat></trkpt>
  <trkpt lat="45.77360643" lon="2.96648415"><ele>1395.329</ele><time>2026-09-21T11:05:33Z</time><speed>0.000</speed><sat>27</sat></trkpt>
  <trkpt lat="45.77360603" lon="2.96648370"><ele>1395.353</ele><time>2026-09-21T11:05:36Z</time><speed>0.000</speed><sat>26</sat></trkpt>
  <trkpt lat="45.77360604" lon="2.96648393"><ele>1395.366</ele><time>2026-09-21T11:05:39Z</time><speed>0.000</speed><sat>27</sat></trkpt>
  <trkpt lat="45.77360612" lon="2.96648410"><ele>1395.354</ele><time>2026-09-21T11:05:42Z</time><speed>0.000</speed><sat>27</sat></trkpt>
  <trkpt lat="45.77360576" lon="2.96648379"><ele>1395.337</ele><time>2026-09-21T11:05:45Z</time><speed>0.000</speed><sat>28</sat></trkpt>
  <trkpt lat="45.77360527" lon="2.96648347"><ele>1395.316</ele><time>2026-09-21T11:05:48Z</time><speed>0.000</speed><sat>27</sat></trkpt>
  <trkpt lat="45.77360520" lon="2.96648341"><ele>1395.311</ele><time>2026-09-21T11:05:51Z</time><speed>0.000</speed><sat>26</sat></trkpt>
  <trkpt lat="45.77360506" lon="2.96648337"><ele>1395.312</ele><time>2026-09-21T11:05:54Z</time><speed>0.000</speed><sat>26</sat></trkpt>
  <trkpt lat="45.77360489" lon="2.96648309"><ele>1395.306</ele><time>2026-09-21T11:05:57Z</time><speed>0.000</speed><sat>26</sat></trkpt>
  <trkpt lat="45.77360495" lon="2.96648301"><ele>1395.317</ele><time>2026-09-21T11:06:00Z</time><speed>0.000</speed><sat>26</sat></trkpt>
  <trkpt lat="45.77360495" lon="2.96648295"><ele>1395.321</ele><time>2026-09-21T11:06:03Z</time><speed>0.000</speed><sat>26</sat></trkpt>
  <trkpt lat="45.77360495" lon="2.96648276"><ele>1395.345</ele><time>2026-09-21T11:06:06Z</time><speed>0.000</speed><sat>27</sat></trkpt>
  <trkpt lat="45.77360489" lon="2.96648265"><ele>1395.350</ele><time>2026-09-21T11:06:09Z</time><speed>0.000</speed><sat>28</sat></trkpt>
  <trkpt lat="45.77360442" lon="2.96648299"><ele>1395.336</ele><time>2026-09-21T11:06:12Z</time><speed>0.000</speed><sat>27</sat></trkpt>
  <trkpt lat="45.77360413" lon="2.96648307"><ele>1395.307</ele><time>2026-09-21T11:06:15Z</time><speed>0.000</speed><sat>27</sat></trkpt>
  <trkpt lat="45.77360435" lon="2.96648316"><ele>1395.283</ele><time>2026-09-21T11:06:18Z</time><speed>0.000</speed><sat>26</sat></trkpt>
  <trkpt lat="45.77360434" lon="2.96648320"><ele>1395.288</ele><time>2026-09-21T11:06:21Z</time><speed>0.000</speed><sat>26</sat></trkpt>
  <trkpt lat="45.77360809" lon="2.96648241"><ele>1395.041</ele><time>2026-09-21T11:06:24Z</time><speed>0.000</speed><sat>26</sat></trkpt>
  <trkpt lat="45.77361112" lon="2.96647542"><ele>1395.188</ele><time>2026-09-21T11:06:27Z</time><speed>0.000</speed><sat>26</sat></trkpt>
  <trkpt lat="45.77361102" lon="2.96647475"><ele>1395.190</ele><time>2026-09-21T11:06:30Z</time><speed>0.000</speed><sat>27</sat></trkpt>
  <trkpt lat="45.77361049" lon="2.96647447"><ele>1395.188</ele><time>2026-09-21T11:06:33Z</time><speed>0.000</speed><sat>26</sat></trkpt>
  <trkpt lat="45.77361153" lon="2.96647125"><ele>1394.917</ele><time>2026-09-21T11:06:36Z</time><speed>0.280</speed><sat>22</sat></trkpt>
  <trkpt lat="45.77361526" lon="2.96646889"><ele>1394.610</ele><time>2026-09-21T11:06:39Z</time><speed>0.000</speed><sat>26</sat></trkpt>
  <trkpt lat="45.77361717" lon="2.96646637"><ele>1394.407</ele><time>2026-09-21T11:06:42Z</time><speed>0.000</speed><sat>26</sat></trkpt>
  <trkpt lat="45.77361703" lon="2.96646525"><ele>1394.360</ele><time>2026-09-21T11:06:45Z</time><speed>0.000</speed><sat>25</sat></trkpt>
  <trkpt lat="45.77361689" lon="2.96646467"><ele>1394.369</ele><time>2026-09-21T11:06:48Z</time><speed>0.000</speed><sat>26</sat></trkpt>
  <trkpt lat="45.77361653" lon="2.96646365"><ele>1394.413</ele><time>2026-09-21T11:06:51Z</time><speed>0.000</speed><sat>25</sat></trkpt>
  <trkpt lat="45.77361642" lon="2.96646307"><ele>1394.434</ele><time>2026-09-21T11:06:54Z</time><speed>0.000</speed><sat>23</sat></trkpt>
  <trkpt lat="45.77361634" lon="2.96646272"><ele>1394.393</ele><time>2026-09-21T11:06:57Z</time><speed>0.000</speed><sat>25</sat></trkpt>
  <trkpt lat="45.77361623" lon="2.96646232"><ele>1394.348</ele><time>2026-09-21T11:07:00Z</time><speed>0.000</speed><sat>25</sat></trkpt>
  <trkpt lat="45.77361601" lon="2.96646213"><ele>1394.380</ele><time>2026-09-21T11:07:03Z</time><speed>0.000</speed><sat>24</sat></trkpt>
  <trkpt lat="45.77361752" lon="2.96646293"><ele>1394.171</ele><time>2026-09-21T11:07:06Z</time><speed>0.000</speed><sat>23</sat></trkpt>
  <trkpt lat="45.77361747" lon="2.96646299"><ele>1394.163</ele><time>2026-09-21T11:07:09Z</time><speed>0.000</speed><sat>25</sat></trkpt>
  <trkpt lat="45.77361746" lon="2.96646306"><ele>1394.151</ele><time>2026-09-21T11:07:12Z</time><speed>0.000</speed><sat>27</sat></trkpt>
  <trkpt lat="45.77361739" lon="2.96646292"><ele>1394.152</ele><time>2026-09-21T11:07:15Z</time><speed>0.000</speed><sat>26</sat></trkpt>
  <trkpt lat="45.77361726" lon="2.96646257"><ele>1394.161</ele><time>2026-09-21T11:07:18Z</time><speed>0.000</speed><sat>27</sat></trkpt>
  <trkpt lat="45.77361710" lon="2.96646215"><ele>1394.169</ele><time>2026-09-21T11:07:21Z</time><speed>0.000</speed><sat>27</sat></trkpt>
  <trkpt lat="45.77361706" lon="2.96646193"><ele>1394.167</ele><time>2026-09-21T11:07:24Z</time><speed>0.000</speed><sat>26</sat></trkpt>
  <trkpt lat="45.77361707" lon="2.96646183"><ele>1394.157</ele><time>2026-09-21T11:07:27Z</time><speed>0.000</speed><sat>26</sat></trkpt>
  <trkpt lat="45.77361724" lon="2.96646173"><ele>1394.157</ele><time>2026-09-21T11:07:30Z</time><speed>0.000</speed><sat>26</sat></trkpt>
  <trkpt lat="45.77361747" lon="2.96646174"><ele>1394.140</ele><time>2026-09-21T11:07:33Z</time><speed>0.000</speed><sat>25</sat></trkpt>
  <trkpt lat="45.77361753" lon="2.96646152"><ele>1394.137</ele><time>2026-09-21T11:07:36Z</time><speed>0.000</speed><sat>25</sat></trkpt>
  <trkpt lat="45.77362223" lon="2.96645571"><ele>1393.822</ele><time>2026-09-21T11:07:39Z</time><speed>0.510</speed><sat>26</sat></trkpt>
  <trkpt lat="45.77363474" lon="2.96644296"><ele>1394.604</ele><time>2026-09-21T11:07:42Z</time><speed>0.590</speed><sat>28</sat></trkpt>
  <trkpt lat="45.77365106" lon="2.96644230"><ele>1394.902</ele><time>2026-09-21T11:07:45Z</time><speed>0.360</speed><sat>27</sat></trkpt>
  <trkpt lat="45.77365301" lon="2.96644112"><ele>1394.864</ele><time>2026-09-21T11:07:48Z</time><speed>0.000</speed><sat>27</sat></trkpt>
  <trkpt lat="45.77365545" lon="2.96644014"><ele>1394.462</ele><time>2026-09-21T11:07:51Z</time><speed>0.270</speed><sat>27</sat></trkpt>
  <trkpt lat="45.77367617" lon="2.96644529"><ele>1395.512</ele><time>2026-09-21T11:07:54Z</time><speed>0.410</speed><sat>28</sat></trkpt>
  <trkpt lat="45.77370448" lon="2.96645791"><ele>1395.288</ele><time>2026-09-21T11:07:57Z</time><speed>2.870</speed><sat>26</sat></trkpt>
  <trkpt lat="45.77372090" lon="2.96646603"><ele>1394.658</ele><time>2026-09-21T11:08:00Z</time><speed>0.670</speed><sat>25</sat></trkpt>
  <trkpt lat="45.77373630" lon="2.96647140"><ele>1395.304</ele><time>2026-09-21T11:08:03Z</time><speed>0.650</speed><sat>25</sat></trkpt>
  <trkpt lat="45.77375225" lon="2.96647819"><ele>1394.828</ele><time>2026-09-21T11:08:06Z</time><speed>0.630</speed><sat>25</sat></trkpt>
  <trkpt lat="45.77377536" lon="2.96647364"><ele>1393.768</ele><time>2026-09-21T11:08:09Z</time><speed>0.670</speed><sat>25</sat></trkpt>
  <trkpt lat="45.77378178" lon="2.96645770"><ele>1393.444</ele><time>2026-09-21T11:08:12Z</time><speed>0.600</speed><sat>25</sat></trkpt>
  <trkpt lat="45.77380191" lon="2.96645538"><ele>1394.056</ele><time>2026-09-21T11:08:15Z</time><speed>0.750</speed><sat>25</sat></trkpt>
  <trkpt lat="45.77381381" lon="2.96643728"><ele>1393.317</ele><time>2026-09-21T11:08:18Z</time><speed>0.590</speed><sat>25</sat></trkpt>
  <trkpt lat="45.77383654" lon="2.96643157"><ele>1392.762</ele><time>2026-09-21T11:08:21Z</time><speed>0.850</speed><sat>25</sat></trkpt>
  <trkpt lat="45.77384732" lon="2.96641392"><ele>1391.594</ele><time>2026-09-21T11:08:24Z</time><speed>0.620</speed><sat>24</sat></trkpt>
  <trkpt lat="45.77387040" lon="2.96641578"><ele>1392.825</ele><time>2026-09-21T11:08:27Z</time><speed>1.060</speed><sat>25</sat></trkpt>
  <trkpt lat="45.77387944" lon="2.96639488"><ele>1392.128</ele><time>2026-09-21T11:08:30Z</time><speed>0.570</speed><sat>25</sat></trkpt>
  <trkpt lat="45.77388711" lon="2.96637214"><ele>1391.361</ele><time>2026-09-21T11:08:33Z</time><speed>0.520</speed><sat>25</sat></trkpt>
  <trkpt lat="45.77389566" lon="2.96635895"><ele>1390.706</ele><time>2026-09-21T11:08:36Z</time><speed>0.600</speed><sat>24</sat></trkpt>
  <trkpt lat="45.77391545" lon="2.96634399"><ele>1390.604</ele><time>2026-09-21T11:08:39Z</time><speed>0.780</speed><sat>25</sat></trkpt>
  <trkpt lat="45.77393308" lon="2.96632297"><ele>1389.743</ele><time>2026-09-21T11:08:42Z</time><speed>0.840</speed><sat>25</sat></trkpt>
  <trkpt lat="45.77394768" lon="2.96630222"><ele>1388.871</ele><time>2026-09-21T11:08:45Z</time><speed>0.600</speed><sat>25</sat></trkpt>
  <trkpt lat="45.77395669" lon="2.96629151"><ele>1387.470</ele><time>2026-09-21T11:08:48Z</time><speed>0.510</speed><sat>25</sat></trkpt>
  <trkpt lat="45.77397708" lon="2.96627060"><ele>1386.458</ele><time>2026-09-21T11:08:51Z</time><speed>0.790</speed><sat>25</sat></trkpt>
  <trkpt lat="45.77399312" lon="2.96624345"><ele>1385.501</ele><time>2026-09-21T11:08:54Z</time><speed>0.930</speed><sat>25</sat></trkpt>
  <trkpt lat="45.77400520" lon="2.96622493"><ele>1384.375</ele><time>2026-09-21T11:08:57Z</time><speed>0.530</speed><sat>25</sat></trkpt>
  <trkpt lat="45.77402013" lon="2.96621345"><ele>1383.269</ele><time>2026-09-21T11:09:00Z</time><speed>0.700</speed><sat>25</sat></trkpt>
  <trkpt lat="45.77403477" lon="2.96620880"><ele>1382.557</ele><time>2026-09-21T11:09:03Z</time><speed>0.620</speed><sat>25</sat></trkpt>
  <trkpt lat="45.77404685" lon="2.96620373"><ele>1381.529</ele><time>2026-09-21T11:09:06Z</time><speed>0.580</speed><sat>24</sat></trkpt>
  <trkpt lat="45.77406392" lon="2.96619953"><ele>1380.592</ele><time>2026-09-21T11:09:09Z</time><speed>0.970</speed><sat>24</sat></trkpt>
  <trkpt lat="45.77407949" lon="2.96619113"><ele>1380.193</ele><time>2026-09-21T11:09:12Z</time><speed>0.890</speed><sat>24</sat></trkpt>
  <trkpt lat="45.77409397" lon="2.96618357"><ele>1378.681</ele><time>2026-09-21T11:09:15Z</time><speed>0.690</speed><sat>24</sat></trkpt>
  <trkpt lat="45.77411170" lon="2.96618041"><ele>1377.941</ele><time>2026-09-21T11:09:18Z</time><speed>0.760</speed><sat>24</sat></trkpt>
  <trkpt lat="45.77412798" lon="2.96617769"><ele>1377.604</ele><time>2026-09-21T11:09:21Z</time><speed>0.690</speed><sat>24</sat></trkpt>
  <trkpt lat="45.77414539" lon="2.96617485"><ele>1376.724</ele><time>2026-09-21T11:09:24Z</time><speed>0.820</speed><sat>25</sat></trkpt>
  <trkpt lat="45.77416542" lon="2.96617095"><ele>1376.577</ele><time>2026-09-21T11:09:27Z</time><speed>0.850</speed><sat>25</sat></trkpt>
  <trkpt lat="45.77417943" lon="2.96616106"><ele>1375.564</ele><time>2026-09-21T11:09:30Z</time><speed>0.610</speed><sat>24</sat></trkpt>
  <trkpt lat="45.77419878" lon="2.96615083"><ele>1374.570</ele><time>2026-09-21T11:09:33Z</time><speed>0.760</speed><sat>25</sat></trkpt>
  <trkpt lat="45.77421830" lon="2.96614196"><ele>1374.084</ele><time>2026-09-21T11:09:36Z</time><speed>0.760</speed><sat>25</sat></trkpt>
  <trkpt lat="45.77423745" lon="2.96612330"><ele>1373.351</ele><time>2026-09-21T11:09:39Z</time><speed>0.610</speed><sat>25</sat></trkpt>
  <trkpt lat="45.77425412" lon="2.96611915"><ele>1372.986</ele><time>2026-09-21T11:09:42Z</time><speed>0.560</speed><sat>25</sat></trkpt>
  <trkpt lat="45.77427613" lon="2.96610665"><ele>1372.118</ele><time>2026-09-21T11:09:45Z</time><speed>0.860</speed><sat>25</sat></trkpt>
  <trkpt lat="45.77429451" lon="2.96610107"><ele>1371.209</ele><time>2026-09-21T11:09:48Z</time><speed>0.710</speed><sat>25</sat></trkpt>
  <trkpt lat="45.77430843" lon="2.96609773"><ele>1370.889</ele><time>2026-09-21T11:09:51Z</time><speed>0.640</speed><sat>25</sat></trkpt>
  <trkpt lat="45.77432759" lon="2.96608835"><ele>1370.048</ele><time>2026-09-21T11:09:54Z</time><speed>0.660</speed><sat>27</sat></trkpt>
  <trkpt lat="45.77434072" lon="2.96608164"><ele>1369.503</ele><time>2026-09-21T11:09:57Z</time><speed>0.570</speed><sat>27</sat></trkpt>
  <trkpt lat="45.77435567" lon="2.96607167"><ele>1368.437</ele><time>2026-09-21T11:10:00Z</time><speed>0.660</speed><sat>27</sat></trkpt>
  <trkpt lat="45.77436991" lon="2.96606397"><ele>1367.476</ele><time>2026-09-21T11:10:03Z</time><speed>0.400</speed><sat>27</sat></trkpt>
  <trkpt lat="45.77438598" lon="2.96605200"><ele>1366.820</ele><time>2026-09-21T11:10:06Z</time><speed>0.720</speed><sat>27</sat></trkpt>
  <trkpt lat="45.77440357" lon="2.96603895"><ele>1365.716</ele><time>2026-09-21T11:10:09Z</time><speed>0.440</speed><sat>27</sat></trkpt>
  <trkpt lat="45.77441697" lon="2.96603575"><ele>1365.006</ele><time>2026-09-21T11:10:12Z</time><speed>0.510</speed><sat>27</sat></trkpt>
  <trkpt lat="45.77443354" lon="2.96602483"><ele>1364.246</ele><time>2026-09-21T11:10:15Z</time><speed>0.660</speed><sat>27</sat></trkpt>
  <trkpt lat="45.77444662" lon="2.96601608"><ele>1362.876</ele><time>2026-09-21T11:10:18Z</time><speed>0.670</speed><sat>27</sat></trkpt>
  <trkpt lat="45.77446448" lon="2.96600451"><ele>1361.885</ele><time>2026-09-21T11:10:21Z</time><speed>0.630</speed><sat>26</sat></trkpt>
  <trkpt lat="45.77448140" lon="2.96599367"><ele>1360.806</ele><time>2026-09-21T11:10:24Z</time><speed>0.730</speed><sat>27</sat></trkpt>
  <trkpt lat="45.77449487" lon="2.96598383"><ele>1360.479</ele><time>2026-09-21T11:10:27Z</time><speed>0.530</speed><sat>27</sat></trkpt>
  <trkpt lat="45.77451253" lon="2.96597390"><ele>1360.332</ele><time>2026-09-21T11:10:30Z</time><speed>0.590</speed><sat>27</sat></trkpt>
  <trkpt lat="45.77453492" lon="2.96596555"><ele>1359.742</ele><time>2026-09-21T11:10:33Z</time><speed>0.830</speed><sat>28</sat></trkpt>
  <trkpt lat="45.77455931" lon="2.96595655"><ele>1359.138</ele><time>2026-09-21T11:10:36Z</time><speed>0.800</speed><sat>28</sat></trkpt>
  <trkpt lat="45.77457883" lon="2.96594322"><ele>1358.197</ele><time>2026-09-21T11:10:39Z</time><speed>1.090</speed><sat>26</sat></trkpt>
  <trkpt lat="45.77460779" lon="2.96590822"><ele>1357.865</ele><time>2026-09-21T11:10:42Z</time><speed>1.420</speed><sat>27</sat></trkpt>
  <trkpt lat="45.77463202" lon="2.96585526"><ele>1357.354</ele><time>2026-09-21T11:10:45Z</time><speed>1.370</speed><sat>28</sat></trkpt>
  <trkpt lat="45.77465245" lon="2.96580634"><ele>1357.063</ele><time>2026-09-21T11:10:48Z</time><speed>1.340</speed><sat>29</sat></trkpt>
  <trkpt lat="45.77466406" lon="2.96577002"><ele>1356.356</ele><time>2026-09-21T11:10:51Z</time><speed>1.020</speed><sat>29</sat></trkpt>
  <trkpt lat="45.77467724" lon="2.96573467"><ele>1356.774</ele><time>2026-09-21T11:10:54Z</time><speed>0.900</speed><sat>29</sat></trkpt>
  <trkpt lat="45.77469037" lon="2.96571069"><ele>1356.014</ele><time>2026-09-21T11:10:57Z</time><speed>0.770</speed><sat>28</sat></trkpt>
  <trkpt lat="45.77470343" lon="2.96568729"><ele>1356.088</ele><time>2026-09-21T11:11:00Z</time><speed>0.710</speed><sat>28</sat></trkpt>
  <trkpt lat="45.77471966" lon="2.96566141"><ele>1355.308</ele><time>2026-09-21T11:11:03Z</time><speed>0.920</speed><sat>29</sat></trkpt>
  <trkpt lat="45.77473538" lon="2.96563293"><ele>1355.457</ele><time>2026-09-21T11:11:06Z</time><speed>0.910</speed><sat>29</sat></trkpt>
  <trkpt lat="45.77475226" lon="2.96560167"><ele>1354.646</ele><time>2026-09-21T11:11:09Z</time><speed>0.850</speed><sat>29</sat></trkpt>
  <trkpt lat="45.77476411" lon="2.96557213"><ele>1352.752</ele><time>2026-09-21T11:11:12Z</time><speed>1.010</speed><sat>28</sat></trkpt>
  <trkpt lat="45.77478284" lon="2.96555413"><ele>1352.550</ele><time>2026-09-21T11:11:15Z</time><speed>0.860</speed><sat>27</sat></trkpt>
  <trkpt lat="45.77479931" lon="2.96552547"><ele>1351.878</ele><time>2026-09-21T11:11:18Z</time><speed>0.910</speed><sat>27</sat></trkpt>
  <trkpt lat="45.77481685" lon="2.96550693"><ele>1351.176</ele><time>2026-09-21T11:11:21Z</time><speed>0.990</speed><sat>28</sat></trkpt>
  <trkpt lat="45.77482960" lon="2.96548156"><ele>1350.754</ele><time>2026-09-21T11:11:24Z</time><speed>0.780</speed><sat>28</sat></trkpt>
  <trkpt lat="45.77484690" lon="2.96545771"><ele>1349.522</ele><time>2026-09-21T11:11:27Z</time><speed>1.080</speed><sat>28</sat></trkpt>
  <trkpt lat="45.77486100" lon="2.96544026"><ele>1349.030</ele><time>2026-09-21T11:11:30Z</time><speed>0.730</speed><sat>27</sat></trkpt>
  <trkpt lat="45.77487807" lon="2.96541961"><ele>1348.564</ele><time>2026-09-21T11:11:33Z</time><speed>0.850</speed><sat>26</sat></trkpt>
  <trkpt lat="45.77489320" lon="2.96539740"><ele>1348.302</ele><time>2026-09-21T11:11:36Z</time><speed>0.800</speed><sat>26</sat></trkpt>
  <trkpt lat="45.77491113" lon="2.96537373"><ele>1347.868</ele><time>2026-09-21T11:11:39Z</time><speed>0.950</speed><sat>25</sat></trkpt>
  <trkpt lat="45.77492942" lon="2.96535839"><ele>1346.724</ele><time>2026-09-21T11:11:42Z</time><speed>0.850</speed><sat>24</sat></trkpt>
  <trkpt lat="45.77493987" lon="2.96533438"><ele>1346.170</ele><time>2026-09-21T11:11:45Z</time><speed>1.040</speed><sat>22</sat></trkpt>
  <trkpt lat="45.77495811" lon="2.96532230"><ele>1346.762</ele><time>2026-09-21T11:11:48Z</time><speed>1.260</speed><sat>22</sat></trkpt>
  <trkpt lat="45.77497935" lon="2.96529940"><ele>1346.885</ele><time>2026-09-21T11:11:51Z</time><speed>0.890</speed><sat>23</sat></trkpt>
  <trkpt lat="45.77499401" lon="2.96527443"><ele>1345.724</ele><time>2026-09-21T11:11:54Z</time><speed>0.850</speed><sat>27</sat></trkpt>
  <trkpt lat="45.77501059" lon="2.96525212"><ele>1345.004</ele><time>2026-09-21T11:11:57Z</time><speed>0.810</speed><sat>27</sat></trkpt>
  <trkpt lat="45.77502479" lon="2.96522215"><ele>1345.314</ele><time>2026-09-21T11:12:00Z</time><speed>0.800</speed><sat>26</sat></trkpt>
  <trkpt lat="45.77503805" lon="2.96519117"><ele>1345.014</ele><time>2026-09-21T11:12:03Z</time><speed>0.870</speed><sat>26</sat></trkpt>
  <trkpt lat="45.77505074" lon="2.96515338"><ele>1343.958</ele><time>2026-09-21T11:12:06Z</time><speed>1.000</speed><sat>27</sat></trkpt>
  <trkpt lat="45.77506641" lon="2.96512203"><ele>1343.551</ele><time>2026-09-21T11:12:09Z</time><speed>0.930</speed><sat>27</sat></trkpt>
  <trkpt lat="45.77508306" lon="2.96509875"><ele>1342.485</ele><time>2026-09-21T11:12:12Z</time><speed>0.850</speed><sat>29</sat></trkpt>
  <trkpt lat="45.77509748" lon="2.96507718"><ele>1342.688</ele><time>2026-09-21T11:12:15Z</time><speed>0.640</speed><sat>29</sat></trkpt>
  <trkpt lat="45.77511605" lon="2.96505321"><ele>1341.740</ele><time>2026-09-21T11:12:18Z</time><speed>0.840</speed><sat>29</sat></trkpt>
  <trkpt lat="45.77513325" lon="2.96503321"><ele>1341.261</ele><time>2026-09-21T11:12:21Z</time><speed>0.820</speed><sat>29</sat></trkpt>
  <trkpt lat="45.77514985" lon="2.96501542"><ele>1340.733</ele><time>2026-09-21T11:12:24Z</time><speed>0.780</speed><sat>29</sat></trkpt>
  <trkpt lat="45.77516407" lon="2.96499497"><ele>1341.019</ele><time>2026-09-21T11:12:27Z</time><speed>0.740</speed><sat>28</sat></trkpt>
  <trkpt lat="45.77518027" lon="2.96497447"><ele>1340.692</ele><time>2026-09-21T11:12:30Z</time><speed>0.970</speed><sat>28</sat></trkpt>
  <trkpt lat="45.77519274" lon="2.96495297"><ele>1340.204</ele><time>2026-09-21T11:12:33Z</time><speed>0.680</speed><sat>28</sat></trkpt>
  <trkpt lat="45.77520466" lon="2.96493105"><ele>1339.166</ele><time>2026-09-21T11:12:36Z</time><speed>0.650</speed><sat>28</sat></trkpt>
  <trkpt lat="45.77522320" lon="2.96490961"><ele>1338.409</ele><time>2026-09-21T11:12:39Z</time><speed>0.900</speed><sat>27</sat></trkpt>
  <trkpt lat="45.77523639" lon="2.96488808"><ele>1338.129</ele><time>2026-09-21T11:12:42Z</time><speed>0.830</speed><sat>28</sat></trkpt>
  <trkpt lat="45.77525375" lon="2.96486797"><ele>1337.245</ele><time>2026-09-21T11:12:45Z</time><speed>0.840</speed><sat>27</sat></trkpt>
  <trkpt lat="45.77526857" lon="2.96484514"><ele>1336.661</ele><time>2026-09-21T11:12:48Z</time><speed>0.820</speed><sat>27</sat></trkpt>
  <trkpt lat="45.77528296" lon="2.96482221"><ele>1335.965</ele><time>2026-09-21T11:12:51Z</time><speed>0.750</speed><sat>28</sat></trkpt>
  <trkpt lat="45.77529235" lon="2.96480141"><ele>1335.943</ele><time>2026-09-21T11:12:54Z</time><speed>0.750</speed><sat>28</sat></trkpt>
  <trkpt lat="45.77530669" lon="2.96477532"><ele>1335.651</ele><time>2026-09-21T11:12:57Z</time><speed>0.930</speed><sat>27</sat></trkpt>
  <trkpt lat="45.77531657" lon="2.96475410"><ele>1334.240</ele><time>2026-09-21T11:13:00Z</time><speed>0.640</speed><sat>27</sat></trkpt>
  <trkpt lat="45.77533084" lon="2.96472760"><ele>1333.609</ele><time>2026-09-21T11:13:03Z</time><speed>0.850</speed><sat>27</sat></trkpt>
  <trkpt lat="45.77534257" lon="2.96471231"><ele>1333.253</ele><time>2026-09-21T11:13:06Z</time><speed>0.580</speed><sat>29</sat></trkpt>
  <trkpt lat="45.77535242" lon="2.96468332"><ele>1332.179</ele><time>2026-09-21T11:13:09Z</time><speed>0.950</speed><sat>29</sat></trkpt>
  <trkpt lat="45.77536645" lon="2.96465474"><ele>1331.410</ele><time>2026-09-21T11:13:12Z</time><speed>0.790</speed><sat>29</sat></trkpt>
  <trkpt lat="45.77537985" lon="2.96462332"><ele>1330.947</ele><time>2026-09-21T11:13:15Z</time><speed>0.950</speed><sat>28</sat></trkpt>
  <trkpt lat="45.77539315" lon="2.96459441"><ele>1330.858</ele><time>2026-09-21T11:13:18Z</time><speed>0.900</speed><sat>28</sat></trkpt>
  <trkpt lat="45.77540154" lon="2.96456703"><ele>1330.304</ele><time>2026-09-21T11:13:21Z</time><speed>0.680</speed><sat>28</sat></trkpt>
  <trkpt lat="45.77540782" lon="2.96454439"><ele>1330.201</ele><time>2026-09-21T11:13:24Z</time><speed>0.580</speed><sat>29</sat></trkpt>
  <trkpt lat="45.77541445" lon="2.96452230"><ele>1329.642</ele><time>2026-09-21T11:13:27Z</time><speed>0.500</speed><sat>29</sat></trkpt>
  <trkpt lat="45.77542397" lon="2.96450261"><ele>1329.255</ele><time>2026-09-21T11:13:30Z</time><speed>0.670</speed><sat>29</sat></trkpt>
  <trkpt lat="45.77543471" lon="2.96448405"><ele>1328.554</ele><time>2026-09-21T11:13:33Z</time><speed>0.420</speed><sat>28</sat></trkpt>
  <trkpt lat="45.77544632" lon="2.96450263"><ele>1327.963</ele><time>2026-09-21T11:13:36Z</time><speed>0.670</speed><sat>29</sat></trkpt>
  <trkpt lat="45.77546323" lon="2.96452591"><ele>1327.028</ele><time>2026-09-21T11:13:39Z</time><speed>0.710</speed><sat>29</sat></trkpt>
  <trkpt lat="45.77548011" lon="2.96455341"><ele>1326.625</ele><time>2026-09-21T11:13:42Z</time><speed>1.000</speed><sat>29</sat></trkpt>
  <trkpt lat="45.77549405" lon="2.96458601"><ele>1325.848</ele><time>2026-09-21T11:13:45Z</time><speed>0.730</speed><sat>28</sat></trkpt>
  <trkpt lat="45.77550748" lon="2.96460986"><ele>1325.289</ele><time>2026-09-21T11:13:48Z</time><speed>0.900</speed><sat>28</sat></trkpt>
  <trkpt lat="45.77551738" lon="2.96463228"><ele>1324.987</ele><time>2026-09-21T11:13:51Z</time><speed>0.780</speed><sat>29</sat></trkpt>
  <trkpt lat="45.77553389" lon="2.96466105"><ele>1324.606</ele><time>2026-09-21T11:13:54Z</time><speed>0.820</speed><sat>29</sat></trkpt>
  <trkpt lat="45.77554546" lon="2.96469011"><ele>1324.171</ele><time>2026-09-21T11:13:57Z</time><speed>0.810</speed><sat>28</sat></trkpt>
  <trkpt lat="45.77555820" lon="2.96472338"><ele>1323.461</ele><time>2026-09-21T11:14:00Z</time><speed>1.110</speed><sat>29</sat></trkpt>
  <trkpt lat="45.77556966" lon="2.96475108"><ele>1322.973</ele><time>2026-09-21T11:14:03Z</time><speed>0.840</speed><sat>29</sat></trkpt>
  <trkpt lat="45.77557949" lon="2.96478185"><ele>1322.832</ele><time>2026-09-21T11:14:06Z</time><speed>0.910</speed><sat>29</sat></trkpt>
  <trkpt lat="45.77559222" lon="2.96481045"><ele>1322.130</ele><time>2026-09-21T11:14:09Z</time><speed>0.810</speed><sat>29</sat></trkpt>
  <trkpt lat="45.77560403" lon="2.96483207"><ele>1321.535</ele><time>2026-09-21T11:14:12Z</time><speed>0.790</speed><sat>29</sat></trkpt>
  <trkpt lat="45.77561697" lon="2.96485266"><ele>1320.528</ele><time>2026-09-21T11:14:15Z</time><speed>0.650</speed><sat>29</sat></trkpt>
  <trkpt lat="45.77562642" lon="2.96487765"><ele>1320.586</ele><time>2026-09-21T11:14:18Z</time><speed>0.960</speed><sat>29</sat></trkpt>
  <trkpt lat="45.77563964" lon="2.96489853"><ele>1320.297</ele><time>2026-09-21T11:14:21Z</time><speed>0.510</speed><sat>29</sat></trkpt>
  <trkpt lat="45.77565421" lon="2.96492585"><ele>1319.366</ele><time>2026-09-21T11:14:24Z</time><speed>0.880</speed><sat>29</sat></trkpt>
  <trkpt lat="45.77566450" lon="2.96495263"><ele>1318.610</ele><time>2026-09-21T11:14:27Z</time><speed>0.720</speed><sat>29</sat></trkpt>
  <trkpt lat="45.77567346" lon="2.96497107"><ele>1317.755</ele><time>2026-09-21T11:14:30Z</time><speed>0.830</speed><sat>28</sat></trkpt>
  <trkpt lat="45.77568696" lon="2.96499638"><ele>1317.215</ele><time>2026-09-21T11:14:33Z</time><speed>1.210</speed><sat>29</sat></trkpt>
  <trkpt lat="45.77570765" lon="2.96499494"><ele>1317.505</ele><time>2026-09-21T11:14:36Z</time><speed>0.940</speed><sat>29</sat></trkpt>
  <trkpt lat="45.77572360" lon="2.96497197"><ele>1317.001</ele><time>2026-09-21T11:14:39Z</time><speed>0.840</speed><sat>29</sat></trkpt>
  <trkpt lat="45.77573897" lon="2.96495202"><ele>1316.978</ele><time>2026-09-21T11:14:42Z</time><speed>0.760</speed><sat>29</sat></trkpt>
  <trkpt lat="45.77575601" lon="2.96493689"><ele>1316.638</ele><time>2026-09-21T11:14:45Z</time><speed>0.900</speed><sat>29</sat></trkpt>
  <trkpt lat="45.77576958" lon="2.96491734"><ele>1315.748</ele><time>2026-09-21T11:14:48Z</time><speed>0.640</speed><sat>29</sat></trkpt>
  <trkpt lat="45.77578677" lon="2.96489553"><ele>1315.483</ele><time>2026-09-21T11:14:51Z</time><speed>0.900</speed><sat>28</sat></trkpt>
  <trkpt lat="45.77580380" lon="2.96487359"><ele>1314.309</ele><time>2026-09-21T11:14:54Z</time><speed>0.810</speed><sat>28</sat></trkpt>
  <trkpt lat="45.77581578" lon="2.96485543"><ele>1314.168</ele><time>2026-09-21T11:14:57Z</time><speed>0.560</speed><sat>29</sat></trkpt>
  <trkpt lat="45.77583754" lon="2.96484778"><ele>1315.430</ele><time>2026-09-21T11:15:00Z</time><speed>0.820</speed><sat>29</sat></trkpt>
  <trkpt lat="45.77584725" lon="2.96482800"><ele>1315.099</ele><time>2026-09-21T11:15:03Z</time><speed>0.690</speed><sat>28</sat></trkpt>
  <trkpt lat="45.77585891" lon="2.96480823"><ele>1314.433</ele><time>2026-09-21T11:15:06Z</time><speed>0.610</speed><sat>29</sat></trkpt>
  <trkpt lat="45.77587346" lon="2.96478798"><ele>1314.169</ele><time>2026-09-21T11:15:09Z</time><speed>0.800</speed><sat>29</sat></trkpt>
  <trkpt lat="45.77588884" lon="2.96476913"><ele>1313.873</ele><time>2026-09-21T11:15:12Z</time><speed>0.880</speed><sat>29</sat></trkpt>
  <trkpt lat="45.77590150" lon="2.96475301"><ele>1313.390</ele><time>2026-09-21T11:15:15Z</time><speed>0.850</speed><sat>29</sat></trkpt>
  <trkpt lat="45.77591196" lon="2.96473618"><ele>1312.389</ele><time>2026-09-21T11:15:18Z</time><speed>0.680</speed><sat>29</sat></trkpt>
  <trkpt lat="45.77591833" lon="2.96473267"><ele>1312.233</ele><time>2026-09-21T11:15:21Z</time><speed>0.000</speed><sat>29</sat></trkpt>
  <trkpt lat="45.77592745" lon="2.96472011"><ele>1311.548</ele><time>2026-09-21T11:15:24Z</time><speed>0.880</speed><sat>29</sat></trkpt>
  <trkpt lat="45.77593943" lon="2.96470060"><ele>1312.038</ele><time>2026-09-21T11:15:27Z</time><speed>0.920</speed><sat>29</sat></trkpt>
  <trkpt lat="45.77593808" lon="2.96469699"><ele>1312.005</ele><time>2026-09-21T11:15:30Z</time><speed>0.000</speed><sat>29</sat></trkpt>
  <trkpt lat="45.77593752" lon="2.96469670"><ele>1311.951</ele><time>2026-09-21T11:15:33Z</time><speed>0.000</speed><sat>30</sat></trkpt>
  <trkpt lat="45.77593718" lon="2.96469667"><ele>1311.953</ele><time>2026-09-21T11:15:36Z</time><speed>0.000</speed><sat>28</sat></trkpt>
  <trkpt lat="45.77593660" lon="2.96469449"><ele>1311.645</ele><time>2026-09-21T11:15:39Z</time><speed>0.000</speed><sat>25</sat></trkpt>
  <trkpt lat="45.77594332" lon="2.96468762"><ele>1311.264</ele><time>2026-09-21T11:15:42Z</time><speed>0.640</speed><sat>30</sat></trkpt>
  <trkpt lat="45.77595966" lon="2.96467177"><ele>1311.128</ele><time>2026-09-21T11:15:45Z</time><speed>0.710</speed><sat>30</sat></trkpt>
  <trkpt lat="45.77597579" lon="2.96465897"><ele>1309.894</ele><time>2026-09-21T11:15:48Z</time><speed>0.830</speed><sat>29</sat></trkpt>
  <trkpt lat="45.77599204" lon="2.96465037"><ele>1309.346</ele><time>2026-09-21T11:15:51Z</time><speed>0.770</speed><sat>29</sat></trkpt>
  <trkpt lat="45.77600371" lon="2.96463039"><ele>1309.512</ele><time>2026-09-21T11:15:54Z</time><speed>0.490</speed><sat>28</sat></trkpt>
  <trkpt lat="45.77602361" lon="2.96460701"><ele>1309.258</ele><time>2026-09-21T11:15:57Z</time><speed>0.660</speed><sat>29</sat></trkpt>
  <trkpt lat="45.77604170" lon="2.96459092"><ele>1307.843</ele><time>2026-09-21T11:16:00Z</time><speed>0.960</speed><sat>29</sat></trkpt>
  <trkpt lat="45.77605558" lon="2.96457121"><ele>1307.300</ele><time>2026-09-21T11:16:03Z</time><speed>0.700</speed><sat>29</sat></trkpt>
  <trkpt lat="45.77607091" lon="2.96455306"><ele>1306.474</ele><time>2026-09-21T11:16:06Z</time><speed>0.690</speed><sat>29</sat></trkpt>
  <trkpt lat="45.77608736" lon="2.96453356"><ele>1305.779</ele><time>2026-09-21T11:16:09Z</time><speed>0.560</speed><sat>28</sat></trkpt>
  <trkpt lat="45.77609986" lon="2.96451097"><ele>1305.843</ele><time>2026-09-21T11:16:12Z</time><speed>0.410</speed><sat>29</sat></trkpt>
  <trkpt lat="45.77611407" lon="2.96448550"><ele>1306.191</ele><time>2026-09-21T11:16:15Z</time><speed>0.790</speed><sat>29</sat></trkpt>
  <trkpt lat="45.77613039" lon="2.96445985"><ele>1305.365</ele><time>2026-09-21T11:16:18Z</time><speed>0.810</speed><sat>29</sat></trkpt>
  <trkpt lat="45.77614509" lon="2.96444484"><ele>1305.434</ele><time>2026-09-21T11:16:21Z</time><speed>0.600</speed><sat>28</sat></trkpt>
  <trkpt lat="45.77615772" lon="2.96442230"><ele>1304.523</ele><time>2026-09-21T11:16:24Z</time><speed>0.710</speed><sat>29</sat></trkpt>
  <trkpt lat="45.77617218" lon="2.96440114"><ele>1304.053</ele><time>2026-09-21T11:16:27Z</time><speed>0.820</speed><sat>30</sat></trkpt>
  <trkpt lat="45.77618318" lon="2.96438343"><ele>1303.702</ele><time>2026-09-21T11:16:30Z</time><speed>0.320</speed><sat>30</sat></trkpt>
  <trkpt lat="45.77619173" lon="2.96436841"><ele>1303.862</ele><time>2026-09-21T11:16:33Z</time><speed>0.370</speed><sat>30</sat></trkpt>
  <trkpt lat="45.77620073" lon="2.96435999"><ele>1303.852</ele><time>2026-09-21T11:16:36Z</time><speed>0.510</speed><sat>30</sat></trkpt>
  <trkpt lat="45.77620881" lon="2.96434078"><ele>1303.611</ele><time>2026-09-21T11:16:39Z</time><speed>0.410</speed><sat>29</sat></trkpt>
  <trkpt lat="45.77621500" lon="2.96433931"><ele>1303.154</ele><time>2026-09-21T11:16:42Z</time><speed>0.330</speed><sat>29</sat></trkpt>
  <trkpt lat="45.77621758" lon="2.96436997"><ele>1302.652</ele><time>2026-09-21T11:16:45Z</time><speed>1.080</speed><sat>30</sat></trkpt>
  <trkpt lat="45.77622974" lon="2.96439542"><ele>1302.025</ele><time>2026-09-21T11:16:48Z</time><speed>0.800</speed><sat>30</sat></trkpt>
  <trkpt lat="45.77625773" lon="2.96440292"><ele>1300.335</ele><time>2026-09-21T11:16:51Z</time><speed>0.960</speed><sat>30</sat></trkpt>
  <trkpt lat="45.77626798" lon="2.96446249"><ele>1299.879</ele><time>2026-09-21T11:16:54Z</time><speed>0.910</speed><sat>29</sat></trkpt>
  <trkpt lat="45.77628071" lon="2.96449014"><ele>1299.497</ele><time>2026-09-21T11:16:57Z</time><speed>0.900</speed><sat>28</sat></trkpt>
  <trkpt lat="45.77629373" lon="2.96451887"><ele>1298.930</ele><time>2026-09-21T11:17:00Z</time><speed>0.870</speed><sat>29</sat></trkpt>
  <trkpt lat="45.77630413" lon="2.96454245"><ele>1298.391</ele><time>2026-09-21T11:17:03Z</time><speed>0.870</speed><sat>30</sat></trkpt>
  <trkpt lat="45.77631717" lon="2.96456261"><ele>1298.166</ele><time>2026-09-21T11:17:06Z</time><speed>0.850</speed><sat>30</sat></trkpt>
  <trkpt lat="45.77633046" lon="2.96458832"><ele>1297.539</ele><time>2026-09-21T11:17:09Z</time><speed>0.780</speed><sat>30</sat></trkpt>
  <trkpt lat="45.77634412" lon="2.96461834"><ele>1297.213</ele><time>2026-09-21T11:17:12Z</time><speed>0.990</speed><sat>30</sat></trkpt>
  <trkpt lat="45.77635415" lon="2.96464340"><ele>1296.932</ele><time>2026-09-21T11:17:15Z</time><speed>0.760</speed><sat>30</sat></trkpt>
  <trkpt lat="45.77636573" lon="2.96467348"><ele>1296.639</ele><time>2026-09-21T11:17:18Z</time><speed>0.800</speed><sat>30</sat></trkpt>
  <trkpt lat="45.77637464" lon="2.96469502"><ele>1296.077</ele><time>2026-09-21T11:17:21Z</time><speed>0.650</speed><sat>30</sat></trkpt>
  <trkpt lat="45.77638715" lon="2.96471762"><ele>1295.976</ele><time>2026-09-21T11:17:24Z</time><speed>0.530</speed><sat>30</sat></trkpt>
  <trkpt lat="45.77639607" lon="2.96473542"><ele>1295.343</ele><time>2026-09-21T11:17:27Z</time><speed>0.790</speed><sat>30</sat></trkpt>
  <trkpt lat="45.77641019" lon="2.96475527"><ele>1294.656</ele><time>2026-09-21T11:17:30Z</time><speed>0.730</speed><sat>30</sat></trkpt>
  <trkpt lat="45.77642570" lon="2.96475699"><ele>1294.507</ele><time>2026-09-21T11:17:33Z</time><speed>0.590</speed><sat>30</sat></trkpt>
  <trkpt lat="45.77643423" lon="2.96476690"><ele>1294.332</ele><time>2026-09-21T11:17:36Z</time><speed>0.510</speed><sat>31</sat></trkpt>
  <trkpt lat="45.77643222" lon="2.96476548"><ele>1294.188</ele><time>2026-09-21T11:17:39Z</time><speed>0.000</speed><sat>31</sat></trkpt>
  <trkpt lat="45.77643220" lon="2.96476541"><ele>1294.167</ele><time>2026-09-21T11:17:42Z</time><speed>0.000</speed><sat>30</sat></trkpt>
  <trkpt lat="45.77643246" lon="2.96476560"><ele>1294.195</ele><time>2026-09-21T11:17:45Z</time><speed>0.000</speed><sat>30</sat></trkpt>
  <trkpt lat="45.77643261" lon="2.96476632"><ele>1294.201</ele><time>2026-09-21T11:17:48Z</time><speed>0.000</speed><sat>30</sat></trkpt>
  <trkpt lat="45.77643349" lon="2.96477129"><ele>1294.146</ele><time>2026-09-21T11:17:51Z</time><speed>0.360</speed><sat>30</sat></trkpt>
  <trkpt lat="45.77643379" lon="2.96477826"><ele>1294.063</ele><time>2026-09-21T11:17:54Z</time><speed>0.000</speed><sat>30</sat></trkpt>
  <trkpt lat="45.77643370" lon="2.96477938"><ele>1294.102</ele><time>2026-09-21T11:17:57Z</time><speed>0.000</speed><sat>30</sat></trkpt>
  <trkpt lat="45.77643399" lon="2.96477968"><ele>1294.074</ele><time>2026-09-21T11:18:00Z</time><speed>0.000</speed><sat>30</sat></trkpt>
  <trkpt lat="45.77643432" lon="2.96478015"><ele>1294.085</ele><time>2026-09-21T11:18:03Z</time><speed>0.000</speed><sat>30</sat></trkpt>
  <trkpt lat="45.77643427" lon="2.96478045"><ele>1294.071</ele><time>2026-09-21T11:18:06Z</time><speed>0.000</speed><sat>30</sat></trkpt>
  <trkpt lat="45.77643439" lon="2.96478038"><ele>1294.068</ele><time>2026-09-21T11:18:09Z</time><speed>0.000</speed><sat>30</sat></trkpt>
  <trkpt lat="45.77643530" lon="2.96478214"><ele>1293.948</ele><time>2026-09-21T11:18:12Z</time><speed>0.000</speed><sat>29</sat></trkpt>
  <trkpt lat="45.77643516" lon="2.96478262"><ele>1293.958</ele><time>2026-09-21T11:18:15Z</time><speed>0.000</speed><sat>29</sat></trkpt>
  <trkpt lat="45.77643473" lon="2.96478302"><ele>1293.909</ele><time>2026-09-21T11:18:18Z</time><speed>0.000</speed><sat>30</sat></trkpt>
  <trkpt lat="45.77643460" lon="2.96478319"><ele>1293.897</ele><time>2026-09-21T11:18:21Z</time><speed>0.000</speed><sat>30</sat></trkpt>
  <trkpt lat="45.77643477" lon="2.96478302"><ele>1293.924</ele><time>2026-09-21T11:18:24Z</time><speed>0.000</speed><sat>30</sat></trkpt>
  <trkpt lat="45.77643495" lon="2.96478324"><ele>1293.889</ele><time>2026-09-21T11:18:27Z</time><speed>0.000</speed><sat>30</sat></trkpt>
  <trkpt lat="45.77643468" lon="2.96478354"><ele>1293.916</ele><time>2026-09-21T11:18:30Z</time><speed>0.000</speed><sat>29</sat></trkpt>
  <trkpt lat="45.77643473" lon="2.96478327"><ele>1294.002</ele><time>2026-09-21T11:18:33Z</time><speed>0.000</speed><sat>30</sat></trkpt>
  <trkpt lat="45.77643456" lon="2.96478339"><ele>1294.010</ele><time>2026-09-21T11:18:36Z</time><speed>0.000</speed><sat>29</sat></trkpt>
  <trkpt lat="45.77643466" lon="2.96478340"><ele>1294.020</ele><time>2026-09-21T11:18:39Z</time><speed>0.000</speed><sat>29</sat></trkpt>
  <trkpt lat="45.77643481" lon="2.96478337"><ele>1294.024</ele><time>2026-09-21T11:18:42Z</time><speed>0.000</speed><sat>29</sat></trkpt>
  <trkpt lat="45.77643775" lon="2.96478423"><ele>1294.005</ele><time>2026-09-21T11:18:45Z</time><speed>0.350</speed><sat>29</sat></trkpt>
  <trkpt lat="45.77644070" lon="2.96478520"><ele>1294.270</ele><time>2026-09-21T11:18:48Z</time><speed>0.000</speed><sat>29</sat></trkpt>
  <trkpt lat="45.77644048" lon="2.96478459"><ele>1294.301</ele><time>2026-09-21T11:18:51Z</time><speed>0.000</speed><sat>30</sat></trkpt>
  <trkpt lat="45.77644062" lon="2.96478504"><ele>1294.309</ele><time>2026-09-21T11:18:54Z</time><speed>0.000</speed><sat>30</sat></trkpt>
  <trkpt lat="45.77644608" lon="2.96477987"><ele>1294.214</ele><time>2026-09-21T11:18:57Z</time><speed>0.240</speed><sat>30</sat></trkpt>
  <trkpt lat="45.77645816" lon="2.96477581"><ele>1294.223</ele><time>2026-09-21T11:19:00Z</time><speed>0.000</speed><sat>30</sat></trkpt>
  <trkpt lat="45.77645786" lon="2.96477622"><ele>1294.101</ele><time>2026-09-21T11:19:03Z</time><speed>0.000</speed><sat>30</sat></trkpt>
  <trkpt lat="45.77646302" lon="2.96477589"><ele>1294.196</ele><time>2026-09-21T11:19:06Z</time><speed>0.330</speed><sat>29</sat></trkpt>
  <trkpt lat="45.77647232" lon="2.96477080"><ele>1294.034</ele><time>2026-09-21T11:19:09Z</time><speed>0.950</speed><sat>29</sat></trkpt>
  <trkpt lat="45.77647129" lon="2.96477147"><ele>1293.989</ele><time>2026-09-21T11:19:12Z</time><speed>0.000</speed><sat>30</sat></trkpt>
  <trkpt lat="45.77647101" lon="2.96477088"><ele>1293.979</ele><time>2026-09-21T11:19:15Z</time><speed>0.000</speed><sat>31</sat></trkpt>
  <trkpt lat="45.77647079" lon="2.96477032"><ele>1293.895</ele><time>2026-09-21T11:19:18Z</time><speed>0.000</speed><sat>30</sat></trkpt>
  <trkpt lat="45.77647414" lon="2.96476550"><ele>1294.193</ele><time>2026-09-21T11:19:21Z</time><speed>0.000</speed><sat>29</sat></trkpt>
  <trkpt lat="45.77647385" lon="2.96476430"><ele>1294.219</ele><time>2026-09-21T11:19:24Z</time><speed>0.000</speed><sat>30</sat></trkpt>
  <trkpt lat="45.77647404" lon="2.96476312"><ele>1294.168</ele><time>2026-09-21T11:19:27Z</time><speed>0.000</speed><sat>31</sat></trkpt>
  <trkpt lat="45.77647425" lon="2.96476241"><ele>1294.156</ele><time>2026-09-21T11:19:30Z</time><speed>0.000</speed><sat>30</sat></trkpt>
  <trkpt lat="45.77647410" lon="2.96476226"><ele>1294.163</ele><time>2026-09-21T11:19:33Z</time><speed>0.000</speed><sat>30</sat></trkpt>
  <trkpt lat="45.77647423" lon="2.96476082"><ele>1294.160</ele><time>2026-09-21T11:19:36Z</time><speed>0.000</speed><sat>30</sat></trkpt>
  <trkpt lat="45.77647411" lon="2.96475727"><ele>1294.210</ele><time>2026-09-21T11:19:39Z</time><speed>0.280</speed><sat>30</sat></trkpt>
  <trkpt lat="45.77647259" lon="2.96475929"><ele>1294.225</ele><time>2026-09-21T11:19:42Z</time><speed>0.000</speed><sat>30</sat></trkpt>
  <trkpt lat="45.77647255" lon="2.96475987"><ele>1294.243</ele><time>2026-09-21T11:19:45Z</time><speed>0.000</speed><sat>30</sat></trkpt>
  <trkpt lat="45.77647266" lon="2.96475984"><ele>1294.200</ele><time>2026-09-21T11:19:48Z</time><speed>0.000</speed><sat>29</sat></trkpt>
  <trkpt lat="45.77647273" lon="2.96475989"><ele>1294.224</ele><time>2026-09-21T11:19:51Z</time><speed>0.000</speed><sat>29</sat></trkpt>
  <trkpt lat="45.77647285" lon="2.96475988"><ele>1294.203</ele><time>2026-09-21T11:19:54Z</time><speed>0.000</speed><sat>29</sat></trkpt>
  <trkpt lat="45.77647296" lon="2.96476194"><ele>1293.936</ele><time>2026-09-21T11:19:57Z</time><speed>0.000</speed><sat>30</sat></trkpt>
  <trkpt lat="45.77647255" lon="2.96476241"><ele>1293.877</ele><time>2026-09-21T11:20:00Z</time><speed>0.000</speed><sat>29</sat></trkpt>
  <trkpt lat="45.77647242" lon="2.96476291"><ele>1293.867</ele><time>2026-09-21T11:20:03Z</time><speed>0.000</speed><sat>31</sat></trkpt>
  <trkpt lat="45.77647229" lon="2.96476302"><ele>1293.909</ele><time>2026-09-21T11:20:06Z</time><speed>0.000</speed><sat>31</sat></trkpt>
  <trkpt lat="45.77647209" lon="2.96476249"><ele>1293.833</ele><time>2026-09-21T11:20:09Z</time><speed>0.000</speed><sat>31</sat></trkpt>
  <trkpt lat="45.77647058" lon="2.96476466"><ele>1293.680</ele><time>2026-09-21T11:20:12Z</time><speed>0.000</speed><sat>30</sat></trkpt>
  <trkpt lat="45.77647065" lon="2.96476580"><ele>1293.677</ele><time>2026-09-21T11:20:15Z</time><speed>0.000</speed><sat>31</sat></trkpt>
  <trkpt lat="45.77647088" lon="2.96476599"><ele>1293.633</ele><time>2026-09-21T11:20:18Z</time><speed>0.000</speed><sat>29</sat></trkpt>
  <trkpt lat="45.77647109" lon="2.96476613"><ele>1293.634</ele><time>2026-09-21T11:20:21Z</time><speed>0.000</speed><sat>30</sat></trkpt>
  <trkpt lat="45.77647052" lon="2.96476644"><ele>1293.636</ele><time>2026-09-21T11:20:24Z</time><speed>0.000</speed><sat>29</sat></trkpt>
  <trkpt lat="45.77647042" lon="2.96476654"><ele>1293.669</ele><time>2026-09-21T11:20:27Z</time><speed>0.000</speed><sat>30</sat></trkpt>
  <trkpt lat="45.77647043" lon="2.96476666"><ele>1293.719</ele><time>2026-09-21T11:20:30Z</time><speed>0.000</speed><sat>30</sat></trkpt>
  <trkpt lat="45.77647056" lon="2.96476651"><ele>1293.783</ele><time>2026-09-21T11:20:33Z</time><speed>0.000</speed><sat>30</sat></trkpt>
  <trkpt lat="45.77647029" lon="2.96476646"><ele>1293.794</ele><time>2026-09-21T11:20:36Z</time><speed>0.000</speed><sat>31</sat></trkpt>
  <trkpt lat="45.77647020" lon="2.96476621"><ele>1293.871</ele><time>2026-09-21T11:20:39Z</time><speed>0.000</speed><sat>31</sat></trkpt>
  <trkpt lat="45.77646998" lon="2.96476651"><ele>1293.850</ele><time>2026-09-21T11:20:42Z</time><speed>0.000</speed><sat>31</sat></trkpt>
  <trkpt lat="45.77646965" lon="2.96476674"><ele>1293.856</ele><time>2026-09-21T11:20:45Z</time><speed>0.000</speed><sat>31</sat></trkpt>
  <trkpt lat="45.77647000" lon="2.96476521"><ele>1293.905</ele><time>2026-09-21T11:20:48Z</time><speed>0.000</speed><sat>31</sat></trkpt>
  <trkpt lat="45.77646552" lon="2.96476174"><ele>1293.297</ele><time>2026-09-21T11:20:51Z</time><speed>0.000</speed><sat>30</sat></trkpt>
  <trkpt lat="45.77646538" lon="2.96476170"><ele>1293.290</ele><time>2026-09-21T11:20:54Z</time><speed>0.000</speed><sat>30</sat></trkpt>
  <trkpt lat="45.77646557" lon="2.96476258"><ele>1293.296</ele><time>2026-09-21T11:20:57Z</time><speed>0.000</speed><sat>30</sat></trkpt>
  <trkpt lat="45.77646559" lon="2.96476245"><ele>1293.315</ele><time>2026-09-21T11:21:00Z</time><speed>0.000</speed><sat>30</sat></trkpt>
  <trkpt lat="45.77646561" lon="2.96476249"><ele>1293.322</ele><time>2026-09-21T11:21:03Z</time><speed>0.000</speed><sat>30</sat></trkpt>
  <trkpt lat="45.77646561" lon="2.96476237"><ele>1293.346</ele><time>2026-09-21T11:21:06Z</time><speed>0.000</speed><sat>30</sat></trkpt>
  <trkpt lat="45.77646538" lon="2.96476250"><ele>1293.337</ele><time>2026-09-21T11:21:09Z</time><speed>0.000</speed><sat>30</sat></trkpt>
  <trkpt lat="45.77646527" lon="2.96476252"><ele>1293.318</ele><time>2026-09-21T11:21:12Z</time><speed>0.000</speed><sat>30</sat></trkpt>
  <trkpt lat="45.77646555" lon="2.96476300"><ele>1293.323</ele><time>2026-09-21T11:21:15Z</time><speed>0.000</speed><sat>30</sat></trkpt>
  <trkpt lat="45.77646553" lon="2.96476334"><ele>1293.347</ele><time>2026-09-21T11:21:18Z</time><speed>0.000</speed><sat>31</sat></trkpt>
  <trkpt lat="45.77646527" lon="2.96476391"><ele>1293.374</ele><time>2026-09-21T11:21:21Z</time><speed>0.000</speed><sat>31</sat></trkpt>
  <trkpt lat="45.77646534" lon="2.96476409"><ele>1293.390</ele><time>2026-09-21T11:21:24Z</time><speed>0.000</speed><sat>31</sat></trkpt>
  <trkpt lat="45.77646564" lon="2.96476407"><ele>1293.402</ele><time>2026-09-21T11:21:27Z</time><speed>0.000</speed><sat>31</sat></trkpt>
  <trkpt lat="45.77646560" lon="2.96476423"><ele>1293.364</ele><time>2026-09-21T11:21:30Z</time><speed>0.000</speed><sat>31</sat></trkpt>
  <trkpt lat="45.77646539" lon="2.96476434"><ele>1293.332</ele><time>2026-09-21T11:21:33Z</time><speed>0.000</speed><sat>31</sat></trkpt>
  <trkpt lat="45.77646456" lon="2.96476411"><ele>1293.353</ele><time>2026-09-21T11:21:36Z</time><speed>0.000</speed><sat>30</sat></trkpt>
  <trkpt lat="45.77646442" lon="2.96476405"><ele>1293.365</ele><time>2026-09-21T11:21:39Z</time><speed>0.000</speed><sat>30</sat></trkpt>
  <trkpt lat="45.77646439" lon="2.96476432"><ele>1293.391</ele><time>2026-09-21T11:21:42Z</time><speed>0.000</speed><sat>30</sat></trkpt>
  <trkpt lat="45.77646448" lon="2.96476470"><ele>1293.404</ele><time>2026-09-21T11:21:45Z</time><speed>0.000</speed><sat>30</sat></trkpt>
  <trkpt lat="45.77646444" lon="2.96476462"><ele>1293.422</ele><time>2026-09-21T11:21:48Z</time><speed>0.000</speed><sat>30</sat></trkpt>
  <trkpt lat="45.77646438" lon="2.96476472"><ele>1293.462</ele><time>2026-09-21T11:21:51Z</time><speed>0.000</speed><sat>30</sat></trkpt>
  <trkpt lat="45.77646425" lon="2.96476446"><ele>1293.512</ele><time>2026-09-21T11:21:54Z</time><speed>0.000</speed><sat>30</sat></trkpt>
  <trkpt lat="45.77646390" lon="2.96476467"><ele>1293.535</ele><time>2026-09-21T11:21:57Z</time><speed>0.000</speed><sat>30</sat></trkpt>
  <trkpt lat="45.77646392" lon="2.96476400"><ele>1293.561</ele><time>2026-09-21T11:22:00Z</time><speed>0.000</speed><sat>31</sat></trkpt>
  <trkpt lat="45.77646455" lon="2.96476424"><ele>1293.545</ele><time>2026-09-21T11:22:03Z</time><speed>0.000</speed><sat>31</sat></trkpt>
  <trkpt lat="45.77646548" lon="2.96476318"><ele>1293.529</ele><time>2026-09-21T11:22:06Z</time><speed>0.000</speed><sat>30</sat></trkpt>
  <trkpt lat="45.77646531" lon="2.96476280"><ele>1293.469</ele><time>2026-09-21T11:22:09Z</time><speed>0.000</speed><sat>30</sat></trkpt>
  <trkpt lat="45.77646506" lon="2.96476250"><ele>1293.431</ele><time>2026-09-21T11:22:12Z</time><speed>0.000</speed><sat>29</sat></trkpt>
  <trkpt lat="45.77646516" lon="2.96476206"><ele>1293.403</ele><time>2026-09-21T11:22:15Z</time><speed>0.000</speed><sat>28</sat></trkpt>
  <trkpt lat="45.77646510" lon="2.96476214"><ele>1293.424</ele><time>2026-09-21T11:22:18Z</time><speed>0.000</speed><sat>27</sat></trkpt>
  <trkpt lat="45.77646492" lon="2.96476229"><ele>1293.448</ele><time>2026-09-21T11:22:21Z</time><speed>0.000</speed><sat>30</sat></trkpt>
  <trkpt lat="45.77646493" lon="2.96476206"><ele>1293.414</ele><time>2026-09-21T11:22:24Z</time><speed>0.000</speed><sat>30</sat></trkpt>
  <trkpt lat="45.77646491" lon="2.96476202"><ele>1293.421</ele><time>2026-09-21T11:22:27Z</time><speed>0.000</speed><sat>30</sat></trkpt>
  <trkpt lat="45.77646493" lon="2.96476195"><ele>1293.420</ele><time>2026-09-21T11:22:30Z</time><speed>0.000</speed><sat>30</sat></trkpt>
  <trkpt lat="45.77646466" lon="2.96476224"><ele>1293.435</ele><time>2026-09-21T11:22:33Z</time><speed>0.000</speed><sat>29</sat></trkpt>
  <trkpt lat="45.77646442" lon="2.96476231"><ele>1293.448</ele><time>2026-09-21T11:22:36Z</time><speed>0.000</speed><sat>29</sat></trkpt>
  <trkpt lat="45.77646434" lon="2.96476212"><ele>1293.447</ele><time>2026-09-21T11:22:39Z</time><speed>0.000</speed><sat>29</sat></trkpt>
  <trkpt lat="45.77646410" lon="2.96476198"><ele>1293.414</ele><time>2026-09-21T11:22:42Z</time><speed>0.000</speed><sat>29</sat></trkpt>
  <trkpt lat="45.77646393" lon="2.96476175"><ele>1293.376</ele><time>2026-09-21T11:22:45Z</time><speed>0.000</speed><sat>29</sat></trkpt>
  <trkpt lat="45.77646392" lon="2.96476183"><ele>1293.384</ele><time>2026-09-21T11:22:48Z</time><speed>0.000</speed><sat>29</sat></trkpt>
  <trkpt lat="45.77646371" lon="2.96476176"><ele>1293.369</ele><time>2026-09-21T11:22:51Z</time><speed>0.000</speed><sat>29</sat></trkpt>
  <trkpt lat="45.77646484" lon="2.96476190"><ele>1293.272</ele><time>2026-09-21T11:22:54Z</time><speed>0.000</speed><sat>29</sat></trkpt>
  <trkpt lat="45.77646719" lon="2.96476067"><ele>1293.160</ele><time>2026-09-21T11:22:57Z</time><speed>0.330</speed><sat>29</sat></trkpt>
  <trkpt lat="45.77646764" lon="2.96475957"><ele>1293.153</ele><time>2026-09-21T11:23:00Z</time><speed>0.000</speed><sat>29</sat></trkpt>
  <trkpt lat="45.77646788" lon="2.96475704"><ele>1293.260</ele><time>2026-09-21T11:23:03Z</time><speed>0.000</speed><sat>30</sat></trkpt>
  <trkpt lat="45.77646761" lon="2.96475559"><ele>1293.272</ele><time>2026-09-21T11:23:06Z</time><speed>0.000</speed><sat>29</sat></trkpt>
  <trkpt lat="45.77646759" lon="2.96475553"><ele>1293.278</ele><time>2026-09-21T11:23:09Z</time><speed>0.000</speed><sat>30</sat></trkpt>
  <trkpt lat="45.77646738" lon="2.96475507"><ele>1293.339</ele><time>2026-09-21T11:23:12Z</time><speed>0.000</speed><sat>30</sat></trkpt>
  <trkpt lat="45.77646716" lon="2.96475476"><ele>1293.377</ele><time>2026-09-21T11:23:15Z</time><speed>0.000</speed><sat>30</sat></trkpt>
  <trkpt lat="45.77646759" lon="2.96475128"><ele>1293.336</ele><time>2026-09-21T11:23:18Z</time><speed>0.250</speed><sat>30</sat></trkpt>
  <trkpt lat="45.77647428" lon="2.96474915"><ele>1292.854</ele><time>2026-09-21T11:23:21Z</time><speed>0.000</speed><sat>30</sat></trkpt>
  <trkpt lat="45.77647463" lon="2.96474835"><ele>1292.886</ele><time>2026-09-21T11:23:24Z</time><speed>0.000</speed><sat>30</sat></trkpt>
  <trkpt lat="45.77647787" lon="2.96474848"><ele>1293.164</ele><time>2026-09-21T11:23:27Z</time><speed>0.000</speed><sat>30</sat></trkpt>
  <trkpt lat="45.77647857" lon="2.96474827"><ele>1293.159</ele><time>2026-09-21T11:23:30Z</time><speed>0.000</speed><sat>30</sat></trkpt>
  <trkpt lat="45.77648121" lon="2.96473805"><ele>1293.029</ele><time>2026-09-21T11:23:33Z</time><speed>0.160</speed><sat>30</sat></trkpt>
  <trkpt lat="45.77648120" lon="2.96473614"><ele>1293.070</ele><time>2026-09-21T11:23:36Z</time><speed>0.000</speed><sat>29</sat></trkpt>
  <trkpt lat="45.77648076" lon="2.96473575"><ele>1293.042</ele><time>2026-09-21T11:23:39Z</time><speed>0.000</speed><sat>29</sat></trkpt>
  <trkpt lat="45.77648057" lon="2.96473390"><ele>1292.815</ele><time>2026-09-21T11:23:42Z</time><speed>0.000</speed><sat>29</sat></trkpt>
  <trkpt lat="45.77648074" lon="2.96473583"><ele>1292.796</ele><time>2026-09-21T11:23:45Z</time><speed>0.000</speed><sat>29</sat></trkpt>
  <trkpt lat="45.77648038" lon="2.96473688"><ele>1292.796</ele><time>2026-09-21T11:23:48Z</time><speed>0.000</speed><sat>28</sat></trkpt>
  <trkpt lat="45.77647987" lon="2.96473740"><ele>1292.771</ele><time>2026-09-21T11:23:51Z</time><speed>0.000</speed><sat>29</sat></trkpt>
  <trkpt lat="45.77647974" lon="2.96473725"><ele>1292.747</ele><time>2026-09-21T11:23:54Z</time><speed>0.000</speed><sat>29</sat></trkpt>
  <trkpt lat="45.77647978" lon="2.96473727"><ele>1292.741</ele><time>2026-09-21T11:23:57Z</time><speed>0.000</speed><sat>30</sat></trkpt>
  <trkpt lat="45.77648023" lon="2.96473647"><ele>1292.750</ele><time>2026-09-21T11:24:00Z</time><speed>0.000</speed><sat>30</sat></trkpt>
  <trkpt lat="45.77648089" lon="2.96473717"><ele>1292.788</ele><time>2026-09-21T11:24:03Z</time><speed>0.000</speed><sat>30</sat></trkpt>
  <trkpt lat="45.77648173" lon="2.96473765"><ele>1292.772</ele><time>2026-09-21T11:24:06Z</time><speed>0.000</speed><sat>29</sat></trkpt>
  <trkpt lat="45.77648174" lon="2.96473808"><ele>1292.780</ele><time>2026-09-21T11:24:09Z</time><speed>0.000</speed><sat>30</sat></trkpt>
  <trkpt lat="45.77648195" lon="2.96473833"><ele>1292.780</ele><time>2026-09-21T11:24:12Z</time><speed>0.000</speed><sat>30</sat></trkpt>
  <trkpt lat="45.77648244" lon="2.96473890"><ele>1292.722</ele><time>2026-09-21T11:24:15Z</time><speed>0.000</speed><sat>30</sat></trkpt>
  <trkpt lat="45.77648252" lon="2.96473935"><ele>1292.740</ele><time>2026-09-21T11:24:18Z</time><speed>0.000</speed><sat>29</sat></trkpt>
  <trkpt lat="45.77648246" lon="2.96473944"><ele>1292.703</ele><time>2026-09-21T11:24:21Z</time><speed>0.000</speed><sat>30</sat></trkpt>
  <trkpt lat="45.77648255" lon="2.96473976"><ele>1292.725</ele><time>2026-09-21T11:24:24Z</time><speed>0.000</speed><sat>30</sat></trkpt>
  <trkpt lat="45.77648288" lon="2.96474021"><ele>1292.705</ele><time>2026-09-21T11:24:27Z</time><speed>0.000</speed><sat>30</sat></trkpt>
  <trkpt lat="45.77648279" lon="2.96474065"><ele>1292.728</ele><time>2026-09-21T11:24:30Z</time><speed>0.000</speed><sat>30</sat></trkpt>
  <trkpt lat="45.77649642" lon="2.96474002"><ele>1292.780</ele><time>2026-09-21T11:24:33Z</time><speed>0.770</speed><sat>29</sat></trkpt>
  <trkpt lat="45.77652132" lon="2.96473038"><ele>1292.655</ele><time>2026-09-21T11:24:36Z</time><speed>0.990</speed><sat>30</sat></trkpt>
  <trkpt lat="45.77654879" lon="2.96471963"><ele>1292.203</ele><time>2026-09-21T11:24:39Z</time><speed>1.000</speed><sat>29</sat></trkpt>
  <trkpt lat="45.77657585" lon="2.96470687"><ele>1291.826</ele><time>2026-09-21T11:24:42Z</time><speed>1.050</speed><sat>30</sat></trkpt>
  <trkpt lat="45.77660256" lon="2.96469297"><ele>1291.265</ele><time>2026-09-21T11:24:45Z</time><speed>1.070</speed><sat>30</sat></trkpt>
  <trkpt lat="45.77662874" lon="2.96467920"><ele>1289.574</ele><time>2026-09-21T11:24:48Z</time><speed>0.880</speed><sat>30</sat></trkpt>
  <trkpt lat="45.77665784" lon="2.96467001"><ele>1289.458</ele><time>2026-09-21T11:24:51Z</time><speed>1.120</speed><sat>30</sat></trkpt>
  <trkpt lat="45.77668216" lon="2.96465669"><ele>1288.822</ele><time>2026-09-21T11:24:54Z</time><speed>0.870</speed><sat>29</sat></trkpt>
  <trkpt lat="45.77670785" lon="2.96464660"><ele>1288.450</ele><time>2026-09-21T11:24:57Z</time><speed>0.940</speed><sat>30</sat></trkpt>
  <trkpt lat="45.77673613" lon="2.96463101"><ele>1287.703</ele><time>2026-09-21T11:25:00Z</time><speed>0.930</speed><sat>30</sat></trkpt>
  <trkpt lat="45.77676038" lon="2.96462549"><ele>1287.443</ele><time>2026-09-21T11:25:03Z</time><speed>1.070</speed><sat>30</sat></trkpt>
  <trkpt lat="45.77678179" lon="2.96461690"><ele>1286.973</ele><time>2026-09-21T11:25:06Z</time><speed>0.800</speed><sat>30</sat></trkpt>
  <trkpt lat="45.77681008" lon="2.96461095"><ele>1286.954</ele><time>2026-09-21T11:25:09Z</time><speed>1.140</speed><sat>30</sat></trkpt>
  <trkpt lat="45.77684226" lon="2.96459811"><ele>1286.895</ele><time>2026-09-21T11:25:12Z</time><speed>1.210</speed><sat>29</sat></trkpt>
  <trkpt lat="45.77687043" lon="2.96458756"><ele>1286.135</ele><time>2026-09-21T11:25:15Z</time><speed>0.950</speed><sat>29</sat></trkpt>
  <trkpt lat="45.77689680" lon="2.96458094"><ele>1285.830</ele><time>2026-09-21T11:25:18Z</time><speed>1.000</speed><sat>30</sat></trkpt>
  <trkpt lat="45.77692775" lon="2.96456746"><ele>1285.401</ele><time>2026-09-21T11:25:21Z</time><speed>1.150</speed><sat>30</sat></trkpt>
  <trkpt lat="45.77695417" lon="2.96455766"><ele>1284.908</ele><time>2026-09-21T11:25:24Z</time><speed>1.080</speed><sat>30</sat></trkpt>
  <trkpt lat="45.77697823" lon="2.96454821"><ele>1284.058</ele><time>2026-09-21T11:25:27Z</time><speed>0.830</speed><sat>30</sat></trkpt>
  <trkpt lat="45.77700416" lon="2.96453624"><ele>1282.965</ele><time>2026-09-21T11:25:30Z</time><speed>0.980</speed><sat>30</sat></trkpt>
  <trkpt lat="45.77702706" lon="2.96452389"><ele>1282.648</ele><time>2026-09-21T11:25:33Z</time><speed>0.940</speed><sat>31</sat></trkpt>
  <trkpt lat="45.77705842" lon="2.96451959"><ele>1281.569</ele><time>2026-09-21T11:25:36Z</time><speed>1.190</speed><sat>31</sat></trkpt>
  <trkpt lat="45.77708867" lon="2.96451213"><ele>1280.776</ele><time>2026-09-21T11:25:39Z</time><speed>1.160</speed><sat>30</sat></trkpt>
  <trkpt lat="45.77711903" lon="2.96450484"><ele>1280.449</ele><time>2026-09-21T11:25:42Z</time><speed>1.110</speed><sat>30</sat></trkpt>
  <trkpt lat="45.77714545" lon="2.96449707"><ele>1280.195</ele><time>2026-09-21T11:25:45Z</time><speed>0.930</speed><sat>29</sat></trkpt>
  <trkpt lat="45.77717393" lon="2.96449905"><ele>1280.173</ele><time>2026-09-21T11:25:48Z</time><speed>0.950</speed><sat>29</sat></trkpt>
  <trkpt lat="45.77719654" lon="2.96449052"><ele>1279.427</ele><time>2026-09-21T11:25:51Z</time><speed>0.920</speed><sat>30</sat></trkpt>
  <trkpt lat="45.77722407" lon="2.96447624"><ele>1279.102</ele><time>2026-09-21T11:25:54Z</time><speed>1.230</speed><sat>31</sat></trkpt>
  <trkpt lat="45.77725581" lon="2.96446789"><ele>1279.001</ele><time>2026-09-21T11:25:57Z</time><speed>1.100</speed><sat>31</sat></trkpt>
  <trkpt lat="45.77728327" lon="2.96445247"><ele>1278.473</ele><time>2026-09-21T11:26:00Z</time><speed>0.990</speed><sat>31</sat></trkpt>
  <trkpt lat="45.77731801" lon="2.96443936"><ele>1277.955</ele><time>2026-09-21T11:26:03Z</time><speed>1.310</speed><sat>32</sat></trkpt>
  <trkpt lat="45.77735271" lon="2.96442726"><ele>1277.431</ele><time>2026-09-21T11:26:06Z</time><speed>1.250</speed><sat>32</sat></trkpt>
  <trkpt lat="45.77738311" lon="2.96441222"><ele>1276.785</ele><time>2026-09-21T11:26:09Z</time><speed>0.990</speed><sat>32</sat></trkpt>
  <trkpt lat="45.77741385" lon="2.96440415"><ele>1276.173</ele><time>2026-09-21T11:26:12Z</time><speed>1.160</speed><sat>32</sat></trkpt>
  <trkpt lat="45.77744463" lon="2.96439817"><ele>1276.006</ele><time>2026-09-21T11:26:15Z</time><speed>1.110</speed><sat>32</sat></trkpt>
  <trkpt lat="45.77747659" lon="2.96438571"><ele>1275.694</ele><time>2026-09-21T11:26:18Z</time><speed>1.140</speed><sat>32</sat></trkpt>
  <trkpt lat="45.77750584" lon="2.96438072"><ele>1275.246</ele><time>2026-09-21T11:26:21Z</time><speed>0.990</speed><sat>32</sat></trkpt>
  <trkpt lat="45.77753615" lon="2.96437151"><ele>1274.475</ele><time>2026-09-21T11:26:24Z</time><speed>1.200</speed><sat>32</sat></trkpt>
  <trkpt lat="45.77757003" lon="2.96436897"><ele>1274.236</ele><time>2026-09-21T11:26:27Z</time><speed>1.040</speed><sat>32</sat></trkpt>
  <trkpt lat="45.77759488" lon="2.96436271"><ele>1273.914</ele><time>2026-09-21T11:26:30Z</time><speed>0.860</speed><sat>32</sat></trkpt>
  <trkpt lat="45.77761852" lon="2.96435047"><ele>1273.266</ele><time>2026-09-21T11:26:33Z</time><speed>1.040</speed><sat>31</sat></trkpt>
  <trkpt lat="45.77764669" lon="2.96434056"><ele>1272.771</ele><time>2026-09-21T11:26:36Z</time><speed>1.090</speed><sat>31</sat></trkpt>
  <trkpt lat="45.77768062" lon="2.96433389"><ele>1272.704</ele><time>2026-09-21T11:26:39Z</time><speed>1.090</speed><sat>32</sat></trkpt>
  <trkpt lat="45.77770983" lon="2.96432752"><ele>1272.563</ele><time>2026-09-21T11:26:42Z</time><speed>1.150</speed><sat>32</sat></trkpt>
  <trkpt lat="45.77774016" lon="2.96432093"><ele>1271.800</ele><time>2026-09-21T11:26:45Z</time><speed>1.020</speed><sat>32</sat></trkpt>
  <trkpt lat="45.77777069" lon="2.96432128"><ele>1271.988</ele><time>2026-09-21T11:26:48Z</time><speed>1.060</speed><sat>32</sat></trkpt>
  <trkpt lat="45.77780200" lon="2.96431074"><ele>1271.943</ele><time>2026-09-21T11:26:51Z</time><speed>1.150</speed><sat>32</sat></trkpt>
  <trkpt lat="45.77783378" lon="2.96431221"><ele>1271.566</ele><time>2026-09-21T11:26:54Z</time><speed>1.210</speed><sat>32</sat></trkpt>
  <trkpt lat="45.77786362" lon="2.96430469"><ele>1270.490</ele><time>2026-09-21T11:26:57Z</time><speed>1.120</speed><sat>32</sat></trkpt>
  <trkpt lat="45.77789473" lon="2.96430070"><ele>1269.726</ele><time>2026-09-21T11:27:00Z</time><speed>1.010</speed><sat>32</sat></trkpt>
  <trkpt lat="45.77792721" lon="2.96429874"><ele>1269.295</ele><time>2026-09-21T11:27:03Z</time><speed>1.100</speed><sat>32</sat></trkpt>
  <trkpt lat="45.77796246" lon="2.96430268"><ele>1269.870</ele><time>2026-09-21T11:27:06Z</time><speed>1.220</speed><sat>31</sat></trkpt>
  <trkpt lat="45.77799806" lon="2.96430249"><ele>1269.461</ele><time>2026-09-21T11:27:09Z</time><speed>1.250</speed><sat>31</sat></trkpt>
  <trkpt lat="45.77803079" lon="2.96430707"><ele>1269.684</ele><time>2026-09-21T11:27:12Z</time><speed>0.940</speed><sat>31</sat></trkpt>
  <trkpt lat="45.77806373" lon="2.96430682"><ele>1269.111</ele><time>2026-09-21T11:27:15Z</time><speed>1.060</speed><sat>31</sat></trkpt>
  <trkpt lat="45.77809946" lon="2.96430562"><ele>1268.528</ele><time>2026-09-21T11:27:18Z</time><speed>1.060</speed><sat>31</sat></trkpt>
  <trkpt lat="45.77813124" lon="2.96429537"><ele>1268.037</ele><time>2026-09-21T11:27:21Z</time><speed>0.950</speed><sat>31</sat></trkpt>
  <trkpt lat="45.77815980" lon="2.96427009"><ele>1267.650</ele><time>2026-09-21T11:27:24Z</time><speed>1.120</speed><sat>31</sat></trkpt>
  <trkpt lat="45.77817731" lon="2.96422320"><ele>1266.672</ele><time>2026-09-21T11:27:27Z</time><speed>0.950</speed><sat>31</sat></trkpt>
  <trkpt lat="45.77818902" lon="2.96417012"><ele>1266.055</ele><time>2026-09-21T11:27:30Z</time><speed>1.370</speed><sat>31</sat></trkpt>
  <trkpt lat="45.77820433" lon="2.96412514"><ele>1266.333</ele><time>2026-09-21T11:27:33Z</time><speed>1.050</speed><sat>31</sat></trkpt>
  <trkpt lat="45.77822244" lon="2.96408652"><ele>1265.833</ele><time>2026-09-21T11:27:36Z</time><speed>1.040</speed><sat>31</sat></trkpt>
  <trkpt lat="45.77824595" lon="2.96405740"><ele>1265.857</ele><time>2026-09-21T11:27:39Z</time><speed>1.040</speed><sat>31</sat></trkpt>
  <trkpt lat="45.77827116" lon="2.96403146"><ele>1265.734</ele><time>2026-09-21T11:27:42Z</time><speed>1.030</speed><sat>31</sat></trkpt>
  <trkpt lat="45.77829807" lon="2.96400181"><ele>1265.614</ele><time>2026-09-21T11:27:45Z</time><speed>0.970</speed><sat>31</sat></trkpt>
  <trkpt lat="45.77832838" lon="2.96396805"><ele>1266.516</ele><time>2026-09-21T11:27:48Z</time><speed>1.550</speed><sat>31</sat></trkpt>
  <trkpt lat="45.77835384" lon="2.96393838"><ele>1266.514</ele><time>2026-09-21T11:27:51Z</time><speed>1.080</speed><sat>32</sat></trkpt>
  <trkpt lat="45.77838213" lon="2.96391446"><ele>1266.863</ele><time>2026-09-21T11:27:54Z</time><speed>1.300</speed><sat>32</sat></trkpt>
  <trkpt lat="45.77841104" lon="2.96388654"><ele>1266.502</ele><time>2026-09-21T11:27:57Z</time><speed>1.150</speed><sat>32</sat></trkpt>
  <trkpt lat="45.77843986" lon="2.96385938"><ele>1264.963</ele><time>2026-09-21T11:28:00Z</time><speed>1.300</speed><sat>32</sat></trkpt>
  <trkpt lat="45.77847282" lon="2.96384848"><ele>1265.329</ele><time>2026-09-21T11:28:03Z</time><speed>1.150</speed><sat>32</sat></trkpt>
  <trkpt lat="45.77850214" lon="2.96384014"><ele>1264.967</ele><time>2026-09-21T11:28:06Z</time><speed>0.950</speed><sat>32</sat></trkpt>
  <trkpt lat="45.77853840" lon="2.96383326"><ele>1264.606</ele><time>2026-09-21T11:28:09Z</time><speed>1.250</speed><sat>32</sat></trkpt>
  <trkpt lat="45.77856960" lon="2.96383461"><ele>1264.375</ele><time>2026-09-21T11:28:12Z</time><speed>1.000</speed><sat>32</sat></trkpt>
  <trkpt lat="45.77860678" lon="2.96382808"><ele>1263.921</ele><time>2026-09-21T11:28:15Z</time><speed>1.140</speed><sat>32</sat></trkpt>
  <trkpt lat="45.77863868" lon="2.96381580"><ele>1263.378</ele><time>2026-09-21T11:28:18Z</time><speed>1.100</speed><sat>32</sat></trkpt>
  <trkpt lat="45.77867839" lon="2.96381039"><ele>1263.591</ele><time>2026-09-21T11:28:21Z</time><speed>1.190</speed><sat>32</sat></trkpt>
  <trkpt lat="45.77870869" lon="2.96381156"><ele>1263.162</ele><time>2026-09-21T11:28:24Z</time><speed>0.960</speed><sat>31</sat></trkpt>
  <trkpt lat="45.77874370" lon="2.96380473"><ele>1262.844</ele><time>2026-09-21T11:28:27Z</time><speed>1.040</speed><sat>31</sat></trkpt>
  <trkpt lat="45.77877427" lon="2.96380601"><ele>1262.285</ele><time>2026-09-21T11:28:30Z</time><speed>1.050</speed><sat>31</sat></trkpt>
  <trkpt lat="45.77881232" lon="2.96380422"><ele>1262.472</ele><time>2026-09-21T11:28:33Z</time><speed>1.380</speed><sat>31</sat></trkpt>
  <trkpt lat="45.77884671" lon="2.96380390"><ele>1262.794</ele><time>2026-09-21T11:28:36Z</time><speed>1.200</speed><sat>31</sat></trkpt>
  <trkpt lat="45.77887720" lon="2.96380335"><ele>1261.886</ele><time>2026-09-21T11:28:39Z</time><speed>1.070</speed><sat>30</sat></trkpt>
  <trkpt lat="45.77891307" lon="2.96380829"><ele>1262.233</ele><time>2026-09-21T11:28:42Z</time><speed>1.110</speed><sat>29</sat></trkpt>
  <trkpt lat="45.77894560" lon="2.96381017"><ele>1262.119</ele><time>2026-09-21T11:28:45Z</time><speed>1.200</speed><sat>30</sat></trkpt>
  <trkpt lat="45.77897687" lon="2.96381750"><ele>1262.549</ele><time>2026-09-21T11:28:48Z</time><speed>1.040</speed><sat>31</sat></trkpt>
  <trkpt lat="45.77900774" lon="2.96381950"><ele>1261.566</ele><time>2026-09-21T11:28:51Z</time><speed>1.070</speed><sat>31</sat></trkpt>
  <trkpt lat="45.77904428" lon="2.96381910"><ele>1261.296</ele><time>2026-09-21T11:28:54Z</time><speed>1.110</speed><sat>29</sat></trkpt>
  <trkpt lat="45.77907552" lon="2.96381902"><ele>1260.526</ele><time>2026-09-21T11:28:57Z</time><speed>1.010</speed><sat>29</sat></trkpt>
  <trkpt lat="45.77910681" lon="2.96383073"><ele>1260.988</ele><time>2026-09-21T11:29:00Z</time><speed>1.170</speed><sat>27</sat></trkpt>
  <trkpt lat="45.77913745" lon="2.96383905"><ele>1262.021</ele><time>2026-09-21T11:29:03Z</time><speed>1.030</speed><sat>28</sat></trkpt>
  <trkpt lat="45.77916916" lon="2.96385273"><ele>1262.689</ele><time>2026-09-21T11:29:06Z</time><speed>1.100</speed><sat>28</sat></trkpt>
  <trkpt lat="45.77920253" lon="2.96385344"><ele>1261.210</ele><time>2026-09-21T11:29:09Z</time><speed>1.110</speed><sat>28</sat></trkpt>
  <trkpt lat="45.77923528" lon="2.96385540"><ele>1261.204</ele><time>2026-09-21T11:29:12Z</time><speed>1.100</speed><sat>27</sat></trkpt>
  <trkpt lat="45.77926647" lon="2.96386751"><ele>1260.779</ele><time>2026-09-21T11:29:15Z</time><speed>1.120</speed><sat>26</sat></trkpt>
  <trkpt lat="45.77930117" lon="2.96387453"><ele>1259.453</ele><time>2026-09-21T11:29:18Z</time><speed>1.150</speed><sat>26</sat></trkpt>
  <trkpt lat="45.77933387" lon="2.96388043"><ele>1258.487</ele><time>2026-09-21T11:29:21Z</time><speed>1.130</speed><sat>26</sat></trkpt>
  <trkpt lat="45.77936801" lon="2.96389045"><ele>1258.778</ele><time>2026-09-21T11:29:24Z</time><speed>1.210</speed><sat>27</sat></trkpt>
  <trkpt lat="45.77939988" lon="2.96389672"><ele>1259.136</ele><time>2026-09-21T11:29:27Z</time><speed>1.170</speed><sat>28</sat></trkpt>
  <trkpt lat="45.77942559" lon="2.96392393"><ele>1259.993</ele><time>2026-09-21T11:29:30Z</time><speed>1.130</speed><sat>27</sat></trkpt>
  <trkpt lat="45.77945256" lon="2.96394703"><ele>1259.043</ele><time>2026-09-21T11:29:33Z</time><speed>1.120</speed><sat>27</sat></trkpt>
  <trkpt lat="45.77948029" lon="2.96396122"><ele>1258.244</ele><time>2026-09-21T11:29:36Z</time><speed>1.120</speed><sat>28</sat></trkpt>
  <trkpt lat="45.77950575" lon="2.96398251"><ele>1257.260</ele><time>2026-09-21T11:29:39Z</time><speed>1.150</speed><sat>27</sat></trkpt>
  <trkpt lat="45.77952927" lon="2.96400808"><ele>1257.722</ele><time>2026-09-21T11:29:42Z</time><speed>1.220</speed><sat>27</sat></trkpt>
  <trkpt lat="45.77955526" lon="2.96402644"><ele>1255.656</ele><time>2026-09-21T11:29:45Z</time><speed>1.200</speed><sat>26</sat></trkpt>
  <trkpt lat="45.77957959" lon="2.96404950"><ele>1254.456</ele><time>2026-09-21T11:29:48Z</time><speed>1.230</speed><sat>27</sat></trkpt>
  <trkpt lat="45.77960774" lon="2.96406762"><ele>1254.823</ele><time>2026-09-21T11:29:51Z</time><speed>1.190</speed><sat>27</sat></trkpt>
  <trkpt lat="45.77963727" lon="2.96408858"><ele>1255.932</ele><time>2026-09-21T11:29:54Z</time><speed>1.180</speed><sat>27</sat></trkpt>
  <trkpt lat="45.77966285" lon="2.96410978"><ele>1253.788</ele><time>2026-09-21T11:29:57Z</time><speed>1.180</speed><sat>27</sat></trkpt>
  <trkpt lat="45.77969035" lon="2.96412911"><ele>1254.122</ele><time>2026-09-21T11:30:00Z</time><speed>1.180</speed><sat>26</sat></trkpt>
  <trkpt lat="45.77971967" lon="2.96415174"><ele>1252.873</ele><time>2026-09-21T11:30:03Z</time><speed>1.230</speed><sat>25</sat></trkpt>
  <trkpt lat="45.77975193" lon="2.96417494"><ele>1251.444</ele><time>2026-09-21T11:30:06Z</time><speed>1.250</speed><sat>26</sat></trkpt>
  <trkpt lat="45.77978036" lon="2.96419787"><ele>1251.005</ele><time>2026-09-21T11:30:09Z</time><speed>1.230</speed><sat>27</sat></trkpt>
  <trkpt lat="45.77981256" lon="2.96420344"><ele>1249.686</ele><time>2026-09-21T11:30:12Z</time><speed>1.160</speed><sat>26</sat></trkpt>
  <trkpt lat="45.77984749" lon="2.96420957"><ele>1247.831</ele><time>2026-09-21T11:30:15Z</time><speed>1.100</speed><sat>26</sat></trkpt>
  <trkpt lat="45.77988063" lon="2.96421640"><ele>1247.039</ele><time>2026-09-21T11:30:18Z</time><speed>1.130</speed><sat>26</sat></trkpt>
  <trkpt lat="45.77991445" lon="2.96421775"><ele>1246.788</ele><time>2026-09-21T11:30:21Z</time><speed>1.160</speed><sat>25</sat></trkpt>
  <trkpt lat="45.77994567" lon="2.96422085"><ele>1245.582</ele><time>2026-09-21T11:30:24Z</time><speed>1.120</speed><sat>23</sat></trkpt>
  <trkpt lat="45.77997257" lon="2.96422449"><ele>1245.377</ele><time>2026-09-21T11:30:27Z</time><speed>1.040</speed><sat>27</sat></trkpt>
  <trkpt lat="45.78000301" lon="2.96423269"><ele>1245.429</ele><time>2026-09-21T11:30:30Z</time><speed>1.140</speed><sat>28</sat></trkpt>
  <trkpt lat="45.78002954" lon="2.96424782"><ele>1245.004</ele><time>2026-09-21T11:30:33Z</time><speed>1.180</speed><sat>26</sat></trkpt>
  <trkpt lat="45.78005058" lon="2.96427314"><ele>1244.788</ele><time>2026-09-21T11:30:36Z</time><speed>1.130</speed><sat>28</sat></trkpt>
  <trkpt lat="45.78007654" lon="2.96430145"><ele>1245.839</ele><time>2026-09-21T11:30:39Z</time><speed>1.240</speed><sat>28</sat></trkpt>
  <trkpt lat="45.78010235" lon="2.96432990"><ele>1247.382</ele><time>2026-09-21T11:30:42Z</time><speed>1.190</speed><sat>29</sat></trkpt>
  <trkpt lat="45.78012659" lon="2.96434321"><ele>1246.946</ele><time>2026-09-21T11:30:45Z</time><speed>1.330</speed><sat>29</sat></trkpt>
  <trkpt lat="45.78015409" lon="2.96437440"><ele>1248.832</ele><time>2026-09-21T11:30:48Z</time><speed>1.520</speed><sat>26</sat></trkpt>
  <trkpt lat="45.78018076" lon="2.96441643"><ele>1249.305</ele><time>2026-09-21T11:30:51Z</time><speed>1.740</speed><sat>25</sat></trkpt>
  <trkpt lat="45.78020031" lon="2.96445030"><ele>1249.982</ele><time>2026-09-21T11:30:54Z</time><speed>1.420</speed><sat>26</sat></trkpt>
  <trkpt lat="45.78023114" lon="2.96446107"><ele>1249.721</ele><time>2026-09-21T11:30:57Z</time><speed>1.270</speed><sat>25</sat></trkpt>
  <trkpt lat="45.78026550" lon="2.96447830"><ele>1249.127</ele><time>2026-09-21T11:31:00Z</time><speed>1.330</speed><sat>25</sat></trkpt>
  <trkpt lat="45.78028744" lon="2.96451476"><ele>1249.651</ele><time>2026-09-21T11:31:03Z</time><speed>1.350</speed><sat>23</sat></trkpt>
  <trkpt lat="45.78030904" lon="2.96454831"><ele>1249.666</ele><time>2026-09-21T11:31:06Z</time><speed>1.400</speed><sat>25</sat></trkpt>
  <trkpt lat="45.78033383" lon="2.96457895"><ele>1250.870</ele><time>2026-09-21T11:31:09Z</time><speed>1.380</speed><sat>27</sat></trkpt>
  <trkpt lat="45.78035376" lon="2.96461529"><ele>1248.609</ele><time>2026-09-21T11:31:12Z</time><speed>1.390</speed><sat>27</sat></trkpt>
  <trkpt lat="45.78036542" lon="2.96463024"><ele>1242.766</ele><time>2026-09-21T11:31:15Z</time><speed>1.380</speed><sat>23</sat></trkpt>
  <trkpt lat="45.78037580" lon="2.96464217"><ele>1238.515</ele><time>2026-09-21T11:31:18Z</time><speed>1.170</speed><sat>26</sat></trkpt>
  <trkpt lat="45.78037833" lon="2.96466795"><ele>1237.128</ele><time>2026-09-21T11:31:21Z</time><speed>1.150</speed><sat>26</sat></trkpt>
  <trkpt lat="45.78037927" lon="2.96470560"><ele>1236.132</ele><time>2026-09-21T11:31:24Z</time><speed>1.270</speed><sat>28</sat></trkpt>
  <trkpt lat="45.78038486" lon="2.96474247"><ele>1234.983</ele><time>2026-09-21T11:31:27Z</time><speed>1.160</speed><sat>28</sat></trkpt>
  <trkpt lat="45.78038107" lon="2.96478044"><ele>1235.025</ele><time>2026-09-21T11:31:30Z</time><speed>1.080</speed><sat>28</sat></trkpt>
  <trkpt lat="45.78037197" lon="2.96482617"><ele>1234.664</ele><time>2026-09-21T11:31:33Z</time><speed>1.210</speed><sat>26</sat></trkpt>
  <trkpt lat="45.78036405" lon="2.96485028"><ele>1232.665</ele><time>2026-09-21T11:31:36Z</time><speed>1.110</speed><sat>27</sat></trkpt>
  <trkpt lat="45.78035803" lon="2.96486199"><ele>1232.219</ele><time>2026-09-21T11:31:39Z</time><speed>0.350</speed><sat>27</sat></trkpt>
  <trkpt lat="45.78035768" lon="2.96486133"><ele>1232.161</ele><time>2026-09-21T11:31:42Z</time><speed>0.000</speed><sat>27</sat></trkpt>
  <trkpt lat="45.78035739" lon="2.96486098"><ele>1232.006</ele><time>2026-09-21T11:31:45Z</time><speed>0.000</speed><sat>26</sat></trkpt>
  <trkpt lat="45.78035675" lon="2.96486121"><ele>1231.892</ele><time>2026-09-21T11:31:48Z</time><speed>0.000</speed><sat>25</sat></trkpt>
  <trkpt lat="45.78034316" lon="2.96486373"><ele>1231.678</ele><time>2026-09-21T11:31:51Z</time><speed>0.540</speed><sat>25</sat></trkpt>
  <trkpt lat="45.78033924" lon="2.96485956"><ele>1231.763</ele><time>2026-09-21T11:31:54Z</time><speed>0.000</speed><sat>25</sat></trkpt>
  <trkpt lat="45.78033938" lon="2.96485945"><ele>1231.711</ele><time>2026-09-21T11:31:57Z</time><speed>0.000</speed><sat>26</sat></trkpt>
  <trkpt lat="45.78033981" lon="2.96485897"><ele>1231.605</ele><time>2026-09-21T11:32:00Z</time><speed>0.000</speed><sat>25</sat></trkpt>
  <trkpt lat="45.78033852" lon="2.96485698"><ele>1231.418</ele><time>2026-09-21T11:32:03Z</time><speed>0.210</speed><sat>28</sat></trkpt>
  <trkpt lat="45.78032627" lon="2.96487317"><ele>1231.673</ele><time>2026-09-21T11:32:06Z</time><speed>0.220</speed><sat>29</sat></trkpt>
  <trkpt lat="45.78033515" lon="2.96487605"><ele>1231.672</ele><time>2026-09-21T11:32:09Z</time><speed>0.000</speed><sat>26</sat></trkpt>
  <trkpt lat="45.78033492" lon="2.96487743"><ele>1231.687</ele><time>2026-09-21T11:32:12Z</time><speed>0.000</speed><sat>28</sat></trkpt>
  <trkpt lat="45.78033489" lon="2.96487941"><ele>1231.785</ele><time>2026-09-21T11:32:15Z</time><speed>0.000</speed><sat>28</sat></trkpt>
  <trkpt lat="45.78033731" lon="2.96488516"><ele>1231.860</ele><time>2026-09-21T11:32:18Z</time><speed>0.000</speed><sat>27</sat></trkpt>
  <trkpt lat="45.78033769" lon="2.96488515"><ele>1231.865</ele><time>2026-09-21T11:32:21Z</time><speed>0.000</speed><sat>26</sat></trkpt>
  <trkpt lat="45.78033768" lon="2.96488571"><ele>1231.888</ele><time>2026-09-21T11:32:24Z</time><speed>0.000</speed><sat>27</sat></trkpt>
  <trkpt lat="45.78033770" lon="2.96488518"><ele>1231.870</ele><time>2026-09-21T11:32:27Z</time><speed>0.000</speed><sat>27</sat></trkpt>
  <trkpt lat="45.78033754" lon="2.96488425"><ele>1231.878</ele><time>2026-09-21T11:32:30Z</time><speed>0.000</speed><sat>27</sat></trkpt>
  <trkpt lat="45.78033758" lon="2.96488350"><ele>1231.866</ele><time>2026-09-21T11:32:33Z</time><speed>0.000</speed><sat>27</sat></trkpt>
  <trkpt lat="45.78033761" lon="2.96488301"><ele>1231.948</ele><time>2026-09-21T11:32:36Z</time><speed>0.000</speed><sat>27</sat></trkpt>
  <trkpt lat="45.78033739" lon="2.96488235"><ele>1232.010</ele><time>2026-09-21T11:32:39Z</time><speed>0.000</speed><sat>27</sat></trkpt>
  <trkpt lat="45.78033732" lon="2.96488205"><ele>1232.033</ele><time>2026-09-21T11:32:42Z</time><speed>0.000</speed><sat>26</sat></trkpt>
  <trkpt lat="45.78033745" lon="2.96488224"><ele>1232.046</ele><time>2026-09-21T11:32:45Z</time><speed>0.000</speed><sat>26</sat></trkpt>
  <trkpt lat="45.78033727" lon="2.96488266"><ele>1232.046</ele><time>2026-09-21T11:32:48Z</time><speed>0.000</speed><sat>28</sat></trkpt>
  <trkpt lat="45.78033656" lon="2.96488256"><ele>1232.041</ele><time>2026-09-21T11:32:51Z</time><speed>0.000</speed><sat>28</sat></trkpt>
  <trkpt lat="45.78033657" lon="2.96488273"><ele>1232.056</ele><time>2026-09-21T11:32:54Z</time><speed>0.000</speed><sat>27</sat></trkpt>
  <trkpt lat="45.78033675" lon="2.96488320"><ele>1232.078</ele><time>2026-09-21T11:32:57Z</time><speed>0.000</speed><sat>27</sat></trkpt>
  <trkpt lat="45.78033679" lon="2.96488330"><ele>1232.083</ele><time>2026-09-21T11:33:00Z</time><speed>0.000</speed><sat>26</sat></trkpt>
  <trkpt lat="45.78033700" lon="2.96488320"><ele>1232.125</ele><time>2026-09-21T11:33:03Z</time><speed>0.000</speed><sat>25</sat></trkpt>
  <trkpt lat="45.78033719" lon="2.96488301"><ele>1232.133</ele><time>2026-09-21T11:33:06Z</time><speed>0.000</speed><sat>26</sat></trkpt>
  <trkpt lat="45.78033722" lon="2.96488249"><ele>1232.203</ele><time>2026-09-21T11:33:09Z</time><speed>0.000</speed><sat>28</sat></trkpt>
  <trkpt lat="45.78033726" lon="2.96488198"><ele>1232.260</ele><time>2026-09-21T11:33:12Z</time><speed>0.000</speed><sat>27</sat></trkpt>
  <trkpt lat="45.78033731" lon="2.96488098"><ele>1232.325</ele><time>2026-09-21T11:33:15Z</time><speed>0.000</speed><sat>27</sat></trkpt>
  <trkpt lat="45.78033738" lon="2.96487997"><ele>1232.402</ele><time>2026-09-21T11:33:18Z</time><speed>0.000</speed><sat>27</sat></trkpt>
  <trkpt lat="45.78033738" lon="2.96487936"><ele>1232.406</ele><time>2026-09-21T11:33:21Z</time><speed>0.000</speed><sat>27</sat></trkpt>
  <trkpt lat="45.78033737" lon="2.96487909"><ele>1232.470</ele><time>2026-09-21T11:33:24Z</time><speed>0.000</speed><sat>28</sat></trkpt>
  <trkpt lat="45.78033729" lon="2.96487983"><ele>1232.521</ele><time>2026-09-21T11:33:27Z</time><speed>0.000</speed><sat>27</sat></trkpt>
  <trkpt lat="45.78033743" lon="2.96488039"><ele>1232.569</ele><time>2026-09-21T11:33:30Z</time><speed>0.000</speed><sat>27</sat></trkpt>
  <trkpt lat="45.78033118" lon="2.96488875"><ele>1232.115</ele><time>2026-09-21T11:33:33Z</time><speed>0.720</speed><sat>27</sat></trkpt>
  <trkpt lat="45.78030802" lon="2.96490482"><ele>1231.894</ele><time>2026-09-21T11:33:36Z</time><speed>1.150</speed><sat>27</sat></trkpt>
  <trkpt lat="45.78028684" lon="2.96491226"><ele>1232.098</ele><time>2026-09-21T11:33:39Z</time><speed>1.010</speed><sat>23</sat></trkpt>
  <trkpt lat="45.78026019" lon="2.96493050"><ele>1233.170</ele><time>2026-09-21T11:33:42Z</time><speed>1.050</speed><sat>22</sat></trkpt>
  <trkpt lat="45.78023402" lon="2.96493322"><ele>1235.534</ele><time>2026-09-21T11:33:45Z</time><speed>0.990</speed><sat>25</sat></trkpt>
  <trkpt lat="45.78020909" lon="2.96494482"><ele>1234.924</ele><time>2026-09-21T11:33:48Z</time><speed>0.900</speed><sat>28</sat></trkpt>
  <trkpt lat="45.78018979" lon="2.96496230"><ele>1236.343</ele><time>2026-09-21T11:33:51Z</time><speed>1.060</speed><sat>28</sat></trkpt>
  <trkpt lat="45.78017635" lon="2.96496171"><ele>1236.563</ele><time>2026-09-21T11:33:54Z</time><speed>0.900</speed><sat>28</sat></trkpt>
  <trkpt lat="45.78015501" lon="2.96496536"><ele>1238.588</ele><time>2026-09-21T11:33:57Z</time><speed>0.830</speed><sat>30</sat></trkpt>
  <trkpt lat="45.78013612" lon="2.96496511"><ele>1241.018</ele><time>2026-09-21T11:34:00Z</time><speed>0.770</speed><sat>31</sat></trkpt>
  <trkpt lat="45.78011639" lon="2.96497441"><ele>1241.041</ele><time>2026-09-21T11:34:03Z</time><speed>0.880</speed><sat>30</sat></trkpt>
  <trkpt lat="45.78009857" lon="2.96498794"><ele>1242.463</ele><time>2026-09-21T11:34:06Z</time><speed>0.820</speed><sat>30</sat></trkpt>
  <trkpt lat="45.78008130" lon="2.96499740"><ele>1243.954</ele><time>2026-09-21T11:34:09Z</time><speed>0.870</speed><sat>31</sat></trkpt>
  <trkpt lat="45.78006350" lon="2.96500966"><ele>1246.597</ele><time>2026-09-21T11:34:12Z</time><speed>0.510</speed><sat>31</sat></trkpt>
  <trkpt lat="45.78005454" lon="2.96504810"><ele>1244.415</ele><time>2026-09-21T11:34:15Z</time><speed>0.910</speed><sat>28</sat></trkpt>
  <trkpt lat="45.78005403" lon="2.96509343"><ele>1243.981</ele><time>2026-09-21T11:34:18Z</time><speed>1.030</speed><sat>28</sat></trkpt>
  <trkpt lat="45.78005582" lon="2.96512244"><ele>1242.872</ele><time>2026-09-21T11:34:21Z</time><speed>0.320</speed><sat>27</sat></trkpt>
  <trkpt lat="45.78005786" lon="2.96516222"><ele>1243.070</ele><time>2026-09-21T11:34:24Z</time><speed>0.700</speed><sat>29</sat></trkpt>
  <trkpt lat="45.78006011" lon="2.96518777"><ele>1242.427</ele><time>2026-09-21T11:34:27Z</time><speed>0.420</speed><sat>29</sat></trkpt>
  <trkpt lat="45.78005987" lon="2.96518943"><ele>1242.440</ele><time>2026-09-21T11:34:30Z</time><speed>0.000</speed><sat>28</sat></trkpt>
  <trkpt lat="45.78005972" lon="2.96518987"><ele>1242.375</ele><time>2026-09-21T11:34:33Z</time><speed>0.000</speed><sat>30</sat></trkpt>
  <trkpt lat="45.78005725" lon="2.96519325"><ele>1242.287</ele><time>2026-09-21T11:34:36Z</time><speed>0.300</speed><sat>30</sat></trkpt>
  <trkpt lat="45.78005847" lon="2.96519244"><ele>1242.279</ele><time>2026-09-21T11:34:39Z</time><speed>0.000</speed><sat>30</sat></trkpt>
  <trkpt lat="45.78005822" lon="2.96519248"><ele>1242.272</ele><time>2026-09-21T11:34:42Z</time><speed>0.000</speed><sat>30</sat></trkpt>
  <trkpt lat="45.78005793" lon="2.96519253"><ele>1242.240</ele><time>2026-09-21T11:34:45Z</time><speed>0.000</speed><sat>30</sat></trkpt>
  <trkpt lat="45.78005797" lon="2.96519222"><ele>1242.209</ele><time>2026-09-21T11:34:48Z</time><speed>0.000</speed><sat>30</sat></trkpt>
  <trkpt lat="45.78005821" lon="2.96519181"><ele>1242.139</ele><time>2026-09-21T11:34:51Z</time><speed>0.000</speed><sat>30</sat></trkpt>
  <trkpt lat="45.78005826" lon="2.96519153"><ele>1242.150</ele><time>2026-09-21T11:34:54Z</time><speed>0.000</speed><sat>30</sat></trkpt>
  <trkpt lat="45.78005843" lon="2.96519132"><ele>1242.157</ele><time>2026-09-21T11:34:57Z</time><speed>0.000</speed><sat>30</sat></trkpt>
  <trkpt lat="45.78005831" lon="2.96519161"><ele>1242.133</ele><time>2026-09-21T11:35:00Z</time><speed>0.000</speed><sat>29</sat></trkpt>
  <trkpt lat="45.78005830" lon="2.96519189"><ele>1242.146</ele><time>2026-09-21T11:35:03Z</time><speed>0.000</speed><sat>30</sat></trkpt>
  <trkpt lat="45.78005828" lon="2.96519167"><ele>1242.158</ele><time>2026-09-21T11:35:06Z</time><speed>0.000</speed><sat>29</sat></trkpt>
  <trkpt lat="45.78005848" lon="2.96519179"><ele>1242.171</ele><time>2026-09-21T11:35:09Z</time><speed>0.000</speed><sat>29</sat></trkpt>
  <trkpt lat="45.78005850" lon="2.96519166"><ele>1242.144</ele><time>2026-09-21T11:35:12Z</time><speed>0.000</speed><sat>30</sat></trkpt>
  <trkpt lat="45.78005853" lon="2.96519125"><ele>1242.163</ele><time>2026-09-21T11:35:15Z</time><speed>0.000</speed><sat>30</sat></trkpt>
  <trkpt lat="45.78005802" lon="2.96519073"><ele>1242.264</ele><time>2026-09-21T11:35:18Z</time><speed>0.000</speed><sat>30</sat></trkpt>
  <trkpt lat="45.78005884" lon="2.96519687"><ele>1242.447</ele><time>2026-09-21T11:35:21Z</time><speed>0.000</speed><sat>29</sat></trkpt>
  <trkpt lat="45.78005978" lon="2.96519753"><ele>1242.533</ele><time>2026-09-21T11:35:24Z</time><speed>0.000</speed><sat>29</sat></trkpt>
  <trkpt lat="45.78005996" lon="2.96519750"><ele>1242.592</ele><time>2026-09-21T11:35:27Z</time><speed>0.000</speed><sat>28</sat></trkpt>
  <trkpt lat="45.78006007" lon="2.96519646"><ele>1242.605</ele><time>2026-09-21T11:35:30Z</time><speed>0.000</speed><sat>29</sat></trkpt>
  <trkpt lat="45.78005995" lon="2.96519624"><ele>1242.595</ele><time>2026-09-21T11:35:33Z</time><speed>0.000</speed><sat>29</sat></trkpt>
  <trkpt lat="45.78005981" lon="2.96519614"><ele>1242.597</ele><time>2026-09-21T11:35:36Z</time><speed>0.000</speed><sat>29</sat></trkpt>
  <trkpt lat="45.78005975" lon="2.96519616"><ele>1242.601</ele><time>2026-09-21T11:35:39Z</time><speed>0.000</speed><sat>30</sat></trkpt>
  <trkpt lat="45.78005958" lon="2.96519553"><ele>1242.632</ele><time>2026-09-21T11:35:42Z</time><speed>0.000</speed><sat>30</sat></trkpt>
  <trkpt lat="45.78005932" lon="2.96519492"><ele>1242.649</ele><time>2026-09-21T11:35:45Z</time><speed>0.000</speed><sat>29</sat></trkpt>
  <trkpt lat="45.78005923" lon="2.96519489"><ele>1242.659</ele><time>2026-09-21T11:35:48Z</time><speed>0.000</speed><sat>30</sat></trkpt>
  <trkpt lat="45.78005895" lon="2.96519413"><ele>1242.711</ele><time>2026-09-21T11:35:51Z</time><speed>0.000</speed><sat>27</sat></trkpt>
  <trkpt lat="45.78005874" lon="2.96519331"><ele>1242.747</ele><time>2026-09-21T11:35:54Z</time><speed>0.000</speed><sat>26</sat></trkpt>
  <trkpt lat="45.78005864" lon="2.96519295"><ele>1242.745</ele><time>2026-09-21T11:35:57Z</time><speed>0.000</speed><sat>27</sat></trkpt>
  <trkpt lat="45.78005855" lon="2.96519304"><ele>1242.811</ele><time>2026-09-21T11:36:00Z</time><speed>0.000</speed><sat>29</sat></trkpt>
  <trkpt lat="45.78005819" lon="2.96519317"><ele>1242.867</ele><time>2026-09-21T11:36:03Z</time><speed>0.000</speed><sat>28</sat></trkpt>
  <trkpt lat="45.78005800" lon="2.96519345"><ele>1242.912</ele><time>2026-09-21T11:36:06Z</time><speed>0.000</speed><sat>30</sat></trkpt>
  <trkpt lat="45.78005836" lon="2.96519280"><ele>1242.930</ele><time>2026-09-21T11:36:09Z</time><speed>0.000</speed><sat>30</sat></trkpt>
  <trkpt lat="45.78005824" lon="2.96519252"><ele>1242.918</ele><time>2026-09-21T11:36:12Z</time><speed>0.000</speed><sat>30</sat></trkpt>
  <trkpt lat="45.78005825" lon="2.96519245"><ele>1242.900</ele><time>2026-09-21T11:36:15Z</time><speed>0.000</speed><sat>30</sat></trkpt>
  <trkpt lat="45.78005623" lon="2.96519466"><ele>1243.014</ele><time>2026-09-21T11:36:18Z</time><speed>0.000</speed><sat>30</sat></trkpt>
  <trkpt lat="45.78005608" lon="2.96519470"><ele>1242.974</ele><time>2026-09-21T11:36:21Z</time><speed>0.000</speed><sat>30</sat></trkpt>
  <trkpt lat="45.78005609" lon="2.96519474"><ele>1242.985</ele><time>2026-09-21T11:36:24Z</time><speed>0.000</speed><sat>27</sat></trkpt>
  <trkpt lat="45.78005607" lon="2.96519492"><ele>1242.966</ele><time>2026-09-21T11:36:27Z</time><speed>0.000</speed><sat>27</sat></trkpt>
  <trkpt lat="45.78005606" lon="2.96519481"><ele>1242.982</ele><time>2026-09-21T11:36:30Z</time><speed>0.000</speed><sat>27</sat></trkpt>
  <trkpt lat="45.78005611" lon="2.96519488"><ele>1242.976</ele><time>2026-09-21T11:36:33Z</time><speed>0.000</speed><sat>26</sat></trkpt>
  <trkpt lat="45.78005606" lon="2.96519518"><ele>1242.981</ele><time>2026-09-21T11:36:36Z</time><speed>0.000</speed><sat>28</sat></trkpt>
  <trkpt lat="45.78005583" lon="2.96519554"><ele>1243.009</ele><time>2026-09-21T11:36:39Z</time><speed>0.000</speed><sat>30</sat></trkpt>
  <trkpt lat="45.78005571" lon="2.96519530"><ele>1242.984</ele><time>2026-09-21T11:36:42Z</time><speed>0.000</speed><sat>30</sat></trkpt>
  <trkpt lat="45.78005581" lon="2.96519522"><ele>1242.984</ele><time>2026-09-21T11:36:45Z</time><speed>0.000</speed><sat>25</sat></trkpt>
  <trkpt lat="45.78005582" lon="2.96519507"><ele>1242.980</ele><time>2026-09-21T11:36:48Z</time><speed>0.000</speed><sat>26</sat></trkpt>
  <trkpt lat="45.78005585" lon="2.96519519"><ele>1242.972</ele><time>2026-09-21T11:36:51Z</time><speed>0.000</speed><sat>25</sat></trkpt>
  <trkpt lat="45.78005911" lon="2.96521184"><ele>1242.663</ele><time>2026-09-21T11:36:54Z</time><speed>0.520</speed><sat>25</sat></trkpt>
  <trkpt lat="45.78005908" lon="2.96521828"><ele>1242.438</ele><time>2026-09-21T11:36:57Z</time><speed>0.000</speed><sat>29</sat></trkpt>
  <trkpt lat="45.78006018" lon="2.96523603"><ele>1242.041</ele><time>2026-09-21T11:37:00Z</time><speed>0.000</speed><sat>31</sat></trkpt>
  <trkpt lat="45.78006100" lon="2.96523840"><ele>1242.038</ele><time>2026-09-21T11:37:03Z</time><speed>0.000</speed><sat>31</sat></trkpt>
  <trkpt lat="45.78005959" lon="2.96525585"><ele>1241.868</ele><time>2026-09-21T11:37:06Z</time><speed>0.490</speed><sat>30</sat></trkpt>
  <trkpt lat="45.78006067" lon="2.96529559"><ele>1243.227</ele><time>2026-09-21T11:37:09Z</time><speed>0.710</speed><sat>31</sat></trkpt>
  <trkpt lat="45.78006428" lon="2.96530220"><ele>1243.495</ele><time>2026-09-21T11:37:12Z</time><speed>0.000</speed><sat>32</sat></trkpt>
  <trkpt lat="45.78008534" lon="2.96527988"><ele>1243.703</ele><time>2026-09-21T11:37:15Z</time><speed>0.000</speed><sat>32</sat></trkpt>
  <trkpt lat="45.78009697" lon="2.96524051"><ele>1244.990</ele><time>2026-09-21T11:37:18Z</time><speed>1.430</speed><sat>31</sat></trkpt>
  <trkpt lat="45.78009472" lon="2.96523604"><ele>1245.076</ele><time>2026-09-21T11:37:21Z</time><speed>0.000</speed><sat>31</sat></trkpt>
  <trkpt lat="45.78009323" lon="2.96523619"><ele>1245.144</ele><time>2026-09-21T11:37:24Z</time><speed>0.000</speed><sat>31</sat></trkpt>
  <trkpt lat="45.78009254" lon="2.96523614"><ele>1245.244</ele><time>2026-09-21T11:37:27Z</time><speed>0.000</speed><sat>31</sat></trkpt>
  <trkpt lat="45.78009227" lon="2.96523600"><ele>1245.240</ele><time>2026-09-21T11:37:30Z</time><speed>0.000</speed><sat>31</sat></trkpt>
  <trkpt lat="45.78009250" lon="2.96523559"><ele>1245.246</ele><time>2026-09-21T11:37:33Z</time><speed>0.000</speed><sat>31</sat></trkpt>
  <trkpt lat="45.78009282" lon="2.96523535"><ele>1245.181</ele><time>2026-09-21T11:37:36Z</time><speed>0.000</speed><sat>31</sat></trkpt>
  <trkpt lat="45.78008998" lon="2.96523414"><ele>1245.094</ele><time>2026-09-21T11:37:39Z</time><speed>0.420</speed><sat>31</sat></trkpt>
  <trkpt lat="45.78008798" lon="2.96523217"><ele>1244.828</ele><time>2026-09-21T11:37:42Z</time><speed>0.000</speed><sat>31</sat></trkpt>
  <trkpt lat="45.78008688" lon="2.96523115"><ele>1244.731</ele><time>2026-09-21T11:37:45Z</time><speed>0.000</speed><sat>32</sat></trkpt>
  <trkpt lat="45.78008601" lon="2.96523085"><ele>1244.681</ele><time>2026-09-21T11:37:48Z</time><speed>0.000</speed><sat>32</sat></trkpt>
  <trkpt lat="45.78008579" lon="2.96523064"><ele>1244.681</ele><time>2026-09-21T11:37:51Z</time><speed>0.000</speed><sat>32</sat></trkpt>
  <trkpt lat="45.78008531" lon="2.96523039"><ele>1244.680</ele><time>2026-09-21T11:37:54Z</time><speed>0.000</speed><sat>32</sat></trkpt>
  <trkpt lat="45.78008551" lon="2.96523040"><ele>1244.701</ele><time>2026-09-21T11:37:57Z</time><speed>0.000</speed><sat>33</sat></trkpt>
  <trkpt lat="45.78008582" lon="2.96523040"><ele>1244.705</ele><time>2026-09-21T11:38:00Z</time><speed>0.000</speed><sat>33</sat></trkpt>
  <trkpt lat="45.78008536" lon="2.96523031"><ele>1244.723</ele><time>2026-09-21T11:38:03Z</time><speed>0.000</speed><sat>33</sat></trkpt>
  <trkpt lat="45.78008593" lon="2.96523013"><ele>1245.016</ele><time>2026-09-21T11:38:06Z</time><speed>0.220</speed><sat>33</sat></trkpt>
  <trkpt lat="45.78008824" lon="2.96523306"><ele>1245.017</ele><time>2026-09-21T11:38:09Z</time><speed>0.000</speed><sat>32</sat></trkpt>
  <trkpt lat="45.78008876" lon="2.96523969"><ele>1245.087</ele><time>2026-09-21T11:38:12Z</time><speed>0.000</speed><sat>33</sat></trkpt>
  <trkpt lat="45.78008986" lon="2.96524007"><ele>1245.126</ele><time>2026-09-21T11:38:15Z</time><speed>0.000</speed><sat>33</sat></trkpt>
  <trkpt lat="45.78009052" lon="2.96523875"><ele>1245.166</ele><time>2026-09-21T11:38:18Z</time><speed>0.000</speed><sat>33</sat></trkpt>
  <trkpt lat="45.78009321" lon="2.96524015"><ele>1245.256</ele><time>2026-09-21T11:38:21Z</time><speed>0.000</speed><sat>33</sat></trkpt>
  <trkpt lat="45.78009570" lon="2.96524289"><ele>1245.172</ele><time>2026-09-21T11:38:24Z</time><speed>0.000</speed><sat>33</sat></trkpt>
  <trkpt lat="45.78009646" lon="2.96524612"><ele>1245.191</ele><time>2026-09-21T11:38:27Z</time><speed>0.000</speed><sat>32</sat></trkpt>
  <trkpt lat="45.78009664" lon="2.96524605"><ele>1245.277</ele><time>2026-09-21T11:38:30Z</time><speed>0.000</speed><sat>32</sat></trkpt>
  <trkpt lat="45.78009665" lon="2.96524596"><ele>1245.293</ele><time>2026-09-21T11:38:33Z</time><speed>0.000</speed><sat>32</sat></trkpt>
  <trkpt lat="45.78009660" lon="2.96524651"><ele>1245.558</ele><time>2026-09-21T11:38:36Z</time><speed>0.000</speed><sat>32</sat></trkpt>
  <trkpt lat="45.78009660" lon="2.96524663"><ele>1245.519</ele><time>2026-09-21T11:38:39Z</time><speed>0.000</speed><sat>33</sat></trkpt>
  <trkpt lat="45.78009670" lon="2.96524646"><ele>1245.537</ele><time>2026-09-21T11:38:42Z</time><speed>0.000</speed><sat>33</sat></trkpt>
  <trkpt lat="45.78009730" lon="2.96524590"><ele>1245.506</ele><time>2026-09-21T11:38:45Z</time><speed>0.000</speed><sat>33</sat></trkpt>
  <trkpt lat="45.78009762" lon="2.96524589"><ele>1245.550</ele><time>2026-09-21T11:38:48Z</time><speed>0.000</speed><sat>33</sat></trkpt>
  <trkpt lat="45.78009793" lon="2.96524581"><ele>1245.543</ele><time>2026-09-21T11:38:51Z</time><speed>0.000</speed><sat>33</sat></trkpt>
  <trkpt lat="45.78009767" lon="2.96524545"><ele>1245.547</ele><time>2026-09-21T11:38:54Z</time><speed>0.000</speed><sat>33</sat></trkpt>
  <trkpt lat="45.78009722" lon="2.96524549"><ele>1245.502</ele><time>2026-09-21T11:38:57Z</time><speed>0.000</speed><sat>32</sat></trkpt>
  <trkpt lat="45.78009484" lon="2.96524017"><ele>1245.687</ele><time>2026-09-21T11:39:00Z</time><speed>0.000</speed><sat>33</sat></trkpt>
  <trkpt lat="45.78009467" lon="2.96523947"><ele>1245.659</ele><time>2026-09-21T11:39:03Z</time><speed>0.000</speed><sat>33</sat></trkpt>
  <trkpt lat="45.78009247" lon="2.96523943"><ele>1245.883</ele><time>2026-09-21T11:39:06Z</time><speed>0.280</speed><sat>33</sat></trkpt>
  <trkpt lat="45.78008156" lon="2.96524323"><ele>1246.262</ele><time>2026-09-21T11:39:09Z</time><speed>0.000</speed><sat>33</sat></trkpt>
  <trkpt lat="45.78008110" lon="2.96524321"><ele>1246.239</ele><time>2026-09-21T11:39:12Z</time><speed>0.000</speed><sat>33</sat></trkpt>
  <trkpt lat="45.78008144" lon="2.96524483"><ele>1246.135</ele><time>2026-09-21T11:39:15Z</time><speed>0.000</speed><sat>33</sat></trkpt>
  <trkpt lat="45.78008135" lon="2.96524538"><ele>1246.118</ele><time>2026-09-21T11:39:18Z</time><speed>0.000</speed><sat>33</sat></trkpt>
  <trkpt lat="45.78008182" lon="2.96524612"><ele>1246.115</ele><time>2026-09-21T11:39:21Z</time><speed>0.000</speed><sat>32</sat></trkpt>
  <trkpt lat="45.78008396" lon="2.96524458"><ele>1245.695</ele><time>2026-09-21T11:39:24Z</time><speed>0.000</speed><sat>32</sat></trkpt>
  <trkpt lat="45.78008538" lon="2.96524527"><ele>1245.254</ele><time>2026-09-21T11:39:27Z</time><speed>0.000</speed><sat>33</sat></trkpt>
  <trkpt lat="45.78008504" lon="2.96524517"><ele>1245.283</ele><time>2026-09-21T11:39:30Z</time><speed>0.000</speed><sat>33</sat></trkpt>
  <trkpt lat="45.78008433" lon="2.96524543"><ele>1245.281</ele><time>2026-09-21T11:39:33Z</time><speed>0.000</speed><sat>33</sat></trkpt>
  <trkpt lat="45.78008720" lon="2.96525477"><ele>1245.649</ele><time>2026-09-21T11:39:36Z</time><speed>0.210</speed><sat>32</sat></trkpt>
  <trkpt lat="45.78008858" lon="2.96525419"><ele>1245.826</ele><time>2026-09-21T11:39:39Z</time><speed>0.000</speed><sat>33</sat></trkpt>
  <trkpt lat="45.78008836" lon="2.96525298"><ele>1245.805</ele><time>2026-09-21T11:39:42Z</time><speed>0.000</speed><sat>33</sat></trkpt>
  <trkpt lat="45.78008811" lon="2.96525282"><ele>1245.784</ele><time>2026-09-21T11:39:45Z</time><speed>0.000</speed><sat>33</sat></trkpt>
  <trkpt lat="45.78008782" lon="2.96525311"><ele>1245.750</ele><time>2026-09-21T11:39:48Z</time><speed>0.000</speed><sat>32</sat></trkpt>
  <trkpt lat="45.78008858" lon="2.96525274"><ele>1245.708</ele><time>2026-09-21T11:39:51Z</time><speed>0.000</speed><sat>33</sat></trkpt>
  <trkpt lat="45.78008927" lon="2.96525144"><ele>1245.703</ele><time>2026-09-21T11:39:54Z</time><speed>0.000</speed><sat>33</sat></trkpt>
  <trkpt lat="45.78008895" lon="2.96525129"><ele>1245.694</ele><time>2026-09-21T11:39:57Z</time><speed>0.000</speed><sat>33</sat></trkpt>
  <trkpt lat="45.78008804" lon="2.96525251"><ele>1245.676</ele><time>2026-09-21T11:40:00Z</time><speed>0.000</speed><sat>32</sat></trkpt>
  <trkpt lat="45.78008665" lon="2.96525284"><ele>1245.638</ele><time>2026-09-21T11:40:03Z</time><speed>0.000</speed><sat>33</sat></trkpt>
  <trkpt lat="45.78008521" lon="2.96525330"><ele>1245.658</ele><time>2026-09-21T11:40:06Z</time><speed>0.000</speed><sat>33</sat></trkpt>
  <trkpt lat="45.78008406" lon="2.96525317"><ele>1245.658</ele><time>2026-09-21T11:40:09Z</time><speed>0.000</speed><sat>33</sat></trkpt>
  <trkpt lat="45.78008363" lon="2.96525385"><ele>1245.583</ele><time>2026-09-21T11:40:12Z</time><speed>0.000</speed><sat>33</sat></trkpt>
  <trkpt lat="45.78008355" lon="2.96525342"><ele>1245.521</ele><time>2026-09-21T11:40:15Z</time><speed>0.000</speed><sat>32</sat></trkpt>
  <trkpt lat="45.78008360" lon="2.96525310"><ele>1245.503</ele><time>2026-09-21T11:40:18Z</time><speed>0.000</speed><sat>33</sat></trkpt>
  <trkpt lat="45.78008365" lon="2.96525310"><ele>1245.521</ele><time>2026-09-21T11:40:21Z</time><speed>0.000</speed><sat>31</sat></trkpt>
  <trkpt lat="45.78008351" lon="2.96525293"><ele>1245.501</ele><time>2026-09-21T11:40:24Z</time><speed>0.000</speed><sat>31</sat></trkpt>
  <trkpt lat="45.78008364" lon="2.96525230"><ele>1245.492</ele><time>2026-09-21T11:40:27Z</time><speed>0.000</speed><sat>32</sat></trkpt>
  <trkpt lat="45.78008391" lon="2.96525169"><ele>1245.484</ele><time>2026-09-21T11:40:30Z</time><speed>0.000</speed><sat>33</sat></trkpt>
  <trkpt lat="45.78008397" lon="2.96525124"><ele>1245.486</ele><time>2026-09-21T11:40:33Z</time><speed>0.000</speed><sat>33</sat></trkpt>
  <trkpt lat="45.78008404" lon="2.96525099"><ele>1245.488</ele><time>2026-09-21T11:40:36Z</time><speed>0.000</speed><sat>32</sat></trkpt>
  <trkpt lat="45.78008387" lon="2.96524957"><ele>1245.466</ele><time>2026-09-21T11:40:39Z</time><speed>0.150</speed><sat>32</sat></trkpt>
  <trkpt lat="45.78008303" lon="2.96525007"><ele>1245.431</ele><time>2026-09-21T11:40:42Z</time><speed>0.000</speed><sat>33</sat></trkpt>
  <trkpt lat="45.78008257" lon="2.96525008"><ele>1245.448</ele><time>2026-09-21T11:40:45Z</time><speed>0.000</speed><sat>33</sat></trkpt>
  <trkpt lat="45.78008213" lon="2.96524851"><ele>1245.444</ele><time>2026-09-21T11:40:48Z</time><speed>0.000</speed><sat>33</sat></trkpt>
  <trkpt lat="45.78008224" lon="2.96524797"><ele>1245.429</ele><time>2026-09-21T11:40:51Z</time><speed>0.000</speed><sat>33</sat></trkpt>
  <trkpt lat="45.78008250" lon="2.96524733"><ele>1245.386</ele><time>2026-09-21T11:40:54Z</time><speed>0.000</speed><sat>33</sat></trkpt>
  <trkpt lat="45.78008272" lon="2.96524684"><ele>1245.330</ele><time>2026-09-21T11:40:57Z</time><speed>0.000</speed><sat>33</sat></trkpt>
  <trkpt lat="45.78008256" lon="2.96524586"><ele>1245.317</ele><time>2026-09-21T11:41:00Z</time><speed>0.000</speed><sat>33</sat></trkpt>
  <trkpt lat="45.78008275" lon="2.96524429"><ele>1245.229</ele><time>2026-09-21T11:41:03Z</time><speed>0.000</speed><sat>33</sat></trkpt>
  <trkpt lat="45.78008290" lon="2.96524382"><ele>1245.225</ele><time>2026-09-21T11:41:06Z</time><speed>0.000</speed><sat>33</sat></trkpt>
  <trkpt lat="45.78008350" lon="2.96524426"><ele>1245.272</ele><time>2026-09-21T11:41:09Z</time><speed>0.000</speed><sat>33</sat></trkpt>
  <trkpt lat="45.78008381" lon="2.96524495"><ele>1245.342</ele><time>2026-09-21T11:41:12Z</time><speed>0.000</speed><sat>33</sat></trkpt>
  <trkpt lat="45.78008390" lon="2.96524536"><ele>1245.375</ele><time>2026-09-21T11:41:15Z</time><speed>0.000</speed><sat>32</sat></trkpt>
  <trkpt lat="45.78008377" lon="2.96524536"><ele>1245.386</ele><time>2026-09-21T11:41:18Z</time><speed>0.000</speed><sat>33</sat></trkpt>
  <trkpt lat="45.78008356" lon="2.96524525"><ele>1245.402</ele><time>2026-09-21T11:41:21Z</time><speed>0.180</speed><sat>32</sat></trkpt>
  <trkpt lat="45.78008635" lon="2.96524423"><ele>1245.372</ele><time>2026-09-21T11:41:24Z</time><speed>0.000</speed><sat>32</sat></trkpt>
  <trkpt lat="45.78008654" lon="2.96524384"><ele>1245.375</ele><time>2026-09-21T11:41:27Z</time><speed>0.000</speed><sat>32</sat></trkpt>
  <trkpt lat="45.78008690" lon="2.96524377"><ele>1245.352</ele><time>2026-09-21T11:41:30Z</time><speed>0.000</speed><sat>32</sat></trkpt>
  <trkpt lat="45.78008724" lon="2.96524383"><ele>1245.342</ele><time>2026-09-21T11:41:33Z</time><speed>0.000</speed><sat>32</sat></trkpt>
  <trkpt lat="45.78008925" lon="2.96523997"><ele>1245.451</ele><time>2026-09-21T11:41:36Z</time><speed>0.000</speed><sat>32</sat></trkpt>
  <trkpt lat="45.78008952" lon="2.96523951"><ele>1245.526</ele><time>2026-09-21T11:41:39Z</time><speed>0.000</speed><sat>32</sat></trkpt>
  <trkpt lat="45.78008995" lon="2.96524043"><ele>1245.508</ele><time>2026-09-21T11:41:42Z</time><speed>0.000</speed><sat>32</sat></trkpt>
  <trkpt lat="45.78008747" lon="2.96523764"><ele>1245.647</ele><time>2026-09-21T11:41:45Z</time><speed>0.430</speed><sat>32</sat></trkpt>
  <trkpt lat="45.78008641" lon="2.96523757"><ele>1245.650</ele><time>2026-09-21T11:41:48Z</time><speed>0.000</speed><sat>32</sat></trkpt>
  <trkpt lat="45.78008623" lon="2.96523727"><ele>1245.647</ele><time>2026-09-21T11:41:51Z</time><speed>0.000</speed><sat>33</sat></trkpt>
  <trkpt lat="45.78008593" lon="2.96523721"><ele>1245.653</ele><time>2026-09-21T11:41:54Z</time><speed>0.000</speed><sat>32</sat></trkpt>
  <trkpt lat="45.78008583" lon="2.96523719"><ele>1245.655</ele><time>2026-09-21T11:41:57Z</time><speed>0.000</speed><sat>32</sat></trkpt>
  <trkpt lat="45.78008618" lon="2.96523804"><ele>1245.625</ele><time>2026-09-21T11:42:00Z</time><speed>0.000</speed><sat>32</sat></trkpt>
  <trkpt lat="45.78008939" lon="2.96523392"><ele>1245.837</ele><time>2026-09-21T11:42:03Z</time><speed>0.490</speed><sat>33</sat></trkpt>
  <trkpt lat="45.78009007" lon="2.96523244"><ele>1245.822</ele><time>2026-09-21T11:42:06Z</time><speed>0.000</speed><sat>33</sat></trkpt>
  <trkpt lat="45.78008968" lon="2.96523254"><ele>1245.780</ele><time>2026-09-21T11:42:09Z</time><speed>0.000</speed><sat>33</sat></trkpt>
  <trkpt lat="45.78008967" lon="2.96523265"><ele>1245.729</ele><time>2026-09-21T11:42:12Z</time><speed>0.000</speed><sat>33</sat></trkpt>
  <trkpt lat="45.78008706" lon="2.96523233"><ele>1245.598</ele><time>2026-09-21T11:42:15Z</time><speed>0.000</speed><sat>32</sat></trkpt>
  <trkpt lat="45.78008721" lon="2.96523389"><ele>1245.728</ele><time>2026-09-21T11:42:18Z</time><speed>0.000</speed><sat>33</sat></trkpt>
  <trkpt lat="45.78008684" lon="2.96523407"><ele>1245.724</ele><time>2026-09-21T11:42:21Z</time><speed>0.000</speed><sat>33</sat></trkpt>
  <trkpt lat="45.78008624" lon="2.96523443"><ele>1245.667</ele><time>2026-09-21T11:42:24Z</time><speed>0.000</speed><sat>33</sat></trkpt>
  <trkpt lat="45.78008568" lon="2.96523472"><ele>1245.604</ele><time>2026-09-21T11:42:27Z</time><speed>0.000</speed><sat>33</sat></trkpt>
  <trkpt lat="45.78008553" lon="2.96523505"><ele>1245.588</ele><time>2026-09-21T11:42:30Z</time><speed>0.000</speed><sat>30</sat></trkpt>
  <trkpt lat="45.78008919" lon="2.96523637"><ele>1245.019</ele><time>2026-09-21T11:42:33Z</time><speed>0.000</speed><sat>31</sat></trkpt>
  <trkpt lat="45.78009052" lon="2.96521513"><ele>1244.981</ele><time>2026-09-21T11:42:36Z</time><speed>0.700</speed><sat>33</sat></trkpt>
  <trkpt lat="45.78006950" lon="2.96518611"><ele>1245.062</ele><time>2026-09-21T11:42:39Z</time><speed>3.430</speed><sat>32</sat></trkpt>
  <trkpt lat="45.78004854" lon="2.96519746"><ele>1245.020</ele><time>2026-09-21T11:42:42Z</time><speed>1.190</speed><sat>32</sat></trkpt>
  <trkpt lat="45.78003218" lon="2.96519049"><ele>1244.502</ele><time>2026-09-21T11:42:45Z</time><speed>1.070</speed><sat>32</sat></trkpt>
  <trkpt lat="45.78000940" lon="2.96515972"><ele>1243.534</ele><time>2026-09-21T11:42:48Z</time><speed>1.820</speed><sat>32</sat></trkpt>
  <trkpt lat="45.78001093" lon="2.96512325"><ele>1242.020</ele><time>2026-09-21T11:42:51Z</time><speed>0.860</speed><sat>32</sat></trkpt>
  <trkpt lat="45.78002094" lon="2.96509705"><ele>1242.603</ele><time>2026-09-21T11:42:54Z</time><speed>0.000</speed><sat>32</sat></trkpt>
  <trkpt lat="45.78002384" lon="2.96509401"><ele>1243.078</ele><time>2026-09-21T11:42:57Z</time><speed>0.220</speed><sat>32</sat></trkpt>
  <trkpt lat="45.78003426" lon="2.96508563"><ele>1243.173</ele><time>2026-09-21T11:43:00Z</time><speed>0.280</speed><sat>31</sat></trkpt>
  <trkpt lat="45.78003904" lon="2.96508346"><ele>1243.149</ele><time>2026-09-21T11:43:03Z</time><speed>0.000</speed><sat>31</sat></trkpt>
  <trkpt lat="45.78004140" lon="2.96508417"><ele>1243.215</ele><time>2026-09-21T11:43:06Z</time><speed>0.000</speed><sat>31</sat></trkpt>
  <trkpt lat="45.78004283" lon="2.96508330"><ele>1243.194</ele><time>2026-09-21T11:43:09Z</time><speed>0.000</speed><sat>31</sat></trkpt>
  <trkpt lat="45.78004483" lon="2.96508314"><ele>1243.376</ele><time>2026-09-21T11:43:12Z</time><speed>0.000</speed><sat>31</sat></trkpt>
  <trkpt lat="45.78004668" lon="2.96508290"><ele>1243.295</ele><time>2026-09-21T11:43:15Z</time><speed>0.000</speed><sat>31</sat></trkpt>
  <trkpt lat="45.78004866" lon="2.96508307"><ele>1243.372</ele><time>2026-09-21T11:43:18Z</time><speed>0.000</speed><sat>30</sat></trkpt>
  <trkpt lat="45.78004860" lon="2.96506937"><ele>1243.606</ele><time>2026-09-21T11:43:21Z</time><speed>0.750</speed><sat>31</sat></trkpt>
  <trkpt lat="45.78004635" lon="2.96504580"><ele>1243.459</ele><time>2026-09-21T11:43:24Z</time><speed>0.820</speed><sat>31</sat></trkpt>
  <trkpt lat="45.78004799" lon="2.96504052"><ele>1243.654</ele><time>2026-09-21T11:43:27Z</time><speed>0.000</speed><sat>31</sat></trkpt>
  <trkpt lat="45.78004832" lon="2.96503992"><ele>1243.723</ele><time>2026-09-21T11:43:30Z</time><speed>0.000</speed><sat>31</sat></trkpt>
  <trkpt lat="45.78004839" lon="2.96503883"><ele>1243.777</ele><time>2026-09-21T11:43:33Z</time><speed>0.000</speed><sat>29</sat></trkpt>
  <trkpt lat="45.78004907" lon="2.96503903"><ele>1243.837</ele><time>2026-09-21T11:43:36Z</time><speed>0.000</speed><sat>28</sat></trkpt>
  <trkpt lat="45.78004965" lon="2.96503894"><ele>1243.847</ele><time>2026-09-21T11:43:39Z</time><speed>0.000</speed><sat>29</sat></trkpt>
  <trkpt lat="45.78005037" lon="2.96503879"><ele>1243.902</ele><time>2026-09-21T11:43:42Z</time><speed>0.000</speed><sat>30</sat></trkpt>
  <trkpt lat="45.78004987" lon="2.96503691"><ele>1243.687</ele><time>2026-09-21T11:43:45Z</time><speed>0.320</speed><sat>30</sat></trkpt>
  <trkpt lat="45.78005365" lon="2.96503821"><ele>1243.798</ele><time>2026-09-21T11:43:48Z</time><speed>0.000</speed><sat>31</sat></trkpt>
  <trkpt lat="45.78005444" lon="2.96503768"><ele>1243.824</ele><time>2026-09-21T11:43:51Z</time><speed>0.000</speed><sat>30</sat></trkpt>
  <trkpt lat="45.78005529" lon="2.96503799"><ele>1243.868</ele><time>2026-09-21T11:43:54Z</time><speed>0.000</speed><sat>32</sat></trkpt>
  <trkpt lat="45.78005571" lon="2.96503784"><ele>1243.931</ele><time>2026-09-21T11:43:57Z</time><speed>0.000</speed><sat>32</sat></trkpt>
  <trkpt lat="45.78005655" lon="2.96503791"><ele>1244.013</ele><time>2026-09-21T11:44:00Z</time><speed>0.000</speed><sat>31</sat></trkpt>
  <trkpt lat="45.78005705" lon="2.96503814"><ele>1244.049</ele><time>2026-09-21T11:44:03Z</time><speed>0.000</speed><sat>32</sat></trkpt>
  <trkpt lat="45.78005717" lon="2.96503821"><ele>1244.070</ele><time>2026-09-21T11:44:06Z</time><speed>0.000</speed><sat>32</sat></trkpt>
  <trkpt lat="45.78005520" lon="2.96503259"><ele>1243.401</ele><time>2026-09-21T11:44:09Z</time><speed>0.240</speed><sat>32</sat></trkpt>
  <trkpt lat="45.78006067" lon="2.96502316"><ele>1243.570</ele><time>2026-09-21T11:44:12Z</time><speed>0.420</speed><sat>32</sat></trkpt>
  <trkpt lat="45.78007302" lon="2.96500917"><ele>1243.986</ele><time>2026-09-21T11:44:15Z</time><speed>0.210</speed><sat>30</sat></trkpt>
  <trkpt lat="45.78007415" lon="2.96500789"><ele>1243.966</ele><time>2026-09-21T11:44:18Z</time><speed>0.000</speed><sat>30</sat></trkpt>
  <trkpt lat="45.78007380" lon="2.96500749"><ele>1243.932</ele><time>2026-09-21T11:44:21Z</time><speed>0.000</speed><sat>30</sat></trkpt>
  <trkpt lat="45.78007238" lon="2.96500824"><ele>1243.847</ele><time>2026-09-21T11:44:24Z</time><speed>0.000</speed><sat>28</sat></trkpt>
  <trkpt lat="45.78007195" lon="2.96500834"><ele>1243.825</ele><time>2026-09-21T11:44:27Z</time><speed>0.000</speed><sat>28</sat></trkpt>
  <trkpt lat="45.78007128" lon="2.96500815"><ele>1243.814</ele><time>2026-09-21T11:44:30Z</time><speed>0.000</speed><sat>28</sat></trkpt>
  <trkpt lat="45.78007073" lon="2.96500889"><ele>1243.781</ele><time>2026-09-21T11:44:33Z</time><speed>0.000</speed><sat>27</sat></trkpt>
  <trkpt lat="45.78006997" lon="2.96500971"><ele>1243.725</ele><time>2026-09-21T11:44:36Z</time><speed>0.000</speed><sat>27</sat></trkpt>
  <trkpt lat="45.78006961" lon="2.96500968"><ele>1243.707</ele><time>2026-09-21T11:44:39Z</time><speed>0.000</speed><sat>28</sat></trkpt>
  <trkpt lat="45.78006854" lon="2.96501003"><ele>1243.688</ele><time>2026-09-21T11:44:42Z</time><speed>0.000</speed><sat>28</sat></trkpt>
  <trkpt lat="45.78006776" lon="2.96501008"><ele>1243.656</ele><time>2026-09-21T11:44:45Z</time><speed>0.000</speed><sat>26</sat></trkpt>
  <trkpt lat="45.78006730" lon="2.96501029"><ele>1243.670</ele><time>2026-09-21T11:44:48Z</time><speed>0.000</speed><sat>27</sat></trkpt>
  <trkpt lat="45.78006758" lon="2.96501432"><ele>1243.446</ele><time>2026-09-21T11:44:51Z</time><speed>0.000</speed><sat>29</sat></trkpt>
  <trkpt lat="45.78006737" lon="2.96501513"><ele>1243.377</ele><time>2026-09-21T11:44:54Z</time><speed>0.000</speed><sat>28</sat></trkpt>
  <trkpt lat="45.78006719" lon="2.96501720"><ele>1243.310</ele><time>2026-09-21T11:44:57Z</time><speed>0.000</speed><sat>28</sat></trkpt>
  <trkpt lat="45.78006834" lon="2.96501888"><ele>1243.381</ele><time>2026-09-21T11:45:00Z</time><speed>0.170</speed><sat>28</sat></trkpt>
  <trkpt lat="45.78006870" lon="2.96501680"><ele>1243.243</ele><time>2026-09-21T11:45:03Z</time><speed>0.000</speed><sat>25</sat></trkpt>
  <trkpt lat="45.78006611" lon="2.96499968"><ele>1243.026</ele><time>2026-09-21T11:45:06Z</time><speed>0.910</speed><sat>28</sat></trkpt>
  <trkpt lat="45.78006262" lon="2.96497671"><ele>1242.577</ele><time>2026-09-21T11:45:09Z</time><speed>0.460</speed><sat>30</sat></trkpt>
  <trkpt lat="45.78005486" lon="2.96494931"><ele>1242.436</ele><time>2026-09-21T11:45:12Z</time><speed>0.780</speed><sat>30</sat></trkpt>
  <trkpt lat="45.78005021" lon="2.96493879"><ele>1242.913</ele><time>2026-09-21T11:45:15Z</time><speed>0.000</speed><sat>29</sat></trkpt>
  <trkpt lat="45.78004999" lon="2.96493709"><ele>1242.980</ele><time>2026-09-21T11:45:18Z</time><speed>0.000</speed><sat>29</sat></trkpt>
  <trkpt lat="45.78005045" lon="2.96492565"><ele>1243.383</ele><time>2026-09-21T11:45:21Z</time><speed>0.170</speed><sat>29</sat></trkpt>
  <trkpt lat="45.78006101" lon="2.96491464"><ele>1242.276</ele><time>2026-09-21T11:45:24Z</time><speed>0.730</speed><sat>29</sat></trkpt>
  <trkpt lat="45.78007212" lon="2.96491693"><ele>1241.522</ele><time>2026-09-21T11:45:27Z</time><speed>0.000</speed><sat>29</sat></trkpt>
  <trkpt lat="45.78007732" lon="2.96491851"><ele>1241.052</ele><time>2026-09-21T11:45:30Z</time><speed>0.000</speed><sat>29</sat></trkpt>
  <trkpt lat="45.78008931" lon="2.96490675"><ele>1240.540</ele><time>2026-09-21T11:45:33Z</time><speed>0.780</speed><sat>29</sat></trkpt>
  <trkpt lat="45.78010889" lon="2.96489406"><ele>1239.753</ele><time>2026-09-21T11:45:36Z</time><speed>0.720</speed><sat>29</sat></trkpt>
  <trkpt lat="45.78012767" lon="2.96488962"><ele>1239.469</ele><time>2026-09-21T11:45:39Z</time><speed>0.690</speed><sat>29</sat></trkpt>
  <trkpt lat="45.78014496" lon="2.96488201"><ele>1239.683</ele><time>2026-09-21T11:45:42Z</time><speed>0.720</speed><sat>29</sat></trkpt>
  <trkpt lat="45.78016449" lon="2.96488315"><ele>1238.062</ele><time>2026-09-21T11:45:45Z</time><speed>0.780</speed><sat>29</sat></trkpt>
  <trkpt lat="45.78017669" lon="2.96487778"><ele>1237.797</ele><time>2026-09-21T11:45:48Z</time><speed>0.810</speed><sat>29</sat></trkpt>
  <trkpt lat="45.78019545" lon="2.96487339"><ele>1237.513</ele><time>2026-09-21T11:45:51Z</time><speed>0.860</speed><sat>29</sat></trkpt>
  <trkpt lat="45.78021121" lon="2.96488872"><ele>1236.634</ele><time>2026-09-21T11:45:54Z</time><speed>0.850</speed><sat>29</sat></trkpt>
  <trkpt lat="45.78022204" lon="2.96491826"><ele>1236.469</ele><time>2026-09-21T11:45:57Z</time><speed>0.880</speed><sat>30</sat></trkpt>
  <trkpt lat="45.78023586" lon="2.96494533"><ele>1236.061</ele><time>2026-09-21T11:46:00Z</time><speed>0.870</speed><sat>30</sat></trkpt>
  <trkpt lat="45.78025018" lon="2.96495613"><ele>1235.998</ele><time>2026-09-21T11:46:03Z</time><speed>0.940</speed><sat>29</sat></trkpt>
  <trkpt lat="45.78027549" lon="2.96496567"><ele>1236.579</ele><time>2026-09-21T11:46:06Z</time><speed>0.910</speed><sat>29</sat></trkpt>
  <trkpt lat="45.78030124" lon="2.96493970"><ele>1236.315</ele><time>2026-09-21T11:46:09Z</time><speed>1.060</speed><sat>31</sat></trkpt>
  <trkpt lat="45.78032794" lon="2.96492525"><ele>1235.120</ele><time>2026-09-21T11:46:12Z</time><speed>0.920</speed><sat>31</sat></trkpt>
  <trkpt lat="45.78035706" lon="2.96491571"><ele>1235.700</ele><time>2026-09-21T11:46:15Z</time><speed>1.220</speed><sat>30</sat></trkpt>
  <trkpt lat="45.78038464" lon="2.96490521"><ele>1236.293</ele><time>2026-09-21T11:46:18Z</time><speed>0.860</speed><sat>29</sat></trkpt>
  <trkpt lat="45.78037850" lon="2.96492899"><ele>1233.953</ele><time>2026-09-21T11:46:21Z</time><speed>0.000</speed><sat>28</sat></trkpt>
  <trkpt lat="45.78036903" lon="2.96492968"><ele>1233.709</ele><time>2026-09-21T11:46:24Z</time><speed>0.000</speed><sat>28</sat></trkpt>
  <trkpt lat="45.78036784" lon="2.96492811"><ele>1233.686</ele><time>2026-09-21T11:46:27Z</time><speed>0.000</speed><sat>27</sat></trkpt>
  <trkpt lat="45.78036699" lon="2.96492571"><ele>1233.438</ele><time>2026-09-21T11:46:30Z</time><speed>0.000</speed><sat>26</sat></trkpt>
  <trkpt lat="45.78036916" lon="2.96491134"><ele>1233.443</ele><time>2026-09-21T11:46:33Z</time><speed>0.000</speed><sat>28</sat></trkpt>
  <trkpt lat="45.78036836" lon="2.96490797"><ele>1233.274</ele><time>2026-09-21T11:46:36Z</time><speed>0.000</speed><sat>30</sat></trkpt>
  <trkpt lat="45.78036745" lon="2.96490632"><ele>1233.076</ele><time>2026-09-21T11:46:39Z</time><speed>0.000</speed><sat>29</sat></trkpt>
  <trkpt lat="45.78036695" lon="2.96490539"><ele>1233.009</ele><time>2026-09-21T11:46:42Z</time><speed>0.000</speed><sat>27</sat></trkpt>
  <trkpt lat="45.78036701" lon="2.96490458"><ele>1232.953</ele><time>2026-09-21T11:46:45Z</time><speed>0.000</speed><sat>28</sat></trkpt>
  <trkpt lat="45.78036673" lon="2.96490392"><ele>1232.877</ele><time>2026-09-21T11:46:48Z</time><speed>0.000</speed><sat>28</sat></trkpt>
  <trkpt lat="45.78036942" lon="2.96488044"><ele>1232.486</ele><time>2026-09-21T11:46:51Z</time><speed>0.560</speed><sat>28</sat></trkpt>
  <trkpt lat="45.78037680" lon="2.96486347"><ele>1232.279</ele><time>2026-09-21T11:46:54Z</time><speed>0.000</speed><sat>28</sat></trkpt>
  <trkpt lat="45.78037708" lon="2.96486108"><ele>1232.167</ele><time>2026-09-21T11:46:57Z</time><speed>0.000</speed><sat>28</sat></trkpt>
  <trkpt lat="45.78037722" lon="2.96486027"><ele>1232.135</ele><time>2026-09-21T11:47:00Z</time><speed>0.000</speed><sat>28</sat></trkpt>
  <trkpt lat="45.78037761" lon="2.96485973"><ele>1232.173</ele><time>2026-09-21T11:47:03Z</time><speed>0.000</speed><sat>29</sat></trkpt>
  <trkpt lat="45.78037786" lon="2.96485893"><ele>1232.144</ele><time>2026-09-21T11:47:06Z</time><speed>0.000</speed><sat>29</sat></trkpt>
  <trkpt lat="45.78037842" lon="2.96485843"><ele>1232.099</ele><time>2026-09-21T11:47:09Z</time><speed>0.000</speed><sat>28</sat></trkpt>
  <trkpt lat="45.78037883" lon="2.96485772"><ele>1232.021</ele><time>2026-09-21T11:47:12Z</time><speed>0.000</speed><sat>28</sat></trkpt>
  <trkpt lat="45.78037915" lon="2.96485674"><ele>1231.908</ele><time>2026-09-21T11:47:15Z</time><speed>0.000</speed><sat>28</sat></trkpt>
  <trkpt lat="45.78037924" lon="2.96485589"><ele>1231.790</ele><time>2026-09-21T11:47:18Z</time><speed>0.000</speed><sat>28</sat></trkpt>
  <trkpt lat="45.78037915" lon="2.96485524"><ele>1231.748</ele><time>2026-09-21T11:47:21Z</time><speed>0.000</speed><sat>29</sat></trkpt>
  <trkpt lat="45.78037882" lon="2.96485463"><ele>1231.667</ele><time>2026-09-21T11:47:24Z</time><speed>0.000</speed><sat>28</sat></trkpt>
  <trkpt lat="45.78037887" lon="2.96485434"><ele>1231.655</ele><time>2026-09-21T11:47:27Z</time><speed>0.000</speed><sat>27</sat></trkpt>
  <trkpt lat="45.78037869" lon="2.96485365"><ele>1231.492</ele><time>2026-09-21T11:47:30Z</time><speed>0.000</speed><sat>29</sat></trkpt>
  <trkpt lat="45.78037900" lon="2.96485310"><ele>1231.493</ele><time>2026-09-21T11:47:33Z</time><speed>0.000</speed><sat>27</sat></trkpt>
  <trkpt lat="45.78037878" lon="2.96485267"><ele>1231.472</ele><time>2026-09-21T11:47:36Z</time><speed>0.000</speed><sat>28</sat></trkpt>
  <trkpt lat="45.78037889" lon="2.96485228"><ele>1231.443</ele><time>2026-09-21T11:47:39Z</time><speed>0.000</speed><sat>28</sat></trkpt>
  <trkpt lat="45.78037574" lon="2.96485224"><ele>1231.214</ele><time>2026-09-21T11:47:42Z</time><speed>0.000</speed><sat>28</sat></trkpt>
  <trkpt lat="45.78037474" lon="2.96485306"><ele>1231.182</ele><time>2026-09-21T11:47:45Z</time><speed>0.000</speed><sat>26</sat></trkpt>
  <trkpt lat="45.78037644" lon="2.96485454"><ele>1231.701</ele><time>2026-09-21T11:47:48Z</time><speed>0.170</speed><sat>27</sat></trkpt>
  <trkpt lat="45.78037844" lon="2.96484800"><ele>1231.603</ele><time>2026-09-21T11:47:51Z</time><speed>0.000</speed><sat>26</sat></trkpt>
  <trkpt lat="45.78037875" lon="2.96484700"><ele>1231.554</ele><time>2026-09-21T11:47:54Z</time><speed>0.000</speed><sat>27</sat></trkpt>
  <trkpt lat="45.78037902" lon="2.96484592"><ele>1231.504</ele><time>2026-09-21T11:47:57Z</time><speed>0.000</speed><sat>27</sat></trkpt>
  <trkpt lat="45.78037917" lon="2.96484517"><ele>1231.508</ele><time>2026-09-21T11:48:00Z</time><speed>0.000</speed><sat>28</sat></trkpt>
  <trkpt lat="45.78037882" lon="2.96484456"><ele>1231.583</ele><time>2026-09-21T11:48:03Z</time><speed>0.000</speed><sat>28</sat></trkpt>
  <trkpt lat="45.78037876" lon="2.96484398"><ele>1231.613</ele><time>2026-09-21T11:48:06Z</time><speed>0.000</speed><sat>29</sat></trkpt>
  <trkpt lat="45.78037831" lon="2.96484387"><ele>1231.700</ele><time>2026-09-21T11:48:09Z</time><speed>0.000</speed><sat>29</sat></trkpt>
  <trkpt lat="45.78037581" lon="2.96484328"><ele>1231.653</ele><time>2026-09-21T11:48:12Z</time><speed>0.000</speed><sat>29</sat></trkpt>
  <trkpt lat="45.78037556" lon="2.96484372"><ele>1231.649</ele><time>2026-09-21T11:48:15Z</time><speed>0.000</speed><sat>28</sat></trkpt>
  <trkpt lat="45.78037557" lon="2.96484348"><ele>1231.654</ele><time>2026-09-21T11:48:18Z</time><speed>0.000</speed><sat>28</sat></trkpt>
  <trkpt lat="45.78037520" lon="2.96484353"><ele>1231.674</ele><time>2026-09-21T11:48:21Z</time><speed>0.000</speed><sat>26</sat></trkpt>
  <trkpt lat="45.78037515" lon="2.96484368"><ele>1231.680</ele><time>2026-09-21T11:48:24Z</time><speed>0.000</speed><sat>27</sat></trkpt>
  <trkpt lat="45.78037565" lon="2.96484295"><ele>1231.664</ele><time>2026-09-21T11:48:27Z</time><speed>0.000</speed><sat>28</sat></trkpt>
  <trkpt lat="45.78037592" lon="2.96484214"><ele>1231.662</ele><time>2026-09-21T11:48:30Z</time><speed>0.000</speed><sat>26</sat></trkpt>
  <trkpt lat="45.78037607" lon="2.96484168"><ele>1231.638</ele><time>2026-09-21T11:48:33Z</time><speed>0.000</speed><sat>24</sat></trkpt>
  <trkpt lat="45.78037593" lon="2.96484118"><ele>1231.618</ele><time>2026-09-21T11:48:36Z</time><speed>0.000</speed><sat>24</sat></trkpt>
  <trkpt lat="45.78037577" lon="2.96484072"><ele>1231.613</ele><time>2026-09-21T11:48:39Z</time><speed>0.000</speed><sat>27</sat></trkpt>
  <trkpt lat="45.78037590" lon="2.96484049"><ele>1231.643</ele><time>2026-09-21T11:48:42Z</time><speed>0.000</speed><sat>27</sat></trkpt>
  <trkpt lat="45.78037587" lon="2.96483974"><ele>1231.680</ele><time>2026-09-21T11:48:45Z</time><speed>0.000</speed><sat>25</sat></trkpt>
  <trkpt lat="45.78037568" lon="2.96483975"><ele>1231.709</ele><time>2026-09-21T11:48:48Z</time><speed>0.000</speed><sat>27</sat></trkpt>
  <trkpt lat="45.78037655" lon="2.96485365"><ele>1231.884</ele><time>2026-09-21T11:48:51Z</time><speed>0.000</speed><sat>28</sat></trkpt>
  <trkpt lat="45.78037880" lon="2.96485552"><ele>1231.920</ele><time>2026-09-21T11:48:54Z</time><speed>0.000</speed><sat>28</sat></trkpt>
  <trkpt lat="45.78037865" lon="2.96485573"><ele>1231.890</ele><time>2026-09-21T11:48:57Z</time><speed>0.000</speed><sat>28</sat></trkpt>
  <trkpt lat="45.78037861" lon="2.96485585"><ele>1231.917</ele><time>2026-09-21T11:49:00Z</time><speed>0.000</speed><sat>28</sat></trkpt>
  <trkpt lat="45.78037851" lon="2.96485621"><ele>1231.902</ele><time>2026-09-21T11:49:03Z</time><speed>0.000</speed><sat>28</sat></trkpt>
  <trkpt lat="45.78037829" lon="2.96485640"><ele>1231.876</ele><time>2026-09-21T11:49:06Z</time><speed>0.000</speed><sat>27</sat></trkpt>
  <trkpt lat="45.78037821" lon="2.96485686"><ele>1231.859</ele><time>2026-09-21T11:49:09Z</time><speed>0.000</speed><sat>28</sat></trkpt>
  <trkpt lat="45.78037813" lon="2.96485717"><ele>1231.845</ele><time>2026-09-21T11:49:12Z</time><speed>0.000</speed><sat>28</sat></trkpt>
  <trkpt lat="45.78037808" lon="2.96485795"><ele>1231.856</ele><time>2026-09-21T11:49:15Z</time><speed>0.000</speed><sat>28</sat></trkpt>
  <trkpt lat="45.78037802" lon="2.96485850"><ele>1231.816</ele><time>2026-09-21T11:49:18Z</time><speed>0.000</speed><sat>28</sat></trkpt>
  <trkpt lat="45.78037790" lon="2.96485882"><ele>1231.816</ele><time>2026-09-21T11:49:21Z</time><speed>0.000</speed><sat>28</sat></trkpt>
  <trkpt lat="45.78037809" lon="2.96485914"><ele>1231.860</ele><time>2026-09-21T11:49:24Z</time><speed>0.000</speed><sat>28</sat></trkpt>
  <trkpt lat="45.78037808" lon="2.96485943"><ele>1231.873</ele><time>2026-09-21T11:49:27Z</time><speed>0.000</speed><sat>28</sat></trkpt>
  <trkpt lat="45.78037610" lon="2.96485610"><ele>1231.927</ele><time>2026-09-21T11:49:30Z</time><speed>0.000</speed><sat>28</sat></trkpt>
  <trkpt lat="45.78037589" lon="2.96485497"><ele>1231.989</ele><time>2026-09-21T11:49:33Z</time><speed>0.000</speed><sat>29</sat></trkpt>
  <trkpt lat="45.78037635" lon="2.96485395"><ele>1232.120</ele><time>2026-09-21T11:49:36Z</time><speed>0.000</speed><sat>29</sat></trkpt>
  <trkpt lat="45.78037609" lon="2.96485368"><ele>1232.114</ele><time>2026-09-21T11:49:39Z</time><speed>0.000</speed><sat>26</sat></trkpt>
  <trkpt lat="45.78037621" lon="2.96485350"><ele>1232.133</ele><time>2026-09-21T11:49:42Z</time><speed>0.000</speed><sat>26</sat></trkpt>
  <trkpt lat="45.78037683" lon="2.96485318"><ele>1232.235</ele><time>2026-09-21T11:49:45Z</time><speed>0.000</speed><sat>27</sat></trkpt>
  <trkpt lat="45.78037805" lon="2.96485346"><ele>1232.069</ele><time>2026-09-21T11:49:48Z</time><speed>0.000</speed><sat>27</sat></trkpt>
  <trkpt lat="45.78037764" lon="2.96485349"><ele>1232.042</ele><time>2026-09-21T11:49:51Z</time><speed>0.000</speed><sat>29</sat></trkpt>
  <trkpt lat="45.78037887" lon="2.96485679"><ele>1232.058</ele><time>2026-09-21T11:49:54Z</time><speed>0.000</speed><sat>29</sat></trkpt>
  <trkpt lat="45.78038006" lon="2.96485951"><ele>1232.170</ele><time>2026-09-21T11:49:57Z</time><speed>0.000</speed><sat>28</sat></trkpt>
  <trkpt lat="45.78038526" lon="2.96486878"><ele>1232.407</ele><time>2026-09-21T11:50:00Z</time><speed>0.000</speed><sat>26</sat></trkpt>
  <trkpt lat="45.78038608" lon="2.96486925"><ele>1232.492</ele><time>2026-09-21T11:50:03Z</time><speed>0.000</speed><sat>29</sat></trkpt>
  <trkpt lat="45.78038676" lon="2.96487019"><ele>1232.655</ele><time>2026-09-21T11:50:06Z</time><speed>0.000</speed><sat>27</sat></trkpt>
  <trkpt lat="45.78038801" lon="2.96486952"><ele>1232.717</ele><time>2026-09-21T11:50:09Z</time><speed>0.320</speed><sat>26</sat></trkpt>
  <trkpt lat="45.78038221" lon="2.96486254"><ele>1232.971</ele><time>2026-09-21T11:50:12Z</time><speed>0.000</speed><sat>27</sat></trkpt>
  <trkpt lat="45.78038111" lon="2.96486300"><ele>1232.983</ele><time>2026-09-21T11:50:15Z</time><speed>0.000</speed><sat>29</sat></trkpt>
  <trkpt lat="45.78037057" lon="2.96490047"><ele>1233.056</ele><time>2026-09-21T11:50:18Z</time><speed>0.840</speed><sat>28</sat></trkpt>
  <trkpt lat="45.78036660" lon="2.96493189"><ele>1235.368</ele><time>2026-09-21T11:50:21Z</time><speed>0.860</speed><sat>28</sat></trkpt>
  <trkpt lat="45.78036875" lon="2.96497272"><ele>1236.201</ele><time>2026-09-21T11:50:24Z</time><speed>0.970</speed><sat>29</sat></trkpt>
  <trkpt lat="45.78037489" lon="2.96502583"><ele>1236.393</ele><time>2026-09-21T11:50:27Z</time><speed>1.410</speed><sat>28</sat></trkpt>
  <trkpt lat="45.78041031" lon="2.96505769"><ele>1233.735</ele><time>2026-09-21T11:50:30Z</time><speed>1.280</speed><sat>29</sat></trkpt>
  <trkpt lat="45.78044601" lon="2.96507704"><ele>1232.104</ele><time>2026-09-21T11:50:33Z</time><speed>1.140</speed><sat>29</sat></trkpt>
  <trkpt lat="45.78048081" lon="2.96510002"><ele>1229.997</ele><time>2026-09-21T11:50:36Z</time><speed>1.350</speed><sat>29</sat></trkpt>
  <trkpt lat="45.78052139" lon="2.96510453"><ele>1229.701</ele><time>2026-09-21T11:50:39Z</time><speed>1.270</speed><sat>30</sat></trkpt>
  <trkpt lat="45.78055829" lon="2.96510076"><ele>1229.941</ele><time>2026-09-21T11:50:42Z</time><speed>1.230</speed><sat>30</sat></trkpt>
  <trkpt lat="45.78060080" lon="2.96509125"><ele>1228.549</ele><time>2026-09-21T11:50:45Z</time><speed>1.630</speed><sat>28</sat></trkpt>
  <trkpt lat="45.78063981" lon="2.96509520"><ele>1228.103</ele><time>2026-09-21T11:50:48Z</time><speed>1.590</speed><sat>26</sat></trkpt>
  <trkpt lat="45.78067622" lon="2.96509618"><ele>1228.589</ele><time>2026-09-21T11:50:51Z</time><speed>1.130</speed><sat>24</sat></trkpt>
  <trkpt lat="45.78070835" lon="2.96510183"><ele>1227.676</ele><time>2026-09-21T11:50:54Z</time><speed>1.100</speed><sat>24</sat></trkpt>
  <trkpt lat="45.78074080" lon="2.96511219"><ele>1227.025</ele><time>2026-09-21T11:50:57Z</time><speed>1.230</speed><sat>23</sat></trkpt>
  <trkpt lat="45.78077190" lon="2.96511364"><ele>1227.377</ele><time>2026-09-21T11:51:00Z</time><speed>0.890</speed><sat>23</sat></trkpt>
  <trkpt lat="45.78078970" lon="2.96512081"><ele>1227.808</ele><time>2026-09-21T11:51:03Z</time><speed>0.000</speed><sat>25</sat></trkpt>
  <trkpt lat="45.78078938" lon="2.96512185"><ele>1227.867</ele><time>2026-09-21T11:51:06Z</time><speed>0.000</speed><sat>25</sat></trkpt>
  <trkpt lat="45.78078917" lon="2.96512238"><ele>1227.764</ele><time>2026-09-21T11:51:09Z</time><speed>0.000</speed><sat>24</sat></trkpt>
  <trkpt lat="45.78078903" lon="2.96512286"><ele>1227.722</ele><time>2026-09-21T11:51:12Z</time><speed>0.000</speed><sat>24</sat></trkpt>
  <trkpt lat="45.78078874" lon="2.96512350"><ele>1227.767</ele><time>2026-09-21T11:51:15Z</time><speed>0.000</speed><sat>24</sat></trkpt>
  <trkpt lat="45.78078863" lon="2.96512278"><ele>1227.705</ele><time>2026-09-21T11:51:18Z</time><speed>0.000</speed><sat>24</sat></trkpt>
  <trkpt lat="45.78078834" lon="2.96512265"><ele>1227.635</ele><time>2026-09-21T11:51:21Z</time><speed>0.000</speed><sat>23</sat></trkpt>
  <trkpt lat="45.78078790" lon="2.96513669"><ele>1227.522</ele><time>2026-09-21T11:51:24Z</time><speed>0.000</speed><sat>23</sat></trkpt>
  <trkpt lat="45.78078750" lon="2.96513718"><ele>1227.437</ele><time>2026-09-21T11:51:27Z</time><speed>0.000</speed><sat>23</sat></trkpt>
  <trkpt lat="45.78078729" lon="2.96513736"><ele>1227.282</ele><time>2026-09-21T11:51:30Z</time><speed>0.000</speed><sat>24</sat></trkpt>
  <trkpt lat="45.78078733" lon="2.96513775"><ele>1227.234</ele><time>2026-09-21T11:51:33Z</time><speed>0.000</speed><sat>23</sat></trkpt>
  <trkpt lat="45.78078723" lon="2.96513791"><ele>1227.197</ele><time>2026-09-21T11:51:36Z</time><speed>0.000</speed><sat>23</sat></trkpt>
  <trkpt lat="45.78078731" lon="2.96513817"><ele>1227.165</ele><time>2026-09-21T11:51:39Z</time><speed>0.000</speed><sat>22</sat></trkpt>
  <trkpt lat="45.78078713" lon="2.96513828"><ele>1227.074</ele><time>2026-09-21T11:51:42Z</time><speed>0.000</speed><sat>23</sat></trkpt>
  <trkpt lat="45.78078710" lon="2.96513812"><ele>1227.071</ele><time>2026-09-21T11:51:45Z</time><speed>0.000</speed><sat>25</sat></trkpt>
  <trkpt lat="45.78078719" lon="2.96513809"><ele>1227.082</ele><time>2026-09-21T11:51:48Z</time><speed>0.000</speed><sat>23</sat></trkpt>
  <trkpt lat="45.78078737" lon="2.96513806"><ele>1227.109</ele><time>2026-09-21T11:51:51Z</time><speed>0.000</speed><sat>24</sat></trkpt>
  <trkpt lat="45.78078982" lon="2.96513513"><ele>1227.138</ele><time>2026-09-21T11:51:54Z</time><speed>0.000</speed><sat>23</sat></trkpt>
  <trkpt lat="45.78078993" lon="2.96513497"><ele>1227.142</ele><time>2026-09-21T11:51:57Z</time><speed>0.000</speed><sat>26</sat></trkpt>
  <trkpt lat="45.78078993" lon="2.96513502"><ele>1227.122</ele><time>2026-09-21T11:52:00Z</time><speed>0.000</speed><sat>25</sat></trkpt>
  <trkpt lat="45.78078999" lon="2.96513515"><ele>1227.130</ele><time>2026-09-21T11:52:03Z</time><speed>0.000</speed><sat>23</sat></trkpt>
  <trkpt lat="45.78078995" lon="2.96513501"><ele>1227.162</ele><time>2026-09-21T11:52:06Z</time><speed>0.000</speed><sat>26</sat></trkpt>
  <trkpt lat="45.78078967" lon="2.96513524"><ele>1227.104</ele><time>2026-09-21T11:52:09Z</time><speed>0.000</speed><sat>26</sat></trkpt>
  <trkpt lat="45.78078938" lon="2.96513560"><ele>1227.074</ele><time>2026-09-21T11:52:12Z</time><speed>0.000</speed><sat>25</sat></trkpt>
  <trkpt lat="45.78078886" lon="2.96513613"><ele>1227.007</ele><time>2026-09-21T11:52:15Z</time><speed>0.000</speed><sat>25</sat></trkpt>
  <trkpt lat="45.78078855" lon="2.96513698"><ele>1226.917</ele><time>2026-09-21T11:52:18Z</time><speed>0.000</speed><sat>25</sat></trkpt>
  <trkpt lat="45.78078856" lon="2.96513758"><ele>1226.916</ele><time>2026-09-21T11:52:21Z</time><speed>0.000</speed><sat>25</sat></trkpt>
  <trkpt lat="45.78078876" lon="2.96513803"><ele>1226.908</ele><time>2026-09-21T11:52:24Z</time><speed>0.000</speed><sat>25</sat></trkpt>
  <trkpt lat="45.78078898" lon="2.96513846"><ele>1226.872</ele><time>2026-09-21T11:52:27Z</time><speed>0.000</speed><sat>25</sat></trkpt>
  <trkpt lat="45.78078913" lon="2.96513854"><ele>1226.868</ele><time>2026-09-21T11:52:30Z</time><speed>0.000</speed><sat>24</sat></trkpt>
  <trkpt lat="45.78078922" lon="2.96513816"><ele>1226.849</ele><time>2026-09-21T11:52:33Z</time><speed>0.000</speed><sat>23</sat></trkpt>
  <trkpt lat="45.78078933" lon="2.96513786"><ele>1226.828</ele><time>2026-09-21T11:52:36Z</time><speed>0.000</speed><sat>25</sat></trkpt>
  <trkpt lat="45.78078943" lon="2.96513791"><ele>1226.817</ele><time>2026-09-21T11:52:39Z</time><speed>0.000</speed><sat>25</sat></trkpt>
  <trkpt lat="45.78078954" lon="2.96513785"><ele>1226.800</ele><time>2026-09-21T11:52:42Z</time><speed>0.000</speed><sat>25</sat></trkpt>
  <trkpt lat="45.78079012" lon="2.96513712"><ele>1226.579</ele><time>2026-09-21T11:52:45Z</time><speed>0.000</speed><sat>26</sat></trkpt>
  <trkpt lat="45.78079587" lon="2.96514229"><ele>1226.217</ele><time>2026-09-21T11:52:48Z</time><speed>0.240</speed><sat>24</sat></trkpt>
  <trkpt lat="45.78080983" lon="2.96514724"><ele>1226.929</ele><time>2026-09-21T11:52:51Z</time><speed>0.700</speed><sat>23</sat></trkpt>
  <trkpt lat="45.78083158" lon="2.96516460"><ele>1227.195</ele><time>2026-09-21T11:52:54Z</time><speed>1.060</speed><sat>25</sat></trkpt>
  <trkpt lat="45.78083314" lon="2.96516723"><ele>1227.171</ele><time>2026-09-21T11:52:57Z</time><speed>0.000</speed><sat>25</sat></trkpt>
  <trkpt lat="45.78083320" lon="2.96516727"><ele>1227.199</ele><time>2026-09-21T11:53:00Z</time><speed>0.000</speed><sat>25</sat></trkpt>
  <trkpt lat="45.78083332" lon="2.96516696"><ele>1227.265</ele><time>2026-09-21T11:53:03Z</time><speed>0.000</speed><sat>25</sat></trkpt>
  <trkpt lat="45.78083312" lon="2.96516686"><ele>1227.256</ele><time>2026-09-21T11:53:06Z</time><speed>0.000</speed><sat>22</sat></trkpt>
  <trkpt lat="45.78083313" lon="2.96516682"><ele>1227.262</ele><time>2026-09-21T11:53:09Z</time><speed>0.000</speed><sat>25</sat></trkpt>
  <trkpt lat="45.78083749" lon="2.96515374"><ele>1227.304</ele><time>2026-09-21T11:53:12Z</time><speed>0.480</speed><sat>25</sat></trkpt>
  <trkpt lat="45.78085880" lon="2.96512474"><ele>1227.249</ele><time>2026-09-21T11:53:15Z</time><speed>1.090</speed><sat>25</sat></trkpt>
  <trkpt lat="45.78085677" lon="2.96512664"><ele>1227.068</ele><time>2026-09-21T11:53:18Z</time><speed>0.000</speed><sat>24</sat></trkpt>
  <trkpt lat="45.78085278" lon="2.96512325"><ele>1225.864</ele><time>2026-09-21T11:53:21Z</time><speed>0.000</speed><sat>24</sat></trkpt>
  <trkpt lat="45.78085231" lon="2.96512356"><ele>1225.828</ele><time>2026-09-21T11:53:24Z</time><speed>0.000</speed><sat>24</sat></trkpt>
  <trkpt lat="45.78085232" lon="2.96512373"><ele>1225.813</ele><time>2026-09-21T11:53:27Z</time><speed>0.000</speed><sat>26</sat></trkpt>
  <trkpt lat="45.78085193" lon="2.96512400"><ele>1225.727</ele><time>2026-09-21T11:53:30Z</time><speed>0.000</speed><sat>26</sat></trkpt>
  <trkpt lat="45.78085158" lon="2.96512394"><ele>1225.719</ele><time>2026-09-21T11:53:33Z</time><speed>0.000</speed><sat>25</sat></trkpt>
  <trkpt lat="45.78085161" lon="2.96512406"><ele>1225.755</ele><time>2026-09-21T11:53:36Z</time><speed>0.000</speed><sat>25</sat></trkpt>
  <trkpt lat="45.78085165" lon="2.96512408"><ele>1225.777</ele><time>2026-09-21T11:53:39Z</time><speed>0.000</speed><sat>25</sat></trkpt>
  <trkpt lat="45.78085164" lon="2.96512417"><ele>1225.738</ele><time>2026-09-21T11:53:42Z</time><speed>0.000</speed><sat>23</sat></trkpt>
  <trkpt lat="45.78084930" lon="2.96512343"><ele>1225.808</ele><time>2026-09-21T11:53:45Z</time><speed>0.000</speed><sat>25</sat></trkpt>
  <trkpt lat="45.78084575" lon="2.96511910"><ele>1225.672</ele><time>2026-09-21T11:53:48Z</time><speed>0.000</speed><sat>25</sat></trkpt>
  <trkpt lat="45.78084545" lon="2.96511909"><ele>1225.637</ele><time>2026-09-21T11:53:51Z</time><speed>0.000</speed><sat>25</sat></trkpt>
  <trkpt lat="45.78084529" lon="2.96511973"><ele>1225.593</ele><time>2026-09-21T11:53:54Z</time><speed>0.000</speed><sat>24</sat></trkpt>
  <trkpt lat="45.78084479" lon="2.96512051"><ele>1225.592</ele><time>2026-09-21T11:53:57Z</time><speed>0.000</speed><sat>24</sat></trkpt>
  <trkpt lat="45.78084478" lon="2.96512059"><ele>1225.612</ele><time>2026-09-21T11:54:00Z</time><speed>0.000</speed><sat>23</sat></trkpt>
  <trkpt lat="45.78084467" lon="2.96512104"><ele>1225.648</ele><time>2026-09-21T11:54:03Z</time><speed>0.000</speed><sat>22</sat></trkpt>
  <trkpt lat="45.78084435" lon="2.96512164"><ele>1225.669</ele><time>2026-09-21T11:54:06Z</time><speed>0.000</speed><sat>22</sat></trkpt>
  <trkpt lat="45.78084437" lon="2.96512171"><ele>1225.697</ele><time>2026-09-21T11:54:09Z</time><speed>0.000</speed><sat>22</sat></trkpt>
  <trkpt lat="45.78084415" lon="2.96512182"><ele>1225.683</ele><time>2026-09-21T11:54:12Z</time><speed>0.000</speed><sat>22</sat></trkpt>
  <trkpt lat="45.78084393" lon="2.96512209"><ele>1225.673</ele><time>2026-09-21T11:54:15Z</time><speed>0.000</speed><sat>23</sat></trkpt>
  <trkpt lat="45.78084392" lon="2.96512210"><ele>1225.681</ele><time>2026-09-21T11:54:18Z</time><speed>0.000</speed><sat>23</sat></trkpt>
  <trkpt lat="45.78084359" lon="2.96512263"><ele>1225.627</ele><time>2026-09-21T11:54:21Z</time><speed>0.000</speed><sat>22</sat></trkpt>
  <trkpt lat="45.78084493" lon="2.96512128"><ele>1225.813</ele><time>2026-09-21T11:54:24Z</time><speed>0.220</speed><sat>22</sat></trkpt>
  <trkpt lat="45.78084557" lon="2.96512240"><ele>1225.774</ele><time>2026-09-21T11:54:27Z</time><speed>0.000</speed><sat>22</sat></trkpt>
  <trkpt lat="45.78084952" lon="2.96512170"><ele>1225.649</ele><time>2026-09-21T11:54:30Z</time><speed>0.410</speed><sat>24</sat></trkpt>
  <trkpt lat="45.78085766" lon="2.96512191"><ele>1225.356</ele><time>2026-09-21T11:54:33Z</time><speed>0.350</speed><sat>24</sat></trkpt>
  <trkpt lat="45.78088049" lon="2.96512038"><ele>1225.099</ele><time>2026-09-21T11:54:36Z</time><speed>0.940</speed><sat>23</sat></trkpt>
  <trkpt lat="45.78090265" lon="2.96512729"><ele>1224.604</ele><time>2026-09-21T11:54:39Z</time><speed>0.850</speed><sat>24</sat></trkpt>
  <trkpt lat="45.78092421" lon="2.96513365"><ele>1223.912</ele><time>2026-09-21T11:54:42Z</time><speed>0.940</speed><sat>24</sat></trkpt>
  <trkpt lat="45.78094599" lon="2.96515025"><ele>1223.566</ele><time>2026-09-21T11:54:45Z</time><speed>1.010</speed><sat>24</sat></trkpt>
  <trkpt lat="45.78096533" lon="2.96516584"><ele>1221.569</ele><time>2026-09-21T11:54:48Z</time><speed>0.910</speed><sat>25</sat></trkpt>
  <trkpt lat="45.78097987" lon="2.96518355"><ele>1220.889</ele><time>2026-09-21T11:54:51Z</time><speed>0.740</speed><sat>23</sat></trkpt>
  <trkpt lat="45.78099586" lon="2.96519471"><ele>1220.634</ele><time>2026-09-21T11:54:54Z</time><speed>0.710</speed><sat>24</sat></trkpt>
  <trkpt lat="45.78101380" lon="2.96520737"><ele>1220.476</ele><time>2026-09-21T11:54:57Z</time><speed>0.790</speed><sat>25</sat></trkpt>
  <trkpt lat="45.78103831" lon="2.96521036"><ele>1219.829</ele><time>2026-09-21T11:55:00Z</time><speed>0.940</speed><sat>26</sat></trkpt>
  <trkpt lat="45.78105079" lon="2.96521282"><ele>1218.883</ele><time>2026-09-21T11:55:03Z</time><speed>0.820</speed><sat>26</sat></trkpt>
  <trkpt lat="45.78106883" lon="2.96521672"><ele>1218.165</ele><time>2026-09-21T11:55:06Z</time><speed>0.840</speed><sat>25</sat></trkpt>
  <trkpt lat="45.78109188" lon="2.96522368"><ele>1217.761</ele><time>2026-09-21T11:55:09Z</time><speed>0.960</speed><sat>24</sat></trkpt>
  <trkpt lat="45.78111522" lon="2.96522963"><ele>1216.579</ele><time>2026-09-21T11:55:12Z</time><speed>0.900</speed><sat>23</sat></trkpt>
  <trkpt lat="45.78114064" lon="2.96523660"><ele>1216.717</ele><time>2026-09-21T11:55:15Z</time><speed>1.130</speed><sat>24</sat></trkpt>
  <trkpt lat="45.78115953" lon="2.96523826"><ele>1217.349</ele><time>2026-09-21T11:55:18Z</time><speed>0.820</speed><sat>24</sat></trkpt>
  <trkpt lat="45.78117625" lon="2.96523596"><ele>1217.202</ele><time>2026-09-21T11:55:21Z</time><speed>0.860</speed><sat>24</sat></trkpt>
  <trkpt lat="45.78119292" lon="2.96523897"><ele>1216.381</ele><time>2026-09-21T11:55:24Z</time><speed>0.830</speed><sat>25</sat></trkpt>
  <trkpt lat="45.78121345" lon="2.96524431"><ele>1215.588</ele><time>2026-09-21T11:55:27Z</time><speed>1.060</speed><sat>24</sat></trkpt>
  <trkpt lat="45.78121889" lon="2.96525231"><ele>1215.630</ele><time>2026-09-21T11:55:30Z</time><speed>0.290</speed><sat>22</sat></trkpt>
  <trkpt lat="45.78123076" lon="2.96525826"><ele>1216.346</ele><time>2026-09-21T11:55:33Z</time><speed>1.320</speed><sat>22</sat></trkpt>
  <trkpt lat="45.78124508" lon="2.96525127"><ele>1215.328</ele><time>2026-09-21T11:55:36Z</time><speed>0.000</speed><sat>23</sat></trkpt>
  <trkpt lat="45.78127169" lon="2.96524212"><ele>1214.701</ele><time>2026-09-21T11:55:39Z</time><speed>0.940</speed><sat>25</sat></trkpt>
  <trkpt lat="45.78129437" lon="2.96523064"><ele>1213.989</ele><time>2026-09-21T11:55:42Z</time><speed>1.110</speed><sat>25</sat></trkpt>
  <trkpt lat="45.78130981" lon="2.96521663"><ele>1213.353</ele><time>2026-09-21T11:55:45Z</time><speed>0.970</speed><sat>25</sat></trkpt>
  <trkpt lat="45.78132337" lon="2.96520307"><ele>1211.823</ele><time>2026-09-21T11:55:48Z</time><speed>0.760</speed><sat>27</sat></trkpt>
  <trkpt lat="45.78132711" lon="2.96519861"><ele>1211.426</ele><time>2026-09-21T11:55:51Z</time><speed>0.300</speed><sat>27</sat></trkpt>
  <trkpt lat="45.78133719" lon="2.96518115"><ele>1211.509</ele><time>2026-09-21T11:55:54Z</time><speed>0.990</speed><sat>27</sat></trkpt>
  <trkpt lat="45.78136109" lon="2.96517319"><ele>1208.844</ele><time>2026-09-21T11:55:57Z</time><speed>0.740</speed><sat>27</sat></trkpt>
  <trkpt lat="45.78137874" lon="2.96518310"><ele>1207.153</ele><time>2026-09-21T11:56:00Z</time><speed>0.620</speed><sat>25</sat></trkpt>
  <trkpt lat="45.78139775" lon="2.96519090"><ele>1206.827</ele><time>2026-09-21T11:56:03Z</time><speed>0.740</speed><sat>25</sat></trkpt>
  <trkpt lat="45.78141428" lon="2.96519457"><ele>1205.757</ele><time>2026-09-21T11:56:06Z</time><speed>1.010</speed><sat>24</sat></trkpt>
  <trkpt lat="45.78143318" lon="2.96519921"><ele>1206.304</ele><time>2026-09-21T11:56:09Z</time><speed>0.810</speed><sat>26</sat></trkpt>
  <trkpt lat="45.78145556" lon="2.96520606"><ele>1205.738</ele><time>2026-09-21T11:56:12Z</time><speed>0.950</speed><sat>27</sat></trkpt>
  <trkpt lat="45.78147427" lon="2.96521847"><ele>1205.267</ele><time>2026-09-21T11:56:15Z</time><speed>1.000</speed><sat>25</sat></trkpt>
  <trkpt lat="45.78148974" lon="2.96523546"><ele>1204.759</ele><time>2026-09-21T11:56:18Z</time><speed>0.800</speed><sat>24</sat></trkpt>
  <trkpt lat="45.78150264" lon="2.96525258"><ele>1204.589</ele><time>2026-09-21T11:56:21Z</time><speed>0.690</speed><sat>26</sat></trkpt>
  <trkpt lat="45.78152031" lon="2.96527311"><ele>1203.719</ele><time>2026-09-21T11:56:24Z</time><speed>0.890</speed><sat>26</sat></trkpt>
  <trkpt lat="45.78153958" lon="2.96529681"><ele>1204.139</ele><time>2026-09-21T11:56:27Z</time><speed>1.040</speed><sat>24</sat></trkpt>
  <trkpt lat="45.78155854" lon="2.96532487"><ele>1205.131</ele><time>2026-09-21T11:56:30Z</time><speed>1.060</speed><sat>25</sat></trkpt>
  <trkpt lat="45.78158372" lon="2.96535764"><ele>1205.444</ele><time>2026-09-21T11:56:33Z</time><speed>1.330</speed><sat>28</sat></trkpt>
  <trkpt lat="45.78161162" lon="2.96539221"><ele>1205.001</ele><time>2026-09-21T11:56:36Z</time><speed>1.280</speed><sat>28</sat></trkpt>
  <trkpt lat="45.78163491" lon="2.96540854"><ele>1203.950</ele><time>2026-09-21T11:56:39Z</time><speed>1.120</speed><sat>25</sat></trkpt>
  <trkpt lat="45.78164602" lon="2.96543340"><ele>1203.939</ele><time>2026-09-21T11:56:42Z</time><speed>1.000</speed><sat>24</sat></trkpt>
  <trkpt lat="45.78167672" lon="2.96545766"><ele>1201.023</ele><time>2026-09-21T11:56:45Z</time><speed>1.070</speed><sat>27</sat></trkpt>
  <trkpt lat="45.78170045" lon="2.96547286"><ele>1199.568</ele><time>2026-09-21T11:56:48Z</time><speed>0.980</speed><sat>28</sat></trkpt>
  <trkpt lat="45.78171900" lon="2.96549814"><ele>1199.316</ele><time>2026-09-21T11:56:51Z</time><speed>0.950</speed><sat>25</sat></trkpt>
  <trkpt lat="45.78173415" lon="2.96553064"><ele>1199.728</ele><time>2026-09-21T11:56:54Z</time><speed>0.870</speed><sat>25</sat></trkpt>
  <trkpt lat="45.78174657" lon="2.96554760"><ele>1200.296</ele><time>2026-09-21T11:56:57Z</time><speed>0.840</speed><sat>26</sat></trkpt>
  <trkpt lat="45.78176633" lon="2.96557956"><ele>1200.306</ele><time>2026-09-21T11:57:00Z</time><speed>1.000</speed><sat>27</sat></trkpt>
  <trkpt lat="45.78178648" lon="2.96559439"><ele>1199.693</ele><time>2026-09-21T11:57:03Z</time><speed>0.930</speed><sat>26</sat></trkpt>
  <trkpt lat="45.78180287" lon="2.96559180"><ele>1196.731</ele><time>2026-09-21T11:57:06Z</time><speed>1.170</speed><sat>25</sat></trkpt>
  <trkpt lat="45.78183843" lon="2.96561412"><ele>1195.437</ele><time>2026-09-21T11:57:09Z</time><speed>1.210</speed><sat>22</sat></trkpt>
  <trkpt lat="45.78186440" lon="2.96563298"><ele>1196.334</ele><time>2026-09-21T11:57:12Z</time><speed>1.190</speed><sat>20</sat></trkpt>
  <trkpt lat="45.78189729" lon="2.96566119"><ele>1195.533</ele><time>2026-09-21T11:57:15Z</time><speed>1.320</speed><sat>23</sat></trkpt>
  <trkpt lat="45.78192107" lon="2.96568197"><ele>1195.558</ele><time>2026-09-21T11:57:18Z</time><speed>1.500</speed><sat>24</sat></trkpt>
  <trkpt lat="45.78195839" lon="2.96569878"><ele>1195.248</ele><time>2026-09-21T11:57:21Z</time><speed>1.350</speed><sat>22</sat></trkpt>
  <trkpt lat="45.78198701" lon="2.96570758"><ele>1195.312</ele><time>2026-09-21T11:57:24Z</time><speed>1.160</speed><sat>21</sat></trkpt>
  <trkpt lat="45.78202145" lon="2.96571522"><ele>1194.550</ele><time>2026-09-21T11:57:27Z</time><speed>1.140</speed><sat>23</sat></trkpt>
  <trkpt lat="45.78204554" lon="2.96573877"><ele>1194.184</ele><time>2026-09-21T11:57:30Z</time><speed>1.090</speed><sat>23</sat></trkpt>
  <trkpt lat="45.78207075" lon="2.96575014"><ele>1194.333</ele><time>2026-09-21T11:57:33Z</time><speed>1.040</speed><sat>23</sat></trkpt>
  <trkpt lat="45.78209703" lon="2.96574699"><ele>1194.245</ele><time>2026-09-21T11:57:36Z</time><speed>1.060</speed><sat>25</sat></trkpt>
  <trkpt lat="45.78213062" lon="2.96572054"><ele>1192.532</ele><time>2026-09-21T11:57:39Z</time><speed>1.090</speed><sat>25</sat></trkpt>
  <trkpt lat="45.78216129" lon="2.96571500"><ele>1191.839</ele><time>2026-09-21T11:57:42Z</time><speed>1.100</speed><sat>27</sat></trkpt>
  <trkpt lat="45.78218874" lon="2.96569622"><ele>1191.945</ele><time>2026-09-21T11:57:45Z</time><speed>1.090</speed><sat>27</sat></trkpt>
  <trkpt lat="45.78221693" lon="2.96569961"><ele>1192.419</ele><time>2026-09-21T11:57:48Z</time><speed>1.030</speed><sat>28</sat></trkpt>
  <trkpt lat="45.78224531" lon="2.96570328"><ele>1192.989</ele><time>2026-09-21T11:57:51Z</time><speed>1.080</speed><sat>27</sat></trkpt>
  <trkpt lat="45.78227608" lon="2.96570464"><ele>1192.701</ele><time>2026-09-21T11:57:54Z</time><speed>1.080</speed><sat>27</sat></trkpt>
  <trkpt lat="45.78230201" lon="2.96569908"><ele>1191.974</ele><time>2026-09-21T11:57:57Z</time><speed>1.080</speed><sat>26</sat></trkpt>
  <trkpt lat="45.78233080" lon="2.96569259"><ele>1191.809</ele><time>2026-09-21T11:58:00Z</time><speed>1.110</speed><sat>24</sat></trkpt>
  <trkpt lat="45.78235759" lon="2.96568523"><ele>1191.742</ele><time>2026-09-21T11:58:03Z</time><speed>1.070</speed><sat>24</sat></trkpt>
  <trkpt lat="45.78238054" lon="2.96567340"><ele>1190.069</ele><time>2026-09-21T11:58:06Z</time><speed>1.060</speed><sat>23</sat></trkpt>
  <trkpt lat="45.78240922" lon="2.96565210"><ele>1189.009</ele><time>2026-09-21T11:58:09Z</time><speed>1.010</speed><sat>26</sat></trkpt>
  <trkpt lat="45.78243699" lon="2.96564871"><ele>1189.064</ele><time>2026-09-21T11:58:12Z</time><speed>1.010</speed><sat>29</sat></trkpt>
  <trkpt lat="45.78246273" lon="2.96563710"><ele>1188.696</ele><time>2026-09-21T11:58:15Z</time><speed>0.980</speed><sat>28</sat></trkpt>
  <trkpt lat="45.78248428" lon="2.96562744"><ele>1189.668</ele><time>2026-09-21T11:58:18Z</time><speed>1.000</speed><sat>28</sat></trkpt>
  <trkpt lat="45.78250899" lon="2.96562517"><ele>1189.311</ele><time>2026-09-21T11:58:21Z</time><speed>0.980</speed><sat>29</sat></trkpt>
  <trkpt lat="45.78253598" lon="2.96561599"><ele>1186.251</ele><time>2026-09-21T11:58:24Z</time><speed>1.080</speed><sat>30</sat></trkpt>
  <trkpt lat="45.78256484" lon="2.96561562"><ele>1186.918</ele><time>2026-09-21T11:58:27Z</time><speed>1.060</speed><sat>28</sat></trkpt>
  <trkpt lat="45.78259589" lon="2.96561207"><ele>1186.870</ele><time>2026-09-21T11:58:30Z</time><speed>1.010</speed><sat>28</sat></trkpt>
  <trkpt lat="45.78262578" lon="2.96560088"><ele>1186.242</ele><time>2026-09-21T11:58:33Z</time><speed>1.000</speed><sat>29</sat></trkpt>
  <trkpt lat="45.78265512" lon="2.96560437"><ele>1186.614</ele><time>2026-09-21T11:58:36Z</time><speed>0.980</speed><sat>29</sat></trkpt>
  <trkpt lat="45.78268687" lon="2.96560501"><ele>1184.997</ele><time>2026-09-21T11:58:39Z</time><speed>0.990</speed><sat>27</sat></trkpt>
  <trkpt lat="45.78272145" lon="2.96560007"><ele>1184.790</ele><time>2026-09-21T11:58:42Z</time><speed>1.080</speed><sat>28</sat></trkpt>
  <trkpt lat="45.78275207" lon="2.96558654"><ele>1184.434</ele><time>2026-09-21T11:58:45Z</time><speed>1.030</speed><sat>26</sat></trkpt>
  <trkpt lat="45.78278226" lon="2.96557655"><ele>1184.481</ele><time>2026-09-21T11:58:48Z</time><speed>1.080</speed><sat>26</sat></trkpt>
  <trkpt lat="45.78281205" lon="2.96557145"><ele>1185.606</ele><time>2026-09-21T11:58:51Z</time><speed>0.990</speed><sat>26</sat></trkpt>
  <trkpt lat="45.78284559" lon="2.96554936"><ele>1184.023</ele><time>2026-09-21T11:58:54Z</time><speed>1.110</speed><sat>27</sat></trkpt>
  <trkpt lat="45.78287927" lon="2.96553293"><ele>1184.477</ele><time>2026-09-21T11:58:57Z</time><speed>1.050</speed><sat>25</sat></trkpt>
  <trkpt lat="45.78290744" lon="2.96552286"><ele>1183.870</ele><time>2026-09-21T11:59:00Z</time><speed>1.000</speed><sat>26</sat></trkpt>
  <trkpt lat="45.78293225" lon="2.96551553"><ele>1181.846</ele><time>2026-09-21T11:59:03Z</time><speed>0.940</speed><sat>26</sat></trkpt>
  <trkpt lat="45.78295901" lon="2.96551945"><ele>1181.820</ele><time>2026-09-21T11:59:06Z</time><speed>1.000</speed><sat>28</sat></trkpt>
  <trkpt lat="45.78298509" lon="2.96552331"><ele>1181.513</ele><time>2026-09-21T11:59:09Z</time><speed>0.990</speed><sat>28</sat></trkpt>
  <trkpt lat="45.78301054" lon="2.96553396"><ele>1183.104</ele><time>2026-09-21T11:59:12Z</time><speed>1.070</speed><sat>28</sat></trkpt>
  <trkpt lat="45.78303375" lon="2.96553150"><ele>1183.110</ele><time>2026-09-21T11:59:15Z</time><speed>0.990</speed><sat>28</sat></trkpt>
  <trkpt lat="45.78305989" lon="2.96553936"><ele>1182.613</ele><time>2026-09-21T11:59:18Z</time><speed>0.950</speed><sat>27</sat></trkpt>
  <trkpt lat="45.78308645" lon="2.96554299"><ele>1181.529</ele><time>2026-09-21T11:59:21Z</time><speed>0.970</speed><sat>31</sat></trkpt>
  <trkpt lat="45.78310815" lon="2.96554312"><ele>1181.466</ele><time>2026-09-21T11:59:24Z</time><speed>0.930</speed><sat>30</sat></trkpt>
  <trkpt lat="45.78313516" lon="2.96554077"><ele>1181.290</ele><time>2026-09-21T11:59:27Z</time><speed>0.950</speed><sat>29</sat></trkpt>
  <trkpt lat="45.78315895" lon="2.96554704"><ele>1182.016</ele><time>2026-09-21T11:59:30Z</time><speed>0.920</speed><sat>30</sat></trkpt>
  <trkpt lat="45.78318592" lon="2.96555138"><ele>1180.325</ele><time>2026-09-21T11:59:33Z</time><speed>0.950</speed><sat>29</sat></trkpt>
  <trkpt lat="45.78320953" lon="2.96556018"><ele>1180.175</ele><time>2026-09-21T11:59:36Z</time><speed>0.970</speed><sat>29</sat></trkpt>
  <trkpt lat="45.78323730" lon="2.96556044"><ele>1179.332</ele><time>2026-09-21T11:59:39Z</time><speed>0.970</speed><sat>28</sat></trkpt>
  <trkpt lat="45.78326569" lon="2.96556749"><ele>1178.457</ele><time>2026-09-21T11:59:42Z</time><speed>0.950</speed><sat>30</sat></trkpt>
  <trkpt lat="45.78329375" lon="2.96556979"><ele>1179.139</ele><time>2026-09-21T11:59:45Z</time><speed>1.070</speed><sat>30</sat></trkpt>
  <trkpt lat="45.78332339" lon="2.96557537"><ele>1178.604</ele><time>2026-09-21T11:59:48Z</time><speed>1.060</speed><sat>29</sat></trkpt>
  <trkpt lat="45.78335345" lon="2.96557098"><ele>1177.818</ele><time>2026-09-21T11:59:51Z</time><speed>1.120</speed><sat>28</sat></trkpt>
  <trkpt lat="45.78338275" lon="2.96558983"><ele>1178.034</ele><time>2026-09-21T11:59:54Z</time><speed>1.020</speed><sat>26</sat></trkpt>
  <trkpt lat="45.78341128" lon="2.96559962"><ele>1177.762</ele><time>2026-09-21T11:59:57Z</time><speed>0.840</speed><sat>27</sat></trkpt>
  <trkpt lat="45.78344078" lon="2.96561488"><ele>1177.221</ele><time>2026-09-21T12:00:00Z</time><speed>1.310</speed><sat>28</sat></trkpt>
  <trkpt lat="45.78346493" lon="2.96563548"><ele>1177.107</ele><time>2026-09-21T12:00:03Z</time><speed>1.090</speed><sat>28</sat></trkpt>
  <trkpt lat="45.78348833" lon="2.96565298"><ele>1176.778</ele><time>2026-09-21T12:00:06Z</time><speed>1.030</speed><sat>27</sat></trkpt>
  <trkpt lat="45.78351569" lon="2.96566460"><ele>1176.065</ele><time>2026-09-21T12:00:09Z</time><speed>0.920</speed><sat>28</sat></trkpt>
  <trkpt lat="45.78353521" lon="2.96568904"><ele>1175.344</ele><time>2026-09-21T12:00:12Z</time><speed>0.930</speed><sat>31</sat></trkpt>
  <trkpt lat="45.78354851" lon="2.96571576"><ele>1175.526</ele><time>2026-09-21T12:00:15Z</time><speed>0.790</speed><sat>32</sat></trkpt>
  <trkpt lat="45.78355766" lon="2.96573913"><ele>1175.862</ele><time>2026-09-21T12:00:18Z</time><speed>0.880</speed><sat>32</sat></trkpt>
  <trkpt lat="45.78357660" lon="2.96576053"><ele>1176.154</ele><time>2026-09-21T12:00:21Z</time><speed>0.900</speed><sat>32</sat></trkpt>
  <trkpt lat="45.78359779" lon="2.96576406"><ele>1175.727</ele><time>2026-09-21T12:00:24Z</time><speed>0.810</speed><sat>33</sat></trkpt>
  <trkpt lat="45.78360080" lon="2.96576344"><ele>1174.544</ele><time>2026-09-21T12:00:27Z</time><speed>0.000</speed><sat>32</sat></trkpt>
  <trkpt lat="45.78359973" lon="2.96576490"><ele>1174.711</ele><time>2026-09-21T12:00:30Z</time><speed>0.220</speed><sat>33</sat></trkpt>
  <trkpt lat="45.78359934" lon="2.96576653"><ele>1174.600</ele><time>2026-09-21T12:00:33Z</time><speed>0.000</speed><sat>33</sat></trkpt>
  <trkpt lat="45.78360010" lon="2.96576674"><ele>1174.779</ele><time>2026-09-21T12:00:36Z</time><speed>0.000</speed><sat>33</sat></trkpt>
  <trkpt lat="45.78360269" lon="2.96576714"><ele>1175.072</ele><time>2026-09-21T12:00:39Z</time><speed>0.000</speed><sat>33</sat></trkpt>
  <trkpt lat="45.78360233" lon="2.96576726"><ele>1175.048</ele><time>2026-09-21T12:00:42Z</time><speed>0.000</speed><sat>33</sat></trkpt>
  <trkpt lat="45.78360207" lon="2.96576730"><ele>1175.124</ele><time>2026-09-21T12:00:45Z</time><speed>0.000</speed><sat>33</sat></trkpt>
  <trkpt lat="45.78360125" lon="2.96576854"><ele>1175.138</ele><time>2026-09-21T12:00:48Z</time><speed>0.000</speed><sat>33</sat></trkpt>
  <trkpt lat="45.78360090" lon="2.96576814"><ele>1175.199</ele><time>2026-09-21T12:00:51Z</time><speed>0.000</speed><sat>33</sat></trkpt>
  <trkpt lat="45.78360079" lon="2.96576776"><ele>1175.216</ele><time>2026-09-21T12:00:54Z</time><speed>0.000</speed><sat>33</sat></trkpt>
  <trkpt lat="45.78360069" lon="2.96576762"><ele>1175.237</ele><time>2026-09-21T12:00:57Z</time><speed>0.000</speed><sat>33</sat></trkpt>
  <trkpt lat="45.78360041" lon="2.96576739"><ele>1175.250</ele><time>2026-09-21T12:01:00Z</time><speed>0.000</speed><sat>33</sat></trkpt>
  <trkpt lat="45.78360037" lon="2.96576764"><ele>1175.307</ele><time>2026-09-21T12:01:03Z</time><speed>0.000</speed><sat>33</sat></trkpt>
  <trkpt lat="45.78360022" lon="2.96576735"><ele>1175.291</ele><time>2026-09-21T12:01:06Z</time><speed>0.000</speed><sat>33</sat></trkpt>
  <trkpt lat="45.78359998" lon="2.96576701"><ele>1175.334</ele><time>2026-09-21T12:01:09Z</time><speed>0.000</speed><sat>33</sat></trkpt>
  <trkpt lat="45.78360024" lon="2.96576651"><ele>1175.406</ele><time>2026-09-21T12:01:12Z</time><speed>0.000</speed><sat>33</sat></trkpt>
  <trkpt lat="45.78359979" lon="2.96576688"><ele>1175.547</ele><time>2026-09-21T12:01:15Z</time><speed>0.000</speed><sat>33</sat></trkpt>
  <trkpt lat="45.78359976" lon="2.96576675"><ele>1175.633</ele><time>2026-09-21T12:01:18Z</time><speed>0.000</speed><sat>33</sat></trkpt>
  <trkpt lat="45.78359975" lon="2.96576649"><ele>1175.607</ele><time>2026-09-21T12:01:21Z</time><speed>0.000</speed><sat>33</sat></trkpt>
  <trkpt lat="45.78359949" lon="2.96576646"><ele>1175.568</ele><time>2026-09-21T12:01:24Z</time><speed>0.000</speed><sat>33</sat></trkpt>
  <trkpt lat="45.78359903" lon="2.96576723"><ele>1175.594</ele><time>2026-09-21T12:01:27Z</time><speed>0.000</speed><sat>33</sat></trkpt>
  <trkpt lat="45.78359772" lon="2.96576953"><ele>1175.635</ele><time>2026-09-21T12:01:30Z</time><speed>0.000</speed><sat>33</sat></trkpt>
  <trkpt lat="45.78359730" lon="2.96577030"><ele>1175.623</ele><time>2026-09-21T12:01:33Z</time><speed>0.000</speed><sat>33</sat></trkpt>
  <trkpt lat="45.78359673" lon="2.96577142"><ele>1175.666</ele><time>2026-09-21T12:01:36Z</time><speed>0.000</speed><sat>33</sat></trkpt>
  <trkpt lat="45.78359661" lon="2.96577216"><ele>1175.673</ele><time>2026-09-21T12:01:39Z</time><speed>0.000</speed><sat>33</sat></trkpt>
  <trkpt lat="45.78359671" lon="2.96577274"><ele>1175.693</ele><time>2026-09-21T12:01:42Z</time><speed>0.000</speed><sat>33</sat></trkpt>
  <trkpt lat="45.78359672" lon="2.96577318"><ele>1175.714</ele><time>2026-09-21T12:01:45Z</time><speed>0.000</speed><sat>33</sat></trkpt>
  <trkpt lat="45.78359661" lon="2.96577307"><ele>1175.701</ele><time>2026-09-21T12:01:48Z</time><speed>0.000</speed><sat>33</sat></trkpt>
  <trkpt lat="45.78359657" lon="2.96577295"><ele>1175.542</ele><time>2026-09-21T12:01:51Z</time><speed>0.000</speed><sat>33</sat></trkpt>
  <trkpt lat="45.78359545" lon="2.96577245"><ele>1175.495</ele><time>2026-09-21T12:01:54Z</time><speed>0.000</speed><sat>33</sat></trkpt>
  <trkpt lat="45.78359502" lon="2.96577270"><ele>1175.512</ele><time>2026-09-21T12:01:57Z</time><speed>0.000</speed><sat>33</sat></trkpt>
  <trkpt lat="45.78359454" lon="2.96577296"><ele>1175.476</ele><time>2026-09-21T12:02:00Z</time><speed>0.000</speed><sat>33</sat></trkpt>
  <trkpt lat="45.78359423" lon="2.96577307"><ele>1175.469</ele><time>2026-09-21T12:02:03Z</time><speed>0.000</speed><sat>33</sat></trkpt>
  <trkpt lat="45.78359407" lon="2.96577297"><ele>1175.531</ele><time>2026-09-21T12:02:06Z</time><speed>0.000</speed><sat>32</sat></trkpt>
  <trkpt lat="45.78359396" lon="2.96577311"><ele>1175.597</ele><time>2026-09-21T12:02:09Z</time><speed>0.000</speed><sat>33</sat></trkpt>
  <trkpt lat="45.78359335" lon="2.96577309"><ele>1175.614</ele><time>2026-09-21T12:02:12Z</time><speed>0.000</speed><sat>33</sat></trkpt>
  <trkpt lat="45.78359332" lon="2.96577270"><ele>1175.618</ele><time>2026-09-21T12:02:15Z</time><speed>0.000</speed><sat>33</sat></trkpt>
  <trkpt lat="45.78359343" lon="2.96577289"><ele>1175.588</ele><time>2026-09-21T12:02:18Z</time><speed>0.000</speed><sat>33</sat></trkpt>
  <trkpt lat="45.78359363" lon="2.96577267"><ele>1175.594</ele><time>2026-09-21T12:02:21Z</time><speed>0.000</speed><sat>33</sat></trkpt>
  <trkpt lat="45.78359388" lon="2.96577198"><ele>1175.682</ele><time>2026-09-21T12:02:24Z</time><speed>0.000</speed><sat>33</sat></trkpt>
  <trkpt lat="45.78359404" lon="2.96577152"><ele>1175.683</ele><time>2026-09-21T12:02:27Z</time><speed>0.000</speed><sat>33</sat></trkpt>
  <trkpt lat="45.78359344" lon="2.96577102"><ele>1175.673</ele><time>2026-09-21T12:02:30Z</time><speed>0.000</speed><sat>33</sat></trkpt>
  <trkpt lat="45.78359310" lon="2.96577073"><ele>1175.678</ele><time>2026-09-21T12:02:33Z</time><speed>0.000</speed><sat>33</sat></trkpt>
  <trkpt lat="45.78359270" lon="2.96576973"><ele>1175.671</ele><time>2026-09-21T12:02:36Z</time><speed>0.000</speed><sat>33</sat></trkpt>
  <trkpt lat="45.78359305" lon="2.96576859"><ele>1175.630</ele><time>2026-09-21T12:02:39Z</time><speed>0.000</speed><sat>33</sat></trkpt>
  <trkpt lat="45.78359333" lon="2.96576754"><ele>1175.613</ele><time>2026-09-21T12:02:42Z</time><speed>0.000</speed><sat>33</sat></trkpt>
  <trkpt lat="45.78359320" lon="2.96576711"><ele>1175.652</ele><time>2026-09-21T12:02:45Z</time><speed>0.000</speed><sat>33</sat></trkpt>
  <trkpt lat="45.78359311" lon="2.96576656"><ele>1175.665</ele><time>2026-09-21T12:02:48Z</time><speed>0.000</speed><sat>33</sat></trkpt>
  <trkpt lat="45.78359269" lon="2.96576606"><ele>1175.728</ele><time>2026-09-21T12:02:51Z</time><speed>0.000</speed><sat>32</sat></trkpt>
  <trkpt lat="45.78359200" lon="2.96576592"><ele>1175.752</ele><time>2026-09-21T12:02:54Z</time><speed>0.000</speed><sat>33</sat></trkpt>
  <trkpt lat="45.78359162" lon="2.96576590"><ele>1175.831</ele><time>2026-09-21T12:02:57Z</time><speed>0.000</speed><sat>33</sat></trkpt>
  <trkpt lat="45.78359158" lon="2.96576563"><ele>1175.886</ele><time>2026-09-21T12:03:00Z</time><speed>0.000</speed><sat>33</sat></trkpt>
  <trkpt lat="45.78359131" lon="2.96576530"><ele>1175.863</ele><time>2026-09-21T12:03:03Z</time><speed>0.000</speed><sat>32</sat></trkpt>
  <trkpt lat="45.78359137" lon="2.96576535"><ele>1175.860</ele><time>2026-09-21T12:03:06Z</time><speed>0.000</speed><sat>32</sat></trkpt>
  <trkpt lat="45.78359137" lon="2.96576543"><ele>1175.873</ele><time>2026-09-21T12:03:09Z</time><speed>0.000</speed><sat>32</sat></trkpt>
  <trkpt lat="45.78359152" lon="2.96576537"><ele>1175.877</ele><time>2026-09-21T12:03:12Z</time><speed>0.000</speed><sat>32</sat></trkpt>
  <trkpt lat="45.78359157" lon="2.96576538"><ele>1175.866</ele><time>2026-09-21T12:03:15Z</time><speed>0.000</speed><sat>32</sat></trkpt>
  <trkpt lat="45.78359146" lon="2.96576608"><ele>1175.890</ele><time>2026-09-21T12:03:18Z</time><speed>0.000</speed><sat>32</sat></trkpt>
  <trkpt lat="45.78359140" lon="2.96576561"><ele>1175.903</ele><time>2026-09-21T12:03:21Z</time><speed>0.000</speed><sat>32</sat></trkpt>
  <trkpt lat="45.78359146" lon="2.96576535"><ele>1175.945</ele><time>2026-09-21T12:03:24Z</time><speed>0.000</speed><sat>33</sat></trkpt>
  <trkpt lat="45.78359177" lon="2.96576492"><ele>1175.942</ele><time>2026-09-21T12:03:27Z</time><speed>0.000</speed><sat>33</sat></trkpt>
  <trkpt lat="45.78359180" lon="2.96576437"><ele>1176.013</ele><time>2026-09-21T12:03:30Z</time><speed>0.000</speed><sat>33</sat></trkpt>
  <trkpt lat="45.78359161" lon="2.96576373"><ele>1176.076</ele><time>2026-09-21T12:03:33Z</time><speed>0.000</speed><sat>33</sat></trkpt>
  <trkpt lat="45.78359138" lon="2.96576349"><ele>1176.113</ele><time>2026-09-21T12:03:36Z</time><speed>0.000</speed><sat>33</sat></trkpt>
  <trkpt lat="45.78359106" lon="2.96576344"><ele>1176.148</ele><time>2026-09-21T12:03:39Z</time><speed>0.000</speed><sat>33</sat></trkpt>
  <trkpt lat="45.78359105" lon="2.96576309"><ele>1176.180</ele><time>2026-09-21T12:03:42Z</time><speed>0.000</speed><sat>33</sat></trkpt>
  <trkpt lat="45.78359107" lon="2.96576236"><ele>1176.146</ele><time>2026-09-21T12:03:45Z</time><speed>0.000</speed><sat>33</sat></trkpt>
  <trkpt lat="45.78359091" lon="2.96576218"><ele>1176.188</ele><time>2026-09-21T12:03:48Z</time><speed>0.000</speed><sat>32</sat></trkpt>
  <trkpt lat="45.78359100" lon="2.96576143"><ele>1176.159</ele><time>2026-09-21T12:03:51Z</time><speed>0.000</speed><sat>33</sat></trkpt>
  <trkpt lat="45.78359096" lon="2.96576098"><ele>1176.146</ele><time>2026-09-21T12:03:54Z</time><speed>0.000</speed><sat>33</sat></trkpt>
  <trkpt lat="45.78359094" lon="2.96576053"><ele>1176.137</ele><time>2026-09-21T12:03:57Z</time><speed>0.000</speed><sat>33</sat></trkpt>
  <trkpt lat="45.78359092" lon="2.96576018"><ele>1176.131</ele><time>2026-09-21T12:04:00Z</time><speed>0.000</speed><sat>33</sat></trkpt>
  <trkpt lat="45.78359018" lon="2.96575984"><ele>1176.176</ele><time>2026-09-21T12:04:03Z</time><speed>0.000</speed><sat>33</sat></trkpt>
  <trkpt lat="45.78358958" lon="2.96576021"><ele>1176.168</ele><time>2026-09-21T12:04:06Z</time><speed>0.000</speed><sat>33</sat></trkpt>
  <trkpt lat="45.78358940" lon="2.96576021"><ele>1176.145</ele><time>2026-09-21T12:04:09Z</time><speed>0.000</speed><sat>33</sat></trkpt>
  <trkpt lat="45.78358893" lon="2.96576043"><ele>1176.135</ele><time>2026-09-21T12:04:12Z</time><speed>0.000</speed><sat>33</sat></trkpt>
  <trkpt lat="45.78358831" lon="2.96576070"><ele>1176.144</ele><time>2026-09-21T12:04:15Z</time><speed>0.000</speed><sat>33</sat></trkpt>
  <trkpt lat="45.78358812" lon="2.96576436"><ele>1176.453</ele><time>2026-09-21T12:04:18Z</time><speed>0.000</speed><sat>32</sat></trkpt>
  <trkpt lat="45.78360109" lon="2.96575557"><ele>1176.355</ele><time>2026-09-21T12:04:21Z</time><speed>0.210</speed><sat>32</sat></trkpt>
  <trkpt lat="45.78360220" lon="2.96575031"><ele>1176.366</ele><time>2026-09-21T12:04:24Z</time><speed>0.000</speed><sat>32</sat></trkpt>
  <trkpt lat="45.78360271" lon="2.96574954"><ele>1176.391</ele><time>2026-09-21T12:04:27Z</time><speed>0.000</speed><sat>32</sat></trkpt>
  <trkpt lat="45.78360269" lon="2.96574896"><ele>1176.364</ele><time>2026-09-21T12:04:30Z</time><speed>0.000</speed><sat>32</sat></trkpt>
  <trkpt lat="45.78360260" lon="2.96574843"><ele>1176.346</ele><time>2026-09-21T12:04:33Z</time><speed>0.000</speed><sat>32</sat></trkpt>
  <trkpt lat="45.78360631" lon="2.96574630"><ele>1175.867</ele><time>2026-09-21T12:04:36Z</time><speed>0.000</speed><sat>32</sat></trkpt>
  <trkpt lat="45.78360612" lon="2.96574565"><ele>1175.838</ele><time>2026-09-21T12:04:39Z</time><speed>0.000</speed><sat>32</sat></trkpt>
  <trkpt lat="45.78360599" lon="2.96574467"><ele>1175.788</ele><time>2026-09-21T12:04:42Z</time><speed>0.000</speed><sat>32</sat></trkpt>
  <trkpt lat="45.78360622" lon="2.96574434"><ele>1175.814</ele><time>2026-09-21T12:04:45Z</time><speed>0.000</speed><sat>32</sat></trkpt>
  <trkpt lat="45.78360653" lon="2.96574397"><ele>1175.879</ele><time>2026-09-21T12:04:48Z</time><speed>0.000</speed><sat>32</sat></trkpt>
  <trkpt lat="45.78360699" lon="2.96574372"><ele>1175.942</ele><time>2026-09-21T12:04:51Z</time><speed>0.000</speed><sat>32</sat></trkpt>
  <trkpt lat="45.78360762" lon="2.96574248"><ele>1176.003</ele><time>2026-09-21T12:04:54Z</time><speed>0.000</speed><sat>32</sat></trkpt>
  <trkpt lat="45.78360812" lon="2.96574141"><ele>1176.055</ele><time>2026-09-21T12:04:57Z</time><speed>0.000</speed><sat>32</sat></trkpt>
  <trkpt lat="45.78360838" lon="2.96574102"><ele>1176.075</ele><time>2026-09-21T12:05:00Z</time><speed>0.000</speed><sat>32</sat></trkpt>
  <trkpt lat="45.78360832" lon="2.96574133"><ele>1176.069</ele><time>2026-09-21T12:05:03Z</time><speed>0.000</speed><sat>32</sat></trkpt>
  <trkpt lat="45.78360776" lon="2.96574198"><ele>1176.166</ele><time>2026-09-21T12:05:06Z</time><speed>0.000</speed><sat>32</sat></trkpt>
  <trkpt lat="45.78360755" lon="2.96574213"><ele>1176.206</ele><time>2026-09-21T12:05:09Z</time><speed>0.000</speed><sat>32</sat></trkpt>
  <trkpt lat="45.78360755" lon="2.96574164"><ele>1176.215</ele><time>2026-09-21T12:05:12Z</time><speed>0.000</speed><sat>32</sat></trkpt>
  <trkpt lat="45.78360735" lon="2.96574165"><ele>1176.234</ele><time>2026-09-21T12:05:15Z</time><speed>0.000</speed><sat>32</sat></trkpt>
  <trkpt lat="45.78361087" lon="2.96573834"><ele>1176.253</ele><time>2026-09-21T12:05:18Z</time><speed>0.000</speed><sat>32</sat></trkpt>
  <trkpt lat="45.78361958" lon="2.96572313"><ele>1176.077</ele><time>2026-09-21T12:05:21Z</time><speed>0.000</speed><sat>32</sat></trkpt>
  <trkpt lat="45.78361958" lon="2.96571945"><ele>1176.005</ele><time>2026-09-21T12:05:24Z</time><speed>0.000</speed><sat>32</sat></trkpt>
  <trkpt lat="45.78361974" lon="2.96571730"><ele>1176.002</ele><time>2026-09-21T12:05:27Z</time><speed>0.000</speed><sat>32</sat></trkpt>
  <trkpt lat="45.78362003" lon="2.96571642"><ele>1175.998</ele><time>2026-09-21T12:05:30Z</time><speed>0.000</speed><sat>32</sat></trkpt>
  <trkpt lat="45.78362046" lon="2.96571552"><ele>1175.980</ele><time>2026-09-21T12:05:33Z</time><speed>0.000</speed><sat>33</sat></trkpt>
  <trkpt lat="45.78362074" lon="2.96571556"><ele>1175.912</ele><time>2026-09-21T12:05:36Z</time><speed>0.000</speed><sat>32</sat></trkpt>
  <trkpt lat="45.78362062" lon="2.96571547"><ele>1175.908</ele><time>2026-09-21T12:05:39Z</time><speed>0.000</speed><sat>32</sat></trkpt>
  <trkpt lat="45.78361982" lon="2.96571613"><ele>1175.822</ele><time>2026-09-21T12:05:42Z</time><speed>0.000</speed><sat>32</sat></trkpt>
  <trkpt lat="45.78361931" lon="2.96571668"><ele>1175.776</ele><time>2026-09-21T12:05:45Z</time><speed>0.000</speed><sat>32</sat></trkpt>
  <trkpt lat="45.78361892" lon="2.96571678"><ele>1175.728</ele><time>2026-09-21T12:05:48Z</time><speed>0.000</speed><sat>31</sat></trkpt>
  <trkpt lat="45.78361865" lon="2.96571675"><ele>1175.708</ele><time>2026-09-21T12:05:51Z</time><speed>0.000</speed><sat>31</sat></trkpt>
  <trkpt lat="45.78361819" lon="2.96571680"><ele>1175.678</ele><time>2026-09-21T12:05:54Z</time><speed>0.000</speed><sat>31</sat></trkpt>
  <trkpt lat="45.78361838" lon="2.96571666"><ele>1175.721</ele><time>2026-09-21T12:05:57Z</time><speed>0.000</speed><sat>31</sat></trkpt>
  <trkpt lat="45.78361720" lon="2.96571408"><ele>1175.639</ele><time>2026-09-21T12:06:00Z</time><speed>0.000</speed><sat>31</sat></trkpt>
  <trkpt lat="45.78361709" lon="2.96571674"><ele>1175.625</ele><time>2026-09-21T12:06:03Z</time><speed>0.000</speed><sat>31</sat></trkpt>
  <trkpt lat="45.78361732" lon="2.96571756"><ele>1175.619</ele><time>2026-09-21T12:06:06Z</time><speed>0.000</speed><sat>32</sat></trkpt>
  <trkpt lat="45.78361739" lon="2.96571830"><ele>1175.587</ele><time>2026-09-21T12:06:09Z</time><speed>0.000</speed><sat>32</sat></trkpt>
  <trkpt lat="45.78361711" lon="2.96571868"><ele>1175.558</ele><time>2026-09-21T12:06:12Z</time><speed>0.000</speed><sat>32</sat></trkpt>
  <trkpt lat="45.78361747" lon="2.96571967"><ele>1175.528</ele><time>2026-09-21T12:06:15Z</time><speed>0.000</speed><sat>31</sat></trkpt>
  <trkpt lat="45.78361761" lon="2.96572013"><ele>1175.508</ele><time>2026-09-21T12:06:18Z</time><speed>0.000</speed><sat>32</sat></trkpt>
  <trkpt lat="45.78361670" lon="2.96571749"><ele>1175.414</ele><time>2026-09-21T12:06:21Z</time><speed>0.000</speed><sat>32</sat></trkpt>
  <trkpt lat="45.78361686" lon="2.96571758"><ele>1175.378</ele><time>2026-09-21T12:06:24Z</time><speed>0.000</speed><sat>32</sat></trkpt>
  <trkpt lat="45.78361679" lon="2.96571769"><ele>1175.353</ele><time>2026-09-21T12:06:27Z</time><speed>0.000</speed><sat>31</sat></trkpt>
  <trkpt lat="45.78361636" lon="2.96571793"><ele>1175.334</ele><time>2026-09-21T12:06:30Z</time><speed>0.000</speed><sat>31</sat></trkpt>
  <trkpt lat="45.78361616" lon="2.96571857"><ele>1175.293</ele><time>2026-09-21T12:06:33Z</time><speed>0.000</speed><sat>31</sat></trkpt>
  <trkpt lat="45.78361638" lon="2.96571892"><ele>1175.264</ele><time>2026-09-21T12:06:36Z</time><speed>0.000</speed><sat>31</sat></trkpt>
  <trkpt lat="45.78361821" lon="2.96572176"><ele>1175.305</ele><time>2026-09-21T12:06:39Z</time><speed>0.000</speed><sat>31</sat></trkpt>
  <trkpt lat="45.78362381" lon="2.96572283"><ele>1175.192</ele><time>2026-09-21T12:06:42Z</time><speed>0.230</speed><sat>31</sat></trkpt>
  <trkpt lat="45.78362823" lon="2.96572910"><ele>1175.094</ele><time>2026-09-21T12:06:45Z</time><speed>0.370</speed><sat>31</sat></trkpt>
  <trkpt lat="45.78363879" lon="2.96574434"><ele>1175.332</ele><time>2026-09-21T12:06:48Z</time><speed>0.550</speed><sat>31</sat></trkpt>
  <trkpt lat="45.78366426" lon="2.96575519"><ele>1174.693</ele><time>2026-09-21T12:06:51Z</time><speed>1.330</speed><sat>31</sat></trkpt>
  <trkpt lat="45.78369572" lon="2.96578020"><ele>1175.016</ele><time>2026-09-21T12:06:54Z</time><speed>0.930</speed><sat>31</sat></trkpt>
  <trkpt lat="45.78372067" lon="2.96579818"><ele>1175.319</ele><time>2026-09-21T12:06:57Z</time><speed>0.980</speed><sat>31</sat></trkpt>
  <trkpt lat="45.78375326" lon="2.96581300"><ele>1175.187</ele><time>2026-09-21T12:07:00Z</time><speed>1.350</speed><sat>31</sat></trkpt>
  <trkpt lat="45.78378441" lon="2.96582754"><ele>1174.307</ele><time>2026-09-21T12:07:03Z</time><speed>1.270</speed><sat>31</sat></trkpt>
  <trkpt lat="45.78380866" lon="2.96584877"><ele>1174.854</ele><time>2026-09-21T12:07:06Z</time><speed>1.070</speed><sat>31</sat></trkpt>
  <trkpt lat="45.78383881" lon="2.96586874"><ele>1174.781</ele><time>2026-09-21T12:07:09Z</time><speed>1.200</speed><sat>32</sat></trkpt>
  <trkpt lat="45.78386534" lon="2.96589893"><ele>1174.989</ele><time>2026-09-21T12:07:12Z</time><speed>1.240</speed><sat>32</sat></trkpt>
  <trkpt lat="45.78388810" lon="2.96592264"><ele>1174.904</ele><time>2026-09-21T12:07:15Z</time><speed>1.180</speed><sat>32</sat></trkpt>
  <trkpt lat="45.78391575" lon="2.96595957"><ele>1175.308</ele><time>2026-09-21T12:07:18Z</time><speed>1.050</speed><sat>32</sat></trkpt>
  <trkpt lat="45.78393735" lon="2.96598234"><ele>1175.285</ele><time>2026-09-21T12:07:21Z</time><speed>0.810</speed><sat>32</sat></trkpt>
  <trkpt lat="45.78395992" lon="2.96601205"><ele>1175.189</ele><time>2026-09-21T12:07:24Z</time><speed>1.130</speed><sat>32</sat></trkpt>
  <trkpt lat="45.78397098" lon="2.96605831"><ele>1175.023</ele><time>2026-09-21T12:07:27Z</time><speed>1.700</speed><sat>32</sat></trkpt>
  <trkpt lat="45.78397663" lon="2.96610028"><ele>1174.344</ele><time>2026-09-21T12:07:30Z</time><speed>1.300</speed><sat>31</sat></trkpt>
  <trkpt lat="45.78398118" lon="2.96614695"><ele>1173.845</ele><time>2026-09-21T12:07:33Z</time><speed>1.400</speed><sat>32</sat></trkpt>
  <trkpt lat="45.78398717" lon="2.96619500"><ele>1173.002</ele><time>2026-09-21T12:07:36Z</time><speed>1.130</speed><sat>32</sat></trkpt>
  <trkpt lat="45.78400452" lon="2.96623508"><ele>1172.416</ele><time>2026-09-21T12:07:39Z</time><speed>1.150</speed><sat>32</sat></trkpt>
  <trkpt lat="45.78403578" lon="2.96626352"><ele>1171.363</ele><time>2026-09-21T12:07:42Z</time><speed>1.070</speed><sat>32</sat></trkpt>
  <trkpt lat="45.78406669" lon="2.96628282"><ele>1172.849</ele><time>2026-09-21T12:07:45Z</time><speed>1.050</speed><sat>32</sat></trkpt>
  <trkpt lat="45.78409825" lon="2.96629002"><ele>1173.753</ele><time>2026-09-21T12:07:48Z</time><speed>1.500</speed><sat>30</sat></trkpt>
  <trkpt lat="45.78412980" lon="2.96629657"><ele>1174.352</ele><time>2026-09-21T12:07:51Z</time><speed>0.950</speed><sat>31</sat></trkpt>
  <trkpt lat="45.78416157" lon="2.96631010"><ele>1174.845</ele><time>2026-09-21T12:07:54Z</time><speed>1.190</speed><sat>33</sat></trkpt>
  <trkpt lat="45.78419271" lon="2.96632203"><ele>1175.688</ele><time>2026-09-21T12:07:57Z</time><speed>1.290</speed><sat>33</sat></trkpt>
  <trkpt lat="45.78421817" lon="2.96633079"><ele>1176.303</ele><time>2026-09-21T12:08:00Z</time><speed>1.060</speed><sat>33</sat></trkpt>
  <trkpt lat="45.78424571" lon="2.96633868"><ele>1176.970</ele><time>2026-09-21T12:08:03Z</time><speed>0.790</speed><sat>31</sat></trkpt>
  <trkpt lat="45.78427549" lon="2.96634528"><ele>1177.747</ele><time>2026-09-21T12:08:06Z</time><speed>0.990</speed><sat>30</sat></trkpt>
  <trkpt lat="45.78430918" lon="2.96635152"><ele>1178.148</ele><time>2026-09-21T12:08:09Z</time><speed>1.100</speed><sat>29</sat></trkpt>
  <trkpt lat="45.78433704" lon="2.96635419"><ele>1178.793</ele><time>2026-09-21T12:08:12Z</time><speed>0.970</speed><sat>29</sat></trkpt>
  <trkpt lat="45.78436310" lon="2.96635917"><ele>1179.261</ele><time>2026-09-21T12:08:15Z</time><speed>1.150</speed><sat>30</sat></trkpt>
  <trkpt lat="45.78439079" lon="2.96636986"><ele>1179.933</ele><time>2026-09-21T12:08:18Z</time><speed>1.190</speed><sat>30</sat></trkpt>
  <trkpt lat="45.78441483" lon="2.96638104"><ele>1180.157</ele><time>2026-09-21T12:08:21Z</time><speed>1.210</speed><sat>28</sat></trkpt>
  <trkpt lat="45.78443607" lon="2.96638396"><ele>1180.214</ele><time>2026-09-21T12:08:24Z</time><speed>0.600</speed><sat>30</sat></trkpt>
  <trkpt lat="45.78446801" lon="2.96641126"><ele>1180.336</ele><time>2026-09-21T12:08:27Z</time><speed>1.130</speed><sat>31</sat></trkpt>
  <trkpt lat="45.78449237" lon="2.96642718"><ele>1180.919</ele><time>2026-09-21T12:08:30Z</time><speed>1.350</speed><sat>32</sat></trkpt>
  <trkpt lat="45.78451647" lon="2.96643721"><ele>1181.357</ele><time>2026-09-21T12:08:33Z</time><speed>1.120</speed><sat>32</sat></trkpt>
  <trkpt lat="45.78454165" lon="2.96644823"><ele>1181.610</ele><time>2026-09-21T12:08:36Z</time><speed>1.030</speed><sat>32</sat></trkpt>
  <trkpt lat="45.78456734" lon="2.96646603"><ele>1181.837</ele><time>2026-09-21T12:08:39Z</time><speed>1.290</speed><sat>32</sat></trkpt>
  <trkpt lat="45.78459352" lon="2.96648193"><ele>1182.535</ele><time>2026-09-21T12:08:42Z</time><speed>1.000</speed><sat>31</sat></trkpt>
  <trkpt lat="45.78462031" lon="2.96649214"><ele>1183.381</ele><time>2026-09-21T12:08:45Z</time><speed>1.020</speed><sat>32</sat></trkpt>
  <trkpt lat="45.78464779" lon="2.96650213"><ele>1183.484</ele><time>2026-09-21T12:08:48Z</time><speed>0.890</speed><sat>32</sat></trkpt>
  <trkpt lat="45.78468018" lon="2.96651646"><ele>1183.994</ele><time>2026-09-21T12:08:51Z</time><speed>0.890</speed><sat>32</sat></trkpt>
  <trkpt lat="45.78471149" lon="2.96653455"><ele>1184.518</ele><time>2026-09-21T12:08:54Z</time><speed>1.090</speed><sat>32</sat></trkpt>
  <trkpt lat="45.78474224" lon="2.96654802"><ele>1185.013</ele><time>2026-09-21T12:08:57Z</time><speed>1.500</speed><sat>32</sat></trkpt>
  <trkpt lat="45.78477240" lon="2.96656442"><ele>1185.856</ele><time>2026-09-21T12:09:00Z</time><speed>1.100</speed><sat>32</sat></trkpt>
  <trkpt lat="45.78480622" lon="2.96656374"><ele>1186.498</ele><time>2026-09-21T12:09:03Z</time><speed>1.080</speed><sat>32</sat></trkpt>
  <trkpt lat="45.78483662" lon="2.96658323"><ele>1187.016</ele><time>2026-09-21T12:09:06Z</time><speed>1.150</speed><sat>32</sat></trkpt>
  <trkpt lat="45.78486278" lon="2.96660248"><ele>1187.207</ele><time>2026-09-21T12:09:09Z</time><speed>1.420</speed><sat>30</sat></trkpt>
  <trkpt lat="45.78489157" lon="2.96662546"><ele>1187.547</ele><time>2026-09-21T12:09:12Z</time><speed>0.930</speed><sat>31</sat></trkpt>
  <trkpt lat="45.78492061" lon="2.96663829"><ele>1187.838</ele><time>2026-09-21T12:09:15Z</time><speed>0.970</speed><sat>31</sat></trkpt>
  <trkpt lat="45.78495219" lon="2.96664236"><ele>1188.189</ele><time>2026-09-21T12:09:18Z</time><speed>1.070</speed><sat>30</sat></trkpt>
  <trkpt lat="45.78498586" lon="2.96664828"><ele>1187.736</ele><time>2026-09-21T12:09:21Z</time><speed>1.230</speed><sat>30</sat></trkpt>
  <trkpt lat="45.78501630" lon="2.96664917"><ele>1188.177</ele><time>2026-09-21T12:09:24Z</time><speed>1.280</speed><sat>30</sat></trkpt>
  <trkpt lat="45.78504349" lon="2.96665141"><ele>1188.422</ele><time>2026-09-21T12:09:27Z</time><speed>1.070</speed><sat>31</sat></trkpt>
  <trkpt lat="45.78507348" lon="2.96664962"><ele>1189.038</ele><time>2026-09-21T12:09:30Z</time><speed>1.060</speed><sat>29</sat></trkpt>
  <trkpt lat="45.78510330" lon="2.96665016"><ele>1189.212</ele><time>2026-09-21T12:09:33Z</time><speed>1.030</speed><sat>29</sat></trkpt>
  <trkpt lat="45.78514221" lon="2.96665338"><ele>1189.487</ele><time>2026-09-21T12:09:36Z</time><speed>1.130</speed><sat>29</sat></trkpt>
  <trkpt lat="45.78517288" lon="2.96664894"><ele>1190.267</ele><time>2026-09-21T12:09:39Z</time><speed>1.230</speed><sat>30</sat></trkpt>
  <trkpt lat="45.78520634" lon="2.96664040"><ele>1190.574</ele><time>2026-09-21T12:09:42Z</time><speed>1.360</speed><sat>30</sat></trkpt>
  <trkpt lat="45.78523762" lon="2.96663996"><ele>1190.126</ele><time>2026-09-21T12:09:45Z</time><speed>1.410</speed><sat>29</sat></trkpt>
  <trkpt lat="45.78526124" lon="2.96662967"><ele>1190.044</ele><time>2026-09-21T12:09:48Z</time><speed>0.850</speed><sat>30</sat></trkpt>
  <trkpt lat="45.78528757" lon="2.96661814"><ele>1190.131</ele><time>2026-09-21T12:09:51Z</time><speed>1.020</speed><sat>31</sat></trkpt>
  <trkpt lat="45.78531710" lon="2.96661096"><ele>1190.133</ele><time>2026-09-21T12:09:54Z</time><speed>0.930</speed><sat>32</sat></trkpt>
  <trkpt lat="45.78534438" lon="2.96660571"><ele>1190.105</ele><time>2026-09-21T12:09:57Z</time><speed>0.780</speed><sat>32</sat></trkpt>
  <trkpt lat="45.78537384" lon="2.96660498"><ele>1190.463</ele><time>2026-09-21T12:10:00Z</time><speed>0.980</speed><sat>32</sat></trkpt>
  <trkpt lat="45.78539889" lon="2.96660425"><ele>1190.655</ele><time>2026-09-21T12:10:03Z</time><speed>1.020</speed><sat>32</sat></trkpt>
  <trkpt lat="45.78540420" lon="2.96660183"><ele>1190.491</ele><time>2026-09-21T12:10:06Z</time><speed>0.000</speed><sat>32</sat></trkpt>
  <trkpt lat="45.78540461" lon="2.96660158"><ele>1190.486</ele><time>2026-09-21T12:10:09Z</time><speed>0.000</speed><sat>32</sat></trkpt>
  <trkpt lat="45.78542269" lon="2.96659456"><ele>1190.318</ele><time>2026-09-21T12:10:12Z</time><speed>1.020</speed><sat>32</sat></trkpt>
  <trkpt lat="45.78543786" lon="2.96660538"><ele>1190.176</ele><time>2026-09-21T12:10:15Z</time><speed>0.600</speed><sat>32</sat></trkpt>
  <trkpt lat="45.78545816" lon="2.96663858"><ele>1188.939</ele><time>2026-09-21T12:10:18Z</time><speed>0.000</speed><sat>32</sat></trkpt>
  <trkpt lat="45.78545966" lon="2.96664405"><ele>1188.238</ele><time>2026-09-21T12:10:21Z</time><speed>0.000</speed><sat>32</sat></trkpt>
  <trkpt lat="45.78545829" lon="2.96664183"><ele>1188.375</ele><time>2026-09-21T12:10:24Z</time><speed>0.000</speed><sat>32</sat></trkpt>
  <trkpt lat="45.78545782" lon="2.96664075"><ele>1188.373</ele><time>2026-09-21T12:10:27Z</time><speed>0.000</speed><sat>31</sat></trkpt>
  <trkpt lat="45.78545800" lon="2.96663977"><ele>1188.349</ele><time>2026-09-21T12:10:30Z</time><speed>0.000</speed><sat>32</sat></trkpt>
  <trkpt lat="45.78545800" lon="2.96663981"><ele>1188.333</ele><time>2026-09-21T12:10:33Z</time><speed>0.000</speed><sat>32</sat></trkpt>
  <trkpt lat="45.78546216" lon="2.96663928"><ele>1188.194</ele><time>2026-09-21T12:10:36Z</time><speed>0.480</speed><sat>32</sat></trkpt>
  <trkpt lat="45.78546232" lon="2.96663763"><ele>1188.271</ele><time>2026-09-21T12:10:39Z</time><speed>0.000</speed><sat>32</sat></trkpt>
  <trkpt lat="45.78546211" lon="2.96663708"><ele>1188.284</ele><time>2026-09-21T12:10:42Z</time><speed>0.000</speed><sat>32</sat></trkpt>
  <trkpt lat="45.78546183" lon="2.96663615"><ele>1188.279</ele><time>2026-09-21T12:10:45Z</time><speed>0.000</speed><sat>32</sat></trkpt>
  <trkpt lat="45.78546148" lon="2.96663418"><ele>1188.676</ele><time>2026-09-21T12:10:48Z</time><speed>0.000</speed><sat>32</sat></trkpt>
  <trkpt lat="45.78546038" lon="2.96663199"><ele>1188.726</ele><time>2026-09-21T12:10:51Z</time><speed>0.000</speed><sat>31</sat></trkpt>
  <trkpt lat="45.78546004" lon="2.96663173"><ele>1188.715</ele><time>2026-09-21T12:10:54Z</time><speed>0.000</speed><sat>31</sat></trkpt>
  <trkpt lat="45.78545951" lon="2.96663192"><ele>1188.680</ele><time>2026-09-21T12:10:57Z</time><speed>0.000</speed><sat>31</sat></trkpt>
  <trkpt lat="45.78545920" lon="2.96663139"><ele>1188.673</ele><time>2026-09-21T12:11:00Z</time><speed>0.000</speed><sat>32</sat></trkpt>
  <trkpt lat="45.78545846" lon="2.96663352"><ele>1188.943</ele><time>2026-09-21T12:11:03Z</time><speed>0.000</speed><sat>32</sat></trkpt>
  <trkpt lat="45.78545498" lon="2.96668090"><ele>1189.388</ele><time>2026-09-21T12:11:06Z</time><speed>1.300</speed><sat>32</sat></trkpt>
  <trkpt lat="45.78546344" lon="2.96672989"><ele>1186.721</ele><time>2026-09-21T12:11:09Z</time><speed>1.820</speed><sat>32</sat></trkpt>
  <trkpt lat="45.78547637" lon="2.96675382"><ele>1184.906</ele><time>2026-09-21T12:11:12Z</time><speed>0.000</speed><sat>32</sat></trkpt>
  <trkpt lat="45.78549106" lon="2.96677627"><ele>1185.270</ele><time>2026-09-21T12:11:15Z</time><speed>0.000</speed><sat>32</sat></trkpt>
  <trkpt lat="45.78550471" lon="2.96685322"><ele>1181.513</ele><time>2026-09-21T12:11:18Z</time><speed>3.090</speed><sat>32</sat></trkpt>
  <trkpt lat="45.78550195" lon="2.96690310"><ele>1181.309</ele><time>2026-09-21T12:11:21Z</time><speed>2.720</speed><sat>32</sat></trkpt>
  <trkpt lat="45.78550238" lon="2.96690202"><ele>1181.557</ele><time>2026-09-21T12:11:24Z</time><speed>0.000</speed><sat>32</sat></trkpt>
  <trkpt lat="45.78551040" lon="2.96693502"><ele>1181.325</ele><time>2026-09-21T12:11:27Z</time><speed>0.000</speed><sat>32</sat></trkpt>
  <trkpt lat="45.78550987" lon="2.96693376"><ele>1181.649</ele><time>2026-09-21T12:11:30Z</time><speed>0.000</speed><sat>32</sat></trkpt>
  <trkpt lat="45.78550870" lon="2.96693168"><ele>1181.638</ele><time>2026-09-21T12:11:33Z</time><speed>0.000</speed><sat>32</sat></trkpt>
  <trkpt lat="45.78550863" lon="2.96692924"><ele>1181.844</ele><time>2026-09-21T12:11:36Z</time><speed>0.000</speed><sat>32</sat></trkpt>
  <trkpt lat="45.78550788" lon="2.96692736"><ele>1181.909</ele><time>2026-09-21T12:11:39Z</time><speed>0.000</speed><sat>32</sat></trkpt>
  <trkpt lat="45.78550717" lon="2.96692546"><ele>1182.085</ele><time>2026-09-21T12:11:42Z</time><speed>0.000</speed><sat>32</sat></trkpt>
  <trkpt lat="45.78550650" lon="2.96692329"><ele>1182.121</ele><time>2026-09-21T12:11:45Z</time><speed>0.000</speed><sat>32</sat></trkpt>
  <trkpt lat="45.78550851" lon="2.96690251"><ele>1181.219</ele><time>2026-09-21T12:11:48Z</time><speed>0.000</speed><sat>32</sat></trkpt>
  <trkpt lat="45.78558133" lon="2.96686151"><ele>1181.425</ele><time>2026-09-21T12:11:51Z</time><speed>0.000</speed><sat>32</sat></trkpt>
  <trkpt lat="45.78560431" lon="2.96689075"><ele>1181.412</ele><time>2026-09-21T12:11:54Z</time><speed>0.000</speed><sat>32</sat></trkpt>
  <trkpt lat="45.78560322" lon="2.96688897"><ele>1181.479</ele><time>2026-09-21T12:11:57Z</time><speed>0.000</speed><sat>32</sat></trkpt>
  <trkpt lat="45.78559871" lon="2.96688028"><ele>1182.019</ele><time>2026-09-21T12:12:00Z</time><speed>0.240</speed><sat>32</sat></trkpt>
  <trkpt lat="45.78559349" lon="2.96686593"><ele>1183.631</ele><time>2026-09-21T12:12:03Z</time><speed>0.580</speed><sat>32</sat></trkpt>
  <trkpt lat="45.78548867" lon="2.96662579"><ele>1188.196</ele><time>2026-09-21T12:12:06Z</time><speed>0.900</speed><sat>32</sat></trkpt>
  <trkpt lat="45.78551737" lon="2.96661097"><ele>1188.509</ele><time>2026-09-21T12:12:09Z</time><speed>1.030</speed><sat>32</sat></trkpt>
  <trkpt lat="45.78555214" lon="2.96660479"><ele>1188.710</ele><time>2026-09-21T12:12:12Z</time><speed>1.300</speed><sat>32</sat></trkpt>
  <trkpt lat="45.78558391" lon="2.96660804"><ele>1188.951</ele><time>2026-09-21T12:12:15Z</time><speed>1.450</speed><sat>32</sat></trkpt>
  <trkpt lat="45.78561494" lon="2.96660767"><ele>1188.525</ele><time>2026-09-21T12:12:18Z</time><speed>0.850</speed><sat>32</sat></trkpt>
  <trkpt lat="45.78564486" lon="2.96661897"><ele>1188.770</ele><time>2026-09-21T12:12:21Z</time><speed>1.070</speed><sat>32</sat></trkpt>
  <trkpt lat="45.78567073" lon="2.96662674"><ele>1189.212</ele><time>2026-09-21T12:12:24Z</time><speed>1.170</speed><sat>32</sat></trkpt>
  <trkpt lat="45.78570343" lon="2.96663337"><ele>1189.605</ele><time>2026-09-21T12:12:27Z</time><speed>1.100</speed><sat>32</sat></trkpt>
  <trkpt lat="45.78573421" lon="2.96664401"><ele>1189.766</ele><time>2026-09-21T12:12:30Z</time><speed>1.190</speed><sat>32</sat></trkpt>
  <trkpt lat="45.78576172" lon="2.96665538"><ele>1190.262</ele><time>2026-09-21T12:12:33Z</time><speed>0.950</speed><sat>32</sat></trkpt>
  <trkpt lat="45.78579558" lon="2.96665758"><ele>1190.329</ele><time>2026-09-21T12:12:36Z</time><speed>1.120</speed><sat>32</sat></trkpt>
  <trkpt lat="45.78582669" lon="2.96665865"><ele>1190.202</ele><time>2026-09-21T12:12:39Z</time><speed>1.410</speed><sat>32</sat></trkpt>
  <trkpt lat="45.78585351" lon="2.96666736"><ele>1190.118</ele><time>2026-09-21T12:12:42Z</time><speed>0.880</speed><sat>32</sat></trkpt>
  <trkpt lat="45.78588461" lon="2.96666461"><ele>1189.809</ele><time>2026-09-21T12:12:45Z</time><speed>1.120</speed><sat>32</sat></trkpt>
  <trkpt lat="45.78591225" lon="2.96666371"><ele>1189.703</ele><time>2026-09-21T12:12:48Z</time><speed>0.980</speed><sat>32</sat></trkpt>
  <trkpt lat="45.78594977" lon="2.96667303"><ele>1190.011</ele><time>2026-09-21T12:12:51Z</time><speed>1.220</speed><sat>32</sat></trkpt>
  <trkpt lat="45.78598258" lon="2.96667345"><ele>1189.584</ele><time>2026-09-21T12:12:54Z</time><speed>1.500</speed><sat>32</sat></trkpt>
  <trkpt lat="45.78601261" lon="2.96667748"><ele>1189.556</ele><time>2026-09-21T12:12:57Z</time><speed>0.920</speed><sat>32</sat></trkpt>
  <trkpt lat="45.78604636" lon="2.96668485"><ele>1190.185</ele><time>2026-09-21T12:13:00Z</time><speed>1.200</speed><sat>32</sat></trkpt>
  <trkpt lat="45.78607434" lon="2.96669113"><ele>1190.023</ele><time>2026-09-21T12:13:03Z</time><speed>0.990</speed><sat>32</sat></trkpt>
  <trkpt lat="45.78610332" lon="2.96669984"><ele>1189.541</ele><time>2026-09-21T12:13:06Z</time><speed>1.120</speed><sat>32</sat></trkpt>
  <trkpt lat="45.78613299" lon="2.96670490"><ele>1189.809</ele><time>2026-09-21T12:13:09Z</time><speed>1.050</speed><sat>32</sat></trkpt>
  <trkpt lat="45.78616768" lon="2.96670949"><ele>1189.702</ele><time>2026-09-21T12:13:12Z</time><speed>1.340</speed><sat>32</sat></trkpt>
  <trkpt lat="45.78619643" lon="2.96671446"><ele>1189.652</ele><time>2026-09-21T12:13:15Z</time><speed>1.180</speed><sat>32</sat></trkpt>
  <trkpt lat="45.78622548" lon="2.96671194"><ele>1189.234</ele><time>2026-09-21T12:13:18Z</time><speed>1.070</speed><sat>32</sat></trkpt>
  <trkpt lat="45.78625243" lon="2.96671356"><ele>1189.010</ele><time>2026-09-21T12:13:21Z</time><speed>0.900</speed><sat>32</sat></trkpt>
  <trkpt lat="45.78628540" lon="2.96671434"><ele>1189.024</ele><time>2026-09-21T12:13:24Z</time><speed>1.110</speed><sat>32</sat></trkpt>
  <trkpt lat="45.78631687" lon="2.96671637"><ele>1189.114</ele><time>2026-09-21T12:13:27Z</time><speed>1.310</speed><sat>32</sat></trkpt>
  <trkpt lat="45.78634527" lon="2.96671517"><ele>1188.759</ele><time>2026-09-21T12:13:30Z</time><speed>1.020</speed><sat>32</sat></trkpt>
  <trkpt lat="45.78637627" lon="2.96670727"><ele>1187.533</ele><time>2026-09-21T12:13:33Z</time><speed>1.290</speed><sat>32</sat></trkpt>
  <trkpt lat="45.78640821" lon="2.96671525"><ele>1187.713</ele><time>2026-09-21T12:13:36Z</time><speed>1.300</speed><sat>32</sat></trkpt>
  <trkpt lat="45.78643758" lon="2.96672472"><ele>1187.915</ele><time>2026-09-21T12:13:39Z</time><speed>1.180</speed><sat>32</sat></trkpt>
  <trkpt lat="45.78647179" lon="2.96673298"><ele>1187.923</ele><time>2026-09-21T12:13:42Z</time><speed>1.190</speed><sat>32</sat></trkpt>
  <trkpt lat="45.78650336" lon="2.96674126"><ele>1187.785</ele><time>2026-09-21T12:13:45Z</time><speed>1.060</speed><sat>32</sat></trkpt>
  <trkpt lat="45.78653733" lon="2.96674336"><ele>1187.297</ele><time>2026-09-21T12:13:48Z</time><speed>1.440</speed><sat>32</sat></trkpt>
  <trkpt lat="45.78656967" lon="2.96675571"><ele>1187.284</ele><time>2026-09-21T12:13:51Z</time><speed>1.270</speed><sat>32</sat></trkpt>
  <trkpt lat="45.78660251" lon="2.96675580"><ele>1186.625</ele><time>2026-09-21T12:13:54Z</time><speed>1.180</speed><sat>32</sat></trkpt>
  <trkpt lat="45.78663505" lon="2.96676526"><ele>1186.467</ele><time>2026-09-21T12:13:57Z</time><speed>1.220</speed><sat>32</sat></trkpt>
  <trkpt lat="45.78666448" lon="2.96677238"><ele>1186.329</ele><time>2026-09-21T12:14:00Z</time><speed>1.010</speed><sat>32</sat></trkpt>
  <trkpt lat="45.78669825" lon="2.96677484"><ele>1185.468</ele><time>2026-09-21T12:14:03Z</time><speed>1.210</speed><sat>32</sat></trkpt>
  <trkpt lat="45.78672951" lon="2.96678260"><ele>1184.927</ele><time>2026-09-21T12:14:06Z</time><speed>0.990</speed><sat>32</sat></trkpt>
  <trkpt lat="45.78676275" lon="2.96679599"><ele>1185.343</ele><time>2026-09-21T12:14:09Z</time><speed>1.100</speed><sat>32</sat></trkpt>
  <trkpt lat="45.78679540" lon="2.96680334"><ele>1185.644</ele><time>2026-09-21T12:14:12Z</time><speed>1.130</speed><sat>32</sat></trkpt>
  <trkpt lat="45.78683319" lon="2.96681237"><ele>1185.825</ele><time>2026-09-21T12:14:15Z</time><speed>1.180</speed><sat>32</sat></trkpt>
  <trkpt lat="45.78686633" lon="2.96682258"><ele>1185.439</ele><time>2026-09-21T12:14:18Z</time><speed>1.130</speed><sat>32</sat></trkpt>
  <trkpt lat="45.78690275" lon="2.96682964"><ele>1185.186</ele><time>2026-09-21T12:14:21Z</time><speed>1.170</speed><sat>32</sat></trkpt>
  <trkpt lat="45.78693213" lon="2.96683603"><ele>1184.814</ele><time>2026-09-21T12:14:24Z</time><speed>1.020</speed><sat>32</sat></trkpt>
  <trkpt lat="45.78696255" lon="2.96685072"><ele>1184.612</ele><time>2026-09-21T12:14:27Z</time><speed>1.120</speed><sat>32</sat></trkpt>
  <trkpt lat="45.78699039" lon="2.96686439"><ele>1184.275</ele><time>2026-09-21T12:14:30Z</time><speed>1.070</speed><sat>32</sat></trkpt>
  <trkpt lat="45.78702601" lon="2.96687463"><ele>1184.131</ele><time>2026-09-21T12:14:33Z</time><speed>1.410</speed><sat>32</sat></trkpt>
  <trkpt lat="45.78705641" lon="2.96688160"><ele>1183.310</ele><time>2026-09-21T12:14:36Z</time><speed>1.030</speed><sat>32</sat></trkpt>
  <trkpt lat="45.78709225" lon="2.96688732"><ele>1182.840</ele><time>2026-09-21T12:14:39Z</time><speed>1.130</speed><sat>32</sat></trkpt>
  <trkpt lat="45.78712094" lon="2.96689591"><ele>1182.701</ele><time>2026-09-21T12:14:42Z</time><speed>0.980</speed><sat>32</sat></trkpt>
  <trkpt lat="45.78715413" lon="2.96691068"><ele>1182.261</ele><time>2026-09-21T12:14:45Z</time><speed>1.140</speed><sat>32</sat></trkpt>
  <trkpt lat="45.78718204" lon="2.96691831"><ele>1182.177</ele><time>2026-09-21T12:14:48Z</time><speed>1.010</speed><sat>32</sat></trkpt>
  <trkpt lat="45.78721768" lon="2.96693180"><ele>1182.180</ele><time>2026-09-21T12:14:51Z</time><speed>1.010</speed><sat>32</sat></trkpt>
  <trkpt lat="45.78724637" lon="2.96693952"><ele>1182.023</ele><time>2026-09-21T12:14:54Z</time><speed>1.060</speed><sat>32</sat></trkpt>
  <trkpt lat="45.78727885" lon="2.96694607"><ele>1182.152</ele><time>2026-09-21T12:14:57Z</time><speed>1.110</speed><sat>32</sat></trkpt>
  <trkpt lat="45.78730795" lon="2.96695195"><ele>1182.153</ele><time>2026-09-21T12:15:00Z</time><speed>1.140</speed><sat>32</sat></trkpt>
  <trkpt lat="45.78734272" lon="2.96696608"><ele>1182.274</ele><time>2026-09-21T12:15:03Z</time><speed>1.110</speed><sat>32</sat></trkpt>
  <trkpt lat="45.78737398" lon="2.96697566"><ele>1181.653</ele><time>2026-09-21T12:15:06Z</time><speed>1.000</speed><sat>32</sat></trkpt>
  <trkpt lat="45.78740753" lon="2.96698509"><ele>1181.840</ele><time>2026-09-21T12:15:09Z</time><speed>1.320</speed><sat>32</sat></trkpt>
  <trkpt lat="45.78744072" lon="2.96699346"><ele>1182.087</ele><time>2026-09-21T12:15:12Z</time><speed>1.100</speed><sat>32</sat></trkpt>
  <trkpt lat="45.78747513" lon="2.96700108"><ele>1182.145</ele><time>2026-09-21T12:15:15Z</time><speed>1.450</speed><sat>32</sat></trkpt>
  <trkpt lat="45.78750836" lon="2.96700824"><ele>1181.590</ele><time>2026-09-21T12:15:18Z</time><speed>1.230</speed><sat>32</sat></trkpt>
  <trkpt lat="45.78754265" lon="2.96700995"><ele>1180.876</ele><time>2026-09-21T12:15:21Z</time><speed>1.370</speed><sat>32</sat></trkpt>
  <trkpt lat="45.78757452" lon="2.96701447"><ele>1180.827</ele><time>2026-09-21T12:15:24Z</time><speed>1.140</speed><sat>32</sat></trkpt>
  <trkpt lat="45.78760463" lon="2.96702166"><ele>1180.928</ele><time>2026-09-21T12:15:27Z</time><speed>1.290</speed><sat>32</sat></trkpt>
  <trkpt lat="45.78763840" lon="2.96702499"><ele>1180.946</ele><time>2026-09-21T12:15:30Z</time><speed>1.220</speed><sat>32</sat></trkpt>
  <trkpt lat="45.78766708" lon="2.96703437"><ele>1180.953</ele><time>2026-09-21T12:15:33Z</time><speed>1.470</speed><sat>32</sat></trkpt>
  <trkpt lat="45.78769921" lon="2.96703534"><ele>1180.766</ele><time>2026-09-21T12:15:36Z</time><speed>1.190</speed><sat>32</sat></trkpt>
  <trkpt lat="45.78773070" lon="2.96703808"><ele>1180.656</ele><time>2026-09-21T12:15:39Z</time><speed>1.210</speed><sat>32</sat></trkpt>
  <trkpt lat="45.78776297" lon="2.96703787"><ele>1180.563</ele><time>2026-09-21T12:15:42Z</time><speed>1.230</speed><sat>32</sat></trkpt>
  <trkpt lat="45.78779236" lon="2.96702965"><ele>1180.290</ele><time>2026-09-21T12:15:45Z</time><speed>1.200</speed><sat>32</sat></trkpt>
  <trkpt lat="45.78782589" lon="2.96702402"><ele>1179.756</ele><time>2026-09-21T12:15:48Z</time><speed>1.210</speed><sat>32</sat></trkpt>
  <trkpt lat="45.78785889" lon="2.96701980"><ele>1179.249</ele><time>2026-09-21T12:15:51Z</time><speed>1.400</speed><sat>32</sat></trkpt>
  <trkpt lat="45.78789340" lon="2.96700696"><ele>1179.417</ele><time>2026-09-21T12:15:54Z</time><speed>1.250</speed><sat>32</sat></trkpt>
  <trkpt lat="45.78792443" lon="2.96700045"><ele>1179.289</ele><time>2026-09-21T12:15:57Z</time><speed>1.020</speed><sat>32</sat></trkpt>
  <trkpt lat="45.78796729" lon="2.96699606"><ele>1179.132</ele><time>2026-09-21T12:16:00Z</time><speed>1.600</speed><sat>32</sat></trkpt>
  <trkpt lat="45.78800436" lon="2.96700169"><ele>1178.965</ele><time>2026-09-21T12:16:03Z</time><speed>1.550</speed><sat>33</sat></trkpt>
  <trkpt lat="45.78804243" lon="2.96701840"><ele>1178.678</ele><time>2026-09-21T12:16:06Z</time><speed>1.370</speed><sat>33</sat></trkpt>
  <trkpt lat="45.78808085" lon="2.96703522"><ele>1178.171</ele><time>2026-09-21T12:16:09Z</time><speed>1.350</speed><sat>33</sat></trkpt>
  <trkpt lat="45.78811687" lon="2.96704278"><ele>1177.571</ele><time>2026-09-21T12:16:12Z</time><speed>1.360</speed><sat>33</sat></trkpt>
  <trkpt lat="45.78815446" lon="2.96704619"><ele>1177.235</ele><time>2026-09-21T12:16:15Z</time><speed>1.360</speed><sat>32</sat></trkpt>
  <trkpt lat="45.78819429" lon="2.96705279"><ele>1176.625</ele><time>2026-09-21T12:16:18Z</time><speed>1.690</speed><sat>33</sat></trkpt>
  <trkpt lat="45.78823064" lon="2.96705328"><ele>1176.641</ele><time>2026-09-21T12:16:21Z</time><speed>1.440</speed><sat>33</sat></trkpt>
  <trkpt lat="45.78826177" lon="2.96706222"><ele>1176.042</ele><time>2026-09-21T12:16:24Z</time><speed>1.140</speed><sat>33</sat></trkpt>
  <trkpt lat="45.78830349" lon="2.96706923"><ele>1175.716</ele><time>2026-09-21T12:16:27Z</time><speed>1.620</speed><sat>33</sat></trkpt>
  <trkpt lat="45.78834594" lon="2.96706769"><ele>1175.896</ele><time>2026-09-21T12:16:30Z</time><speed>1.250</speed><sat>33</sat></trkpt>
  <trkpt lat="45.78837944" lon="2.96705746"><ele>1174.634</ele><time>2026-09-21T12:16:33Z</time><speed>1.330</speed><sat>33</sat></trkpt>
  <trkpt lat="45.78841771" lon="2.96705265"><ele>1174.357</ele><time>2026-09-21T12:16:36Z</time><speed>1.510</speed><sat>33</sat></trkpt>
  <trkpt lat="45.78845393" lon="2.96704977"><ele>1174.079</ele><time>2026-09-21T12:16:39Z</time><speed>1.350</speed><sat>33</sat></trkpt>
  <trkpt lat="45.78848946" lon="2.96705048"><ele>1172.850</ele><time>2026-09-21T12:16:42Z</time><speed>1.270</speed><sat>33</sat></trkpt>
  <trkpt lat="45.78851981" lon="2.96705564"><ele>1172.094</ele><time>2026-09-21T12:16:45Z</time><speed>0.900</speed><sat>33</sat></trkpt>
  <trkpt lat="45.78856023" lon="2.96706689"><ele>1171.838</ele><time>2026-09-21T12:16:48Z</time><speed>1.330</speed><sat>33</sat></trkpt>
  <trkpt lat="45.78859138" lon="2.96708105"><ele>1171.754</ele><time>2026-09-21T12:16:51Z</time><speed>1.330</speed><sat>33</sat></trkpt>
  <trkpt lat="45.78862602" lon="2.96708358"><ele>1171.640</ele><time>2026-09-21T12:16:54Z</time><speed>1.230</speed><sat>33</sat></trkpt>
  <trkpt lat="45.78866086" lon="2.96708082"><ele>1171.825</ele><time>2026-09-21T12:16:57Z</time><speed>1.340</speed><sat>33</sat></trkpt>
  <trkpt lat="45.78870273" lon="2.96708178"><ele>1171.906</ele><time>2026-09-21T12:17:00Z</time><speed>1.560</speed><sat>33</sat></trkpt>
  <trkpt lat="45.78874348" lon="2.96708865"><ele>1171.881</ele><time>2026-09-21T12:17:03Z</time><speed>1.400</speed><sat>33</sat></trkpt>
  <trkpt lat="45.78878044" lon="2.96709757"><ele>1171.837</ele><time>2026-09-21T12:17:06Z</time><speed>1.310</speed><sat>33</sat></trkpt>
  <trkpt lat="45.78882510" lon="2.96709437"><ele>1171.804</ele><time>2026-09-21T12:17:09Z</time><speed>1.610</speed><sat>32</sat></trkpt>
  <trkpt lat="45.78886282" lon="2.96710567"><ele>1171.678</ele><time>2026-09-21T12:17:12Z</time><speed>1.410</speed><sat>31</sat></trkpt>
  <trkpt lat="45.78890003" lon="2.96710820"><ele>1171.169</ele><time>2026-09-21T12:17:15Z</time><speed>1.150</speed><sat>32</sat></trkpt>
  <trkpt lat="45.78893594" lon="2.96712667"><ele>1171.199</ele><time>2026-09-21T12:17:18Z</time><speed>1.550</speed><sat>32</sat></trkpt>
  <trkpt lat="45.78897975" lon="2.96713651"><ele>1171.140</ele><time>2026-09-21T12:17:21Z</time><speed>1.440</speed><sat>33</sat></trkpt>
  <trkpt lat="45.78901947" lon="2.96714850"><ele>1171.197</ele><time>2026-09-21T12:17:24Z</time><speed>1.480</speed><sat>33</sat></trkpt>
  <trkpt lat="45.78905522" lon="2.96716063"><ele>1170.978</ele><time>2026-09-21T12:17:27Z</time><speed>1.420</speed><sat>33</sat></trkpt>
  <trkpt lat="45.78909893" lon="2.96717535"><ele>1171.259</ele><time>2026-09-21T12:17:30Z</time><speed>1.620</speed><sat>33</sat></trkpt>
  <trkpt lat="45.78913732" lon="2.96718423"><ele>1171.255</ele><time>2026-09-21T12:17:33Z</time><speed>1.290</speed><sat>33</sat></trkpt>
  <trkpt lat="45.78917724" lon="2.96719285"><ele>1170.970</ele><time>2026-09-21T12:17:36Z</time><speed>1.650</speed><sat>32</sat></trkpt>
  <trkpt lat="45.78922106" lon="2.96720667"><ele>1170.869</ele><time>2026-09-21T12:17:39Z</time><speed>1.460</speed><sat>32</sat></trkpt>
  <trkpt lat="45.78925842" lon="2.96721861"><ele>1170.460</ele><time>2026-09-21T12:17:42Z</time><speed>1.370</speed><sat>32</sat></trkpt>
  <trkpt lat="45.78929729" lon="2.96722516"><ele>1169.996</ele><time>2026-09-21T12:17:45Z</time><speed>1.460</speed><sat>32</sat></trkpt>
  <trkpt lat="45.78934021" lon="2.96724773"><ele>1169.860</ele><time>2026-09-21T12:17:48Z</time><speed>1.550</speed><sat>33</sat></trkpt>
  <trkpt lat="45.78938365" lon="2.96725433"><ele>1169.574</ele><time>2026-09-21T12:17:51Z</time><speed>1.490</speed><sat>33</sat></trkpt>
  <trkpt lat="45.78942024" lon="2.96726410"><ele>1169.419</ele><time>2026-09-21T12:17:54Z</time><speed>1.400</speed><sat>33</sat></trkpt>
  <trkpt lat="45.78945935" lon="2.96728160"><ele>1169.723</ele><time>2026-09-21T12:17:57Z</time><speed>1.530</speed><sat>33</sat></trkpt>
  <trkpt lat="45.78949786" lon="2.96729652"><ele>1169.625</ele><time>2026-09-21T12:18:00Z</time><speed>1.490</speed><sat>33</sat></trkpt>
  <trkpt lat="45.78953029" lon="2.96731583"><ele>1168.913</ele><time>2026-09-21T12:18:03Z</time><speed>1.330</speed><sat>32</sat></trkpt>
  <trkpt lat="45.78956668" lon="2.96734468"><ele>1168.980</ele><time>2026-09-21T12:18:06Z</time><speed>1.660</speed><sat>32</sat></trkpt>
  <trkpt lat="45.78960035" lon="2.96736829"><ele>1168.305</ele><time>2026-09-21T12:18:09Z</time><speed>1.340</speed><sat>32</sat></trkpt>
  <trkpt lat="45.78963643" lon="2.96737982"><ele>1167.895</ele><time>2026-09-21T12:18:12Z</time><speed>1.310</speed><sat>33</sat></trkpt>
  <trkpt lat="45.78967163" lon="2.96739939"><ele>1167.644</ele><time>2026-09-21T12:18:15Z</time><speed>1.340</speed><sat>33</sat></trkpt>
  <trkpt lat="45.78971523" lon="2.96742534"><ele>1167.481</ele><time>2026-09-21T12:18:18Z</time><speed>1.740</speed><sat>33</sat></trkpt>
  <trkpt lat="45.78975341" lon="2.96744255"><ele>1166.633</ele><time>2026-09-21T12:18:21Z</time><speed>1.420</speed><sat>33</sat></trkpt>
  <trkpt lat="45.78979554" lon="2.96745187"><ele>1166.060</ele><time>2026-09-21T12:18:24Z</time><speed>1.460</speed><sat>33</sat></trkpt>
  <trkpt lat="45.78983287" lon="2.96746515"><ele>1165.281</ele><time>2026-09-21T12:18:27Z</time><speed>1.280</speed><sat>33</sat></trkpt>
  <trkpt lat="45.78987453" lon="2.96748833"><ele>1164.949</ele><time>2026-09-21T12:18:30Z</time><speed>1.480</speed><sat>33</sat></trkpt>
  <trkpt lat="45.78991334" lon="2.96750206"><ele>1164.881</ele><time>2026-09-21T12:18:33Z</time><speed>1.370</speed><sat>32</sat></trkpt>
  <trkpt lat="45.78994998" lon="2.96750921"><ele>1164.432</ele><time>2026-09-21T12:18:36Z</time><speed>1.280</speed><sat>33</sat></trkpt>
  <trkpt lat="45.78998675" lon="2.96752138"><ele>1164.763</ele><time>2026-09-21T12:18:39Z</time><speed>1.490</speed><sat>33</sat></trkpt>
  <trkpt lat="45.79002036" lon="2.96754301"><ele>1164.220</ele><time>2026-09-21T12:18:42Z</time><speed>1.250</speed><sat>32</sat></trkpt>
  <trkpt lat="45.79005141" lon="2.96756387"><ele>1163.495</ele><time>2026-09-21T12:18:45Z</time><speed>1.160</speed><sat>33</sat></trkpt>
  <trkpt lat="45.79008533" lon="2.96758356"><ele>1163.473</ele><time>2026-09-21T12:18:48Z</time><speed>1.550</speed><sat>33</sat></trkpt>
  <trkpt lat="45.79011615" lon="2.96761031"><ele>1163.672</ele><time>2026-09-21T12:18:51Z</time><speed>1.220</speed><sat>33</sat></trkpt>
  <trkpt lat="45.79015443" lon="2.96763128"><ele>1163.759</ele><time>2026-09-21T12:18:54Z</time><speed>1.490</speed><sat>33</sat></trkpt>
  <trkpt lat="45.79018981" lon="2.96765582"><ele>1163.593</ele><time>2026-09-21T12:18:57Z</time><speed>1.320</speed><sat>33</sat></trkpt>
  <trkpt lat="45.79021684" lon="2.96768631"><ele>1163.226</ele><time>2026-09-21T12:19:00Z</time><speed>1.420</speed><sat>33</sat></trkpt>
  <trkpt lat="45.79025294" lon="2.96772401"><ele>1163.190</ele><time>2026-09-21T12:19:03Z</time><speed>1.740</speed><sat>33</sat></trkpt>
  <trkpt lat="45.79028479" lon="2.96775497"><ele>1163.092</ele><time>2026-09-21T12:19:06Z</time><speed>1.360</speed><sat>33</sat></trkpt>
  <trkpt lat="45.79031370" lon="2.96777870"><ele>1162.270</ele><time>2026-09-21T12:19:09Z</time><speed>1.070</speed><sat>33</sat></trkpt>
  <trkpt lat="45.79034181" lon="2.96779612"><ele>1161.915</ele><time>2026-09-21T12:19:12Z</time><speed>1.090</speed><sat>33</sat></trkpt>
  <trkpt lat="45.79037152" lon="2.96782408"><ele>1161.497</ele><time>2026-09-21T12:19:15Z</time><speed>1.290</speed><sat>32</sat></trkpt>
  <trkpt lat="45.79039869" lon="2.96786606"><ele>1161.179</ele><time>2026-09-21T12:19:18Z</time><speed>1.380</speed><sat>33</sat></trkpt>
  <trkpt lat="45.79043053" lon="2.96790257"><ele>1160.886</ele><time>2026-09-21T12:19:21Z</time><speed>1.370</speed><sat>33</sat></trkpt>
  <trkpt lat="45.79046110" lon="2.96793041"><ele>1160.782</ele><time>2026-09-21T12:19:24Z</time><speed>1.410</speed><sat>33</sat></trkpt>
  <trkpt lat="45.79049235" lon="2.96795582"><ele>1160.100</ele><time>2026-09-21T12:19:27Z</time><speed>1.180</speed><sat>33</sat></trkpt>
  <trkpt lat="45.79052500" lon="2.96798418"><ele>1159.657</ele><time>2026-09-21T12:19:30Z</time><speed>1.640</speed><sat>33</sat></trkpt>
  <trkpt lat="45.79055682" lon="2.96802039"><ele>1159.102</ele><time>2026-09-21T12:19:33Z</time><speed>1.570</speed><sat>33</sat></trkpt>
  <trkpt lat="45.79058234" lon="2.96806191"><ele>1159.151</ele><time>2026-09-21T12:19:36Z</time><speed>1.380</speed><sat>33</sat></trkpt>
  <trkpt lat="45.79061857" lon="2.96808217"><ele>1158.909</ele><time>2026-09-21T12:19:39Z</time><speed>1.540</speed><sat>33</sat></trkpt>
  <trkpt lat="45.79064922" lon="2.96811523"><ele>1158.558</ele><time>2026-09-21T12:19:42Z</time><speed>1.390</speed><sat>33</sat></trkpt>
  <trkpt lat="45.79068462" lon="2.96814753"><ele>1158.583</ele><time>2026-09-21T12:19:45Z</time><speed>1.710</speed><sat>33</sat></trkpt>
  <trkpt lat="45.79072285" lon="2.96817139"><ele>1158.503</ele><time>2026-09-21T12:19:48Z</time><speed>1.390</speed><sat>33</sat></trkpt>
  <trkpt lat="45.79075836" lon="2.96819564"><ele>1157.569</ele><time>2026-09-21T12:19:51Z</time><speed>1.210</speed><sat>33</sat></trkpt>
  <trkpt lat="45.79079614" lon="2.96821001"><ele>1156.953</ele><time>2026-09-21T12:19:54Z</time><speed>1.560</speed><sat>33</sat></trkpt>
  <trkpt lat="45.79083452" lon="2.96823273"><ele>1156.847</ele><time>2026-09-21T12:19:57Z</time><speed>1.440</speed><sat>33</sat></trkpt>
  <trkpt lat="45.79086988" lon="2.96825548"><ele>1156.587</ele><time>2026-09-21T12:20:00Z</time><speed>1.470</speed><sat>33</sat></trkpt>
  <trkpt lat="45.79090620" lon="2.96827265"><ele>1155.897</ele><time>2026-09-21T12:20:03Z</time><speed>1.300</speed><sat>33</sat></trkpt>
  <trkpt lat="45.79095009" lon="2.96829719"><ele>1155.090</ele><time>2026-09-21T12:20:06Z</time><speed>1.640</speed><sat>33</sat></trkpt>
  <trkpt lat="45.79098313" lon="2.96831413"><ele>1155.322</ele><time>2026-09-21T12:20:09Z</time><speed>1.410</speed><sat>32</sat></trkpt>
  <trkpt lat="45.79101618" lon="2.96833309"><ele>1155.545</ele><time>2026-09-21T12:20:12Z</time><speed>1.430</speed><sat>33</sat></trkpt>
  <trkpt lat="45.79105377" lon="2.96834312"><ele>1154.948</ele><time>2026-09-21T12:20:15Z</time><speed>1.510</speed><sat>33</sat></trkpt>
  <trkpt lat="45.79109355" lon="2.96836540"><ele>1155.303</ele><time>2026-09-21T12:20:18Z</time><speed>1.590</speed><sat>33</sat></trkpt>
  <trkpt lat="45.79113122" lon="2.96838392"><ele>1154.949</ele><time>2026-09-21T12:20:21Z</time><speed>1.360</speed><sat>33</sat></trkpt>
  <trkpt lat="45.79116582" lon="2.96839807"><ele>1154.575</ele><time>2026-09-21T12:20:24Z</time><speed>1.350</speed><sat>33</sat></trkpt>
  <trkpt lat="45.79119333" lon="2.96842938"><ele>1154.938</ele><time>2026-09-21T12:20:27Z</time><speed>1.410</speed><sat>32</sat></trkpt>
  <trkpt lat="45.79122951" lon="2.96845114"><ele>1154.500</ele><time>2026-09-21T12:20:30Z</time><speed>1.500</speed><sat>32</sat></trkpt>
  <trkpt lat="45.79126669" lon="2.96847743"><ele>1153.845</ele><time>2026-09-21T12:20:33Z</time><speed>1.510</speed><sat>32</sat></trkpt>
  <trkpt lat="45.79129889" lon="2.96849790"><ele>1154.034</ele><time>2026-09-21T12:20:36Z</time><speed>1.380</speed><sat>32</sat></trkpt>
  <trkpt lat="45.79133062" lon="2.96851026"><ele>1153.914</ele><time>2026-09-21T12:20:39Z</time><speed>1.200</speed><sat>32</sat></trkpt>
  <trkpt lat="45.79136486" lon="2.96853294"><ele>1153.203</ele><time>2026-09-21T12:20:42Z</time><speed>1.420</speed><sat>32</sat></trkpt>
  <trkpt lat="45.79139545" lon="2.96854925"><ele>1152.861</ele><time>2026-09-21T12:20:45Z</time><speed>1.250</speed><sat>31</sat></trkpt>
  <trkpt lat="45.79142880" lon="2.96855738"><ele>1152.400</ele><time>2026-09-21T12:20:48Z</time><speed>1.200</speed><sat>32</sat></trkpt>
  <trkpt lat="45.79146775" lon="2.96858458"><ele>1152.625</ele><time>2026-09-21T12:20:51Z</time><speed>1.660</speed><sat>32</sat></trkpt>
  <trkpt lat="45.79149980" lon="2.96860050"><ele>1152.501</ele><time>2026-09-21T12:20:54Z</time><speed>1.530</speed><sat>32</sat></trkpt>
  <trkpt lat="45.79153110" lon="2.96861996"><ele>1152.515</ele><time>2026-09-21T12:20:57Z</time><speed>1.200</speed><sat>32</sat></trkpt>
  <trkpt lat="45.79156825" lon="2.96863317"><ele>1153.139</ele><time>2026-09-21T12:21:00Z</time><speed>1.490</speed><sat>32</sat></trkpt>
  <trkpt lat="45.79160607" lon="2.96863486"><ele>1152.543</ele><time>2026-09-21T12:21:03Z</time><speed>1.350</speed><sat>32</sat></trkpt>
  <trkpt lat="45.79164184" lon="2.96863283"><ele>1151.145</ele><time>2026-09-21T12:21:06Z</time><speed>1.120</speed><sat>33</sat></trkpt>
  <trkpt lat="45.79167885" lon="2.96863134"><ele>1150.623</ele><time>2026-09-21T12:21:09Z</time><speed>1.430</speed><sat>32</sat></trkpt>
  <trkpt lat="45.79172066" lon="2.96863189"><ele>1149.495</ele><time>2026-09-21T12:21:12Z</time><speed>1.370</speed><sat>33</sat></trkpt>
  <trkpt lat="45.79175981" lon="2.96863683"><ele>1149.359</ele><time>2026-09-21T12:21:15Z</time><speed>1.480</speed><sat>33</sat></trkpt>
  <trkpt lat="45.79179896" lon="2.96863552"><ele>1148.921</ele><time>2026-09-21T12:21:18Z</time><speed>1.280</speed><sat>33</sat></trkpt>
  <trkpt lat="45.79183768" lon="2.96864876"><ele>1149.382</ele><time>2026-09-21T12:21:21Z</time><speed>1.530</speed><sat>33</sat></trkpt>
  <trkpt lat="45.79188053" lon="2.96865751"><ele>1149.401</ele><time>2026-09-21T12:21:24Z</time><speed>1.400</speed><sat>33</sat></trkpt>
  <trkpt lat="45.79191923" lon="2.96867118"><ele>1149.625</ele><time>2026-09-21T12:21:27Z</time><speed>1.590</speed><sat>33</sat></trkpt>
  <trkpt lat="45.79195746" lon="2.96867210"><ele>1148.990</ele><time>2026-09-21T12:21:30Z</time><speed>1.290</speed><sat>31</sat></trkpt>
  <trkpt lat="45.79199457" lon="2.96866746"><ele>1148.438</ele><time>2026-09-21T12:21:33Z</time><speed>1.480</speed><sat>31</sat></trkpt>
  <trkpt lat="45.79203845" lon="2.96868228"><ele>1148.123</ele><time>2026-09-21T12:21:36Z</time><speed>1.580</speed><sat>32</sat></trkpt>
  <trkpt lat="45.79207299" lon="2.96869358"><ele>1147.587</ele><time>2026-09-21T12:21:39Z</time><speed>1.270</speed><sat>30</sat></trkpt>
  <trkpt lat="45.79210092" lon="2.96871509"><ele>1147.021</ele><time>2026-09-21T12:21:42Z</time><speed>1.290</speed><sat>30</sat></trkpt>
  <trkpt lat="45.79212839" lon="2.96874495"><ele>1147.138</ele><time>2026-09-21T12:21:45Z</time><speed>1.360</speed><sat>28</sat></trkpt>
  <trkpt lat="45.79216170" lon="2.96876895"><ele>1146.447</ele><time>2026-09-21T12:21:48Z</time><speed>1.480</speed><sat>30</sat></trkpt>
  <trkpt lat="45.79219686" lon="2.96879343"><ele>1146.123</ele><time>2026-09-21T12:21:51Z</time><speed>1.540</speed><sat>31</sat></trkpt>
  <trkpt lat="45.79222679" lon="2.96882362"><ele>1146.019</ele><time>2026-09-21T12:21:54Z</time><speed>1.110</speed><sat>31</sat></trkpt>
  <trkpt lat="45.79225684" lon="2.96883875"><ele>1145.737</ele><time>2026-09-21T12:21:57Z</time><speed>1.150</speed><sat>33</sat></trkpt>
  <trkpt lat="45.79228858" lon="2.96883124"><ele>1144.068</ele><time>2026-09-21T12:22:00Z</time><speed>0.990</speed><sat>33</sat></trkpt>
  <trkpt lat="45.79232609" lon="2.96882416"><ele>1143.046</ele><time>2026-09-21T12:22:03Z</time><speed>1.350</speed><sat>33</sat></trkpt>
  <trkpt lat="45.79235899" lon="2.96880963"><ele>1142.243</ele><time>2026-09-21T12:22:06Z</time><speed>1.190</speed><sat>32</sat></trkpt>
  <trkpt lat="45.79238741" lon="2.96880741"><ele>1140.122</ele><time>2026-09-21T12:22:09Z</time><speed>1.270</speed><sat>32</sat></trkpt>
  <trkpt lat="45.79241394" lon="2.96882510"><ele>1139.103</ele><time>2026-09-21T12:22:12Z</time><speed>1.230</speed><sat>32</sat></trkpt>
  <trkpt lat="45.79244357" lon="2.96883673"><ele>1139.065</ele><time>2026-09-21T12:22:15Z</time><speed>1.410</speed><sat>33</sat></trkpt>
  <trkpt lat="45.79247555" lon="2.96883302"><ele>1139.219</ele><time>2026-09-21T12:22:18Z</time><speed>1.260</speed><sat>33</sat></trkpt>
  <trkpt lat="45.79250864" lon="2.96883152"><ele>1139.090</ele><time>2026-09-21T12:22:21Z</time><speed>1.080</speed><sat>31</sat></trkpt>
  <trkpt lat="45.79253441" lon="2.96883025"><ele>1138.303</ele><time>2026-09-21T12:22:24Z</time><speed>1.080</speed><sat>31</sat></trkpt>
  <trkpt lat="45.79256279" lon="2.96882010"><ele>1138.240</ele><time>2026-09-21T12:22:27Z</time><speed>1.440</speed><sat>31</sat></trkpt>
  <trkpt lat="45.79259358" lon="2.96882235"><ele>1138.246</ele><time>2026-09-21T12:22:30Z</time><speed>1.230</speed><sat>31</sat></trkpt>
  <trkpt lat="45.79262384" lon="2.96882226"><ele>1138.386</ele><time>2026-09-21T12:22:33Z</time><speed>1.230</speed><sat>30</sat></trkpt>
  <trkpt lat="45.79265765" lon="2.96881798"><ele>1138.967</ele><time>2026-09-21T12:22:36Z</time><speed>1.150</speed><sat>30</sat></trkpt>
  <trkpt lat="45.79268897" lon="2.96880642"><ele>1138.894</ele><time>2026-09-21T12:22:39Z</time><speed>0.890</speed><sat>30</sat></trkpt>
  <trkpt lat="45.79272005" lon="2.96878685"><ele>1138.804</ele><time>2026-09-21T12:22:42Z</time><speed>1.520</speed><sat>30</sat></trkpt>
  <trkpt lat="45.79273799" lon="2.96875361"><ele>1138.679</ele><time>2026-09-21T12:22:45Z</time><speed>0.790</speed><sat>31</sat></trkpt>
  <trkpt lat="45.79276711" lon="2.96871783"><ele>1137.896</ele><time>2026-09-21T12:22:48Z</time><speed>1.390</speed><sat>29</sat></trkpt>
  <trkpt lat="45.79278246" lon="2.96867179"><ele>1137.489</ele><time>2026-09-21T12:22:51Z</time><speed>1.380</speed><sat>29</sat></trkpt>
  <trkpt lat="45.79279139" lon="2.96864287"><ele>1136.952</ele><time>2026-09-21T12:22:54Z</time><speed>0.630</speed><sat>32</sat></trkpt>
  <trkpt lat="45.79280156" lon="2.96862252"><ele>1136.718</ele><time>2026-09-21T12:22:57Z</time><speed>1.040</speed><sat>32</sat></trkpt>
  <trkpt lat="45.79281627" lon="2.96858504"><ele>1136.593</ele><time>2026-09-21T12:23:00Z</time><speed>1.280</speed><sat>32</sat></trkpt>
  <trkpt lat="45.79283158" lon="2.96854677"><ele>1136.728</ele><time>2026-09-21T12:23:03Z</time><speed>1.030</speed><sat>32</sat></trkpt>
  <trkpt lat="45.79285424" lon="2.96851341"><ele>1136.898</ele><time>2026-09-21T12:23:06Z</time><speed>1.170</speed><sat>32</sat></trkpt>
  <trkpt lat="45.79287606" lon="2.96847916"><ele>1136.875</ele><time>2026-09-21T12:23:09Z</time><speed>1.160</speed><sat>31</sat></trkpt>
  <trkpt lat="45.79289530" lon="2.96844699"><ele>1136.628</ele><time>2026-09-21T12:23:12Z</time><speed>1.160</speed><sat>31</sat></trkpt>
  <trkpt lat="45.79291115" lon="2.96841659"><ele>1136.821</ele><time>2026-09-21T12:23:15Z</time><speed>0.870</speed><sat>30</sat></trkpt>
  <trkpt lat="45.79292531" lon="2.96838611"><ele>1136.996</ele><time>2026-09-21T12:23:18Z</time><speed>1.060</speed><sat>31</sat></trkpt>
  <trkpt lat="45.79294647" lon="2.96836223"><ele>1137.229</ele><time>2026-09-21T12:23:21Z</time><speed>0.910</speed><sat>31</sat></trkpt>
  <trkpt lat="45.79296863" lon="2.96838761"><ele>1136.905</ele><time>2026-09-21T12:23:24Z</time><speed>1.420</speed><sat>31</sat></trkpt>
  <trkpt lat="45.79297248" lon="2.96835273"><ele>1135.953</ele><time>2026-09-21T12:23:27Z</time><speed>1.210</speed><sat>31</sat></trkpt>
  <trkpt lat="45.79299528" lon="2.96835018"><ele>1135.953</ele><time>2026-09-21T12:23:30Z</time><speed>0.990</speed><sat>31</sat></trkpt>
  <trkpt lat="45.79301831" lon="2.96836573"><ele>1136.114</ele><time>2026-09-21T12:23:33Z</time><speed>1.050</speed><sat>31</sat></trkpt>
  <trkpt lat="45.79303232" lon="2.96837924"><ele>1135.887</ele><time>2026-09-21T12:23:36Z</time><speed>0.610</speed><sat>31</sat></trkpt>
  <trkpt lat="45.79303933" lon="2.96839269"><ele>1135.718</ele><time>2026-09-21T12:23:39Z</time><speed>0.160</speed><sat>31</sat></trkpt>
  <trkpt lat="45.79305177" lon="2.96837738"><ele>1135.379</ele><time>2026-09-21T12:23:42Z</time><speed>0.000</speed><sat>31</sat></trkpt>
  <trkpt lat="45.79305191" lon="2.96837627"><ele>1135.393</ele><time>2026-09-21T12:23:45Z</time><speed>0.000</speed><sat>31</sat></trkpt>
  <trkpt lat="45.79305192" lon="2.96837607"><ele>1135.380</ele><time>2026-09-21T12:23:48Z</time><speed>0.000</speed><sat>31</sat></trkpt>
  <trkpt lat="45.79305205" lon="2.96837784"><ele>1135.274</ele><time>2026-09-21T12:23:51Z</time><speed>0.300</speed><sat>31</sat></trkpt>
  <trkpt lat="45.79304409" lon="2.96839218"><ele>1135.465</ele><time>2026-09-21T12:23:54Z</time><speed>0.000</speed><sat>31</sat></trkpt>
  <trkpt lat="45.79304253" lon="2.96838985"><ele>1135.447</ele><time>2026-09-21T12:23:57Z</time><speed>0.000</speed><sat>31</sat></trkpt>
  <trkpt lat="45.79304166" lon="2.96838878"><ele>1135.381</ele><time>2026-09-21T12:24:00Z</time><speed>0.000</speed><sat>31</sat></trkpt>
  <trkpt lat="45.79304097" lon="2.96838806"><ele>1135.326</ele><time>2026-09-21T12:24:03Z</time><speed>0.000</speed><sat>30</sat></trkpt>
  <trkpt lat="45.79304025" lon="2.96838763"><ele>1135.322</ele><time>2026-09-21T12:24:06Z</time><speed>0.000</speed><sat>30</sat></trkpt>
  <trkpt lat="45.79304025" lon="2.96838764"><ele>1135.328</ele><time>2026-09-21T12:24:09Z</time><speed>0.000</speed><sat>29</sat></trkpt>
  <trkpt lat="45.79304001" lon="2.96838741"><ele>1135.311</ele><time>2026-09-21T12:24:12Z</time><speed>0.000</speed><sat>30</sat></trkpt>
  <trkpt lat="45.79304124" lon="2.96838928"><ele>1135.261</ele><time>2026-09-21T12:24:15Z</time><speed>0.000</speed><sat>30</sat></trkpt>
  <trkpt lat="45.79304161" lon="2.96838892"><ele>1135.170</ele><time>2026-09-21T12:24:18Z</time><speed>0.000</speed><sat>30</sat></trkpt>
  <trkpt lat="45.79304074" lon="2.96839098"><ele>1135.094</ele><time>2026-09-21T12:24:21Z</time><speed>0.000</speed><sat>30</sat></trkpt>
  <trkpt lat="45.79304218" lon="2.96838224"><ele>1135.309</ele><time>2026-09-21T12:24:24Z</time><speed>0.520</speed><sat>30</sat></trkpt>
  <trkpt lat="45.79304229" lon="2.96838001"><ele>1135.292</ele><time>2026-09-21T12:24:27Z</time><speed>0.000</speed><sat>30</sat></trkpt>
  <trkpt lat="45.79303441" lon="2.96836296"><ele>1135.533</ele><time>2026-09-21T12:24:30Z</time><speed>1.030</speed><sat>30</sat></trkpt>
  <trkpt lat="45.79302477" lon="2.96834196"><ele>1135.654</ele><time>2026-09-21T12:24:33Z</time><speed>0.490</speed><sat>30</sat></trkpt>
  <trkpt lat="45.79302480" lon="2.96833700"><ele>1135.734</ele><time>2026-09-21T12:24:36Z</time><speed>0.000</speed><sat>30</sat></trkpt>
  <trkpt lat="45.79302474" lon="2.96833656"><ele>1135.743</ele><time>2026-09-21T12:24:39Z</time><speed>0.000</speed><sat>30</sat></trkpt>
  <trkpt lat="45.79302478" lon="2.96833661"><ele>1135.755</ele><time>2026-09-21T12:24:42Z</time><speed>0.000</speed><sat>30</sat></trkpt>
  <trkpt lat="45.79302491" lon="2.96833677"><ele>1135.752</ele><time>2026-09-21T12:24:45Z</time><speed>0.000</speed><sat>29</sat></trkpt>
  <trkpt lat="45.79302481" lon="2.96833640"><ele>1135.728</ele><time>2026-09-21T12:24:48Z</time><speed>0.000</speed><sat>30</sat></trkpt>
  <trkpt lat="45.79301853" lon="2.96833943"><ele>1135.584</ele><time>2026-09-21T12:24:51Z</time><speed>0.000</speed><sat>30</sat></trkpt>
  <trkpt lat="45.79301655" lon="2.96834551"><ele>1135.555</ele><time>2026-09-21T12:24:54Z</time><speed>0.000</speed><sat>30</sat></trkpt>
  <trkpt lat="45.79301584" lon="2.96834625"><ele>1135.523</ele><time>2026-09-21T12:24:57Z</time><speed>0.000</speed><sat>30</sat></trkpt>
  <trkpt lat="45.79301541" lon="2.96834689"><ele>1135.512</ele><time>2026-09-21T12:25:00Z</time><speed>0.000</speed><sat>30</sat></trkpt>
  <trkpt lat="45.79301520" lon="2.96834805"><ele>1135.480</ele><time>2026-09-21T12:25:03Z</time><speed>0.000</speed><sat>30</sat></trkpt>
  <trkpt lat="45.79301462" lon="2.96834884"><ele>1135.434</ele><time>2026-09-21T12:25:06Z</time><speed>0.000</speed><sat>30</sat></trkpt>
  <trkpt lat="45.79301402" lon="2.96834990"><ele>1135.395</ele><time>2026-09-21T12:25:09Z</time><speed>0.000</speed><sat>30</sat></trkpt>
  <trkpt lat="45.79301394" lon="2.96835120"><ele>1135.389</ele><time>2026-09-21T12:25:12Z</time><speed>0.000</speed><sat>30</sat></trkpt>
  <trkpt lat="45.79301388" lon="2.96835220"><ele>1135.397</ele><time>2026-09-21T12:25:15Z</time><speed>0.000</speed><sat>30</sat></trkpt>
  <trkpt lat="45.79301360" lon="2.96835236"><ele>1135.365</ele><time>2026-09-21T12:25:18Z</time><speed>0.000</speed><sat>30</sat></trkpt>
  <trkpt lat="45.79301331" lon="2.96835258"><ele>1135.378</ele><time>2026-09-21T12:25:21Z</time><speed>0.000</speed><sat>30</sat></trkpt>
  <trkpt lat="45.79301300" lon="2.96835351"><ele>1135.402</ele><time>2026-09-21T12:25:24Z</time><speed>0.000</speed><sat>30</sat></trkpt>
  <trkpt lat="45.79301295" lon="2.96835476"><ele>1135.370</ele><time>2026-09-21T12:25:27Z</time><speed>0.000</speed><sat>30</sat></trkpt>
  <trkpt lat="45.79301242" lon="2.96835561"><ele>1135.296</ele><time>2026-09-21T12:25:30Z</time><speed>0.000</speed><sat>30</sat></trkpt>
  <trkpt lat="45.79301214" lon="2.96835681"><ele>1135.262</ele><time>2026-09-21T12:25:33Z</time><speed>0.000</speed><sat>30</sat></trkpt>
  <trkpt lat="45.79301162" lon="2.96835744"><ele>1135.199</ele><time>2026-09-21T12:25:36Z</time><speed>0.000</speed><sat>30</sat></trkpt>
  <trkpt lat="45.79301127" lon="2.96835798"><ele>1135.155</ele><time>2026-09-21T12:25:39Z</time><speed>0.000</speed><sat>30</sat></trkpt>
  <trkpt lat="45.79300860" lon="2.96836019"><ele>1135.093</ele><time>2026-09-21T12:25:42Z</time><speed>0.000</speed><sat>30</sat></trkpt>
  <trkpt lat="45.79300773" lon="2.96836131"><ele>1135.047</ele><time>2026-09-21T12:25:45Z</time><speed>0.000</speed><sat>31</sat></trkpt>
  <trkpt lat="45.79300697" lon="2.96836286"><ele>1135.020</ele><time>2026-09-21T12:25:48Z</time><speed>0.000</speed><sat>31</sat></trkpt>
  <trkpt lat="45.79300689" lon="2.96836336"><ele>1135.058</ele><time>2026-09-21T12:25:51Z</time><speed>0.000</speed><sat>31</sat></trkpt>
  <trkpt lat="45.79300663" lon="2.96836389"><ele>1135.044</ele><time>2026-09-21T12:25:54Z</time><speed>0.000</speed><sat>31</sat></trkpt>
  <trkpt lat="45.79300601" lon="2.96836442"><ele>1135.027</ele><time>2026-09-21T12:25:57Z</time><speed>0.000</speed><sat>31</sat></trkpt>
  <trkpt lat="45.79300589" lon="2.96836453"><ele>1135.042</ele><time>2026-09-21T12:26:00Z</time><speed>0.000</speed><sat>30</sat></trkpt>
  <trkpt lat="45.79300577" lon="2.96836407"><ele>1135.012</ele><time>2026-09-21T12:26:03Z</time><speed>0.000</speed><sat>30</sat></trkpt>
  <trkpt lat="45.79300549" lon="2.96836436"><ele>1134.979</ele><time>2026-09-21T12:26:06Z</time><speed>0.000</speed><sat>29</sat></trkpt>
  <trkpt lat="45.79300538" lon="2.96836494"><ele>1134.992</ele><time>2026-09-21T12:26:09Z</time><speed>0.000</speed><sat>31</sat></trkpt>
  <trkpt lat="45.79300503" lon="2.96836591"><ele>1134.924</ele><time>2026-09-21T12:26:12Z</time><speed>0.000</speed><sat>31</sat></trkpt>
  <trkpt lat="45.79300460" lon="2.96836691"><ele>1134.900</ele><time>2026-09-21T12:26:15Z</time><speed>0.000</speed><sat>31</sat></trkpt>
  <trkpt lat="45.79300457" lon="2.96836792"><ele>1134.894</ele><time>2026-09-21T12:26:18Z</time><speed>0.000</speed><sat>30</sat></trkpt>
  <trkpt lat="45.79300417" lon="2.96836846"><ele>1134.855</ele><time>2026-09-21T12:26:21Z</time><speed>0.000</speed><sat>31</sat></trkpt>
  <trkpt lat="45.79300396" lon="2.96836886"><ele>1134.817</ele><time>2026-09-21T12:26:24Z</time><speed>0.000</speed><sat>31</sat></trkpt>
  <trkpt lat="45.79300395" lon="2.96836866"><ele>1134.807</ele><time>2026-09-21T12:26:27Z</time><speed>0.000</speed><sat>31</sat></trkpt>
  <trkpt lat="45.79300382" lon="2.96836792"><ele>1134.826</ele><time>2026-09-21T12:26:30Z</time><speed>0.000</speed><sat>31</sat></trkpt>
  <trkpt lat="45.79300367" lon="2.96836764"><ele>1134.837</ele><time>2026-09-21T12:26:33Z</time><speed>0.000</speed><sat>30</sat></trkpt>
  <trkpt lat="45.79300322" lon="2.96836740"><ele>1134.788</ele><time>2026-09-21T12:26:36Z</time><speed>0.000</speed><sat>31</sat></trkpt>
  <trkpt lat="45.79300339" lon="2.96836800"><ele>1134.782</ele><time>2026-09-21T12:26:39Z</time><speed>0.000</speed><sat>31</sat></trkpt>
  <trkpt lat="45.79300361" lon="2.96836775"><ele>1134.784</ele><time>2026-09-21T12:26:42Z</time><speed>0.000</speed><sat>31</sat></trkpt>
  <trkpt lat="45.79300334" lon="2.96836758"><ele>1134.811</ele><time>2026-09-21T12:26:45Z</time><speed>0.000</speed><sat>31</sat></trkpt>
  <trkpt lat="45.79300336" lon="2.96836749"><ele>1134.805</ele><time>2026-09-21T12:26:48Z</time><speed>0.000</speed><sat>31</sat></trkpt>
  <trkpt lat="45.79300334" lon="2.96836718"><ele>1134.805</ele><time>2026-09-21T12:26:51Z</time><speed>0.000</speed><sat>30</sat></trkpt>
  <trkpt lat="45.79300335" lon="2.96836742"><ele>1134.808</ele><time>2026-09-21T12:26:54Z</time><speed>0.000</speed><sat>31</sat></trkpt>
  <trkpt lat="45.79300323" lon="2.96836757"><ele>1134.826</ele><time>2026-09-21T12:26:57Z</time><speed>0.000</speed><sat>31</sat></trkpt>
  <trkpt lat="45.79300316" lon="2.96836792"><ele>1134.855</ele><time>2026-09-21T12:27:00Z</time><speed>0.000</speed><sat>31</sat></trkpt>
  <trkpt lat="45.79300352" lon="2.96836839"><ele>1134.870</ele><time>2026-09-21T12:27:03Z</time><speed>0.000</speed><sat>31</sat></trkpt>
  <trkpt lat="45.79300370" lon="2.96836873"><ele>1134.894</ele><time>2026-09-21T12:27:06Z</time><speed>0.000</speed><sat>31</sat></trkpt>
  <trkpt lat="45.79300383" lon="2.96837125"><ele>1134.916</ele><time>2026-09-21T12:27:09Z</time><speed>0.000</speed><sat>31</sat></trkpt>
  <trkpt lat="45.79300343" lon="2.96837188"><ele>1134.904</ele><time>2026-09-21T12:27:12Z</time><speed>0.000</speed><sat>31</sat></trkpt>
  <trkpt lat="45.79300307" lon="2.96837216"><ele>1134.880</ele><time>2026-09-21T12:27:15Z</time><speed>0.000</speed><sat>31</sat></trkpt>
  <trkpt lat="45.79300267" lon="2.96837225"><ele>1134.867</ele><time>2026-09-21T12:27:18Z</time><speed>0.000</speed><sat>31</sat></trkpt>
  <trkpt lat="45.79300247" lon="2.96837164"><ele>1134.872</ele><time>2026-09-21T12:27:21Z</time><speed>0.000</speed><sat>30</sat></trkpt>
  <trkpt lat="45.79300527" lon="2.96836952"><ele>1135.135</ele><time>2026-09-21T12:27:24Z</time><speed>0.000</speed><sat>30</sat></trkpt>
  <trkpt lat="45.79300477" lon="2.96836983"><ele>1135.133</ele><time>2026-09-21T12:27:27Z</time><speed>0.000</speed><sat>30</sat></trkpt>
  <trkpt lat="45.79300441" lon="2.96836968"><ele>1135.136</ele><time>2026-09-21T12:27:30Z</time><speed>0.000</speed><sat>30</sat></trkpt>
  <trkpt lat="45.79300430" lon="2.96836969"><ele>1135.139</ele><time>2026-09-21T12:27:33Z</time><speed>0.000</speed><sat>30</sat></trkpt>
  <trkpt lat="45.79300373" lon="2.96836924"><ele>1135.182</ele><time>2026-09-21T12:27:36Z</time><speed>0.000</speed><sat>30</sat></trkpt>
  <trkpt lat="45.79300248" lon="2.96837663"><ele>1135.331</ele><time>2026-09-21T12:27:39Z</time><speed>0.490</speed><sat>30</sat></trkpt>
  <trkpt lat="45.79300175" lon="2.96841184"><ele>1135.698</ele><time>2026-09-21T12:27:42Z</time><speed>0.380</speed><sat>30</sat></trkpt>
  <trkpt lat="45.79300214" lon="2.96840863"><ele>1135.658</ele><time>2026-09-21T12:27:45Z</time><speed>0.000</speed><sat>30</sat></trkpt>
  <trkpt lat="45.79300157" lon="2.96840834"><ele>1135.688</ele><time>2026-09-21T12:27:48Z</time><speed>0.000</speed><sat>30</sat></trkpt>
  <trkpt lat="45.79300103" lon="2.96840824"><ele>1135.750</ele><time>2026-09-21T12:27:51Z</time><speed>0.000</speed><sat>29</sat></trkpt>
  <trkpt lat="45.79300079" lon="2.96840802"><ele>1135.796</ele><time>2026-09-21T12:27:54Z</time><speed>0.000</speed><sat>29</sat></trkpt>
  <trkpt lat="45.79300094" lon="2.96840807"><ele>1135.809</ele><time>2026-09-21T12:27:57Z</time><speed>0.000</speed><sat>29</sat></trkpt>
  <trkpt lat="45.79300121" lon="2.96840792"><ele>1135.886</ele><time>2026-09-21T12:28:00Z</time><speed>0.000</speed><sat>27</sat></trkpt>
  <trkpt lat="45.79300179" lon="2.96840809"><ele>1135.899</ele><time>2026-09-21T12:28:03Z</time><speed>0.000</speed><sat>29</sat></trkpt>
  <trkpt lat="45.79300116" lon="2.96840790"><ele>1136.122</ele><time>2026-09-21T12:28:06Z</time><speed>0.000</speed><sat>29</sat></trkpt>
  <trkpt lat="45.79300100" lon="2.96840784"><ele>1136.132</ele><time>2026-09-21T12:28:09Z</time><speed>0.000</speed><sat>30</sat></trkpt>
  <trkpt lat="45.79300124" lon="2.96840801"><ele>1136.187</ele><time>2026-09-21T12:28:12Z</time><speed>0.000</speed><sat>29</sat></trkpt>
  <trkpt lat="45.79300154" lon="2.96840809"><ele>1136.184</ele><time>2026-09-21T12:28:15Z</time><speed>0.000</speed><sat>29</sat></trkpt>
  <trkpt lat="45.79300161" lon="2.96840834"><ele>1136.151</ele><time>2026-09-21T12:28:18Z</time><speed>0.000</speed><sat>28</sat></trkpt>
  <trkpt lat="45.79300426" lon="2.96840894"><ele>1136.445</ele><time>2026-09-21T12:28:21Z</time><speed>0.320</speed><sat>28</sat></trkpt>
  <trkpt lat="45.79300600" lon="2.96840680"><ele>1136.221</ele><time>2026-09-21T12:28:24Z</time><speed>0.000</speed><sat>28</sat></trkpt>
  <trkpt lat="45.79300609" lon="2.96840728"><ele>1136.235</ele><time>2026-09-21T12:28:27Z</time><speed>0.000</speed><sat>28</sat></trkpt>
  <trkpt lat="45.79300618" lon="2.96840685"><ele>1136.221</ele><time>2026-09-21T12:28:30Z</time><speed>0.000</speed><sat>28</sat></trkpt>
  <trkpt lat="45.79300635" lon="2.96840634"><ele>1136.232</ele><time>2026-09-21T12:28:33Z</time><speed>0.000</speed><sat>28</sat></trkpt>
  <trkpt lat="45.79300887" lon="2.96840777"><ele>1136.129</ele><time>2026-09-21T12:28:36Z</time><speed>0.290</speed><sat>28</sat></trkpt>
  <trkpt lat="45.79302308" lon="2.96841697"><ele>1135.774</ele><time>2026-09-21T12:28:39Z</time><speed>0.540</speed><sat>30</sat></trkpt>
  <trkpt lat="45.79302547" lon="2.96841564"><ele>1135.955</ele><time>2026-09-21T12:28:42Z</time><speed>0.200</speed><sat>30</sat></trkpt>
  <trkpt lat="45.79304834" lon="2.96844864"><ele>1135.863</ele><time>2026-09-21T12:28:45Z</time><speed>1.250</speed><sat>30</sat></trkpt>
  <trkpt lat="45.79307496" lon="2.96847139"><ele>1135.885</ele><time>2026-09-21T12:28:48Z</time><speed>0.970</speed><sat>30</sat></trkpt>
  <trkpt lat="45.79310031" lon="2.96850631"><ele>1135.398</ele><time>2026-09-21T12:28:51Z</time><speed>1.370</speed><sat>30</sat></trkpt>
  <trkpt lat="45.79313319" lon="2.96854526"><ele>1135.175</ele><time>2026-09-21T12:28:54Z</time><speed>1.720</speed><sat>29</sat></trkpt>
  <trkpt lat="45.79316561" lon="2.96858021"><ele>1135.535</ele><time>2026-09-21T12:28:57Z</time><speed>1.390</speed><sat>30</sat></trkpt>
  <trkpt lat="45.79319311" lon="2.96860827"><ele>1136.354</ele><time>2026-09-21T12:29:00Z</time><speed>1.360</speed><sat>30</sat></trkpt>
  <trkpt lat="45.79322446" lon="2.96862428"><ele>1136.199</ele><time>2026-09-21T12:29:03Z</time><speed>1.290</speed><sat>30</sat></trkpt>
  <trkpt lat="45.79325426" lon="2.96865101"><ele>1135.929</ele><time>2026-09-21T12:29:06Z</time><speed>1.340</speed><sat>30</sat></trkpt>
  <trkpt lat="45.79328923" lon="2.96868768"><ele>1136.509</ele><time>2026-09-21T12:29:09Z</time><speed>1.780</speed><sat>28</sat></trkpt>
  <trkpt lat="45.79331688" lon="2.96872662"><ele>1136.867</ele><time>2026-09-21T12:29:12Z</time><speed>1.450</speed><sat>29</sat></trkpt>
  <trkpt lat="45.79333949" lon="2.96875581"><ele>1137.865</ele><time>2026-09-21T12:29:15Z</time><speed>1.330</speed><sat>30</sat></trkpt>
  <trkpt lat="45.79336198" lon="2.96877704"><ele>1137.958</ele><time>2026-09-21T12:29:18Z</time><speed>1.030</speed><sat>30</sat></trkpt>
  <trkpt lat="45.79337596" lon="2.96880353"><ele>1138.107</ele><time>2026-09-21T12:29:21Z</time><speed>0.960</speed><sat>28</sat></trkpt>
  <trkpt lat="45.79338840" lon="2.96882871"><ele>1137.735</ele><time>2026-09-21T12:29:24Z</time><speed>1.060</speed><sat>29</sat></trkpt>
  <trkpt lat="45.79339449" lon="2.96886188"><ele>1138.103</ele><time>2026-09-21T12:29:27Z</time><speed>1.110</speed><sat>27</sat></trkpt>
  <trkpt lat="45.79339521" lon="2.96890178"><ele>1138.939</ele><time>2026-09-21T12:29:30Z</time><speed>1.150</speed><sat>26</sat></trkpt>
  <trkpt lat="45.79339864" lon="2.96894713"><ele>1138.672</ele><time>2026-09-21T12:29:33Z</time><speed>1.210</speed><sat>25</sat></trkpt>
  <trkpt lat="45.79340047" lon="2.96898828"><ele>1137.907</ele><time>2026-09-21T12:29:36Z</time><speed>1.260</speed><sat>26</sat></trkpt>
  <trkpt lat="45.79339797" lon="2.96902677"><ele>1138.235</ele><time>2026-09-21T12:29:39Z</time><speed>0.950</speed><sat>26</sat></trkpt>
  <trkpt lat="45.79340289" lon="2.96907796"><ele>1138.584</ele><time>2026-09-21T12:29:42Z</time><speed>1.340</speed><sat>26</sat></trkpt>
  <trkpt lat="45.79340797" lon="2.96911865"><ele>1139.082</ele><time>2026-09-21T12:29:45Z</time><speed>1.020</speed><sat>26</sat></trkpt>
  <trkpt lat="45.79341043" lon="2.96916394"><ele>1140.688</ele><time>2026-09-21T12:29:48Z</time><speed>1.040</speed><sat>26</sat></trkpt>
  <trkpt lat="45.79341898" lon="2.96921032"><ele>1141.790</ele><time>2026-09-21T12:29:51Z</time><speed>1.110</speed><sat>26</sat></trkpt>
  <trkpt lat="45.79341632" lon="2.96926329"><ele>1142.807</ele><time>2026-09-21T12:29:54Z</time><speed>1.180</speed><sat>27</sat></trkpt>
  <trkpt lat="45.79342003" lon="2.96930532"><ele>1143.623</ele><time>2026-09-21T12:29:57Z</time><speed>1.040</speed><sat>27</sat></trkpt>
  <trkpt lat="45.79342688" lon="2.96933882"><ele>1143.165</ele><time>2026-09-21T12:30:00Z</time><speed>1.130</speed><sat>26</sat></trkpt>
  <trkpt lat="45.79342594" lon="2.96937534"><ele>1145.239</ele><time>2026-09-21T12:30:03Z</time><speed>0.740</speed><sat>25</sat></trkpt>
  <trkpt lat="45.79343548" lon="2.96941324"><ele>1145.563</ele><time>2026-09-21T12:30:06Z</time><speed>0.790</speed><sat>25</sat></trkpt>
  <trkpt lat="45.79344334" lon="2.96944157"><ele>1144.914</ele><time>2026-09-21T12:30:09Z</time><speed>0.830</speed><sat>26</sat></trkpt>
  <trkpt lat="45.79345013" lon="2.96947222"><ele>1144.053</ele><time>2026-09-21T12:30:12Z</time><speed>0.820</speed><sat>26</sat></trkpt>
  <trkpt lat="45.79345089" lon="2.96951098"><ele>1144.122</ele><time>2026-09-21T12:30:15Z</time><speed>0.980</speed><sat>26</sat></trkpt>
  <trkpt lat="45.79345877" lon="2.96954538"><ele>1142.744</ele><time>2026-09-21T12:30:18Z</time><speed>0.980</speed><sat>26</sat></trkpt>
  <trkpt lat="45.79346052" lon="2.96958508"><ele>1142.306</ele><time>2026-09-21T12:30:21Z</time><speed>0.940</speed><sat>26</sat></trkpt>
  <trkpt lat="45.79345492" lon="2.96962568"><ele>1141.794</ele><time>2026-09-21T12:30:24Z</time><speed>1.020</speed><sat>26</sat></trkpt>
  <trkpt lat="45.79345648" lon="2.96966959"><ele>1140.555</ele><time>2026-09-21T12:30:27Z</time><speed>1.050</speed><sat>25</sat></trkpt>
  <trkpt lat="45.79345808" lon="2.96972458"><ele>1142.104</ele><time>2026-09-21T12:30:30Z</time><speed>1.090</speed><sat>24</sat></trkpt>
  <trkpt lat="45.79346252" lon="2.96977635"><ele>1142.600</ele><time>2026-09-21T12:30:33Z</time><speed>0.960</speed><sat>26</sat></trkpt>
  <trkpt lat="45.79347304" lon="2.96982178"><ele>1143.051</ele><time>2026-09-21T12:30:36Z</time><speed>1.020</speed><sat>26</sat></trkpt>
  <trkpt lat="45.79348085" lon="2.96985850"><ele>1144.344</ele><time>2026-09-21T12:30:39Z</time><speed>0.890</speed><sat>26</sat></trkpt>
  <trkpt lat="45.79349611" lon="2.96989412"><ele>1144.358</ele><time>2026-09-21T12:30:42Z</time><speed>0.850</speed><sat>26</sat></trkpt>
  <trkpt lat="45.79351373" lon="2.96993390"><ele>1146.277</ele><time>2026-09-21T12:30:45Z</time><speed>0.920</speed><sat>26</sat></trkpt>
  <trkpt lat="45.79352992" lon="2.96996380"><ele>1146.304</ele><time>2026-09-21T12:30:48Z</time><speed>0.970</speed><sat>27</sat></trkpt>
  <trkpt lat="45.79354232" lon="2.96999355"><ele>1146.660</ele><time>2026-09-21T12:30:51Z</time><speed>0.940</speed><sat>27</sat></trkpt>
  <trkpt lat="45.79355574" lon="2.97001853"><ele>1147.100</ele><time>2026-09-21T12:30:54Z</time><speed>0.940</speed><sat>27</sat></trkpt>
  <trkpt lat="45.79356796" lon="2.97004403"><ele>1148.469</ele><time>2026-09-21T12:30:57Z</time><speed>0.950</speed><sat>27</sat></trkpt>
  <trkpt lat="45.79357162" lon="2.97007708"><ele>1149.945</ele><time>2026-09-21T12:31:00Z</time><speed>0.760</speed><sat>27</sat></trkpt>
  <trkpt lat="45.79358122" lon="2.97010056"><ele>1150.256</ele><time>2026-09-21T12:31:03Z</time><speed>0.740</speed><sat>27</sat></trkpt>
  <trkpt lat="45.79359081" lon="2.97012464"><ele>1151.867</ele><time>2026-09-21T12:31:06Z</time><speed>0.770</speed><sat>27</sat></trkpt>
  <trkpt lat="45.79360014" lon="2.97014980"><ele>1151.880</ele><time>2026-09-21T12:31:09Z</time><speed>0.620</speed><sat>27</sat></trkpt>
  <trkpt lat="45.79360900" lon="2.97017637"><ele>1153.067</ele><time>2026-09-21T12:31:12Z</time><speed>0.570</speed><sat>27</sat></trkpt>
  <trkpt lat="45.79362333" lon="2.97019798"><ele>1153.244</ele><time>2026-09-21T12:31:15Z</time><speed>0.840</speed><sat>27</sat></trkpt>
  <trkpt lat="45.79363447" lon="2.97022421"><ele>1153.880</ele><time>2026-09-21T12:31:18Z</time><speed>0.850</speed><sat>26</sat></trkpt>
  <trkpt lat="45.79363995" lon="2.97024739"><ele>1154.721</ele><time>2026-09-21T12:31:21Z</time><speed>0.810</speed><sat>25</sat></trkpt>
  <trkpt lat="45.79365089" lon="2.97026641"><ele>1155.027</ele><time>2026-09-21T12:31:24Z</time><speed>0.690</speed><sat>27</sat></trkpt>
  <trkpt lat="45.79365907" lon="2.97028537"><ele>1155.689</ele><time>2026-09-21T12:31:27Z</time><speed>0.390</speed><sat>27</sat></trkpt>
  <trkpt lat="45.79367143" lon="2.97030614"><ele>1155.818</ele><time>2026-09-21T12:31:30Z</time><speed>0.470</speed><sat>27</sat></trkpt>
  <trkpt lat="45.79368756" lon="2.97033579"><ele>1155.820</ele><time>2026-09-21T12:31:33Z</time><speed>0.730</speed><sat>27</sat></trkpt>
  <trkpt lat="45.79369732" lon="2.97036505"><ele>1157.096</ele><time>2026-09-21T12:31:36Z</time><speed>0.680</speed><sat>26</sat></trkpt>
  <trkpt lat="45.79370551" lon="2.97039582"><ele>1157.557</ele><time>2026-09-21T12:31:39Z</time><speed>0.870</speed><sat>26</sat></trkpt>
  <trkpt lat="45.79371516" lon="2.97042764"><ele>1158.343</ele><time>2026-09-21T12:31:42Z</time><speed>0.890</speed><sat>27</sat></trkpt>
  <trkpt lat="45.79372355" lon="2.97046256"><ele>1159.171</ele><time>2026-09-21T12:31:45Z</time><speed>0.790</speed><sat>27</sat></trkpt>
  <trkpt lat="45.79372896" lon="2.97049601"><ele>1159.933</ele><time>2026-09-21T12:31:48Z</time><speed>1.000</speed><sat>27</sat></trkpt>
  <trkpt lat="45.79374117" lon="2.97052865"><ele>1159.578</ele><time>2026-09-21T12:31:51Z</time><speed>0.860</speed><sat>27</sat></trkpt>
  <trkpt lat="45.79374680" lon="2.97055630"><ele>1159.898</ele><time>2026-09-21T12:31:54Z</time><speed>0.810</speed><sat>27</sat></trkpt>
  <trkpt lat="45.79375645" lon="2.97058330"><ele>1160.861</ele><time>2026-09-21T12:31:57Z</time><speed>0.770</speed><sat>27</sat></trkpt>
  <trkpt lat="45.79376368" lon="2.97061507"><ele>1161.744</ele><time>2026-09-21T12:32:00Z</time><speed>0.960</speed><sat>27</sat></trkpt>
  <trkpt lat="45.79377551" lon="2.97064932"><ele>1162.216</ele><time>2026-09-21T12:32:03Z</time><speed>0.850</speed><sat>27</sat></trkpt>
  <trkpt lat="45.79378820" lon="2.97068258"><ele>1162.663</ele><time>2026-09-21T12:32:06Z</time><speed>0.930</speed><sat>27</sat></trkpt>
  <trkpt lat="45.79379620" lon="2.97071644"><ele>1163.727</ele><time>2026-09-21T12:32:09Z</time><speed>0.890</speed><sat>27</sat></trkpt>
  <trkpt lat="45.79380803" lon="2.97073922"><ele>1163.566</ele><time>2026-09-21T12:32:12Z</time><speed>0.440</speed><sat>27</sat></trkpt>
  <trkpt lat="45.79382083" lon="2.97076837"><ele>1164.351</ele><time>2026-09-21T12:32:15Z</time><speed>0.870</speed><sat>27</sat></trkpt>
  <trkpt lat="45.79383358" lon="2.97080160"><ele>1163.735</ele><time>2026-09-21T12:32:18Z</time><speed>0.760</speed><sat>27</sat></trkpt>
  <trkpt lat="45.79383785" lon="2.97080770"><ele>1163.561</ele><time>2026-09-21T12:32:21Z</time><speed>0.000</speed><sat>27</sat></trkpt>
  <trkpt lat="45.79383908" lon="2.97080545"><ele>1163.495</ele><time>2026-09-21T12:32:24Z</time><speed>0.190</speed><sat>27</sat></trkpt>
  <trkpt lat="45.79383970" lon="2.97080487"><ele>1163.511</ele><time>2026-09-21T12:32:27Z</time><speed>0.000</speed><sat>27</sat></trkpt>
  <trkpt lat="45.79383961" lon="2.97080452"><ele>1163.483</ele><time>2026-09-21T12:32:30Z</time><speed>0.000</speed><sat>27</sat></trkpt>
  <trkpt lat="45.79383993" lon="2.97080479"><ele>1163.539</ele><time>2026-09-21T12:32:33Z</time><speed>0.000</speed><sat>27</sat></trkpt>
  <trkpt lat="45.79383992" lon="2.97080479"><ele>1163.536</ele><time>2026-09-21T12:32:36Z</time><speed>0.000</speed><sat>27</sat></trkpt>
  <trkpt lat="45.79383992" lon="2.97080478"><ele>1163.545</ele><time>2026-09-21T12:32:39Z</time><speed>0.000</speed><sat>27</sat></trkpt>
  <trkpt lat="45.79383975" lon="2.97080484"><ele>1163.516</ele><time>2026-09-21T12:32:42Z</time><speed>0.000</speed><sat>27</sat></trkpt>
  <trkpt lat="45.79383940" lon="2.97080495"><ele>1163.502</ele><time>2026-09-21T12:32:45Z</time><speed>0.000</speed><sat>27</sat></trkpt>
  <trkpt lat="45.79383958" lon="2.97080491"><ele>1163.506</ele><time>2026-09-21T12:32:48Z</time><speed>0.000</speed><sat>27</sat></trkpt>
  <trkpt lat="45.79383948" lon="2.97080440"><ele>1163.437</ele><time>2026-09-21T12:32:51Z</time><speed>0.000</speed><sat>27</sat></trkpt>
  <trkpt lat="45.79383940" lon="2.97080438"><ele>1163.460</ele><time>2026-09-21T12:32:54Z</time><speed>0.000</speed><sat>27</sat></trkpt>
  <trkpt lat="45.79383949" lon="2.97080470"><ele>1163.513</ele><time>2026-09-21T12:32:57Z</time><speed>0.000</speed><sat>27</sat></trkpt>
  <trkpt lat="45.79383939" lon="2.97080458"><ele>1163.498</ele><time>2026-09-21T12:33:00Z</time><speed>0.000</speed><sat>25</sat></trkpt>
  <trkpt lat="45.79383918" lon="2.97080449"><ele>1163.480</ele><time>2026-09-21T12:33:03Z</time><speed>0.000</speed><sat>27</sat></trkpt>
  <trkpt lat="45.79383882" lon="2.97080461"><ele>1163.463</ele><time>2026-09-21T12:33:06Z</time><speed>0.000</speed><sat>28</sat></trkpt>
  <trkpt lat="45.79383867" lon="2.97080426"><ele>1163.418</ele><time>2026-09-21T12:33:09Z</time><speed>0.000</speed><sat>27</sat></trkpt>
  <trkpt lat="45.79383704" lon="2.97080613"><ele>1163.552</ele><time>2026-09-21T12:33:12Z</time><speed>0.000</speed><sat>28</sat></trkpt>
  <trkpt lat="45.79383659" lon="2.97080619"><ele>1163.510</ele><time>2026-09-21T12:33:15Z</time><speed>0.000</speed><sat>28</sat></trkpt>
  <trkpt lat="45.79383615" lon="2.97080668"><ele>1163.538</ele><time>2026-09-21T12:33:18Z</time><speed>0.000</speed><sat>28</sat></trkpt>
  <trkpt lat="45.79383549" lon="2.97081239"><ele>1163.976</ele><time>2026-09-21T12:33:21Z</time><speed>0.000</speed><sat>28</sat></trkpt>
  <trkpt lat="45.79384551" lon="2.97084084"><ele>1164.527</ele><time>2026-09-21T12:33:24Z</time><speed>0.580</speed><sat>28</sat></trkpt>
  <trkpt lat="45.79386416" lon="2.97087184"><ele>1165.411</ele><time>2026-09-21T12:33:27Z</time><speed>1.180</speed><sat>28</sat></trkpt>
  <trkpt lat="45.79388529" lon="2.97089933"><ele>1164.965</ele><time>2026-09-21T12:33:30Z</time><speed>0.740</speed><sat>28</sat></trkpt>
  <trkpt lat="45.79391214" lon="2.97095780"><ele>1166.919</ele><time>2026-09-21T12:33:33Z</time><speed>1.750</speed><sat>28</sat></trkpt>
  <trkpt lat="45.79392784" lon="2.97098698"><ele>1168.873</ele><time>2026-09-21T12:33:36Z</time><speed>1.120</speed><sat>28</sat></trkpt>
  <trkpt lat="45.79394176" lon="2.97101796"><ele>1170.355</ele><time>2026-09-21T12:33:39Z</time><speed>1.130</speed><sat>28</sat></trkpt>
  <trkpt lat="45.79396048" lon="2.97105653"><ele>1170.474</ele><time>2026-09-21T12:33:42Z</time><speed>1.460</speed><sat>28</sat></trkpt>
  <trkpt lat="45.79398277" lon="2.97111324"><ele>1170.838</ele><time>2026-09-21T12:33:45Z</time><speed>1.410</speed><sat>28</sat></trkpt>
  <trkpt lat="45.79399833" lon="2.97116323"><ele>1171.614</ele><time>2026-09-21T12:33:48Z</time><speed>1.640</speed><sat>27</sat></trkpt>
  <trkpt lat="45.79402072" lon="2.97120144"><ele>1172.823</ele><time>2026-09-21T12:33:51Z</time><speed>1.290</speed><sat>27</sat></trkpt>
  <trkpt lat="45.79404129" lon="2.97124309"><ele>1173.425</ele><time>2026-09-21T12:33:54Z</time><speed>1.230</speed><sat>27</sat></trkpt>
  <trkpt lat="45.79405764" lon="2.97128015"><ele>1173.992</ele><time>2026-09-21T12:33:57Z</time><speed>1.320</speed><sat>26</sat></trkpt>
  <trkpt lat="45.79407890" lon="2.97131741"><ele>1174.945</ele><time>2026-09-21T12:34:00Z</time><speed>0.910</speed><sat>26</sat></trkpt>
  <trkpt lat="45.79410179" lon="2.97134309"><ele>1175.740</ele><time>2026-09-21T12:34:03Z</time><speed>1.230</speed><sat>26</sat></trkpt>
  <trkpt lat="45.79412162" lon="2.97138516"><ele>1176.641</ele><time>2026-09-21T12:34:06Z</time><speed>1.420</speed><sat>26</sat></trkpt>
  <trkpt lat="45.79414148" lon="2.97141732"><ele>1177.268</ele><time>2026-09-21T12:34:09Z</time><speed>1.210</speed><sat>27</sat></trkpt>
  <trkpt lat="45.79416430" lon="2.97144380"><ele>1178.144</ele><time>2026-09-21T12:34:12Z</time><speed>1.160</speed><sat>27</sat></trkpt>
  <trkpt lat="45.79419353" lon="2.97146521"><ele>1178.013</ele><time>2026-09-21T12:34:15Z</time><speed>1.070</speed><sat>26</sat></trkpt>
  <trkpt lat="45.79421178" lon="2.97149320"><ele>1178.218</ele><time>2026-09-21T12:34:18Z</time><speed>1.120</speed><sat>26</sat></trkpt>
  <trkpt lat="45.79422647" lon="2.97152485"><ele>1179.456</ele><time>2026-09-21T12:34:21Z</time><speed>1.180</speed><sat>26</sat></trkpt>
  <trkpt lat="45.79424549" lon="2.97155379"><ele>1179.451</ele><time>2026-09-21T12:34:24Z</time><speed>0.880</speed><sat>27</sat></trkpt>
  <trkpt lat="45.79426524" lon="2.97158542"><ele>1179.944</ele><time>2026-09-21T12:34:27Z</time><speed>1.130</speed><sat>27</sat></trkpt>
  <trkpt lat="45.79428856" lon="2.97161168"><ele>1180.074</ele><time>2026-09-21T12:34:30Z</time><speed>1.140</speed><sat>27</sat></trkpt>
  <trkpt lat="45.79430132" lon="2.97164026"><ele>1181.189</ele><time>2026-09-21T12:34:33Z</time><speed>0.960</speed><sat>27</sat></trkpt>
  <trkpt lat="45.79431807" lon="2.97166792"><ele>1182.049</ele><time>2026-09-21T12:34:36Z</time><speed>0.850</speed><sat>28</sat></trkpt>
  <trkpt lat="45.79433945" lon="2.97170463"><ele>1182.633</ele><time>2026-09-21T12:34:39Z</time><speed>1.190</speed><sat>28</sat></trkpt>
  <trkpt lat="45.79435963" lon="2.97173350"><ele>1182.319</ele><time>2026-09-21T12:34:42Z</time><speed>1.360</speed><sat>27</sat></trkpt>
  <trkpt lat="45.79437659" lon="2.97176433"><ele>1183.521</ele><time>2026-09-21T12:34:45Z</time><speed>0.770</speed><sat>27</sat></trkpt>
  <trkpt lat="45.79439935" lon="2.97180178"><ele>1183.950</ele><time>2026-09-21T12:34:48Z</time><speed>1.240</speed><sat>26</sat></trkpt>
  <trkpt lat="45.79441996" lon="2.97183641"><ele>1184.647</ele><time>2026-09-21T12:34:51Z</time><speed>1.210</speed><sat>27</sat></trkpt>
  <trkpt lat="45.79443947" lon="2.97187928"><ele>1185.568</ele><time>2026-09-21T12:34:54Z</time><speed>1.190</speed><sat>28</sat></trkpt>
  <trkpt lat="45.79446209" lon="2.97191471"><ele>1186.079</ele><time>2026-09-21T12:34:57Z</time><speed>1.250</speed><sat>28</sat></trkpt>
  <trkpt lat="45.79447785" lon="2.97194970"><ele>1186.518</ele><time>2026-09-21T12:35:00Z</time><speed>1.200</speed><sat>27</sat></trkpt>
  <trkpt lat="45.79449699" lon="2.97198694"><ele>1187.036</ele><time>2026-09-21T12:35:03Z</time><speed>1.100</speed><sat>27</sat></trkpt>
  <trkpt lat="45.79451639" lon="2.97201988"><ele>1187.627</ele><time>2026-09-21T12:35:06Z</time><speed>1.170</speed><sat>28</sat></trkpt>
  <trkpt lat="45.79453354" lon="2.97204973"><ele>1188.015</ele><time>2026-09-21T12:35:09Z</time><speed>1.290</speed><sat>28</sat></trkpt>
  <trkpt lat="45.79454845" lon="2.97207519"><ele>1189.361</ele><time>2026-09-21T12:35:12Z</time><speed>0.830</speed><sat>26</sat></trkpt>
  <trkpt lat="45.79457125" lon="2.97210264"><ele>1189.584</ele><time>2026-09-21T12:35:15Z</time><speed>1.050</speed><sat>27</sat></trkpt>
  <trkpt lat="45.79459819" lon="2.97212883"><ele>1190.131</ele><time>2026-09-21T12:35:18Z</time><speed>1.190</speed><sat>27</sat></trkpt>
  <trkpt lat="45.79461662" lon="2.97215793"><ele>1190.431</ele><time>2026-09-21T12:35:21Z</time><speed>1.170</speed><sat>27</sat></trkpt>
  <trkpt lat="45.79463849" lon="2.97218483"><ele>1191.308</ele><time>2026-09-21T12:35:24Z</time><speed>1.140</speed><sat>27</sat></trkpt>
  <trkpt lat="45.79465752" lon="2.97221743"><ele>1192.300</ele><time>2026-09-21T12:35:27Z</time><speed>1.220</speed><sat>27</sat></trkpt>
  <trkpt lat="45.79467883" lon="2.97224702"><ele>1192.948</ele><time>2026-09-21T12:35:30Z</time><speed>1.210</speed><sat>27</sat></trkpt>
  <trkpt lat="45.79470538" lon="2.97226872"><ele>1193.959</ele><time>2026-09-21T12:35:33Z</time><speed>0.890</speed><sat>26</sat></trkpt>
  <trkpt lat="45.79472972" lon="2.97229409"><ele>1194.630</ele><time>2026-09-21T12:35:36Z</time><speed>1.010</speed><sat>26</sat></trkpt>
  <trkpt lat="45.79475336" lon="2.97231442"><ele>1195.266</ele><time>2026-09-21T12:35:39Z</time><speed>1.180</speed><sat>27</sat></trkpt>
  <trkpt lat="45.79477987" lon="2.97233430"><ele>1195.733</ele><time>2026-09-21T12:35:42Z</time><speed>1.360</speed><sat>27</sat></trkpt>
  <trkpt lat="45.79480723" lon="2.97234564"><ele>1195.644</ele><time>2026-09-21T12:35:45Z</time><speed>1.180</speed><sat>27</sat></trkpt>
  <trkpt lat="45.79482708" lon="2.97236250"><ele>1195.608</ele><time>2026-09-21T12:35:48Z</time><speed>1.050</speed><sat>27</sat></trkpt>
  <trkpt lat="45.79484438" lon="2.97238874"><ele>1196.588</ele><time>2026-09-21T12:35:51Z</time><speed>0.930</speed><sat>27</sat></trkpt>
  <trkpt lat="45.79486952" lon="2.97241203"><ele>1197.459</ele><time>2026-09-21T12:35:54Z</time><speed>0.980</speed><sat>27</sat></trkpt>
  <trkpt lat="45.79489285" lon="2.97244057"><ele>1198.441</ele><time>2026-09-21T12:35:57Z</time><speed>1.140</speed><sat>27</sat></trkpt>
  <trkpt lat="45.79490629" lon="2.97246555"><ele>1198.949</ele><time>2026-09-21T12:36:00Z</time><speed>1.000</speed><sat>27</sat></trkpt>
  <trkpt lat="45.79492637" lon="2.97248600"><ele>1200.033</ele><time>2026-09-21T12:36:03Z</time><speed>0.810</speed><sat>27</sat></trkpt>
  <trkpt lat="45.79494483" lon="2.97251495"><ele>1201.177</ele><time>2026-09-21T12:36:06Z</time><speed>1.050</speed><sat>27</sat></trkpt>
  <trkpt lat="45.79496550" lon="2.97253434"><ele>1201.328</ele><time>2026-09-21T12:36:09Z</time><speed>1.110</speed><sat>27</sat></trkpt>
  <trkpt lat="45.79498711" lon="2.97255529"><ele>1201.622</ele><time>2026-09-21T12:36:12Z</time><speed>1.030</speed><sat>27</sat></trkpt>
  <trkpt lat="45.79500329" lon="2.97257931"><ele>1201.865</ele><time>2026-09-21T12:36:15Z</time><speed>0.950</speed><sat>27</sat></trkpt>
  <trkpt lat="45.79502303" lon="2.97260276"><ele>1202.554</ele><time>2026-09-21T12:36:18Z</time><speed>1.090</speed><sat>27</sat></trkpt>
  <trkpt lat="45.79504382" lon="2.97262155"><ele>1203.111</ele><time>2026-09-21T12:36:21Z</time><speed>0.980</speed><sat>27</sat></trkpt>
  <trkpt lat="45.79506734" lon="2.97263459"><ele>1203.239</ele><time>2026-09-21T12:36:24Z</time><speed>1.000</speed><sat>27</sat></trkpt>
  <trkpt lat="45.79508436" lon="2.97265772"><ele>1203.454</ele><time>2026-09-21T12:36:27Z</time><speed>0.810</speed><sat>27</sat></trkpt>
  <trkpt lat="45.79510081" lon="2.97268071"><ele>1204.197</ele><time>2026-09-21T12:36:30Z</time><speed>0.960</speed><sat>27</sat></trkpt>
  <trkpt lat="45.79512174" lon="2.97269185"><ele>1204.693</ele><time>2026-09-21T12:36:33Z</time><speed>0.790</speed><sat>27</sat></trkpt>
  <trkpt lat="45.79514455" lon="2.97271190"><ele>1205.459</ele><time>2026-09-21T12:36:36Z</time><speed>0.780</speed><sat>27</sat></trkpt>
  <trkpt lat="45.79516289" lon="2.97273570"><ele>1206.425</ele><time>2026-09-21T12:36:39Z</time><speed>1.170</speed><sat>27</sat></trkpt>
  <trkpt lat="45.79518096" lon="2.97275218"><ele>1206.977</ele><time>2026-09-21T12:36:42Z</time><speed>1.230</speed><sat>27</sat></trkpt>
  <trkpt lat="45.79520127" lon="2.97276574"><ele>1207.154</ele><time>2026-09-21T12:36:45Z</time><speed>1.170</speed><sat>26</sat></trkpt>
  <trkpt lat="45.79522231" lon="2.97277526"><ele>1206.906</ele><time>2026-09-21T12:36:48Z</time><speed>1.100</speed><sat>26</sat></trkpt>
  <trkpt lat="45.79524165" lon="2.97279284"><ele>1207.112</ele><time>2026-09-21T12:36:51Z</time><speed>1.180</speed><sat>27</sat></trkpt>
  <trkpt lat="45.79526065" lon="2.97280797"><ele>1207.959</ele><time>2026-09-21T12:36:54Z</time><speed>1.000</speed><sat>27</sat></trkpt>
  <trkpt lat="45.79527824" lon="2.97283099"><ele>1209.491</ele><time>2026-09-21T12:36:57Z</time><speed>0.970</speed><sat>26</sat></trkpt>
  <trkpt lat="45.79530402" lon="2.97285037"><ele>1210.203</ele><time>2026-09-21T12:37:00Z</time><speed>1.010</speed><sat>26</sat></trkpt>
  <trkpt lat="45.79532248" lon="2.97287282"><ele>1210.683</ele><time>2026-09-21T12:37:03Z</time><speed>1.120</speed><sat>26</sat></trkpt>
  <trkpt lat="45.79534503" lon="2.97289521"><ele>1211.427</ele><time>2026-09-21T12:37:06Z</time><speed>0.880</speed><sat>26</sat></trkpt>
  <trkpt lat="45.79536693" lon="2.97292323"><ele>1211.949</ele><time>2026-09-21T12:37:09Z</time><speed>0.780</speed><sat>26</sat></trkpt>
  <trkpt lat="45.79539025" lon="2.97295039"><ele>1212.622</ele><time>2026-09-21T12:37:12Z</time><speed>1.070</speed><sat>26</sat></trkpt>
  <trkpt lat="45.79541148" lon="2.97298166"><ele>1213.323</ele><time>2026-09-21T12:37:15Z</time><speed>1.240</speed><sat>26</sat></trkpt>
  <trkpt lat="45.79542871" lon="2.97300803"><ele>1213.721</ele><time>2026-09-21T12:37:18Z</time><speed>1.210</speed><sat>26</sat></trkpt>
  <trkpt lat="45.79544682" lon="2.97302930"><ele>1214.291</ele><time>2026-09-21T12:37:21Z</time><speed>1.040</speed><sat>26</sat></trkpt>
  <trkpt lat="45.79546536" lon="2.97305508"><ele>1214.567</ele><time>2026-09-21T12:37:24Z</time><speed>0.720</speed><sat>26</sat></trkpt>
  <trkpt lat="45.79548455" lon="2.97308486"><ele>1215.766</ele><time>2026-09-21T12:37:27Z</time><speed>1.070</speed><sat>26</sat></trkpt>
  <trkpt lat="45.79549985" lon="2.97310921"><ele>1216.555</ele><time>2026-09-21T12:37:30Z</time><speed>0.850</speed><sat>28</sat></trkpt>
  <trkpt lat="45.79551946" lon="2.97313116"><ele>1217.183</ele><time>2026-09-21T12:37:33Z</time><speed>1.070</speed><sat>28</sat></trkpt>
  <trkpt lat="45.79553810" lon="2.97315905"><ele>1218.028</ele><time>2026-09-21T12:37:36Z</time><speed>1.120</speed><sat>28</sat></trkpt>
  <trkpt lat="45.79555729" lon="2.97318458"><ele>1218.664</ele><time>2026-09-21T12:37:39Z</time><speed>1.220</speed><sat>28</sat></trkpt>
  <trkpt lat="45.79557318" lon="2.97320901"><ele>1219.901</ele><time>2026-09-21T12:37:42Z</time><speed>0.980</speed><sat>28</sat></trkpt>
  <trkpt lat="45.79559161" lon="2.97323913"><ele>1220.157</ele><time>2026-09-21T12:37:45Z</time><speed>0.800</speed><sat>28</sat></trkpt>
  <trkpt lat="45.79561780" lon="2.97325645"><ele>1219.913</ele><time>2026-09-21T12:37:48Z</time><speed>0.880</speed><sat>28</sat></trkpt>
  <trkpt lat="45.79564324" lon="2.97328127"><ele>1220.402</ele><time>2026-09-21T12:37:51Z</time><speed>0.970</speed><sat>28</sat></trkpt>
  <trkpt lat="45.79566614" lon="2.97330549"><ele>1221.169</ele><time>2026-09-21T12:37:54Z</time><speed>1.210</speed><sat>28</sat></trkpt>
  <trkpt lat="45.79568130" lon="2.97332841"><ele>1221.881</ele><time>2026-09-21T12:37:57Z</time><speed>1.280</speed><sat>28</sat></trkpt>
  <trkpt lat="45.79570229" lon="2.97335862"><ele>1222.450</ele><time>2026-09-21T12:38:00Z</time><speed>0.880</speed><sat>28</sat></trkpt>
  <trkpt lat="45.79572759" lon="2.97339150"><ele>1222.803</ele><time>2026-09-21T12:38:03Z</time><speed>1.320</speed><sat>28</sat></trkpt>
  <trkpt lat="45.79574705" lon="2.97341714"><ele>1223.321</ele><time>2026-09-21T12:38:06Z</time><speed>1.070</speed><sat>28</sat></trkpt>
  <trkpt lat="45.79577121" lon="2.97344633"><ele>1224.313</ele><time>2026-09-21T12:38:09Z</time><speed>1.070</speed><sat>28</sat></trkpt>
  <trkpt lat="45.79579457" lon="2.97347938"><ele>1225.392</ele><time>2026-09-21T12:38:12Z</time><speed>1.160</speed><sat>28</sat></trkpt>
  <trkpt lat="45.79582699" lon="2.97350326"><ele>1225.067</ele><time>2026-09-21T12:38:15Z</time><speed>1.160</speed><sat>27</sat></trkpt>
  <trkpt lat="45.79585551" lon="2.97353285"><ele>1226.108</ele><time>2026-09-21T12:38:18Z</time><speed>1.390</speed><sat>27</sat></trkpt>
  <trkpt lat="45.79588040" lon="2.97356115"><ele>1226.904</ele><time>2026-09-21T12:38:21Z</time><speed>1.030</speed><sat>26</sat></trkpt>
  <trkpt lat="45.79591045" lon="2.97358126"><ele>1227.723</ele><time>2026-09-21T12:38:24Z</time><speed>0.900</speed><sat>26</sat></trkpt>
  <trkpt lat="45.79594302" lon="2.97358980"><ele>1227.702</ele><time>2026-09-21T12:38:27Z</time><speed>0.910</speed><sat>26</sat></trkpt>
  <trkpt lat="45.79597312" lon="2.97360387"><ele>1228.144</ele><time>2026-09-21T12:38:30Z</time><speed>0.940</speed><sat>27</sat></trkpt>
  <trkpt lat="45.79599981" lon="2.97362453"><ele>1228.702</ele><time>2026-09-21T12:38:33Z</time><speed>1.070</speed><sat>27</sat></trkpt>
  <trkpt lat="45.79602638" lon="2.97363641"><ele>1229.199</ele><time>2026-09-21T12:38:36Z</time><speed>1.430</speed><sat>27</sat></trkpt>
  <trkpt lat="45.79605530" lon="2.97364820"><ele>1229.931</ele><time>2026-09-21T12:38:39Z</time><speed>1.450</speed><sat>27</sat></trkpt>
  <trkpt lat="45.79607621" lon="2.97366401"><ele>1230.437</ele><time>2026-09-21T12:38:42Z</time><speed>0.620</speed><sat>27</sat></trkpt>
  <trkpt lat="45.79610751" lon="2.97367845"><ele>1231.189</ele><time>2026-09-21T12:38:45Z</time><speed>0.890</speed><sat>27</sat></trkpt>
  <trkpt lat="45.79613797" lon="2.97369682"><ele>1232.455</ele><time>2026-09-21T12:38:48Z</time><speed>1.430</speed><sat>27</sat></trkpt>
  <trkpt lat="45.79617136" lon="2.97369654"><ele>1232.233</ele><time>2026-09-21T12:38:51Z</time><speed>1.520</speed><sat>27</sat></trkpt>
  <trkpt lat="45.79619867" lon="2.97371947"><ele>1233.378</ele><time>2026-09-21T12:38:54Z</time><speed>0.630</speed><sat>27</sat></trkpt>
  <trkpt lat="45.79623138" lon="2.97372553"><ele>1233.788</ele><time>2026-09-21T12:38:57Z</time><speed>1.060</speed><sat>28</sat></trkpt>
  <trkpt lat="45.79625940" lon="2.97373757"><ele>1234.126</ele><time>2026-09-21T12:39:00Z</time><speed>1.210</speed><sat>28</sat></trkpt>
  <trkpt lat="45.79628430" lon="2.97375019"><ele>1234.501</ele><time>2026-09-21T12:39:03Z</time><speed>1.100</speed><sat>27</sat></trkpt>
  <trkpt lat="45.79630563" lon="2.97376586"><ele>1235.409</ele><time>2026-09-21T12:39:06Z</time><speed>1.160</speed><sat>27</sat></trkpt>
  <trkpt lat="45.79632934" lon="2.97378087"><ele>1236.428</ele><time>2026-09-21T12:39:09Z</time><speed>1.020</speed><sat>29</sat></trkpt>
  <trkpt lat="45.79635385" lon="2.97378636"><ele>1237.024</ele><time>2026-09-21T12:39:12Z</time><speed>0.780</speed><sat>31</sat></trkpt>
  <trkpt lat="45.79637964" lon="2.97379886"><ele>1237.846</ele><time>2026-09-21T12:39:15Z</time><speed>0.400</speed><sat>31</sat></trkpt>
  <trkpt lat="45.79640108" lon="2.97381072"><ele>1238.500</ele><time>2026-09-21T12:39:18Z</time><speed>0.750</speed><sat>30</sat></trkpt>
  <trkpt lat="45.79642597" lon="2.97382089"><ele>1238.426</ele><time>2026-09-21T12:39:21Z</time><speed>0.890</speed><sat>31</sat></trkpt>
  <trkpt lat="45.79644118" lon="2.97383002"><ele>1238.812</ele><time>2026-09-21T12:39:24Z</time><speed>0.770</speed><sat>31</sat></trkpt>
  <trkpt lat="45.79646125" lon="2.97382628"><ele>1239.690</ele><time>2026-09-21T12:39:27Z</time><speed>0.600</speed><sat>32</sat></trkpt>
  <trkpt lat="45.79648189" lon="2.97381133"><ele>1239.375</ele><time>2026-09-21T12:39:30Z</time><speed>0.580</speed><sat>31</sat></trkpt>
  <trkpt lat="45.79648704" lon="2.97380259"><ele>1239.785</ele><time>2026-09-21T12:39:33Z</time><speed>0.000</speed><sat>30</sat></trkpt>
  <trkpt lat="45.79649979" lon="2.97379915"><ele>1240.079</ele><time>2026-09-21T12:39:36Z</time><speed>0.570</speed><sat>32</sat></trkpt>
  <trkpt lat="45.79652039" lon="2.97379261"><ele>1238.980</ele><time>2026-09-21T12:39:39Z</time><speed>1.010</speed><sat>32</sat></trkpt>
  <trkpt lat="45.79653347" lon="2.97382290"><ele>1238.799</ele><time>2026-09-21T12:39:42Z</time><speed>0.000</speed><sat>32</sat></trkpt>
  <trkpt lat="45.79654376" lon="2.97382440"><ele>1238.787</ele><time>2026-09-21T12:39:45Z</time><speed>0.000</speed><sat>32</sat></trkpt>
  <trkpt lat="45.79654753" lon="2.97382364"><ele>1238.786</ele><time>2026-09-21T12:39:48Z</time><speed>0.000</speed><sat>30</sat></trkpt>
  <trkpt lat="45.79654940" lon="2.97382381"><ele>1238.757</ele><time>2026-09-21T12:39:51Z</time><speed>0.000</speed><sat>31</sat></trkpt>
  <trkpt lat="45.79655336" lon="2.97381747"><ele>1239.027</ele><time>2026-09-21T12:39:54Z</time><speed>0.840</speed><sat>31</sat></trkpt>
  <trkpt lat="45.79657238" lon="2.97380993"><ele>1239.673</ele><time>2026-09-21T12:39:57Z</time><speed>0.860</speed><sat>31</sat></trkpt>
  <trkpt lat="45.79658087" lon="2.97379078"><ele>1239.461</ele><time>2026-09-21T12:40:00Z</time><speed>0.630</speed><sat>31</sat></trkpt>
  <trkpt lat="45.79658597" lon="2.97375780"><ele>1239.477</ele><time>2026-09-21T12:40:03Z</time><speed>0.660</speed><sat>31</sat></trkpt>
  <trkpt lat="45.79658368" lon="2.97374580"><ele>1239.387</ele><time>2026-09-21T12:40:06Z</time><speed>0.000</speed><sat>31</sat></trkpt>
  <trkpt lat="45.79658044" lon="2.97374457"><ele>1239.423</ele><time>2026-09-21T12:40:09Z</time><speed>0.330</speed><sat>30</sat></trkpt>
  <trkpt lat="45.79657950" lon="2.97374345"><ele>1239.297</ele><time>2026-09-21T12:40:12Z</time><speed>0.000</speed><sat>30</sat></trkpt>
  <trkpt lat="45.79657947" lon="2.97374356"><ele>1239.311</ele><time>2026-09-21T12:40:15Z</time><speed>0.000</speed><sat>30</sat></trkpt>
  <trkpt lat="45.79657939" lon="2.97374360"><ele>1239.334</ele><time>2026-09-21T12:40:18Z</time><speed>0.000</speed><sat>31</sat></trkpt>
  <trkpt lat="45.79657928" lon="2.97374346"><ele>1239.334</ele><time>2026-09-21T12:40:21Z</time><speed>0.000</speed><sat>31</sat></trkpt>
  <trkpt lat="45.79657924" lon="2.97374335"><ele>1239.332</ele><time>2026-09-21T12:40:24Z</time><speed>0.000</speed><sat>31</sat></trkpt>
  <trkpt lat="45.79657924" lon="2.97374332"><ele>1239.343</ele><time>2026-09-21T12:40:27Z</time><speed>0.000</speed><sat>31</sat></trkpt>
  <trkpt lat="45.79657411" lon="2.97374446"><ele>1238.804</ele><time>2026-09-21T12:40:30Z</time><speed>0.000</speed><sat>31</sat></trkpt>
  <trkpt lat="45.79657313" lon="2.97374421"><ele>1238.759</ele><time>2026-09-21T12:40:33Z</time><speed>0.000</speed><sat>30</sat></trkpt>
  <trkpt lat="45.79657314" lon="2.97374414"><ele>1238.752</ele><time>2026-09-21T12:40:36Z</time><speed>0.000</speed><sat>31</sat></trkpt>
  <trkpt lat="45.79656860" lon="2.97374492"><ele>1238.640</ele><time>2026-09-21T12:40:39Z</time><speed>0.000</speed><sat>30</sat></trkpt>
  <trkpt lat="45.79656760" lon="2.97374493"><ele>1238.616</ele><time>2026-09-21T12:40:42Z</time><speed>0.000</speed><sat>30</sat></trkpt>
  <trkpt lat="45.79656270" lon="2.97374276"><ele>1238.619</ele><time>2026-09-21T12:40:45Z</time><speed>0.000</speed><sat>31</sat></trkpt>
  <trkpt lat="45.79656293" lon="2.97374268"><ele>1238.642</ele><time>2026-09-21T12:40:48Z</time><speed>0.000</speed><sat>30</sat></trkpt>
  <trkpt lat="45.79655932" lon="2.97374123"><ele>1238.566</ele><time>2026-09-21T12:40:51Z</time><speed>0.000</speed><sat>31</sat></trkpt>
  <trkpt lat="45.79655893" lon="2.97374161"><ele>1238.558</ele><time>2026-09-21T12:40:54Z</time><speed>0.000</speed><sat>31</sat></trkpt>
  <trkpt lat="45.79655865" lon="2.97374046"><ele>1238.717</ele><time>2026-09-21T12:40:57Z</time><speed>0.160</speed><sat>31</sat></trkpt>
  <trkpt lat="45.79655915" lon="2.97374085"><ele>1238.699</ele><time>2026-09-21T12:41:00Z</time><speed>0.000</speed><sat>30</sat></trkpt>
  <trkpt lat="45.79655898" lon="2.97374139"><ele>1238.704</ele><time>2026-09-21T12:41:03Z</time><speed>0.000</speed><sat>30</sat></trkpt>
  <trkpt lat="45.79655399" lon="2.97374062"><ele>1238.434</ele><time>2026-09-21T12:41:06Z</time><speed>0.000</speed><sat>28</sat></trkpt>
  <trkpt lat="45.79654852" lon="2.97374299"><ele>1238.273</ele><time>2026-09-21T12:41:09Z</time><speed>0.000</speed><sat>31</sat></trkpt>
  <trkpt lat="45.79654838" lon="2.97374325"><ele>1238.301</ele><time>2026-09-21T12:41:12Z</time><speed>0.000</speed><sat>31</sat></trkpt>
  <trkpt lat="45.79654828" lon="2.97374346"><ele>1238.304</ele><time>2026-09-21T12:41:15Z</time><speed>0.000</speed><sat>31</sat></trkpt>
  <trkpt lat="45.79655037" lon="2.97374261"><ele>1238.234</ele><time>2026-09-21T12:41:18Z</time><speed>0.000</speed><sat>32</sat></trkpt>
  <trkpt lat="45.79655078" lon="2.97374177"><ele>1238.222</ele><time>2026-09-21T12:41:21Z</time><speed>0.000</speed><sat>31</sat></trkpt>
  <trkpt lat="45.79655085" lon="2.97374175"><ele>1238.207</ele><time>2026-09-21T12:41:24Z</time><speed>0.000</speed><sat>32</sat></trkpt>
  <trkpt lat="45.79655089" lon="2.97374150"><ele>1238.201</ele><time>2026-09-21T12:41:27Z</time><speed>0.000</speed><sat>32</sat></trkpt>
  <trkpt lat="45.79654759" lon="2.97374896"><ele>1238.205</ele><time>2026-09-21T12:41:30Z</time><speed>0.180</speed><sat>32</sat></trkpt>
  <trkpt lat="45.79654612" lon="2.97374862"><ele>1238.185</ele><time>2026-09-21T12:41:33Z</time><speed>0.000</speed><sat>32</sat></trkpt>
  <trkpt lat="45.79654586" lon="2.97374916"><ele>1238.158</ele><time>2026-09-21T12:41:36Z</time><speed>0.000</speed><sat>31</sat></trkpt>
  <trkpt lat="45.79653993" lon="2.97375052"><ele>1238.467</ele><time>2026-09-21T12:41:39Z</time><speed>0.000</speed><sat>32</sat></trkpt>
  <trkpt lat="45.79653794" lon="2.97375080"><ele>1238.465</ele><time>2026-09-21T12:41:42Z</time><speed>0.000</speed><sat>32</sat></trkpt>
  <trkpt lat="45.79653765" lon="2.97375098"><ele>1238.450</ele><time>2026-09-21T12:41:45Z</time><speed>0.000</speed><sat>32</sat></trkpt>
  <trkpt lat="45.79653761" lon="2.97375157"><ele>1238.479</ele><time>2026-09-21T12:41:48Z</time><speed>0.000</speed><sat>32</sat></trkpt>
  <trkpt lat="45.79653757" lon="2.97375173"><ele>1238.490</ele><time>2026-09-21T12:41:51Z</time><speed>0.000</speed><sat>32</sat></trkpt>
  <trkpt lat="45.79653765" lon="2.97375175"><ele>1238.469</ele><time>2026-09-21T12:41:54Z</time><speed>0.000</speed><sat>32</sat></trkpt>
  <trkpt lat="45.79653785" lon="2.97375160"><ele>1238.444</ele><time>2026-09-21T12:41:57Z</time><speed>0.000</speed><sat>32</sat></trkpt>
  <trkpt lat="45.79653783" lon="2.97375183"><ele>1238.428</ele><time>2026-09-21T12:42:00Z</time><speed>0.000</speed><sat>32</sat></trkpt>
  <trkpt lat="45.79653774" lon="2.97375179"><ele>1238.439</ele><time>2026-09-21T12:42:03Z</time><speed>0.000</speed><sat>32</sat></trkpt>
  <trkpt lat="45.79653770" lon="2.97375186"><ele>1238.448</ele><time>2026-09-21T12:42:06Z</time><speed>0.000</speed><sat>32</sat></trkpt>
  <trkpt lat="45.79653760" lon="2.97375178"><ele>1238.445</ele><time>2026-09-21T12:42:09Z</time><speed>0.000</speed><sat>32</sat></trkpt>
  <trkpt lat="45.79653743" lon="2.97375158"><ele>1238.464</ele><time>2026-09-21T12:42:12Z</time><speed>0.000</speed><sat>32</sat></trkpt>
  <trkpt lat="45.79653724" lon="2.97375128"><ele>1238.477</ele><time>2026-09-21T12:42:15Z</time><speed>0.000</speed><sat>31</sat></trkpt>
  <trkpt lat="45.79653710" lon="2.97375124"><ele>1238.484</ele><time>2026-09-21T12:42:18Z</time><speed>0.000</speed><sat>32</sat></trkpt>
  <trkpt lat="45.79653715" lon="2.97375103"><ele>1238.481</ele><time>2026-09-21T12:42:21Z</time><speed>0.000</speed><sat>32</sat></trkpt>
  <trkpt lat="45.79653300" lon="2.97376035"><ele>1238.407</ele><time>2026-09-21T12:42:24Z</time><speed>0.000</speed><sat>32</sat></trkpt>
  <trkpt lat="45.79653254" lon="2.97376121"><ele>1238.396</ele><time>2026-09-21T12:42:27Z</time><speed>0.000</speed><sat>32</sat></trkpt>
  <trkpt lat="45.79653230" lon="2.97376157"><ele>1238.388</ele><time>2026-09-21T12:42:30Z</time><speed>0.000</speed><sat>32</sat></trkpt>
  <trkpt lat="45.79653160" lon="2.97376168"><ele>1238.381</ele><time>2026-09-21T12:42:33Z</time><speed>0.000</speed><sat>32</sat></trkpt>
  <trkpt lat="45.79652962" lon="2.97376673"><ele>1238.538</ele><time>2026-09-21T12:42:36Z</time><speed>0.000</speed><sat>31</sat></trkpt>
  <trkpt lat="45.79650044" lon="2.97374797"><ele>1237.901</ele><time>2026-09-21T12:42:39Z</time><speed>0.000</speed><sat>32</sat></trkpt>
  <trkpt lat="45.79649722" lon="2.97373913"><ele>1237.926</ele><time>2026-09-21T12:42:42Z</time><speed>0.000</speed><sat>32</sat></trkpt>
  <trkpt lat="45.79649567" lon="2.97373519"><ele>1237.932</ele><time>2026-09-21T12:42:45Z</time><speed>0.000</speed><sat>31</sat></trkpt>
  <trkpt lat="45.79649473" lon="2.97373304"><ele>1237.935</ele><time>2026-09-21T12:42:48Z</time><speed>0.000</speed><sat>32</sat></trkpt>
  <trkpt lat="45.79649380" lon="2.97373144"><ele>1237.931</ele><time>2026-09-21T12:42:51Z</time><speed>0.000</speed><sat>32</sat></trkpt>
  <trkpt lat="45.79649308" lon="2.97373029"><ele>1237.928</ele><time>2026-09-21T12:42:54Z</time><speed>0.000</speed><sat>32</sat></trkpt>
  <trkpt lat="45.79649260" lon="2.97372892"><ele>1237.916</ele><time>2026-09-21T12:42:57Z</time><speed>0.000</speed><sat>32</sat></trkpt>
  <trkpt lat="45.79649221" lon="2.97372803"><ele>1237.912</ele><time>2026-09-21T12:43:00Z</time><speed>0.000</speed><sat>32</sat></trkpt>
  <trkpt lat="45.79649200" lon="2.97372779"><ele>1238.111</ele><time>2026-09-21T12:43:03Z</time><speed>0.000</speed><sat>32</sat></trkpt>
  <trkpt lat="45.79649227" lon="2.97372825"><ele>1238.141</ele><time>2026-09-21T12:43:06Z</time><speed>0.000</speed><sat>31</sat></trkpt>
  <trkpt lat="45.79649209" lon="2.97372846"><ele>1238.153</ele><time>2026-09-21T12:43:09Z</time><speed>0.000</speed><sat>31</sat></trkpt>
  <trkpt lat="45.79649196" lon="2.97372874"><ele>1238.182</ele><time>2026-09-21T12:43:12Z</time><speed>0.000</speed><sat>32</sat></trkpt>
  <trkpt lat="45.79649193" lon="2.97372866"><ele>1238.162</ele><time>2026-09-21T12:43:15Z</time><speed>0.000</speed><sat>32</sat></trkpt>
  <trkpt lat="45.79649196" lon="2.97372889"><ele>1238.172</ele><time>2026-09-21T12:43:18Z</time><speed>0.000</speed><sat>31</sat></trkpt>
  <trkpt lat="45.79649201" lon="2.97372943"><ele>1238.164</ele><time>2026-09-21T12:43:21Z</time><speed>0.000</speed><sat>31</sat></trkpt>
  <trkpt lat="45.79649374" lon="2.97374048"><ele>1238.093</ele><time>2026-09-21T12:43:24Z</time><speed>0.510</speed><sat>32</sat></trkpt>
  <trkpt lat="45.79649861" lon="2.97375919"><ele>1238.390</ele><time>2026-09-21T12:43:27Z</time><speed>0.200</speed><sat>32</sat></trkpt>
  <trkpt lat="45.79650134" lon="2.97377182"><ele>1238.451</ele><time>2026-09-21T12:43:30Z</time><speed>0.000</speed><sat>32</sat></trkpt>
  <trkpt lat="45.79650145" lon="2.97377299"><ele>1238.457</ele><time>2026-09-21T12:43:33Z</time><speed>0.000</speed><sat>32</sat></trkpt>
  <trkpt lat="45.79650152" lon="2.97377359"><ele>1238.483</ele><time>2026-09-21T12:43:36Z</time><speed>0.000</speed><sat>32</sat></trkpt>
  <trkpt lat="45.79650142" lon="2.97377389"><ele>1238.502</ele><time>2026-09-21T12:43:39Z</time><speed>0.000</speed><sat>32</sat></trkpt>
  <trkpt lat="45.79650132" lon="2.97377414"><ele>1238.521</ele><time>2026-09-21T12:43:42Z</time><speed>0.000</speed><sat>32</sat></trkpt>
  <trkpt lat="45.79650144" lon="2.97377403"><ele>1238.509</ele><time>2026-09-21T12:43:45Z</time><speed>0.000</speed><sat>32</sat></trkpt>
  <trkpt lat="45.79650149" lon="2.97377391"><ele>1238.535</ele><time>2026-09-21T12:43:48Z</time><speed>0.000</speed><sat>32</sat></trkpt>
  <trkpt lat="45.79650215" lon="2.97377537"><ele>1238.586</ele><time>2026-09-21T12:43:51Z</time><speed>0.000</speed><sat>32</sat></trkpt>
  <trkpt lat="45.79650183" lon="2.97377529"><ele>1238.576</ele><time>2026-09-21T12:43:54Z</time><speed>0.000</speed><sat>32</sat></trkpt>
  <trkpt lat="45.79650144" lon="2.97377613"><ele>1238.523</ele><time>2026-09-21T12:43:57Z</time><speed>0.160</speed><sat>32</sat></trkpt>
  <trkpt lat="45.79650133" lon="2.97377591"><ele>1238.478</ele><time>2026-09-21T12:44:00Z</time><speed>0.000</speed><sat>32</sat></trkpt>
  <trkpt lat="45.79650102" lon="2.97377488"><ele>1238.431</ele><time>2026-09-21T12:44:03Z</time><speed>0.190</speed><sat>31</sat></trkpt>
  <trkpt lat="45.79650318" lon="2.97377549"><ele>1238.248</ele><time>2026-09-21T12:44:06Z</time><speed>0.000</speed><sat>32</sat></trkpt>
  <trkpt lat="45.79650407" lon="2.97377546"><ele>1238.311</ele><time>2026-09-21T12:44:09Z</time><speed>0.000</speed><sat>32</sat></trkpt>
  <trkpt lat="45.79650529" lon="2.97377431"><ele>1238.311</ele><time>2026-09-21T12:44:12Z</time><speed>0.000</speed><sat>32</sat></trkpt>
  <trkpt lat="45.79650473" lon="2.97377359"><ele>1238.155</ele><time>2026-09-21T12:44:15Z</time><speed>0.000</speed><sat>31</sat></trkpt>
  <trkpt lat="45.79650458" lon="2.97377340"><ele>1238.152</ele><time>2026-09-21T12:44:18Z</time><speed>0.000</speed><sat>32</sat></trkpt>
  <trkpt lat="45.79650436" lon="2.97377331"><ele>1238.151</ele><time>2026-09-21T12:44:21Z</time><speed>0.000</speed><sat>32</sat></trkpt>
  <trkpt lat="45.79650440" lon="2.97377348"><ele>1238.152</ele><time>2026-09-21T12:44:24Z</time><speed>0.000</speed><sat>32</sat></trkpt>
  <trkpt lat="45.79650438" lon="2.97377384"><ele>1238.127</ele><time>2026-09-21T12:44:27Z</time><speed>0.000</speed><sat>33</sat></trkpt>
  <trkpt lat="45.79650370" lon="2.97378597"><ele>1238.725</ele><time>2026-09-21T12:44:30Z</time><speed>0.510</speed><sat>33</sat></trkpt>
  <trkpt lat="45.79650919" lon="2.97379742"><ele>1238.982</ele><time>2026-09-21T12:44:33Z</time><speed>0.160</speed><sat>33</sat></trkpt>
  <trkpt lat="45.79651107" lon="2.97379718"><ele>1238.958</ele><time>2026-09-21T12:44:36Z</time><speed>0.000</speed><sat>33</sat></trkpt>
  <trkpt lat="45.79651081" lon="2.97379646"><ele>1238.955</ele><time>2026-09-21T12:44:39Z</time><speed>0.000</speed><sat>33</sat></trkpt>
  <trkpt lat="45.79651073" lon="2.97379628"><ele>1238.962</ele><time>2026-09-21T12:44:42Z</time><speed>0.000</speed><sat>33</sat></trkpt>
  <trkpt lat="45.79651080" lon="2.97379610"><ele>1238.965</ele><time>2026-09-21T12:44:45Z</time><speed>0.000</speed><sat>33</sat></trkpt>
  <trkpt lat="45.79650714" lon="2.97380122"><ele>1239.075</ele><time>2026-09-21T12:44:48Z</time><speed>0.230</speed><sat>32</sat></trkpt>
  <trkpt lat="45.79650826" lon="2.97380461"><ele>1238.997</ele><time>2026-09-21T12:44:51Z</time><speed>0.000</speed><sat>33</sat></trkpt>
  <trkpt lat="45.79650832" lon="2.97380452"><ele>1238.972</ele><time>2026-09-21T12:44:54Z</time><speed>0.000</speed><sat>33</sat></trkpt>
  <trkpt lat="45.79651074" lon="2.97380331"><ele>1239.120</ele><time>2026-09-21T12:44:57Z</time><speed>0.000</speed><sat>33</sat></trkpt>
  <trkpt lat="45.79651146" lon="2.97380154"><ele>1239.153</ele><time>2026-09-21T12:45:00Z</time><speed>0.000</speed><sat>33</sat></trkpt>
  <trkpt lat="45.79651177" lon="2.97380056"><ele>1239.143</ele><time>2026-09-21T12:45:03Z</time><speed>0.000</speed><sat>33</sat></trkpt>
  <trkpt lat="45.79651174" lon="2.97379958"><ele>1239.172</ele><time>2026-09-21T12:45:06Z</time><speed>0.000</speed><sat>32</sat></trkpt>
  <trkpt lat="45.79651181" lon="2.97379960"><ele>1239.161</ele><time>2026-09-21T12:45:09Z</time><speed>0.000</speed><sat>32</sat></trkpt>
  <trkpt lat="45.79651181" lon="2.97379873"><ele>1239.170</ele><time>2026-09-21T12:45:12Z</time><speed>0.000</speed><sat>31</sat></trkpt>
  <trkpt lat="45.79651182" lon="2.97379817"><ele>1239.175</ele><time>2026-09-21T12:45:15Z</time><speed>0.000</speed><sat>33</sat></trkpt>
  <trkpt lat="45.79651182" lon="2.97379788"><ele>1239.161</ele><time>2026-09-21T12:45:18Z</time><speed>0.000</speed><sat>33</sat></trkpt>
  <trkpt lat="45.79651176" lon="2.97379731"><ele>1239.159</ele><time>2026-09-21T12:45:21Z</time><speed>0.000</speed><sat>33</sat></trkpt>
  <trkpt lat="45.79651177" lon="2.97379712"><ele>1239.162</ele><time>2026-09-21T12:45:24Z</time><speed>0.000</speed><sat>32</sat></trkpt>
  <trkpt lat="45.79651177" lon="2.97379712"><ele>1239.154</ele><time>2026-09-21T12:45:27Z</time><speed>0.000</speed><sat>33</sat></trkpt>
  <trkpt lat="45.79651176" lon="2.97379692"><ele>1239.163</ele><time>2026-09-21T12:45:30Z</time><speed>0.000</speed><sat>32</sat></trkpt>
  <trkpt lat="45.79651096" lon="2.97379252"><ele>1239.153</ele><time>2026-09-21T12:45:33Z</time><speed>0.420</speed><sat>33</sat></trkpt>
  <trkpt lat="45.79650895" lon="2.97378474"><ele>1239.319</ele><time>2026-09-21T12:45:36Z</time><speed>0.000</speed><sat>32</sat></trkpt>
  <trkpt lat="45.79650872" lon="2.97378423"><ele>1239.338</ele><time>2026-09-21T12:45:39Z</time><speed>0.000</speed><sat>33</sat></trkpt>
  <trkpt lat="45.79650819" lon="2.97378352"><ele>1239.348</ele><time>2026-09-21T12:45:42Z</time><speed>0.000</speed><sat>33</sat></trkpt>
  <trkpt lat="45.79650813" lon="2.97378310"><ele>1239.355</ele><time>2026-09-21T12:45:45Z</time><speed>0.000</speed><sat>33</sat></trkpt>
  <trkpt lat="45.79650807" lon="2.97378274"><ele>1239.356</ele><time>2026-09-21T12:45:48Z</time><speed>0.000</speed><sat>33</sat></trkpt>
  <trkpt lat="45.79650802" lon="2.97378263"><ele>1239.346</ele><time>2026-09-21T12:45:51Z</time><speed>0.000</speed><sat>33</sat></trkpt>
  <trkpt lat="45.79650789" lon="2.97378240"><ele>1239.352</ele><time>2026-09-21T12:45:54Z</time><speed>0.000</speed><sat>33</sat></trkpt>
  <trkpt lat="45.79650776" lon="2.97378255"><ele>1239.344</ele><time>2026-09-21T12:45:57Z</time><speed>0.000</speed><sat>33</sat></trkpt>
  <trkpt lat="45.79650778" lon="2.97378254"><ele>1239.346</ele><time>2026-09-21T12:46:00Z</time><speed>0.000</speed><sat>33</sat></trkpt>
  <trkpt lat="45.79650769" lon="2.97378233"><ele>1239.336</ele><time>2026-09-21T12:46:03Z</time><speed>0.000</speed><sat>33</sat></trkpt>
  <trkpt lat="45.79650757" lon="2.97378166"><ele>1239.327</ele><time>2026-09-21T12:46:06Z</time><speed>0.000</speed><sat>33</sat></trkpt>
  <trkpt lat="45.79650716" lon="2.97378130"><ele>1239.493</ele><time>2026-09-21T12:46:09Z</time><speed>0.000</speed><sat>33</sat></trkpt>
  <trkpt lat="45.79650365" lon="2.97379926"><ele>1239.466</ele><time>2026-09-21T12:46:12Z</time><speed>0.400</speed><sat>32</sat></trkpt>
  <trkpt lat="45.79650469" lon="2.97380524"><ele>1239.495</ele><time>2026-09-21T12:46:15Z</time><speed>0.000</speed><sat>33</sat></trkpt>
  <trkpt lat="45.79650480" lon="2.97380599"><ele>1239.473</ele><time>2026-09-21T12:46:18Z</time><speed>0.000</speed><sat>33</sat></trkpt>
  <trkpt lat="45.79650473" lon="2.97380630"><ele>1239.474</ele><time>2026-09-21T12:46:21Z</time><speed>0.000</speed><sat>32</sat></trkpt>
  <trkpt lat="45.79650480" lon="2.97380643"><ele>1239.471</ele><time>2026-09-21T12:46:24Z</time><speed>0.000</speed><sat>30</sat></trkpt>
  <trkpt lat="45.79650775" lon="2.97380422"><ele>1239.469</ele><time>2026-09-21T12:46:27Z</time><speed>0.230</speed><sat>33</sat></trkpt>
  <trkpt lat="45.79651159" lon="2.97380206"><ele>1239.492</ele><time>2026-09-21T12:46:30Z</time><speed>0.000</speed><sat>33</sat></trkpt>
  <trkpt lat="45.79651222" lon="2.97380126"><ele>1239.473</ele><time>2026-09-21T12:46:33Z</time><speed>0.000</speed><sat>33</sat></trkpt>
  <trkpt lat="45.79651238" lon="2.97380069"><ele>1239.509</ele><time>2026-09-21T12:46:36Z</time><speed>0.000</speed><sat>33</sat></trkpt>
  <trkpt lat="45.79651226" lon="2.97380055"><ele>1239.533</ele><time>2026-09-21T12:46:39Z</time><speed>0.000</speed><sat>33</sat></trkpt>
  <trkpt lat="45.79651223" lon="2.97379995"><ele>1239.553</ele><time>2026-09-21T12:46:42Z</time><speed>0.000</speed><sat>33</sat></trkpt>
  <trkpt lat="45.79651233" lon="2.97379996"><ele>1239.579</ele><time>2026-09-21T12:46:45Z</time><speed>0.000</speed><sat>33</sat></trkpt>
  <trkpt lat="45.79651139" lon="2.97380103"><ele>1239.625</ele><time>2026-09-21T12:46:48Z</time><speed>0.000</speed><sat>33</sat></trkpt>
  <trkpt lat="45.79651025" lon="2.97380175"><ele>1239.664</ele><time>2026-09-21T12:46:51Z</time><speed>0.000</speed><sat>33</sat></trkpt>
  <trkpt lat="45.79651134" lon="2.97380115"><ele>1239.746</ele><time>2026-09-21T12:46:54Z</time><speed>0.000</speed><sat>33</sat></trkpt>
  <trkpt lat="45.79651193" lon="2.97380066"><ele>1239.757</ele><time>2026-09-21T12:46:57Z</time><speed>0.000</speed><sat>33</sat></trkpt>
  <trkpt lat="45.79651199" lon="2.97380002"><ele>1239.770</ele><time>2026-09-21T12:47:00Z</time><speed>0.000</speed><sat>33</sat></trkpt>
  <trkpt lat="45.79651188" lon="2.97379895"><ele>1239.781</ele><time>2026-09-21T12:47:03Z</time><speed>0.000</speed><sat>33</sat></trkpt>
  <trkpt lat="45.79651192" lon="2.97379868"><ele>1239.777</ele><time>2026-09-21T12:47:06Z</time><speed>0.000</speed><sat>32</sat></trkpt>
  <trkpt lat="45.79651182" lon="2.97379859"><ele>1239.766</ele><time>2026-09-21T12:47:09Z</time><speed>0.000</speed><sat>32</sat></trkpt>
  <trkpt lat="45.79651181" lon="2.97379866"><ele>1239.753</ele><time>2026-09-21T12:47:12Z</time><speed>0.000</speed><sat>32</sat></trkpt>
  <trkpt lat="45.79651197" lon="2.97379879"><ele>1239.777</ele><time>2026-09-21T12:47:15Z</time><speed>0.000</speed><sat>31</sat></trkpt>
  <trkpt lat="45.79651234" lon="2.97379871"><ele>1239.749</ele><time>2026-09-21T12:47:18Z</time><speed>0.000</speed><sat>33</sat></trkpt>
  <trkpt lat="45.79651251" lon="2.97379813"><ele>1239.750</ele><time>2026-09-21T12:47:21Z</time><speed>0.000</speed><sat>33</sat></trkpt>
  <trkpt lat="45.79651285" lon="2.97379761"><ele>1239.725</ele><time>2026-09-21T12:47:24Z</time><speed>0.000</speed><sat>32</sat></trkpt>
  <trkpt lat="45.79651294" lon="2.97379742"><ele>1239.730</ele><time>2026-09-21T12:47:27Z</time><speed>0.000</speed><sat>33</sat></trkpt>
  <trkpt lat="45.79651301" lon="2.97379781"><ele>1239.723</ele><time>2026-09-21T12:47:30Z</time><speed>0.000</speed><sat>33</sat></trkpt>
  <trkpt lat="45.79651308" lon="2.97379823"><ele>1239.697</ele><time>2026-09-21T12:47:33Z</time><speed>0.000</speed><sat>32</sat></trkpt>
  <trkpt lat="45.79651460" lon="2.97379899"><ele>1239.719</ele><time>2026-09-21T12:47:36Z</time><speed>0.280</speed><sat>33</sat></trkpt>
  <trkpt lat="45.79651438" lon="2.97380040"><ele>1239.692</ele><time>2026-09-21T12:47:39Z</time><speed>0.000</speed><sat>32</sat></trkpt>
  <trkpt lat="45.79651443" lon="2.97380110"><ele>1239.682</ele><time>2026-09-21T12:47:42Z</time><speed>0.000</speed><sat>33</sat></trkpt>
  <trkpt lat="45.79651468" lon="2.97380154"><ele>1239.665</ele><time>2026-09-21T12:47:45Z</time><speed>0.000</speed><sat>33</sat></trkpt>
  <trkpt lat="45.79651228" lon="2.97380379"><ele>1239.104</ele><time>2026-09-21T12:47:48Z</time><speed>0.150</speed><sat>32</sat></trkpt>
  <trkpt lat="45.79651270" lon="2.97380594"><ele>1239.107</ele><time>2026-09-21T12:47:51Z</time><speed>0.000</speed><sat>33</sat></trkpt>
  <trkpt lat="45.79651244" lon="2.97380600"><ele>1239.104</ele><time>2026-09-21T12:47:54Z</time><speed>0.000</speed><sat>33</sat></trkpt>
  <trkpt lat="45.79651243" lon="2.97380567"><ele>1239.109</ele><time>2026-09-21T12:47:57Z</time><speed>0.000</speed><sat>32</sat></trkpt>
  <trkpt lat="45.79651245" lon="2.97380540"><ele>1239.092</ele><time>2026-09-21T12:48:00Z</time><speed>0.000</speed><sat>32</sat></trkpt>
  <trkpt lat="45.79651237" lon="2.97380519"><ele>1239.072</ele><time>2026-09-21T12:48:03Z</time><speed>0.000</speed><sat>33</sat></trkpt>
  <trkpt lat="45.79651232" lon="2.97380480"><ele>1239.050</ele><time>2026-09-21T12:48:06Z</time><speed>0.000</speed><sat>32</sat></trkpt>
  <trkpt lat="45.79651214" lon="2.97380475"><ele>1239.067</ele><time>2026-09-21T12:48:09Z</time><speed>0.000</speed><sat>32</sat></trkpt>
  <trkpt lat="45.79651216" lon="2.97380482"><ele>1239.081</ele><time>2026-09-21T12:48:12Z</time><speed>0.000</speed><sat>33</sat></trkpt>
  <trkpt lat="45.79651215" lon="2.97380481"><ele>1239.084</ele><time>2026-09-21T12:48:15Z</time><speed>0.000</speed><sat>33</sat></trkpt>
  <trkpt lat="45.79651236" lon="2.97380483"><ele>1239.103</ele><time>2026-09-21T12:48:18Z</time><speed>0.000</speed><sat>33</sat></trkpt>
  <trkpt lat="45.79651235" lon="2.97380473"><ele>1239.092</ele><time>2026-09-21T12:48:21Z</time><speed>0.000</speed><sat>31</sat></trkpt>
  <trkpt lat="45.79651249" lon="2.97380472"><ele>1239.108</ele><time>2026-09-21T12:48:24Z</time><speed>0.000</speed><sat>32</sat></trkpt>
  <trkpt lat="45.79651243" lon="2.97380487"><ele>1239.101</ele><time>2026-09-21T12:48:27Z</time><speed>0.000</speed><sat>33</sat></trkpt>
  <trkpt lat="45.79651255" lon="2.97380492"><ele>1239.110</ele><time>2026-09-21T12:48:30Z</time><speed>0.000</speed><sat>33</sat></trkpt>
  <trkpt lat="45.79651256" lon="2.97380488"><ele>1239.102</ele><time>2026-09-21T12:48:33Z</time><speed>0.000</speed><sat>32</sat></trkpt>
  <trkpt lat="45.79651249" lon="2.97380486"><ele>1239.099</ele><time>2026-09-21T12:48:36Z</time><speed>0.000</speed><sat>32</sat></trkpt>
  <trkpt lat="45.79651396" lon="2.97380224"><ele>1239.211</ele><time>2026-09-21T12:48:39Z</time><speed>0.000</speed><sat>32</sat></trkpt>
  <trkpt lat="45.79651413" lon="2.97380185"><ele>1239.208</ele><time>2026-09-21T12:48:42Z</time><speed>0.000</speed><sat>32</sat></trkpt>
  <trkpt lat="45.79651465" lon="2.97379784"><ele>1238.992</ele><time>2026-09-21T12:48:45Z</time><speed>0.310</speed><sat>32</sat></trkpt>
  <trkpt lat="45.79652531" lon="2.97378326"><ele>1238.910</ele><time>2026-09-21T12:48:48Z</time><speed>0.530</speed><sat>32</sat></trkpt>
  <trkpt lat="45.79653243" lon="2.97376949"><ele>1238.867</ele><time>2026-09-21T12:48:51Z</time><speed>0.490</speed><sat>32</sat></trkpt>
  <trkpt lat="45.79653479" lon="2.97376824"><ele>1239.008</ele><time>2026-09-21T12:48:54Z</time><speed>0.000</speed><sat>32</sat></trkpt>
  <trkpt lat="45.79653514" lon="2.97376807"><ele>1239.012</ele><time>2026-09-21T12:48:57Z</time><speed>0.000</speed><sat>32</sat></trkpt>
  <trkpt lat="45.79653537" lon="2.97376820"><ele>1239.005</ele><time>2026-09-21T12:49:00Z</time><speed>0.000</speed><sat>32</sat></trkpt>
  <trkpt lat="45.79653554" lon="2.97376846"><ele>1238.996</ele><time>2026-09-21T12:49:03Z</time><speed>0.000</speed><sat>32</sat></trkpt>
  <trkpt lat="45.79653626" lon="2.97376793"><ele>1238.849</ele><time>2026-09-21T12:49:06Z</time><speed>0.000</speed><sat>32</sat></trkpt>
  <trkpt lat="45.79654074" lon="2.97377094"><ele>1238.906</ele><time>2026-09-21T12:49:09Z</time><speed>0.000</speed><sat>31</sat></trkpt>
  <trkpt lat="45.79654078" lon="2.97377161"><ele>1238.899</ele><time>2026-09-21T12:49:12Z</time><speed>0.000</speed><sat>31</sat></trkpt>
  <trkpt lat="45.79654109" lon="2.97377200"><ele>1238.886</ele><time>2026-09-21T12:49:15Z</time><speed>0.000</speed><sat>31</sat></trkpt>
  <trkpt lat="45.79654147" lon="2.97377224"><ele>1238.867</ele><time>2026-09-21T12:49:18Z</time><speed>0.000</speed><sat>30</sat></trkpt>
  <trkpt lat="45.79654153" lon="2.97377238"><ele>1238.851</ele><time>2026-09-21T12:49:21Z</time><speed>0.000</speed><sat>30</sat></trkpt>
  <trkpt lat="45.79654214" lon="2.97377275"><ele>1238.840</ele><time>2026-09-21T12:49:24Z</time><speed>0.000</speed><sat>30</sat></trkpt>
  <trkpt lat="45.79654238" lon="2.97377289"><ele>1238.834</ele><time>2026-09-21T12:49:27Z</time><speed>0.000</speed><sat>30</sat></trkpt>
  <trkpt lat="45.79654212" lon="2.97377294"><ele>1238.832</ele><time>2026-09-21T12:49:30Z</time><speed>0.000</speed><sat>31</sat></trkpt>
  <trkpt lat="45.79654214" lon="2.97377306"><ele>1238.817</ele><time>2026-09-21T12:49:33Z</time><speed>0.000</speed><sat>31</sat></trkpt>
  <trkpt lat="45.79654206" lon="2.97377319"><ele>1238.797</ele><time>2026-09-21T12:49:36Z</time><speed>0.000</speed><sat>31</sat></trkpt>
  <trkpt lat="45.79654183" lon="2.97377318"><ele>1238.802</ele><time>2026-09-21T12:49:39Z</time><speed>0.000</speed><sat>30</sat></trkpt>
  <trkpt lat="45.79654167" lon="2.97377330"><ele>1238.779</ele><time>2026-09-21T12:49:42Z</time><speed>0.000</speed><sat>30</sat></trkpt>
  <trkpt lat="45.79654167" lon="2.97377319"><ele>1238.777</ele><time>2026-09-21T12:49:45Z</time><speed>0.000</speed><sat>30</sat></trkpt>
  <trkpt lat="45.79654153" lon="2.97377308"><ele>1238.776</ele><time>2026-09-21T12:49:48Z</time><speed>0.000</speed><sat>30</sat></trkpt>
  <trkpt lat="45.79654178" lon="2.97377323"><ele>1238.759</ele><time>2026-09-21T12:49:51Z</time><speed>0.000</speed><sat>30</sat></trkpt>
  <trkpt lat="45.79654194" lon="2.97377340"><ele>1238.735</ele><time>2026-09-21T12:49:54Z</time><speed>0.000</speed><sat>30</sat></trkpt>
  <trkpt lat="45.79654182" lon="2.97377338"><ele>1238.728</ele><time>2026-09-21T12:49:57Z</time><speed>0.000</speed><sat>30</sat></trkpt>
  <trkpt lat="45.79654171" lon="2.97377590"><ele>1238.834</ele><time>2026-09-21T12:50:00Z</time><speed>0.000</speed><sat>28</sat></trkpt>
  <trkpt lat="45.79654470" lon="2.97378660"><ele>1238.651</ele><time>2026-09-21T12:50:03Z</time><speed>0.780</speed><sat>28</sat></trkpt>
  <trkpt lat="45.79657054" lon="2.97377552"><ele>1238.932</ele><time>2026-09-21T12:50:06Z</time><speed>0.510</speed><sat>30</sat></trkpt>
  <trkpt lat="45.79657680" lon="2.97376524"><ele>1238.909</ele><time>2026-09-21T12:50:09Z</time><speed>0.000</speed><sat>30</sat></trkpt>
  <trkpt lat="45.79657666" lon="2.97376445"><ele>1238.857</ele><time>2026-09-21T12:50:12Z</time><speed>0.000</speed><sat>30</sat></trkpt>
  <trkpt lat="45.79657395" lon="2.97376251"><ele>1239.022</ele><time>2026-09-21T12:50:15Z</time><speed>0.000</speed><sat>27</sat></trkpt>
  <trkpt lat="45.79657354" lon="2.97376213"><ele>1239.057</ele><time>2026-09-21T12:50:18Z</time><speed>0.000</speed><sat>29</sat></trkpt>
  <trkpt lat="45.79657344" lon="2.97376105"><ele>1239.056</ele><time>2026-09-21T12:50:21Z</time><speed>0.000</speed><sat>29</sat></trkpt>
  <trkpt lat="45.79657328" lon="2.97376098"><ele>1238.990</ele><time>2026-09-21T12:50:24Z</time><speed>0.000</speed><sat>30</sat></trkpt>
  <trkpt lat="45.79657304" lon="2.97376093"><ele>1238.974</ele><time>2026-09-21T12:50:27Z</time><speed>0.000</speed><sat>29</sat></trkpt>
  <trkpt lat="45.79657286" lon="2.97376115"><ele>1238.913</ele><time>2026-09-21T12:50:30Z</time><speed>0.000</speed><sat>30</sat></trkpt>
  <trkpt lat="45.79657252" lon="2.97376136"><ele>1238.846</ele><time>2026-09-21T12:50:33Z</time><speed>0.000</speed><sat>30</sat></trkpt>
  <trkpt lat="45.79657255" lon="2.97376098"><ele>1238.803</ele><time>2026-09-21T12:50:36Z</time><speed>0.000</speed><sat>29</sat></trkpt>
  <trkpt lat="45.79657253" lon="2.97376095"><ele>1238.786</ele><time>2026-09-21T12:50:39Z</time><speed>0.000</speed><sat>28</sat></trkpt>
  <trkpt lat="45.79657250" lon="2.97376082"><ele>1238.762</ele><time>2026-09-21T12:50:42Z</time><speed>0.000</speed><sat>29</sat></trkpt>
  <trkpt lat="45.79657248" lon="2.97376067"><ele>1238.737</ele><time>2026-09-21T12:50:45Z</time><speed>0.000</speed><sat>30</sat></trkpt>
  <trkpt lat="45.79657243" lon="2.97376059"><ele>1238.753</ele><time>2026-09-21T12:50:48Z</time><speed>0.000</speed><sat>30</sat></trkpt>
  <trkpt lat="45.79657230" lon="2.97376062"><ele>1238.778</ele><time>2026-09-21T12:50:51Z</time><speed>0.000</speed><sat>29</sat></trkpt>
  <trkpt lat="45.79657201" lon="2.97376112"><ele>1238.814</ele><time>2026-09-21T12:50:54Z</time><speed>0.000</speed><sat>30</sat></trkpt>
  <trkpt lat="45.79657197" lon="2.97376134"><ele>1238.849</ele><time>2026-09-21T12:50:57Z</time><speed>0.000</speed><sat>30</sat></trkpt>
  <trkpt lat="45.79657191" lon="2.97376120"><ele>1238.870</ele><time>2026-09-21T12:51:00Z</time><speed>0.000</speed><sat>30</sat></trkpt>
  <trkpt lat="45.79657190" lon="2.97376111"><ele>1238.833</ele><time>2026-09-21T12:51:03Z</time><speed>0.000</speed><sat>30</sat></trkpt>
  <trkpt lat="45.79657188" lon="2.97376108"><ele>1238.830</ele><time>2026-09-21T12:51:06Z</time><speed>0.000</speed><sat>30</sat></trkpt>
  <trkpt lat="45.79657185" lon="2.97376103"><ele>1238.828</ele><time>2026-09-21T12:51:09Z</time><speed>0.000</speed><sat>30</sat></trkpt>
  <trkpt lat="45.79657171" lon="2.97376114"><ele>1238.843</ele><time>2026-09-21T12:51:12Z</time><speed>0.000</speed><sat>29</sat></trkpt>
  <trkpt lat="45.79657162" lon="2.97376114"><ele>1238.812</ele><time>2026-09-21T12:51:15Z</time><speed>0.000</speed><sat>30</sat></trkpt>
  <trkpt lat="45.79657159" lon="2.97376141"><ele>1238.821</ele><time>2026-09-21T12:51:18Z</time><speed>0.000</speed><sat>30</sat></trkpt>
  <trkpt lat="45.79657156" lon="2.97376149"><ele>1238.834</ele><time>2026-09-21T12:51:21Z</time><speed>0.000</speed><sat>30</sat></trkpt>
  <trkpt lat="45.79657133" lon="2.97376137"><ele>1238.825</ele><time>2026-09-21T12:51:24Z</time><speed>0.000</speed><sat>30</sat></trkpt>
  <trkpt lat="45.79657149" lon="2.97376103"><ele>1238.815</ele><time>2026-09-21T12:51:27Z</time><speed>0.000</speed><sat>30</sat></trkpt>
  <trkpt lat="45.79657152" lon="2.97376075"><ele>1238.799</ele><time>2026-09-21T12:51:30Z</time><speed>0.000</speed><sat>29</sat></trkpt>
  <trkpt lat="45.79657153" lon="2.97376082"><ele>1238.802</ele><time>2026-09-21T12:51:33Z</time><speed>0.000</speed><sat>30</sat></trkpt>
  <trkpt lat="45.79657165" lon="2.97376098"><ele>1238.771</ele><time>2026-09-21T12:51:36Z</time><speed>0.000</speed><sat>30</sat></trkpt>
  <trkpt lat="45.79657166" lon="2.97376088"><ele>1238.771</ele><time>2026-09-21T12:51:39Z</time><speed>0.000</speed><sat>30</sat></trkpt>
  <trkpt lat="45.79657157" lon="2.97376098"><ele>1238.744</ele><time>2026-09-21T12:51:42Z</time><speed>0.000</speed><sat>30</sat></trkpt>
  <trkpt lat="45.79657154" lon="2.97376090"><ele>1238.746</ele><time>2026-09-21T12:51:45Z</time><speed>0.000</speed><sat>30</sat></trkpt>
  <trkpt lat="45.79657032" lon="2.97375790"><ele>1238.872</ele><time>2026-09-21T12:51:48Z</time><speed>0.280</speed><sat>29</sat></trkpt>
  <trkpt lat="45.79656986" lon="2.97375690"><ele>1238.892</ele><time>2026-09-21T12:51:51Z</time><speed>0.000</speed><sat>29</sat></trkpt>
  <trkpt lat="45.79656972" lon="2.97375630"><ele>1238.900</ele><time>2026-09-21T12:51:54Z</time><speed>0.000</speed><sat>30</sat></trkpt>
  <trkpt lat="45.79656963" lon="2.97375609"><ele>1238.885</ele><time>2026-09-21T12:51:57Z</time><speed>0.000</speed><sat>30</sat></trkpt>
  <trkpt lat="45.79656950" lon="2.97375600"><ele>1238.872</ele><time>2026-09-21T12:52:00Z</time><speed>0.000</speed><sat>30</sat></trkpt>
  <trkpt lat="45.79656937" lon="2.97375577"><ele>1238.871</ele><time>2026-09-21T12:52:03Z</time><speed>0.000</speed><sat>30</sat></trkpt>
  <trkpt lat="45.79656921" lon="2.97375577"><ele>1238.878</ele><time>2026-09-21T12:52:06Z</time><speed>0.000</speed><sat>30</sat></trkpt>
  <trkpt lat="45.79656973" lon="2.97375717"><ele>1238.874</ele><time>2026-09-21T12:52:09Z</time><speed>0.000</speed><sat>30</sat></trkpt>
  <trkpt lat="45.79656989" lon="2.97375812"><ele>1238.870</ele><time>2026-09-21T12:52:12Z</time><speed>0.000</speed><sat>30</sat></trkpt>
  <trkpt lat="45.79656988" lon="2.97375833"><ele>1238.863</ele><time>2026-09-21T12:52:15Z</time><speed>0.000</speed><sat>30</sat></trkpt>
  <trkpt lat="45.79656976" lon="2.97375833"><ele>1238.847</ele><time>2026-09-21T12:52:18Z</time><speed>0.000</speed><sat>30</sat></trkpt>
  <trkpt lat="45.79656974" lon="2.97375835"><ele>1238.864</ele><time>2026-09-21T12:52:21Z</time><speed>0.000</speed><sat>30</sat></trkpt>
  <trkpt lat="45.79656977" lon="2.97375876"><ele>1238.864</ele><time>2026-09-21T12:52:24Z</time><speed>0.000</speed><sat>30</sat></trkpt>
  <trkpt lat="45.79656978" lon="2.97375880"><ele>1238.853</ele><time>2026-09-21T12:52:27Z</time><speed>0.000</speed><sat>30</sat></trkpt>
  <trkpt lat="45.79656975" lon="2.97375885"><ele>1238.833</ele><time>2026-09-21T12:52:30Z</time><speed>0.000</speed><sat>30</sat></trkpt>
  <trkpt lat="45.79656955" lon="2.97375863"><ele>1238.855</ele><time>2026-09-21T12:52:33Z</time><speed>0.000</speed><sat>30</sat></trkpt>
  <trkpt lat="45.79657069" lon="2.97376154"><ele>1238.932</ele><time>2026-09-21T12:52:36Z</time><speed>0.240</speed><sat>30</sat></trkpt>
  <trkpt lat="45.79657100" lon="2.97376278"><ele>1238.920</ele><time>2026-09-21T12:52:39Z</time><speed>0.000</speed><sat>30</sat></trkpt>
  <trkpt lat="45.79657109" lon="2.97376302"><ele>1238.920</ele><time>2026-09-21T12:52:42Z</time><speed>0.000</speed><sat>30</sat></trkpt>
  <trkpt lat="45.79657090" lon="2.97376316"><ele>1238.928</ele><time>2026-09-21T12:52:45Z</time><speed>0.000</speed><sat>30</sat></trkpt>
  <trkpt lat="45.79657094" lon="2.97376322"><ele>1238.926</ele><time>2026-09-21T12:52:48Z</time><speed>0.000</speed><sat>30</sat></trkpt>
  <trkpt lat="45.79657104" lon="2.97376308"><ele>1238.935</ele><time>2026-09-21T12:52:51Z</time><speed>0.000</speed><sat>30</sat></trkpt>
  <trkpt lat="45.79657099" lon="2.97376300"><ele>1238.931</ele><time>2026-09-21T12:52:54Z</time><speed>0.000</speed><sat>29</sat></trkpt>
  <trkpt lat="45.79657095" lon="2.97376301"><ele>1238.917</ele><time>2026-09-21T12:52:57Z</time><speed>0.000</speed><sat>30</sat></trkpt>
  <trkpt lat="45.79657090" lon="2.97376299"><ele>1238.933</ele><time>2026-09-21T12:53:00Z</time><speed>0.000</speed><sat>30</sat></trkpt>
  <trkpt lat="45.79657081" lon="2.97376327"><ele>1238.940</ele><time>2026-09-21T12:53:03Z</time><speed>0.000</speed><sat>30</sat></trkpt>
  <trkpt lat="45.79657075" lon="2.97376380"><ele>1238.969</ele><time>2026-09-21T12:53:06Z</time><speed>0.000</speed><sat>30</sat></trkpt>
  <trkpt lat="45.79657061" lon="2.97376397"><ele>1238.977</ele><time>2026-09-21T12:53:09Z</time><speed>0.000</speed><sat>30</sat></trkpt>
  <trkpt lat="45.79657059" lon="2.97376404"><ele>1238.975</ele><time>2026-09-21T12:53:12Z</time><speed>0.000</speed><sat>30</sat></trkpt>
  <trkpt lat="45.79657056" lon="2.97376418"><ele>1238.977</ele><time>2026-09-21T12:53:15Z</time><speed>0.000</speed><sat>30</sat></trkpt>
  <trkpt lat="45.79657054" lon="2.97376441"><ele>1238.995</ele><time>2026-09-21T12:53:18Z</time><speed>0.000</speed><sat>29</sat></trkpt>
  <trkpt lat="45.79657045" lon="2.97376460"><ele>1238.999</ele><time>2026-09-21T12:53:21Z</time><speed>0.000</speed><sat>31</sat></trkpt>
  <trkpt lat="45.79657045" lon="2.97376463"><ele>1238.989</ele><time>2026-09-21T12:53:24Z</time><speed>0.000</speed><sat>31</sat></trkpt>
  <trkpt lat="45.79657033" lon="2.97376485"><ele>1239.001</ele><time>2026-09-21T12:53:27Z</time><speed>0.000</speed><sat>31</sat></trkpt>
  <trkpt lat="45.79657049" lon="2.97376491"><ele>1239.010</ele><time>2026-09-21T12:53:30Z</time><speed>0.000</speed><sat>30</sat></trkpt>
  <trkpt lat="45.79657039" lon="2.97376481"><ele>1239.012</ele><time>2026-09-21T12:53:33Z</time><speed>0.000</speed><sat>31</sat></trkpt>
  <trkpt lat="45.79657037" lon="2.97376474"><ele>1239.027</ele><time>2026-09-21T12:53:36Z</time><speed>0.000</speed><sat>31</sat></trkpt>
  <trkpt lat="45.79657034" lon="2.97376460"><ele>1239.039</ele><time>2026-09-21T12:53:39Z</time><speed>0.000</speed><sat>31</sat></trkpt>
  <trkpt lat="45.79657035" lon="2.97376444"><ele>1239.063</ele><time>2026-09-21T12:53:42Z</time><speed>0.000</speed><sat>30</sat></trkpt>
  <trkpt lat="45.79657023" lon="2.97376467"><ele>1239.039</ele><time>2026-09-21T12:53:45Z</time><speed>0.000</speed><sat>30</sat></trkpt>
  <trkpt lat="45.79657022" lon="2.97376474"><ele>1239.038</ele><time>2026-09-21T12:53:48Z</time><speed>0.000</speed><sat>31</sat></trkpt>
  <trkpt lat="45.79657022" lon="2.97376499"><ele>1239.005</ele><time>2026-09-21T12:53:51Z</time><speed>0.000</speed><sat>31</sat></trkpt>
  <trkpt lat="45.79657016" lon="2.97376485"><ele>1238.988</ele><time>2026-09-21T12:53:54Z</time><speed>0.000</speed><sat>30</sat></trkpt>
  <trkpt lat="45.79657002" lon="2.97376486"><ele>1238.963</ele><time>2026-09-21T12:53:57Z</time><speed>0.000</speed><sat>30</sat></trkpt>
  <trkpt lat="45.79656991" lon="2.97376483"><ele>1238.940</ele><time>2026-09-21T12:54:00Z</time><speed>0.000</speed><sat>31</sat></trkpt>
  <trkpt lat="45.79656988" lon="2.97376485"><ele>1238.914</ele><time>2026-09-21T12:54:03Z</time><speed>0.000</speed><sat>31</sat></trkpt>
  <trkpt lat="45.79656976" lon="2.97376460"><ele>1238.906</ele><time>2026-09-21T12:54:06Z</time><speed>0.000</speed><sat>31</sat></trkpt>
  <trkpt lat="45.79656977" lon="2.97376454"><ele>1238.906</ele><time>2026-09-21T12:54:09Z</time><speed>0.000</speed><sat>30</sat></trkpt>
  <trkpt lat="45.79656973" lon="2.97376439"><ele>1238.907</ele><time>2026-09-21T12:54:12Z</time><speed>0.000</speed><sat>30</sat></trkpt>
  <trkpt lat="45.79656956" lon="2.97376421"><ele>1238.894</ele><time>2026-09-21T12:54:15Z</time><speed>0.000</speed><sat>31</sat></trkpt>
  <trkpt lat="45.79656951" lon="2.97376428"><ele>1238.877</ele><time>2026-09-21T12:54:18Z</time><speed>0.000</speed><sat>31</sat></trkpt>
  <trkpt lat="45.79656935" lon="2.97376419"><ele>1238.850</ele><time>2026-09-21T12:54:21Z</time><speed>0.000</speed><sat>31</sat></trkpt>
  <trkpt lat="45.79656932" lon="2.97376413"><ele>1238.862</ele><time>2026-09-21T12:54:24Z</time><speed>0.000</speed><sat>31</sat></trkpt>
  <trkpt lat="45.79656919" lon="2.97376392"><ele>1238.848</ele><time>2026-09-21T12:54:27Z</time><speed>0.000</speed><sat>31</sat></trkpt>
  <trkpt lat="45.79656926" lon="2.97376392"><ele>1238.844</ele><time>2026-09-21T12:54:30Z</time><speed>0.000</speed><sat>31</sat></trkpt>
  <trkpt lat="45.79656926" lon="2.97376389"><ele>1238.837</ele><time>2026-09-21T12:54:33Z</time><speed>0.000</speed><sat>31</sat></trkpt>
  <trkpt lat="45.79656925" lon="2.97376398"><ele>1238.837</ele><time>2026-09-21T12:54:36Z</time><speed>0.000</speed><sat>29</sat></trkpt>
  <trkpt lat="45.79656917" lon="2.97376399"><ele>1238.828</ele><time>2026-09-21T12:54:39Z</time><speed>0.000</speed><sat>30</sat></trkpt>
  <trkpt lat="45.79656906" lon="2.97376390"><ele>1238.833</ele><time>2026-09-21T12:54:42Z</time><speed>0.000</speed><sat>31</sat></trkpt>
  <trkpt lat="45.79656903" lon="2.97376376"><ele>1238.840</ele><time>2026-09-21T12:54:45Z</time><speed>0.000</speed><sat>31</sat></trkpt>
  <trkpt lat="45.79656877" lon="2.97376378"><ele>1238.844</ele><time>2026-09-21T12:54:48Z</time><speed>0.000</speed><sat>31</sat></trkpt>
  <trkpt lat="45.79656881" lon="2.97376362"><ele>1238.872</ele><time>2026-09-21T12:54:51Z</time><speed>0.000</speed><sat>31</sat></trkpt>
  <trkpt lat="45.79656875" lon="2.97376364"><ele>1238.871</ele><time>2026-09-21T12:54:54Z</time><speed>0.000</speed><sat>31</sat></trkpt>
  <trkpt lat="45.79656857" lon="2.97376350"><ele>1238.879</ele><time>2026-09-21T12:54:57Z</time><speed>0.000</speed><sat>31</sat></trkpt>
  <trkpt lat="45.79656848" lon="2.97376348"><ele>1238.873</ele><time>2026-09-21T12:55:00Z</time><speed>0.000</speed><sat>31</sat></trkpt>
  <trkpt lat="45.79656847" lon="2.97376350"><ele>1238.873</ele><time>2026-09-21T12:55:03Z</time><speed>0.000</speed><sat>31</sat></trkpt>
  <trkpt lat="45.79656845" lon="2.97376354"><ele>1238.876</ele><time>2026-09-21T12:55:06Z</time><speed>0.000</speed><sat>30</sat></trkpt>
  <trkpt lat="45.79657023" lon="2.97376414"><ele>1238.927</ele><time>2026-09-21T12:55:09Z</time><speed>0.200</speed><sat>29</sat></trkpt>
  <trkpt lat="45.79657077" lon="2.97376305"><ele>1238.925</ele><time>2026-09-21T12:55:12Z</time><speed>0.000</speed><sat>30</sat></trkpt>
  <trkpt lat="45.79657053" lon="2.97376283"><ele>1238.890</ele><time>2026-09-21T12:55:15Z</time><speed>0.000</speed><sat>31</sat></trkpt>
  <trkpt lat="45.79657043" lon="2.97376256"><ele>1238.885</ele><time>2026-09-21T12:55:18Z</time><speed>0.000</speed><sat>31</sat></trkpt>
  <trkpt lat="45.79657007" lon="2.97376270"><ele>1238.852</ele><time>2026-09-21T12:55:21Z</time><speed>0.000</speed><sat>31</sat></trkpt>
  <trkpt lat="45.79656979" lon="2.97376276"><ele>1238.840</ele><time>2026-09-21T12:55:24Z</time><speed>0.000</speed><sat>31</sat></trkpt>
  <trkpt lat="45.79656974" lon="2.97376273"><ele>1238.849</ele><time>2026-09-21T12:55:27Z</time><speed>0.000</speed><sat>31</sat></trkpt>
  <trkpt lat="45.79656972" lon="2.97376260"><ele>1238.875</ele><time>2026-09-21T12:55:30Z</time><speed>0.000</speed><sat>29</sat></trkpt>
  <trkpt lat="45.79656977" lon="2.97376284"><ele>1238.860</ele><time>2026-09-21T12:55:33Z</time><speed>0.000</speed><sat>31</sat></trkpt>
  <trkpt lat="45.79656980" lon="2.97376271"><ele>1238.894</ele><time>2026-09-21T12:55:36Z</time><speed>0.000</speed><sat>31</sat></trkpt>
  <trkpt lat="45.79656971" lon="2.97376250"><ele>1238.920</ele><time>2026-09-21T12:55:39Z</time><speed>0.000</speed><sat>30</sat></trkpt>
  <trkpt lat="45.79656985" lon="2.97376222"><ele>1238.977</ele><time>2026-09-21T12:55:42Z</time><speed>0.000</speed><sat>28</sat></trkpt>
  <trkpt lat="45.79656984" lon="2.97376212"><ele>1238.979</ele><time>2026-09-21T12:55:45Z</time><speed>0.000</speed><sat>30</sat></trkpt>
  <trkpt lat="45.79656960" lon="2.97376203"><ele>1239.030</ele><time>2026-09-21T12:55:48Z</time><speed>0.000</speed><sat>30</sat></trkpt>
  <trkpt lat="45.79656940" lon="2.97376171"><ele>1239.049</ele><time>2026-09-21T12:55:51Z</time><speed>0.000</speed><sat>30</sat></trkpt>
  <trkpt lat="45.79656936" lon="2.97376162"><ele>1239.055</ele><time>2026-09-21T12:55:54Z</time><speed>0.000</speed><sat>30</sat></trkpt>
  <trkpt lat="45.79656924" lon="2.97376131"><ele>1239.056</ele><time>2026-09-21T12:55:57Z</time><speed>0.000</speed><sat>30</sat></trkpt>
  <trkpt lat="45.79656916" lon="2.97376123"><ele>1239.093</ele><time>2026-09-21T12:56:00Z</time><speed>0.000</speed><sat>29</sat></trkpt>
  <trkpt lat="45.79656906" lon="2.97376074"><ele>1239.146</ele><time>2026-09-21T12:56:03Z</time><speed>0.000</speed><sat>30</sat></trkpt>
  <trkpt lat="45.79656891" lon="2.97376070"><ele>1239.180</ele><time>2026-09-21T12:56:06Z</time><speed>0.000</speed><sat>30</sat></trkpt>
  <trkpt lat="45.79656884" lon="2.97376070"><ele>1239.187</ele><time>2026-09-21T12:56:09Z</time><speed>0.000</speed><sat>31</sat></trkpt>
  <trkpt lat="45.79656880" lon="2.97376054"><ele>1239.178</ele><time>2026-09-21T12:56:12Z</time><speed>0.000</speed><sat>31</sat></trkpt>
  <trkpt lat="45.79656863" lon="2.97376062"><ele>1239.174</ele><time>2026-09-21T12:56:15Z</time><speed>0.000</speed><sat>31</sat></trkpt>
  <trkpt lat="45.79656865" lon="2.97376066"><ele>1239.150</ele><time>2026-09-21T12:56:18Z</time><speed>0.000</speed><sat>30</sat></trkpt>
  <trkpt lat="45.79656854" lon="2.97376028"><ele>1239.150</ele><time>2026-09-21T12:56:21Z</time><speed>0.000</speed><sat>31</sat></trkpt>
  <trkpt lat="45.79656843" lon="2.97375981"><ele>1239.161</ele><time>2026-09-21T12:56:24Z</time><speed>0.000</speed><sat>30</sat></trkpt>
  <trkpt lat="45.79656845" lon="2.97376007"><ele>1239.170</ele><time>2026-09-21T12:56:27Z</time><speed>0.000</speed><sat>30</sat></trkpt>
  <trkpt lat="45.79656851" lon="2.97376018"><ele>1239.155</ele><time>2026-09-21T12:56:30Z</time><speed>0.000</speed><sat>31</sat></trkpt>
  <trkpt lat="45.79656837" lon="2.97375986"><ele>1239.146</ele><time>2026-09-21T12:56:33Z</time><speed>0.000</speed><sat>31</sat></trkpt>
  <trkpt lat="45.79656833" lon="2.97375971"><ele>1239.171</ele><time>2026-09-21T12:56:36Z</time><speed>0.000</speed><sat>31</sat></trkpt>
  <trkpt lat="45.79656838" lon="2.97375994"><ele>1239.185</ele><time>2026-09-21T12:56:39Z</time><speed>0.000</speed><sat>31</sat></trkpt>
  <trkpt lat="45.79656834" lon="2.97376013"><ele>1239.200</ele><time>2026-09-21T12:56:42Z</time><speed>0.000</speed><sat>31</sat></trkpt>
  <trkpt lat="45.79656831" lon="2.97376001"><ele>1239.236</ele><time>2026-09-21T12:56:45Z</time><speed>0.000</speed><sat>31</sat></trkpt>
  <trkpt lat="45.79656818" lon="2.97376010"><ele>1239.243</ele><time>2026-09-21T12:56:48Z</time><speed>0.000</speed><sat>31</sat></trkpt>
  <trkpt lat="45.79656817" lon="2.97375999"><ele>1239.277</ele><time>2026-09-21T12:56:51Z</time><speed>0.000</speed><sat>30</sat></trkpt>
  <trkpt lat="45.79656811" lon="2.97376013"><ele>1239.274</ele><time>2026-09-21T12:56:54Z</time><speed>0.000</speed><sat>30</sat></trkpt>
  <trkpt lat="45.79656807" lon="2.97376059"><ele>1239.301</ele><time>2026-09-21T12:56:57Z</time><speed>0.000</speed><sat>30</sat></trkpt>
  <trkpt lat="45.79656802" lon="2.97376069"><ele>1239.320</ele><time>2026-09-21T12:57:00Z</time><speed>0.000</speed><sat>30</sat></trkpt>
  <trkpt lat="45.79656797" lon="2.97376078"><ele>1239.328</ele><time>2026-09-21T12:57:03Z</time><speed>0.000</speed><sat>30</sat></trkpt>
  <trkpt lat="45.79656847" lon="2.97375975"><ele>1239.372</ele><time>2026-09-21T12:57:06Z</time><speed>0.000</speed><sat>31</sat></trkpt>
  <trkpt lat="45.79656822" lon="2.97375928"><ele>1239.387</ele><time>2026-09-21T12:57:09Z</time><speed>0.000</speed><sat>31</sat></trkpt>
  <trkpt lat="45.79656823" lon="2.97375924"><ele>1239.414</ele><time>2026-09-21T12:57:12Z</time><speed>0.000</speed><sat>31</sat></trkpt>
  <trkpt lat="45.79656814" lon="2.97375925"><ele>1239.448</ele><time>2026-09-21T12:57:15Z</time><speed>0.000</speed><sat>31</sat></trkpt>
  <trkpt lat="45.79656810" lon="2.97375922"><ele>1239.456</ele><time>2026-09-21T12:57:18Z</time><speed>0.000</speed><sat>31</sat></trkpt>
  <trkpt lat="45.79656804" lon="2.97375914"><ele>1239.431</ele><time>2026-09-21T12:57:21Z</time><speed>0.000</speed><sat>31</sat></trkpt>
  <trkpt lat="45.79656808" lon="2.97375931"><ele>1239.441</ele><time>2026-09-21T12:57:24Z</time><speed>0.000</speed><sat>31</sat></trkpt>
  <trkpt lat="45.79656832" lon="2.97375948"><ele>1239.479</ele><time>2026-09-21T12:57:27Z</time><speed>0.000</speed><sat>31</sat></trkpt>
  <trkpt lat="45.79656769" lon="2.97375982"><ele>1239.557</ele><time>2026-09-21T12:57:30Z</time><speed>0.000</speed><sat>31</sat></trkpt>
  <trkpt lat="45.79656686" lon="2.97376114"><ele>1239.576</ele><time>2026-09-21T12:57:33Z</time><speed>0.000</speed><sat>31</sat></trkpt>
  <trkpt lat="45.79656685" lon="2.97376131"><ele>1239.577</ele><time>2026-09-21T12:57:36Z</time><speed>0.000</speed><sat>31</sat></trkpt>
  <trkpt lat="45.79656746" lon="2.97375529"><ele>1239.606</ele><time>2026-09-21T12:57:39Z</time><speed>0.000</speed><sat>30</sat></trkpt>
  <trkpt lat="45.79656781" lon="2.97375518"><ele>1239.597</ele><time>2026-09-21T12:57:42Z</time><speed>0.000</speed><sat>30</sat></trkpt>
  <trkpt lat="45.79656868" lon="2.97375583"><ele>1239.584</ele><time>2026-09-21T12:57:45Z</time><speed>0.000</speed><sat>30</sat></trkpt>
  <trkpt lat="45.79656905" lon="2.97375709"><ele>1239.586</ele><time>2026-09-21T12:57:48Z</time><speed>0.000</speed><sat>31</sat></trkpt>
  <trkpt lat="45.79657025" lon="2.97375752"><ele>1239.486</ele><time>2026-09-21T12:57:51Z</time><speed>0.230</speed><sat>31</sat></trkpt>
  <trkpt lat="45.79657067" lon="2.97375945"><ele>1239.475</ele><time>2026-09-21T12:57:54Z</time><speed>0.000</speed><sat>31</sat></trkpt>
  <trkpt lat="45.79657070" lon="2.97375959"><ele>1239.468</ele><time>2026-09-21T12:57:57Z</time><speed>0.000</speed><sat>31</sat></trkpt>
  <trkpt lat="45.79657172" lon="2.97376345"><ele>1239.288</ele><time>2026-09-21T12:58:00Z</time><speed>0.260</speed><sat>31</sat></trkpt>
  <trkpt lat="45.79657149" lon="2.97376658"><ele>1239.253</ele><time>2026-09-21T12:58:03Z</time><speed>0.000</speed><sat>30</sat></trkpt>
  <trkpt lat="45.79657147" lon="2.97376712"><ele>1239.237</ele><time>2026-09-21T12:58:06Z</time><speed>0.000</speed><sat>31</sat></trkpt>
  <trkpt lat="45.79657149" lon="2.97376736"><ele>1239.225</ele><time>2026-09-21T12:58:09Z</time><speed>0.000</speed><sat>30</sat></trkpt>
  <trkpt lat="45.79657137" lon="2.97376754"><ele>1239.203</ele><time>2026-09-21T12:58:12Z</time><speed>0.000</speed><sat>29</sat></trkpt>
  <trkpt lat="45.79657095" lon="2.97376749"><ele>1239.179</ele><time>2026-09-21T12:58:15Z</time><speed>0.000</speed><sat>29</sat></trkpt>
  <trkpt lat="45.79656970" lon="2.97377221"><ele>1239.144</ele><time>2026-09-21T12:58:18Z</time><speed>0.310</speed><sat>29</sat></trkpt>
  <trkpt lat="45.79656253" lon="2.97378677"><ele>1239.265</ele><time>2026-09-21T12:58:21Z</time><speed>0.000</speed><sat>31</sat></trkpt>
  <trkpt lat="45.79656255" lon="2.97379031"><ele>1239.218</ele><time>2026-09-21T12:58:24Z</time><speed>0.000</speed><sat>31</sat></trkpt>
  <trkpt lat="45.79656206" lon="2.97379093"><ele>1239.214</ele><time>2026-09-21T12:58:27Z</time><speed>0.230</speed><sat>31</sat></trkpt>
  <trkpt lat="45.79654969" lon="2.97379087"><ele>1239.021</ele><time>2026-09-21T12:58:30Z</time><speed>0.610</speed><sat>31</sat></trkpt>
  <trkpt lat="45.79654136" lon="2.97379564"><ele>1238.779</ele><time>2026-09-21T12:58:33Z</time><speed>0.000</speed><sat>31</sat></trkpt>
  <trkpt lat="45.79653399" lon="2.97381129"><ele>1238.719</ele><time>2026-09-21T12:58:36Z</time><speed>0.260</speed><sat>31</sat></trkpt>
  <trkpt lat="45.79653541" lon="2.97381737"><ele>1238.858</ele><time>2026-09-21T12:58:39Z</time><speed>0.190</speed><sat>31</sat></trkpt>
  <trkpt lat="45.79653562" lon="2.97382207"><ele>1238.762</ele><time>2026-09-21T12:58:42Z</time><speed>0.230</speed><sat>31</sat></trkpt>
  <trkpt lat="45.79653584" lon="2.97382337"><ele>1238.747</ele><time>2026-09-21T12:58:45Z</time><speed>0.000</speed><sat>30</sat></trkpt>
  <trkpt lat="45.79653548" lon="2.97382403"><ele>1238.726</ele><time>2026-09-21T12:58:48Z</time><speed>0.000</speed><sat>31</sat></trkpt>
  <trkpt lat="45.79653520" lon="2.97382499"><ele>1238.719</ele><time>2026-09-21T12:58:51Z</time><speed>0.000</speed><sat>30</sat></trkpt>
  <trkpt lat="45.79653507" lon="2.97382608"><ele>1238.737</ele><time>2026-09-21T12:58:54Z</time><speed>0.000</speed><sat>30</sat></trkpt>
  <trkpt lat="45.79653476" lon="2.97382665"><ele>1238.711</ele><time>2026-09-21T12:58:57Z</time><speed>0.000</speed><sat>30</sat></trkpt>
  <trkpt lat="45.79653444" lon="2.97382722"><ele>1238.728</ele><time>2026-09-21T12:59:00Z</time><speed>0.000</speed><sat>30</sat></trkpt>
  <trkpt lat="45.79653461" lon="2.97382549"><ele>1238.691</ele><time>2026-09-21T12:59:03Z</time><speed>0.000</speed><sat>29</sat></trkpt>
  <trkpt lat="45.79653451" lon="2.97382556"><ele>1238.694</ele><time>2026-09-21T12:59:06Z</time><speed>0.000</speed><sat>30</sat></trkpt>
  <trkpt lat="45.79653878" lon="2.97382405"><ele>1238.483</ele><time>2026-09-21T12:59:09Z</time><speed>0.330</speed><sat>30</sat></trkpt>
  <trkpt lat="45.79654118" lon="2.97383700"><ele>1238.529</ele><time>2026-09-21T12:59:12Z</time><speed>0.590</speed><sat>30</sat></trkpt>
  <trkpt lat="45.79654327" lon="2.97385894"><ele>1238.543</ele><time>2026-09-21T12:59:15Z</time><speed>0.000</speed><sat>30</sat></trkpt>
  <trkpt lat="45.79654284" lon="2.97385751"><ele>1238.539</ele><time>2026-09-21T12:59:18Z</time><speed>0.000</speed><sat>30</sat></trkpt>
  <trkpt lat="45.79654282" lon="2.97385749"><ele>1238.533</ele><time>2026-09-21T12:59:21Z</time><speed>0.000</speed><sat>30</sat></trkpt>
  <trkpt lat="45.79654278" lon="2.97385747"><ele>1238.546</ele><time>2026-09-21T12:59:24Z</time><speed>0.000</speed><sat>30</sat></trkpt>
  <trkpt lat="45.79654279" lon="2.97385780"><ele>1238.548</ele><time>2026-09-21T12:59:27Z</time><speed>0.000</speed><sat>30</sat></trkpt>
  <trkpt lat="45.79654277" lon="2.97385835"><ele>1238.538</ele><time>2026-09-21T12:59:30Z</time><speed>0.000</speed><sat>31</sat></trkpt>
  <trkpt lat="45.79654278" lon="2.97385868"><ele>1238.541</ele><time>2026-09-21T12:59:33Z</time><speed>0.000</speed><sat>31</sat></trkpt>
  <trkpt lat="45.79654278" lon="2.97385912"><ele>1238.540</ele><time>2026-09-21T12:59:36Z</time><speed>0.000</speed><sat>31</sat></trkpt>
  <trkpt lat="45.79654280" lon="2.97385901"><ele>1238.550</ele><time>2026-09-21T12:59:39Z</time><speed>0.000</speed><sat>31</sat></trkpt>
  <trkpt lat="45.79654283" lon="2.97385888"><ele>1238.542</ele><time>2026-09-21T12:59:42Z</time><speed>0.000</speed><sat>31</sat></trkpt>
  <trkpt lat="45.79654131" lon="2.97384487"><ele>1238.433</ele><time>2026-09-21T12:59:45Z</time><speed>0.350</speed><sat>30</sat></trkpt>
  <trkpt lat="45.79655014" lon="2.97382589"><ele>1238.372</ele><time>2026-09-21T12:59:48Z</time><speed>0.490</speed><sat>31</sat></trkpt>
  <trkpt lat="45.79656791" lon="2.97382207"><ele>1238.389</ele><time>2026-09-21T12:59:51Z</time><speed>0.610</speed><sat>31</sat></trkpt>
  <trkpt lat="45.79657905" lon="2.97381511"><ele>1238.475</ele><time>2026-09-21T12:59:54Z</time><speed>0.200</speed><sat>30</sat></trkpt>
  <trkpt lat="45.79657835" lon="2.97381458"><ele>1238.464</ele><time>2026-09-21T12:59:57Z</time><speed>0.000</speed><sat>29</sat></trkpt>
  <trkpt lat="45.79657842" lon="2.97381420"><ele>1238.466</ele><time>2026-09-21T13:00:00Z</time><speed>0.000</speed><sat>30</sat></trkpt>
  <trkpt lat="45.79657827" lon="2.97381403"><ele>1238.462</ele><time>2026-09-21T13:00:03Z</time><speed>0.000</speed><sat>30</sat></trkpt>
  <trkpt lat="45.79657751" lon="2.97381241"><ele>1238.464</ele><time>2026-09-21T13:00:06Z</time><speed>0.000</speed><sat>30</sat></trkpt>
  <trkpt lat="45.79657743" lon="2.97381235"><ele>1238.494</ele><time>2026-09-21T13:00:09Z</time><speed>0.000</speed><sat>30</sat></trkpt>
  <trkpt lat="45.79657594" lon="2.97381122"><ele>1238.547</ele><time>2026-09-21T13:00:12Z</time><speed>0.330</speed><sat>30</sat></trkpt>
  <trkpt lat="45.79657829" lon="2.97381219"><ele>1238.483</ele><time>2026-09-21T13:00:15Z</time><speed>0.000</speed><sat>30</sat></trkpt>
  <trkpt lat="45.79657847" lon="2.97381218"><ele>1238.479</ele><time>2026-09-21T13:00:18Z</time><speed>0.000</speed><sat>30</sat></trkpt>
  <trkpt lat="45.79657856" lon="2.97381177"><ele>1238.508</ele><time>2026-09-21T13:00:21Z</time><speed>0.000</speed><sat>30</sat></trkpt>
  <trkpt lat="45.79657866" lon="2.97381148"><ele>1238.509</ele><time>2026-09-21T13:00:24Z</time><speed>0.000</speed><sat>30</sat></trkpt>
  <trkpt lat="45.79657870" lon="2.97381104"><ele>1238.541</ele><time>2026-09-21T13:00:27Z</time><speed>0.000</speed><sat>29</sat></trkpt>
  <trkpt lat="45.79657867" lon="2.97381077"><ele>1238.592</ele><time>2026-09-21T13:00:30Z</time><speed>0.000</speed><sat>29</sat></trkpt>
  <trkpt lat="45.79657867" lon="2.97381068"><ele>1238.586</ele><time>2026-09-21T13:00:33Z</time><speed>0.000</speed><sat>29</sat></trkpt>
  <trkpt lat="45.79657861" lon="2.97381051"><ele>1238.610</ele><time>2026-09-21T13:00:36Z</time><speed>0.000</speed><sat>30</sat></trkpt>
  <trkpt lat="45.79657867" lon="2.97380991"><ele>1238.631</ele><time>2026-09-21T13:00:39Z</time><speed>0.000</speed><sat>29</sat></trkpt>
  <trkpt lat="45.79657866" lon="2.97380962"><ele>1238.693</ele><time>2026-09-21T13:00:42Z</time><speed>0.000</speed><sat>29</sat></trkpt>
  <trkpt lat="45.79657845" lon="2.97380980"><ele>1238.708</ele><time>2026-09-21T13:00:45Z</time><speed>0.000</speed><sat>29</sat></trkpt>
  <trkpt lat="45.79657846" lon="2.97380982"><ele>1238.690</ele><time>2026-09-21T13:00:48Z</time><speed>0.000</speed><sat>29</sat></trkpt>
  <trkpt lat="45.79657842" lon="2.97380974"><ele>1238.699</ele><time>2026-09-21T13:00:51Z</time><speed>0.000</speed><sat>29</sat></trkpt>
  <trkpt lat="45.79657839" lon="2.97380974"><ele>1238.702</ele><time>2026-09-21T13:00:54Z</time><speed>0.000</speed><sat>30</sat></trkpt>
  <trkpt lat="45.79657844" lon="2.97380976"><ele>1238.706</ele><time>2026-09-21T13:00:57Z</time><speed>0.000</speed><sat>30</sat></trkpt>
  <trkpt lat="45.79657836" lon="2.97380979"><ele>1238.733</ele><time>2026-09-21T13:01:00Z</time><speed>0.000</speed><sat>28</sat></trkpt>
  <trkpt lat="45.79657815" lon="2.97380932"><ele>1238.734</ele><time>2026-09-21T13:01:03Z</time><speed>0.000</speed><sat>29</sat></trkpt>
  <trkpt lat="45.79657790" lon="2.97380910"><ele>1238.758</ele><time>2026-09-21T13:01:06Z</time><speed>0.000</speed><sat>29</sat></trkpt>
  <trkpt lat="45.79657780" lon="2.97380858"><ele>1238.762</ele><time>2026-09-21T13:01:09Z</time><speed>0.000</speed><sat>29</sat></trkpt>
  <trkpt lat="45.79657772" lon="2.97380808"><ele>1238.748</ele><time>2026-09-21T13:01:12Z</time><speed>0.000</speed><sat>29</sat></trkpt>
  <trkpt lat="45.79657757" lon="2.97380750"><ele>1238.749</ele><time>2026-09-21T13:01:15Z</time><speed>0.000</speed><sat>29</sat></trkpt>
  <trkpt lat="45.79657854" lon="2.97380840"><ele>1239.007</ele><time>2026-09-21T13:01:18Z</time><speed>0.000</speed><sat>28</sat></trkpt>
  <trkpt lat="45.79657960" lon="2.97380903"><ele>1239.021</ele><time>2026-09-21T13:01:21Z</time><speed>0.000</speed><sat>28</sat></trkpt>
  <trkpt lat="45.79657954" lon="2.97380849"><ele>1239.011</ele><time>2026-09-21T13:01:24Z</time><speed>0.000</speed><sat>30</sat></trkpt>
  <trkpt lat="45.79657945" lon="2.97380823"><ele>1239.010</ele><time>2026-09-21T13:01:27Z</time><speed>0.000</speed><sat>30</sat></trkpt>
  <trkpt lat="45.79657926" lon="2.97380795"><ele>1239.033</ele><time>2026-09-21T13:01:30Z</time><speed>0.000</speed><sat>30</sat></trkpt>
  <trkpt lat="45.79657910" lon="2.97380791"><ele>1239.040</ele><time>2026-09-21T13:01:33Z</time><speed>0.000</speed><sat>29</sat></trkpt>
  <trkpt lat="45.79657894" lon="2.97380777"><ele>1239.052</ele><time>2026-09-21T13:01:36Z</time><speed>0.000</speed><sat>29</sat></trkpt>
  <trkpt lat="45.79657887" lon="2.97380737"><ele>1239.026</ele><time>2026-09-21T13:01:39Z</time><speed>0.000</speed><sat>30</sat></trkpt>
  <trkpt lat="45.79657883" lon="2.97380720"><ele>1239.025</ele><time>2026-09-21T13:01:42Z</time><speed>0.000</speed><sat>30</sat></trkpt>
  <trkpt lat="45.79657701" lon="2.97380479"><ele>1239.113</ele><time>2026-09-21T13:01:45Z</time><speed>0.250</speed><sat>30</sat></trkpt>
  <trkpt lat="45.79657676" lon="2.97380544"><ele>1239.137</ele><time>2026-09-21T13:01:48Z</time><speed>0.000</speed><sat>31</sat></trkpt>
  <trkpt lat="45.79657720" lon="2.97380459"><ele>1239.193</ele><time>2026-09-21T13:01:51Z</time><speed>0.000</speed><sat>31</sat></trkpt>
  <trkpt lat="45.79657706" lon="2.97380385"><ele>1239.272</ele><time>2026-09-21T13:01:54Z</time><speed>0.000</speed><sat>29</sat></trkpt>
  <trkpt lat="45.79657694" lon="2.97380333"><ele>1239.259</ele><time>2026-09-21T13:01:57Z</time><speed>0.000</speed><sat>31</sat></trkpt>
  <trkpt lat="45.79657689" lon="2.97380267"><ele>1239.271</ele><time>2026-09-21T13:02:00Z</time><speed>0.000</speed><sat>30</sat></trkpt>
  <trkpt lat="45.79657679" lon="2.97380280"><ele>1239.279</ele><time>2026-09-21T13:02:03Z</time><speed>0.000</speed><sat>31</sat></trkpt>
  <trkpt lat="45.79657663" lon="2.97380238"><ele>1239.306</ele><time>2026-09-21T13:02:06Z</time><speed>0.000</speed><sat>31</sat></trkpt>
  <trkpt lat="45.79657650" lon="2.97380181"><ele>1239.310</ele><time>2026-09-21T13:02:09Z</time><speed>0.000</speed><sat>31</sat></trkpt>
  <trkpt lat="45.79657634" lon="2.97380149"><ele>1239.377</ele><time>2026-09-21T13:02:12Z</time><speed>0.000</speed><sat>31</sat></trkpt>
  <trkpt lat="45.79657612" lon="2.97380109"><ele>1239.412</ele><time>2026-09-21T13:02:15Z</time><speed>0.000</speed><sat>30</sat></trkpt>
  <trkpt lat="45.79657599" lon="2.97380039"><ele>1239.442</ele><time>2026-09-21T13:02:18Z</time><speed>0.000</speed><sat>30</sat></trkpt>
  <trkpt lat="45.79657591" lon="2.97380005"><ele>1239.452</ele><time>2026-09-21T13:02:21Z</time><speed>0.000</speed><sat>30</sat></trkpt>
  <trkpt lat="45.79657574" lon="2.97379953"><ele>1239.489</ele><time>2026-09-21T13:02:24Z</time><speed>0.000</speed><sat>29</sat></trkpt>
  <trkpt lat="45.79657560" lon="2.97379929"><ele>1239.517</ele><time>2026-09-21T13:02:27Z</time><speed>0.000</speed><sat>30</sat></trkpt>
  <trkpt lat="45.79657503" lon="2.97379913"><ele>1239.428</ele><time>2026-09-21T13:02:30Z</time><speed>0.000</speed><sat>30</sat></trkpt>
  <trkpt lat="45.79657502" lon="2.97379924"><ele>1239.428</ele><time>2026-09-21T13:02:33Z</time><speed>0.000</speed><sat>31</sat></trkpt>
  <trkpt lat="45.79657504" lon="2.97379922"><ele>1239.414</ele><time>2026-09-21T13:02:36Z</time><speed>0.000</speed><sat>31</sat></trkpt>
  <trkpt lat="45.79657503" lon="2.97379924"><ele>1239.420</ele><time>2026-09-21T13:02:39Z</time><speed>0.000</speed><sat>31</sat></trkpt>
  <trkpt lat="45.79657605" lon="2.97379925"><ele>1239.411</ele><time>2026-09-21T13:02:42Z</time><speed>0.000</speed><sat>31</sat></trkpt>
  <trkpt lat="45.79657601" lon="2.97379900"><ele>1239.422</ele><time>2026-09-21T13:02:45Z</time><speed>0.000</speed><sat>31</sat></trkpt>
  <trkpt lat="45.79657605" lon="2.97379852"><ele>1239.391</ele><time>2026-09-21T13:02:48Z</time><speed>0.000</speed><sat>31</sat></trkpt>
  <trkpt lat="45.79657609" lon="2.97379811"><ele>1239.381</ele><time>2026-09-21T13:02:51Z</time><speed>0.000</speed><sat>30</sat></trkpt>
  <trkpt lat="45.79657608" lon="2.97379797"><ele>1239.386</ele><time>2026-09-21T13:02:54Z</time><speed>0.000</speed><sat>30</sat></trkpt>
  <trkpt lat="45.79657619" lon="2.97379767"><ele>1239.400</ele><time>2026-09-21T13:02:57Z</time><speed>0.000</speed><sat>30</sat></trkpt>
  <trkpt lat="45.79657622" lon="2.97379760"><ele>1239.395</ele><time>2026-09-21T13:03:00Z</time><speed>0.000</speed><sat>31</sat></trkpt>
  <trkpt lat="45.79657632" lon="2.97379751"><ele>1239.388</ele><time>2026-09-21T13:03:03Z</time><speed>0.000</speed><sat>31</sat></trkpt>
  <trkpt lat="45.79657628" lon="2.97379747"><ele>1239.408</ele><time>2026-09-21T13:03:06Z</time><speed>0.000</speed><sat>30</sat></trkpt>
  <trkpt lat="45.79657632" lon="2.97379731"><ele>1239.373</ele><time>2026-09-21T13:03:09Z</time><speed>0.000</speed><sat>31</sat></trkpt>
  <trkpt lat="45.79657628" lon="2.97379696"><ele>1239.381</ele><time>2026-09-21T13:03:12Z</time><speed>0.000</speed><sat>31</sat></trkpt>
  <trkpt lat="45.79657624" lon="2.97379680"><ele>1239.384</ele><time>2026-09-21T13:03:15Z</time><speed>0.000</speed><sat>31</sat></trkpt>
  <trkpt lat="45.79657626" lon="2.97379601"><ele>1239.411</ele><time>2026-09-21T13:03:18Z</time><speed>0.000</speed><sat>31</sat></trkpt>
  <trkpt lat="45.79657625" lon="2.97379635"><ele>1239.396</ele><time>2026-09-21T13:03:21Z</time><speed>0.000</speed><sat>31</sat></trkpt>
  <trkpt lat="45.79657627" lon="2.97379617"><ele>1239.432</ele><time>2026-09-21T13:03:24Z</time><speed>0.000</speed><sat>31</sat></trkpt>
  <trkpt lat="45.79657622" lon="2.97379587"><ele>1239.429</ele><time>2026-09-21T13:03:27Z</time><speed>0.000</speed><sat>31</sat></trkpt>
  <trkpt lat="45.79657618" lon="2.97379580"><ele>1239.426</ele><time>2026-09-21T13:03:30Z</time><speed>0.000</speed><sat>31</sat></trkpt>
  <trkpt lat="45.79657618" lon="2.97379570"><ele>1239.398</ele><time>2026-09-21T13:03:33Z</time><speed>0.000</speed><sat>30</sat></trkpt>
  <trkpt lat="45.79657614" lon="2.97379566"><ele>1239.401</ele><time>2026-09-21T13:03:36Z</time><speed>0.000</speed><sat>31</sat></trkpt>
  <trkpt lat="45.79657607" lon="2.97379568"><ele>1239.417</ele><time>2026-09-21T13:03:39Z</time><speed>0.000</speed><sat>31</sat></trkpt>
  <trkpt lat="45.79657619" lon="2.97379541"><ele>1239.408</ele><time>2026-09-21T13:03:42Z</time><speed>0.000</speed><sat>31</sat></trkpt>
  <trkpt lat="45.79657614" lon="2.97379516"><ele>1239.393</ele><time>2026-09-21T13:03:45Z</time><speed>0.000</speed><sat>31</sat></trkpt>
  <trkpt lat="45.79657606" lon="2.97379488"><ele>1239.412</ele><time>2026-09-21T13:03:48Z</time><speed>0.000</speed><sat>30</sat></trkpt>
  <trkpt lat="45.79657596" lon="2.97379447"><ele>1239.423</ele><time>2026-09-21T13:03:51Z</time><speed>0.000</speed><sat>31</sat></trkpt>
  <trkpt lat="45.79657607" lon="2.97379450"><ele>1239.437</ele><time>2026-09-21T13:03:54Z</time><speed>0.000</speed><sat>31</sat></trkpt>
  <trkpt lat="45.79657619" lon="2.97379406"><ele>1239.444</ele><time>2026-09-21T13:03:57Z</time><speed>0.000</speed><sat>31</sat></trkpt>
  <trkpt lat="45.79657613" lon="2.97379391"><ele>1239.460</ele><time>2026-09-21T13:04:00Z</time><speed>0.000</speed><sat>31</sat></trkpt>
  <trkpt lat="45.79657610" lon="2.97379360"><ele>1239.474</ele><time>2026-09-21T13:04:03Z</time><speed>0.000</speed><sat>31</sat></trkpt>
  <trkpt lat="45.79657609" lon="2.97379345"><ele>1239.464</ele><time>2026-09-21T13:04:06Z</time><speed>0.000</speed><sat>31</sat></trkpt>
  <trkpt lat="45.79657603" lon="2.97379330"><ele>1239.466</ele><time>2026-09-21T13:04:09Z</time><speed>0.000</speed><sat>31</sat></trkpt>
  <trkpt lat="45.79657592" lon="2.97379313"><ele>1239.484</ele><time>2026-09-21T13:04:12Z</time><speed>0.000</speed><sat>31</sat></trkpt>
  <trkpt lat="45.79657589" lon="2.97379311"><ele>1239.454</ele><time>2026-09-21T13:04:15Z</time><speed>0.000</speed><sat>31</sat></trkpt>
  <trkpt lat="45.79657592" lon="2.97379337"><ele>1239.451</ele><time>2026-09-21T13:04:18Z</time><speed>0.000</speed><sat>30</sat></trkpt>
  <trkpt lat="45.79657593" lon="2.97379338"><ele>1239.441</ele><time>2026-09-21T13:04:21Z</time><speed>0.000</speed><sat>31</sat></trkpt>
  <trkpt lat="45.79657580" lon="2.97379335"><ele>1239.455</ele><time>2026-09-21T13:04:24Z</time><speed>0.000</speed><sat>31</sat></trkpt>
  <trkpt lat="45.79657564" lon="2.97379330"><ele>1239.460</ele><time>2026-09-21T13:04:27Z</time><speed>0.000</speed><sat>31</sat></trkpt>
  <trkpt lat="45.79657572" lon="2.97379341"><ele>1239.479</ele><time>2026-09-21T13:04:30Z</time><speed>0.000</speed><sat>30</sat></trkpt>
  <trkpt lat="45.79657577" lon="2.97379345"><ele>1239.463</ele><time>2026-09-21T13:04:33Z</time><speed>0.000</speed><sat>31</sat></trkpt>
  <trkpt lat="45.79657585" lon="2.97379341"><ele>1239.462</ele><time>2026-09-21T13:04:36Z</time><speed>0.000</speed><sat>31</sat></trkpt>
  <trkpt lat="45.79657577" lon="2.97379348"><ele>1239.477</ele><time>2026-09-21T13:04:39Z</time><speed>0.000</speed><sat>30</sat></trkpt>
  <trkpt lat="45.79657574" lon="2.97379347"><ele>1239.514</ele><time>2026-09-21T13:04:42Z</time><speed>0.000</speed><sat>30</sat></trkpt>
  <trkpt lat="45.79657578" lon="2.97379324"><ele>1239.531</ele><time>2026-09-21T13:04:45Z</time><speed>0.000</speed><sat>31</sat></trkpt>
  <trkpt lat="45.79657674" lon="2.97379092"><ele>1239.496</ele><time>2026-09-21T13:04:48Z</time><speed>0.000</speed><sat>31</sat></trkpt>
  <trkpt lat="45.79657667" lon="2.97379020"><ele>1239.498</ele><time>2026-09-21T13:04:51Z</time><speed>0.000</speed><sat>31</sat></trkpt>
  <trkpt lat="45.79657666" lon="2.97378992"><ele>1239.496</ele><time>2026-09-21T13:04:54Z</time><speed>0.000</speed><sat>31</sat></trkpt>
  <trkpt lat="45.79657661" lon="2.97378954"><ele>1239.496</ele><time>2026-09-21T13:04:57Z</time><speed>0.000</speed><sat>31</sat></trkpt>
  <trkpt lat="45.79657657" lon="2.97378934"><ele>1239.495</ele><time>2026-09-21T13:05:00Z</time><speed>0.000</speed><sat>31</sat></trkpt>
  <trkpt lat="45.79657648" lon="2.97378963"><ele>1239.472</ele><time>2026-09-21T13:05:03Z</time><speed>0.000</speed><sat>31</sat></trkpt>
  <trkpt lat="45.79657670" lon="2.97378941"><ele>1239.508</ele><time>2026-09-21T13:05:06Z</time><speed>0.000</speed><sat>31</sat></trkpt>
  <trkpt lat="45.79657672" lon="2.97378911"><ele>1239.519</ele><time>2026-09-21T13:05:09Z</time><speed>0.000</speed><sat>31</sat></trkpt>
  <trkpt lat="45.79657668" lon="2.97378889"><ele>1239.525</ele><time>2026-09-21T13:05:12Z</time><speed>0.000</speed><sat>31</sat></trkpt>
  <trkpt lat="45.79657664" lon="2.97378888"><ele>1239.534</ele><time>2026-09-21T13:05:15Z</time><speed>0.000</speed><sat>31</sat></trkpt>
  <trkpt lat="45.79657652" lon="2.97378865"><ele>1239.541</ele><time>2026-09-21T13:05:18Z</time><speed>0.000</speed><sat>31</sat></trkpt>
  <trkpt lat="45.79657644" lon="2.97378810"><ele>1239.516</ele><time>2026-09-21T13:05:21Z</time><speed>0.000</speed><sat>31</sat></trkpt>
  <trkpt lat="45.79657642" lon="2.97378799"><ele>1239.516</ele><time>2026-09-21T13:05:24Z</time><speed>0.000</speed><sat>30</sat></trkpt>
  <trkpt lat="45.79657647" lon="2.97378770"><ele>1239.495</ele><time>2026-09-21T13:05:27Z</time><speed>0.000</speed><sat>31</sat></trkpt>
  <trkpt lat="45.79657637" lon="2.97378760"><ele>1239.515</ele><time>2026-09-21T13:05:30Z</time><speed>0.000</speed><sat>30</sat></trkpt>
  <trkpt lat="45.79657629" lon="2.97378773"><ele>1239.517</ele><time>2026-09-21T13:05:33Z</time><speed>0.000</speed><sat>31</sat></trkpt>
  <trkpt lat="45.79657619" lon="2.97378740"><ele>1239.542</ele><time>2026-09-21T13:05:36Z</time><speed>0.000</speed><sat>31</sat></trkpt>
  <trkpt lat="45.79657607" lon="2.97378720"><ele>1239.539</ele><time>2026-09-21T13:05:39Z</time><speed>0.000</speed><sat>28</sat></trkpt>
  <trkpt lat="45.79657605" lon="2.97378711"><ele>1239.527</ele><time>2026-09-21T13:05:42Z</time><speed>0.000</speed><sat>31</sat></trkpt>
  <trkpt lat="45.79657612" lon="2.97378690"><ele>1239.515</ele><time>2026-09-21T13:05:45Z</time><speed>0.000</speed><sat>31</sat></trkpt>
  <trkpt lat="45.79657611" lon="2.97379292"><ele>1239.475</ele><time>2026-09-21T13:05:48Z</time><speed>0.260</speed><sat>29</sat></trkpt>
  <trkpt lat="45.79657716" lon="2.97379100"><ele>1239.484</ele><time>2026-09-21T13:05:51Z</time><speed>0.000</speed><sat>30</sat></trkpt>
  <trkpt lat="45.79656600" lon="2.97379406"><ele>1239.681</ele><time>2026-09-21T13:05:54Z</time><speed>1.050</speed><sat>30</sat></trkpt>
  <trkpt lat="45.79654208" lon="2.97380845"><ele>1239.220</ele><time>2026-09-21T13:05:57Z</time><speed>0.540</speed><sat>31</sat></trkpt>
  <trkpt lat="45.79654074" lon="2.97380809"><ele>1239.130</ele><time>2026-09-21T13:06:00Z</time><speed>0.000</speed><sat>30</sat></trkpt>
  <trkpt lat="45.79653322" lon="2.97380491"><ele>1239.153</ele><time>2026-09-21T13:06:03Z</time><speed>0.400</speed><sat>31</sat></trkpt>
  <trkpt lat="45.79651607" lon="2.97379571"><ele>1238.951</ele><time>2026-09-21T13:06:06Z</time><speed>0.680</speed><sat>30</sat></trkpt>
  <trkpt lat="45.79649149" lon="2.97378514"><ele>1238.833</ele><time>2026-09-21T13:06:09Z</time><speed>0.810</speed><sat>30</sat></trkpt>
  <trkpt lat="45.79647141" lon="2.97377644"><ele>1239.081</ele><time>2026-09-21T13:06:12Z</time><speed>0.650</speed><sat>30</sat></trkpt>
  <trkpt lat="45.79645252" lon="2.97377274"><ele>1238.944</ele><time>2026-09-21T13:06:15Z</time><speed>0.780</speed><sat>31</sat></trkpt>
  <trkpt lat="45.79643404" lon="2.97378024"><ele>1238.560</ele><time>2026-09-21T13:06:18Z</time><speed>0.630</speed><sat>31</sat></trkpt>
  <trkpt lat="45.79641232" lon="2.97378486"><ele>1237.627</ele><time>2026-09-21T13:06:21Z</time><speed>0.650</speed><sat>31</sat></trkpt>
  <trkpt lat="45.79639151" lon="2.97378421"><ele>1237.471</ele><time>2026-09-21T13:06:24Z</time><speed>0.770</speed><sat>31</sat></trkpt>
  <trkpt lat="45.79636774" lon="2.97378096"><ele>1236.847</ele><time>2026-09-21T13:06:27Z</time><speed>0.890</speed><sat>31</sat></trkpt>
  <trkpt lat="45.79634652" lon="2.97377168"><ele>1236.044</ele><time>2026-09-21T13:06:30Z</time><speed>0.850</speed><sat>31</sat></trkpt>
  <trkpt lat="45.79632085" lon="2.97376365"><ele>1234.995</ele><time>2026-09-21T13:06:33Z</time><speed>1.110</speed><sat>31</sat></trkpt>
  <trkpt lat="45.79630109" lon="2.97375083"><ele>1234.102</ele><time>2026-09-21T13:06:36Z</time><speed>0.960</speed><sat>31</sat></trkpt>
  <trkpt lat="45.79628338" lon="2.97374000"><ele>1233.763</ele><time>2026-09-21T13:06:39Z</time><speed>1.060</speed><sat>29</sat></trkpt>
  <trkpt lat="45.79626529" lon="2.97373250"><ele>1233.475</ele><time>2026-09-21T13:06:42Z</time><speed>0.530</speed><sat>29</sat></trkpt>
  <trkpt lat="45.79624484" lon="2.97371882"><ele>1233.297</ele><time>2026-09-21T13:06:45Z</time><speed>0.880</speed><sat>30</sat></trkpt>
  <trkpt lat="45.79621969" lon="2.97370090"><ele>1232.594</ele><time>2026-09-21T13:06:48Z</time><speed>0.780</speed><sat>30</sat></trkpt>
  <trkpt lat="45.79619694" lon="2.97368289"><ele>1232.175</ele><time>2026-09-21T13:06:51Z</time><speed>0.630</speed><sat>29</sat></trkpt>
  <trkpt lat="45.79617664" lon="2.97367692"><ele>1231.585</ele><time>2026-09-21T13:06:54Z</time><speed>0.630</speed><sat>29</sat></trkpt>
  <trkpt lat="45.79615477" lon="2.97366754"><ele>1231.359</ele><time>2026-09-21T13:06:57Z</time><speed>0.790</speed><sat>30</sat></trkpt>
  <trkpt lat="45.79613418" lon="2.97365725"><ele>1231.263</ele><time>2026-09-21T13:07:00Z</time><speed>0.570</speed><sat>29</sat></trkpt>
  <trkpt lat="45.79611797" lon="2.97365498"><ele>1231.255</ele><time>2026-09-21T13:07:03Z</time><speed>0.160</speed><sat>30</sat></trkpt>
  <trkpt lat="45.79610407" lon="2.97366886"><ele>1230.879</ele><time>2026-09-21T13:07:06Z</time><speed>0.730</speed><sat>30</sat></trkpt>
  <trkpt lat="45.79608956" lon="2.97365948"><ele>1229.844</ele><time>2026-09-21T13:07:09Z</time><speed>0.680</speed><sat>30</sat></trkpt>
  <trkpt lat="45.79607010" lon="2.97363721"><ele>1229.792</ele><time>2026-09-21T13:07:12Z</time><speed>1.200</speed><sat>30</sat></trkpt>
  <trkpt lat="45.79604618" lon="2.97362495"><ele>1228.657</ele><time>2026-09-21T13:07:15Z</time><speed>1.210</speed><sat>30</sat></trkpt>
  <trkpt lat="45.79601507" lon="2.97360604"><ele>1227.942</ele><time>2026-09-21T13:07:18Z</time><speed>1.200</speed><sat>29</sat></trkpt>
  <trkpt lat="45.79598870" lon="2.97358341"><ele>1227.661</ele><time>2026-09-21T13:07:21Z</time><speed>1.240</speed><sat>30</sat></trkpt>
  <trkpt lat="45.79596230" lon="2.97356178"><ele>1227.415</ele><time>2026-09-21T13:07:24Z</time><speed>1.090</speed><sat>29</sat></trkpt>
  <trkpt lat="45.79593779" lon="2.97354843"><ele>1226.843</ele><time>2026-09-21T13:07:27Z</time><speed>1.010</speed><sat>29</sat></trkpt>
  <trkpt lat="45.79591750" lon="2.97352574"><ele>1226.720</ele><time>2026-09-21T13:07:30Z</time><speed>0.910</speed><sat>29</sat></trkpt>
  <trkpt lat="45.79589575" lon="2.97350725"><ele>1226.197</ele><time>2026-09-21T13:07:33Z</time><speed>1.090</speed><sat>29</sat></trkpt>
  <trkpt lat="45.79587570" lon="2.97349074"><ele>1225.766</ele><time>2026-09-21T13:07:36Z</time><speed>0.690</speed><sat>29</sat></trkpt>
  <trkpt lat="45.79584871" lon="2.97347619"><ele>1225.144</ele><time>2026-09-21T13:07:39Z</time><speed>1.250</speed><sat>29</sat></trkpt>
  <trkpt lat="45.79582493" lon="2.97346251"><ele>1224.388</ele><time>2026-09-21T13:07:42Z</time><speed>1.000</speed><sat>29</sat></trkpt>
  <trkpt lat="45.79580903" lon="2.97344298"><ele>1224.207</ele><time>2026-09-21T13:07:45Z</time><speed>1.000</speed><sat>29</sat></trkpt>
  <trkpt lat="45.79579075" lon="2.97342450"><ele>1223.618</ele><time>2026-09-21T13:07:48Z</time><speed>1.050</speed><sat>29</sat></trkpt>
  <trkpt lat="45.79576938" lon="2.97340592"><ele>1222.950</ele><time>2026-09-21T13:07:51Z</time><speed>0.900</speed><sat>29</sat></trkpt>
  <trkpt lat="45.79575110" lon="2.97338526"><ele>1222.318</ele><time>2026-09-21T13:07:54Z</time><speed>0.970</speed><sat>29</sat></trkpt>
  <trkpt lat="45.79573593" lon="2.97336675"><ele>1221.865</ele><time>2026-09-21T13:07:57Z</time><speed>0.980</speed><sat>29</sat></trkpt>
  <trkpt lat="45.79571844" lon="2.97334275"><ele>1221.758</ele><time>2026-09-21T13:08:00Z</time><speed>0.780</speed><sat>29</sat></trkpt>
  <trkpt lat="45.79569969" lon="2.97332263"><ele>1221.021</ele><time>2026-09-21T13:08:03Z</time><speed>0.990</speed><sat>29</sat></trkpt>
  <trkpt lat="45.79568316" lon="2.97329674"><ele>1221.094</ele><time>2026-09-21T13:08:06Z</time><speed>0.930</speed><sat>29</sat></trkpt>
  <trkpt lat="45.79567195" lon="2.97327828"><ele>1220.735</ele><time>2026-09-21T13:08:09Z</time><speed>0.950</speed><sat>30</sat></trkpt>
  <trkpt lat="45.79566040" lon="2.97325874"><ele>1220.508</ele><time>2026-09-21T13:08:12Z</time><speed>0.540</speed><sat>30</sat></trkpt>
  <trkpt lat="45.79564609" lon="2.97323898"><ele>1220.043</ele><time>2026-09-21T13:08:15Z</time><speed>0.800</speed><sat>30</sat></trkpt>
  <trkpt lat="45.79562974" lon="2.97321714"><ele>1219.363</ele><time>2026-09-21T13:08:18Z</time><speed>0.810</speed><sat>29</sat></trkpt>
  <trkpt lat="45.79561350" lon="2.97319490"><ele>1219.037</ele><time>2026-09-21T13:08:21Z</time><speed>0.900</speed><sat>29</sat></trkpt>
  <trkpt lat="45.79559698" lon="2.97316555"><ele>1218.735</ele><time>2026-09-21T13:08:24Z</time><speed>0.990</speed><sat>29</sat></trkpt>
  <trkpt lat="45.79558268" lon="2.97314500"><ele>1218.573</ele><time>2026-09-21T13:08:27Z</time><speed>0.680</speed><sat>29</sat></trkpt>
  <trkpt lat="45.79556602" lon="2.97312110"><ele>1218.242</ele><time>2026-09-21T13:08:30Z</time><speed>0.900</speed><sat>29</sat></trkpt>
  <trkpt lat="45.79555162" lon="2.97309483"><ele>1217.930</ele><time>2026-09-21T13:08:33Z</time><speed>0.870</speed><sat>29</sat></trkpt>
  <trkpt lat="45.79553659" lon="2.97307380"><ele>1217.421</ele><time>2026-09-21T13:08:36Z</time><speed>0.760</speed><sat>30</sat></trkpt>
  <trkpt lat="45.79551851" lon="2.97305684"><ele>1216.125</ele><time>2026-09-21T13:08:39Z</time><speed>1.000</speed><sat>30</sat></trkpt>
  <trkpt lat="45.79550209" lon="2.97304445"><ele>1215.302</ele><time>2026-09-21T13:08:42Z</time><speed>0.630</speed><sat>29</sat></trkpt>
  <trkpt lat="45.79548166" lon="2.97302113"><ele>1214.622</ele><time>2026-09-21T13:08:45Z</time><speed>0.840</speed><sat>29</sat></trkpt>
  <trkpt lat="45.79546452" lon="2.97300028"><ele>1213.831</ele><time>2026-09-21T13:08:48Z</time><speed>1.000</speed><sat>29</sat></trkpt>
  <trkpt lat="45.79544755" lon="2.97297554"><ele>1213.220</ele><time>2026-09-21T13:08:51Z</time><speed>1.000</speed><sat>29</sat></trkpt>
  <trkpt lat="45.79543250" lon="2.97295645"><ele>1213.196</ele><time>2026-09-21T13:08:54Z</time><speed>0.900</speed><sat>29</sat></trkpt>
  <trkpt lat="45.79541363" lon="2.97293795"><ele>1212.155</ele><time>2026-09-21T13:08:57Z</time><speed>0.960</speed><sat>29</sat></trkpt>
  <trkpt lat="45.79539919" lon="2.97292040"><ele>1212.302</ele><time>2026-09-21T13:09:00Z</time><speed>0.590</speed><sat>29</sat></trkpt>
  <trkpt lat="45.79538118" lon="2.97290487"><ele>1211.644</ele><time>2026-09-21T13:09:03Z</time><speed>0.860</speed><sat>29</sat></trkpt>
  <trkpt lat="45.79536313" lon="2.97288230"><ele>1211.273</ele><time>2026-09-21T13:09:06Z</time><speed>0.770</speed><sat>29</sat></trkpt>
  <trkpt lat="45.79534745" lon="2.97286210"><ele>1211.137</ele><time>2026-09-21T13:09:09Z</time><speed>0.810</speed><sat>29</sat></trkpt>
  <trkpt lat="45.79532953" lon="2.97284113"><ele>1211.067</ele><time>2026-09-21T13:09:12Z</time><speed>0.810</speed><sat>29</sat></trkpt>
  <trkpt lat="45.79531214" lon="2.97282512"><ele>1210.358</ele><time>2026-09-21T13:09:15Z</time><speed>0.840</speed><sat>29</sat></trkpt>
  <trkpt lat="45.79529182" lon="2.97280817"><ele>1209.916</ele><time>2026-09-21T13:09:18Z</time><speed>0.890</speed><sat>29</sat></trkpt>
  <trkpt lat="45.79526919" lon="2.97278471"><ele>1209.228</ele><time>2026-09-21T13:09:21Z</time><speed>1.000</speed><sat>29</sat></trkpt>
  <trkpt lat="45.79525121" lon="2.97276782"><ele>1208.806</ele><time>2026-09-21T13:09:24Z</time><speed>0.770</speed><sat>29</sat></trkpt>
  <trkpt lat="45.79523206" lon="2.97275147"><ele>1208.319</ele><time>2026-09-21T13:09:27Z</time><speed>1.020</speed><sat>29</sat></trkpt>
  <trkpt lat="45.79521218" lon="2.97273515"><ele>1207.657</ele><time>2026-09-21T13:09:30Z</time><speed>0.920</speed><sat>29</sat></trkpt>
  <trkpt lat="45.79519659" lon="2.97272058"><ele>1206.900</ele><time>2026-09-21T13:09:33Z</time><speed>0.890</speed><sat>29</sat></trkpt>
  <trkpt lat="45.79518181" lon="2.97270484"><ele>1206.526</ele><time>2026-09-21T13:09:36Z</time><speed>0.860</speed><sat>29</sat></trkpt>
  <trkpt lat="45.79516338" lon="2.97268514"><ele>1205.843</ele><time>2026-09-21T13:09:39Z</time><speed>0.730</speed><sat>29</sat></trkpt>
  <trkpt lat="45.79514554" lon="2.97266592"><ele>1205.701</ele><time>2026-09-21T13:09:42Z</time><speed>0.700</speed><sat>29</sat></trkpt>
  <trkpt lat="45.79512758" lon="2.97264954"><ele>1204.799</ele><time>2026-09-21T13:09:45Z</time><speed>0.900</speed><sat>29</sat></trkpt>
  <trkpt lat="45.79510323" lon="2.97262798"><ele>1203.771</ele><time>2026-09-21T13:09:48Z</time><speed>0.880</speed><sat>29</sat></trkpt>
  <trkpt lat="45.79508761" lon="2.97260868"><ele>1203.112</ele><time>2026-09-21T13:09:51Z</time><speed>0.790</speed><sat>29</sat></trkpt>
  <trkpt lat="45.79507260" lon="2.97258763"><ele>1202.231</ele><time>2026-09-21T13:09:54Z</time><speed>0.770</speed><sat>29</sat></trkpt>
  <trkpt lat="45.79505730" lon="2.97257127"><ele>1201.971</ele><time>2026-09-21T13:09:57Z</time><speed>0.740</speed><sat>29</sat></trkpt>
  <trkpt lat="45.79503854" lon="2.97255514"><ele>1201.763</ele><time>2026-09-21T13:10:00Z</time><speed>0.900</speed><sat>29</sat></trkpt>
  <trkpt lat="45.79502241" lon="2.97253937"><ele>1201.238</ele><time>2026-09-21T13:10:03Z</time><speed>0.740</speed><sat>29</sat></trkpt>
  <trkpt lat="45.79500208" lon="2.97252107"><ele>1200.661</ele><time>2026-09-21T13:10:06Z</time><speed>1.020</speed><sat>29</sat></trkpt>
  <trkpt lat="45.79498503" lon="2.97250852"><ele>1199.900</ele><time>2026-09-21T13:10:09Z</time><speed>0.970</speed><sat>29</sat></trkpt>
  <trkpt lat="45.79496927" lon="2.97249461"><ele>1199.128</ele><time>2026-09-21T13:10:12Z</time><speed>0.990</speed><sat>29</sat></trkpt>
  <trkpt lat="45.79495939" lon="2.97248596"><ele>1198.355</ele><time>2026-09-21T13:10:15Z</time><speed>0.310</speed><sat>29</sat></trkpt>
  <trkpt lat="45.79495237" lon="2.97248443"><ele>1198.328</ele><time>2026-09-21T13:10:18Z</time><speed>0.000</speed><sat>29</sat></trkpt>
  <trkpt lat="45.79495175" lon="2.97248423"><ele>1198.305</ele><time>2026-09-21T13:10:21Z</time><speed>0.000</speed><sat>29</sat></trkpt>
  <trkpt lat="45.79493926" lon="2.97247003"><ele>1197.814</ele><time>2026-09-21T13:10:24Z</time><speed>1.120</speed><sat>28</sat></trkpt>
  <trkpt lat="45.79491828" lon="2.97244883"><ele>1197.319</ele><time>2026-09-21T13:10:27Z</time><speed>0.840</speed><sat>29</sat></trkpt>
  <trkpt lat="45.79489992" lon="2.97243146"><ele>1196.591</ele><time>2026-09-21T13:10:30Z</time><speed>0.790</speed><sat>29</sat></trkpt>
  <trkpt lat="45.79487968" lon="2.97241072"><ele>1195.939</ele><time>2026-09-21T13:10:33Z</time><speed>0.860</speed><sat>29</sat></trkpt>
  <trkpt lat="45.79486139" lon="2.97239176"><ele>1195.601</ele><time>2026-09-21T13:10:36Z</time><speed>0.940</speed><sat>29</sat></trkpt>
  <trkpt lat="45.79484395" lon="2.97237150"><ele>1195.534</ele><time>2026-09-21T13:10:39Z</time><speed>0.920</speed><sat>29</sat></trkpt>
  <trkpt lat="45.79482455" lon="2.97235157"><ele>1195.347</ele><time>2026-09-21T13:10:42Z</time><speed>0.770</speed><sat>29</sat></trkpt>
  <trkpt lat="45.79480679" lon="2.97233407"><ele>1194.318</ele><time>2026-09-21T13:10:45Z</time><speed>0.810</speed><sat>29</sat></trkpt>
  <trkpt lat="45.79479330" lon="2.97231630"><ele>1194.235</ele><time>2026-09-21T13:10:48Z</time><speed>0.810</speed><sat>29</sat></trkpt>
  <trkpt lat="45.79477611" lon="2.97229143"><ele>1194.148</ele><time>2026-09-21T13:10:51Z</time><speed>0.930</speed><sat>29</sat></trkpt>
  <trkpt lat="45.79476138" lon="2.97227568"><ele>1193.865</ele><time>2026-09-21T13:10:54Z</time><speed>0.480</speed><sat>29</sat></trkpt>
  <trkpt lat="45.79474307" lon="2.97225848"><ele>1193.694</ele><time>2026-09-21T13:10:57Z</time><speed>0.930</speed><sat>29</sat></trkpt>
  <trkpt lat="45.79472651" lon="2.97224055"><ele>1192.881</ele><time>2026-09-21T13:11:00Z</time><speed>0.810</speed><sat>29</sat></trkpt>
  <trkpt lat="45.79470951" lon="2.97222111"><ele>1192.200</ele><time>2026-09-21T13:11:03Z</time><speed>0.990</speed><sat>29</sat></trkpt>
  <trkpt lat="45.79469248" lon="2.97220336"><ele>1191.521</ele><time>2026-09-21T13:11:06Z</time><speed>0.920</speed><sat>29</sat></trkpt>
  <trkpt lat="45.79467575" lon="2.97218146"><ele>1190.647</ele><time>2026-09-21T13:11:09Z</time><speed>0.990</speed><sat>29</sat></trkpt>
  <trkpt lat="45.79465700" lon="2.97215965"><ele>1190.164</ele><time>2026-09-21T13:11:12Z</time><speed>0.930</speed><sat>29</sat></trkpt>
  <trkpt lat="45.79463848" lon="2.97214011"><ele>1189.898</ele><time>2026-09-21T13:11:15Z</time><speed>0.830</speed><sat>29</sat></trkpt>
  <trkpt lat="45.79461868" lon="2.97211608"><ele>1189.143</ele><time>2026-09-21T13:11:18Z</time><speed>0.850</speed><sat>29</sat></trkpt>
  <trkpt lat="45.79459841" lon="2.97209726"><ele>1188.957</ele><time>2026-09-21T13:11:21Z</time><speed>0.960</speed><sat>29</sat></trkpt>
  <trkpt lat="45.79459434" lon="2.97210036"><ele>1189.232</ele><time>2026-09-21T13:11:24Z</time><speed>0.000</speed><sat>29</sat></trkpt>
  <trkpt lat="45.79459348" lon="2.97210080"><ele>1189.216</ele><time>2026-09-21T13:11:27Z</time><speed>0.000</speed><sat>29</sat></trkpt>
  <trkpt lat="45.79458003" lon="2.97208745"><ele>1188.471</ele><time>2026-09-21T13:11:30Z</time><speed>0.900</speed><sat>29</sat></trkpt>
  <trkpt lat="45.79456210" lon="2.97206526"><ele>1187.850</ele><time>2026-09-21T13:11:33Z</time><speed>0.800</speed><sat>29</sat></trkpt>
  <trkpt lat="45.79454418" lon="2.97204554"><ele>1187.158</ele><time>2026-09-21T13:11:36Z</time><speed>1.030</speed><sat>29</sat></trkpt>
  <trkpt lat="45.79452695" lon="2.97201403"><ele>1187.041</ele><time>2026-09-21T13:11:39Z</time><speed>1.070</speed><sat>29</sat></trkpt>
  <trkpt lat="45.79451199" lon="2.97198530"><ele>1186.771</ele><time>2026-09-21T13:11:42Z</time><speed>0.990</speed><sat>29</sat></trkpt>
  <trkpt lat="45.79449936" lon="2.97195418"><ele>1186.493</ele><time>2026-09-21T13:11:45Z</time><speed>0.810</speed><sat>29</sat></trkpt>
  <trkpt lat="45.79448603" lon="2.97192692"><ele>1186.504</ele><time>2026-09-21T13:11:48Z</time><speed>0.930</speed><sat>29</sat></trkpt>
  <trkpt lat="45.79447078" lon="2.97190141"><ele>1186.018</ele><time>2026-09-21T13:11:51Z</time><speed>0.740</speed><sat>29</sat></trkpt>
  <trkpt lat="45.79446221" lon="2.97187323"><ele>1185.472</ele><time>2026-09-21T13:11:54Z</time><speed>0.960</speed><sat>29</sat></trkpt>
  <trkpt lat="45.79444787" lon="2.97184801"><ele>1185.043</ele><time>2026-09-21T13:11:57Z</time><speed>0.750</speed><sat>29</sat></trkpt>
  <trkpt lat="45.79443330" lon="2.97182036"><ele>1184.612</ele><time>2026-09-21T13:12:00Z</time><speed>0.770</speed><sat>29</sat></trkpt>
  <trkpt lat="45.79442215" lon="2.97179465"><ele>1183.643</ele><time>2026-09-21T13:12:03Z</time><speed>0.810</speed><sat>29</sat></trkpt>
  <trkpt lat="45.79441179" lon="2.97175832"><ele>1184.038</ele><time>2026-09-21T13:12:06Z</time><speed>1.040</speed><sat>29</sat></trkpt>
  <trkpt lat="45.79439644" lon="2.97172889"><ele>1183.863</ele><time>2026-09-21T13:12:09Z</time><speed>0.810</speed><sat>29</sat></trkpt>
  <trkpt lat="45.79437588" lon="2.97170516"><ele>1183.388</ele><time>2026-09-21T13:12:12Z</time><speed>0.770</speed><sat>29</sat></trkpt>
  <trkpt lat="45.79436659" lon="2.97167632"><ele>1183.272</ele><time>2026-09-21T13:12:15Z</time><speed>0.930</speed><sat>29</sat></trkpt>
  <trkpt lat="45.79434716" lon="2.97164785"><ele>1183.916</ele><time>2026-09-21T13:12:18Z</time><speed>0.850</speed><sat>29</sat></trkpt>
  <trkpt lat="45.79434349" lon="2.97166728"><ele>1185.192</ele><time>2026-09-21T13:12:21Z</time><speed>0.800</speed><sat>29</sat></trkpt>
  <trkpt lat="45.79434622" lon="2.97167723"><ele>1186.198</ele><time>2026-09-21T13:12:24Z</time><speed>1.050</speed><sat>29</sat></trkpt>
  <trkpt lat="45.79436533" lon="2.97171993"><ele>1186.017</ele><time>2026-09-21T13:12:27Z</time><speed>1.120</speed><sat>28</sat></trkpt>
  <trkpt lat="45.79437615" lon="2.97175529"><ele>1185.552</ele><time>2026-09-21T13:12:30Z</time><speed>0.510</speed><sat>29</sat></trkpt>
  <trkpt lat="45.79439220" lon="2.97179061"><ele>1186.077</ele><time>2026-09-21T13:12:33Z</time><speed>0.670</speed><sat>29</sat></trkpt>
  <trkpt lat="45.79439615" lon="2.97179988"><ele>1186.615</ele><time>2026-09-21T13:12:36Z</time><speed>0.000</speed><sat>29</sat></trkpt>
  <trkpt lat="45.79439649" lon="2.97179995"><ele>1186.612</ele><time>2026-09-21T13:12:39Z</time><speed>0.000</speed><sat>29</sat></trkpt>
  <trkpt lat="45.79439664" lon="2.97180011"><ele>1186.711</ele><time>2026-09-21T13:12:42Z</time><speed>0.000</speed><sat>29</sat></trkpt>
  <trkpt lat="45.79439653" lon="2.97180019"><ele>1186.762</ele><time>2026-09-21T13:12:45Z</time><speed>0.000</speed><sat>29</sat></trkpt>
  <trkpt lat="45.79439657" lon="2.97179992"><ele>1186.837</ele><time>2026-09-21T13:12:48Z</time><speed>0.000</speed><sat>29</sat></trkpt>
  <trkpt lat="45.79439697" lon="2.97179957"><ele>1186.927</ele><time>2026-09-21T13:12:51Z</time><speed>0.000</speed><sat>29</sat></trkpt>
  <trkpt lat="45.79439706" lon="2.97179937"><ele>1186.950</ele><time>2026-09-21T13:12:54Z</time><speed>0.000</speed><sat>29</sat></trkpt>
  <trkpt lat="45.79439685" lon="2.97179955"><ele>1186.940</ele><time>2026-09-21T13:12:57Z</time><speed>0.000</speed><sat>29</sat></trkpt>
  <trkpt lat="45.79439676" lon="2.97179958"><ele>1186.966</ele><time>2026-09-21T13:13:00Z</time><speed>0.000</speed><sat>29</sat></trkpt>
  <trkpt lat="45.79439623" lon="2.97180053"><ele>1186.984</ele><time>2026-09-21T13:13:03Z</time><speed>0.000</speed><sat>29</sat></trkpt>
  <trkpt lat="45.79439637" lon="2.97180096"><ele>1187.052</ele><time>2026-09-21T13:13:06Z</time><speed>0.000</speed><sat>29</sat></trkpt>
  <trkpt lat="45.79439614" lon="2.97180119"><ele>1187.068</ele><time>2026-09-21T13:13:09Z</time><speed>0.000</speed><sat>29</sat></trkpt>
  <trkpt lat="45.79439609" lon="2.97180197"><ele>1187.162</ele><time>2026-09-21T13:13:12Z</time><speed>0.000</speed><sat>29</sat></trkpt>
  <trkpt lat="45.79439616" lon="2.97180224"><ele>1187.205</ele><time>2026-09-21T13:13:15Z</time><speed>0.000</speed><sat>29</sat></trkpt>
  <trkpt lat="45.79439599" lon="2.97180259"><ele>1187.215</ele><time>2026-09-21T13:13:18Z</time><speed>0.000</speed><sat>29</sat></trkpt>
  <trkpt lat="45.79439900" lon="2.97179805"><ele>1186.974</ele><time>2026-09-21T13:13:21Z</time><speed>0.540</speed><sat>28</sat></trkpt>
  <trkpt lat="45.79440119" lon="2.97179564"><ele>1187.046</ele><time>2026-09-21T13:13:24Z</time><speed>0.220</speed><sat>27</sat></trkpt>
  <trkpt lat="45.79440664" lon="2.97180122"><ele>1187.112</ele><time>2026-09-21T13:13:27Z</time><speed>0.000</speed><sat>29</sat></trkpt>
  <trkpt lat="45.79440315" lon="2.97179911"><ele>1186.713</ele><time>2026-09-21T13:13:30Z</time><speed>0.000</speed><sat>29</sat></trkpt>
  <trkpt lat="45.79440873" lon="2.97182129"><ele>1186.615</ele><time>2026-09-21T13:13:33Z</time><speed>1.360</speed><sat>29</sat></trkpt>
  <trkpt lat="45.79442022" lon="2.97184950"><ele>1187.201</ele><time>2026-09-21T13:13:36Z</time><speed>0.430</speed><sat>28</sat></trkpt>
  <trkpt lat="45.79442861" lon="2.97184083"><ele>1186.946</ele><time>2026-09-21T13:13:39Z</time><speed>0.760</speed><sat>29</sat></trkpt>
  <trkpt lat="45.79443460" lon="2.97183405"><ele>1186.722</ele><time>2026-09-21T13:13:42Z</time><speed>0.000</speed><sat>29</sat></trkpt>
  <trkpt lat="45.79443511" lon="2.97183407"><ele>1186.778</ele><time>2026-09-21T13:13:45Z</time><speed>0.000</speed><sat>29</sat></trkpt>
  <trkpt lat="45.79443482" lon="2.97183437"><ele>1186.755</ele><time>2026-09-21T13:13:48Z</time><speed>0.000</speed><sat>29</sat></trkpt>
  <trkpt lat="45.79443463" lon="2.97183394"><ele>1186.727</ele><time>2026-09-21T13:13:51Z</time><speed>0.000</speed><sat>29</sat></trkpt>
  <trkpt lat="45.79443490" lon="2.97183479"><ele>1186.795</ele><time>2026-09-21T13:13:54Z</time><speed>0.000</speed><sat>29</sat></trkpt>
  <trkpt lat="45.79443515" lon="2.97183566"><ele>1186.902</ele><time>2026-09-21T13:13:57Z</time><speed>0.000</speed><sat>29</sat></trkpt>
  <trkpt lat="45.79443463" lon="2.97183485"><ele>1186.901</ele><time>2026-09-21T13:14:00Z</time><speed>0.000</speed><sat>29</sat></trkpt>
  <trkpt lat="45.79443399" lon="2.97183450"><ele>1186.942</ele><time>2026-09-21T13:14:03Z</time><speed>0.000</speed><sat>29</sat></trkpt>
  <trkpt lat="45.79443412" lon="2.97183494"><ele>1187.034</ele><time>2026-09-21T13:14:06Z</time><speed>0.000</speed><sat>29</sat></trkpt>
  <trkpt lat="45.79443419" lon="2.97183519"><ele>1186.742</ele><time>2026-09-21T13:14:09Z</time><speed>0.000</speed><sat>29</sat></trkpt>
  <trkpt lat="45.79443369" lon="2.97183196"><ele>1186.764</ele><time>2026-09-21T13:14:12Z</time><speed>0.000</speed><sat>29</sat></trkpt>
  <trkpt lat="45.79443473" lon="2.97183160"><ele>1186.344</ele><time>2026-09-21T13:14:15Z</time><speed>0.000</speed><sat>29</sat></trkpt>
  <trkpt lat="45.79442855" lon="2.97182176"><ele>1185.652</ele><time>2026-09-21T13:14:18Z</time><speed>0.560</speed><sat>29</sat></trkpt>
  <trkpt lat="45.79442779" lon="2.97181532"><ele>1185.010</ele><time>2026-09-21T13:14:21Z</time><speed>0.360</speed><sat>29</sat></trkpt>
  <trkpt lat="45.79441629" lon="2.97178679"><ele>1184.582</ele><time>2026-09-21T13:14:24Z</time><speed>0.670</speed><sat>29</sat></trkpt>
  <trkpt lat="45.79440513" lon="2.97175962"><ele>1183.838</ele><time>2026-09-21T13:14:27Z</time><speed>0.940</speed><sat>29</sat></trkpt>
  <trkpt lat="45.79439096" lon="2.97173294"><ele>1183.603</ele><time>2026-09-21T13:14:30Z</time><speed>0.730</speed><sat>29</sat></trkpt>
  <trkpt lat="45.79437847" lon="2.97171002"><ele>1183.483</ele><time>2026-09-21T13:14:33Z</time><speed>0.690</speed><sat>29</sat></trkpt>
  <trkpt lat="45.79436666" lon="2.97168785"><ele>1183.090</ele><time>2026-09-21T13:14:36Z</time><speed>0.620</speed><sat>29</sat></trkpt>
  <trkpt lat="45.79436170" lon="2.97167975"><ele>1182.859</ele><time>2026-09-21T13:14:39Z</time><speed>0.000</speed><sat>29</sat></trkpt>
  <trkpt lat="45.79434845" lon="2.97166520"><ele>1183.168</ele><time>2026-09-21T13:14:42Z</time><speed>0.410</speed><sat>29</sat></trkpt>
  <trkpt lat="45.79434003" lon="2.97164617"><ele>1183.182</ele><time>2026-09-21T13:14:45Z</time><speed>1.040</speed><sat>28</sat></trkpt>
  <trkpt lat="45.79432825" lon="2.97161778"><ele>1182.517</ele><time>2026-09-21T13:14:48Z</time><speed>0.710</speed><sat>29</sat></trkpt>
  <trkpt lat="45.79431536" lon="2.97159116"><ele>1182.445</ele><time>2026-09-21T13:14:51Z</time><speed>0.660</speed><sat>29</sat></trkpt>
  <trkpt lat="45.79430265" lon="2.97157227"><ele>1181.502</ele><time>2026-09-21T13:14:54Z</time><speed>0.720</speed><sat>29</sat></trkpt>
  <trkpt lat="45.79428824" lon="2.97154559"><ele>1181.201</ele><time>2026-09-21T13:14:57Z</time><speed>0.670</speed><sat>29</sat></trkpt>
  <trkpt lat="45.79427342" lon="2.97153122"><ele>1179.842</ele><time>2026-09-21T13:15:00Z</time><speed>0.730</speed><sat>28</sat></trkpt>
  <trkpt lat="45.79425993" lon="2.97151751"><ele>1179.654</ele><time>2026-09-21T13:15:03Z</time><speed>0.630</speed><sat>28</sat></trkpt>
  <trkpt lat="45.79424141" lon="2.97149904"><ele>1179.299</ele><time>2026-09-21T13:15:06Z</time><speed>0.790</speed><sat>28</sat></trkpt>
  <trkpt lat="45.79422622" lon="2.97150124"><ele>1179.138</ele><time>2026-09-21T13:15:09Z</time><speed>1.790</speed><sat>28</sat></trkpt>
  <trkpt lat="45.79421816" lon="2.97146964"><ele>1179.618</ele><time>2026-09-21T13:15:12Z</time><speed>0.800</speed><sat>28</sat></trkpt>
  <trkpt lat="45.79420845" lon="2.97144765"><ele>1178.512</ele><time>2026-09-21T13:15:15Z</time><speed>0.990</speed><sat>29</sat></trkpt>
  <trkpt lat="45.79419975" lon="2.97143407"><ele>1176.507</ele><time>2026-09-21T13:15:18Z</time><speed>1.030</speed><sat>29</sat></trkpt>
  <trkpt lat="45.79418791" lon="2.97142258"><ele>1176.031</ele><time>2026-09-21T13:15:21Z</time><speed>0.680</speed><sat>28</sat></trkpt>
  <trkpt lat="45.79417601" lon="2.97140241"><ele>1175.925</ele><time>2026-09-21T13:15:24Z</time><speed>0.730</speed><sat>28</sat></trkpt>
  <trkpt lat="45.79415975" lon="2.97138393"><ele>1175.471</ele><time>2026-09-21T13:15:27Z</time><speed>0.640</speed><sat>27</sat></trkpt>
  <trkpt lat="45.79414603" lon="2.97136146"><ele>1174.544</ele><time>2026-09-21T13:15:30Z</time><speed>0.650</speed><sat>28</sat></trkpt>
  <trkpt lat="45.79413157" lon="2.97133500"><ele>1173.957</ele><time>2026-09-21T13:15:33Z</time><speed>0.800</speed><sat>29</sat></trkpt>
  <trkpt lat="45.79411794" lon="2.97131016"><ele>1173.232</ele><time>2026-09-21T13:15:36Z</time><speed>0.680</speed><sat>29</sat></trkpt>
  <trkpt lat="45.79410641" lon="2.97129081"><ele>1172.551</ele><time>2026-09-21T13:15:39Z</time><speed>0.720</speed><sat>29</sat></trkpt>
  <trkpt lat="45.79409216" lon="2.97127008"><ele>1171.562</ele><time>2026-09-21T13:15:42Z</time><speed>0.770</speed><sat>29</sat></trkpt>
  <trkpt lat="45.79407984" lon="2.97124521"><ele>1171.099</ele><time>2026-09-21T13:15:45Z</time><speed>0.690</speed><sat>28</sat></trkpt>
  <trkpt lat="45.79406401" lon="2.97122299"><ele>1170.544</ele><time>2026-09-21T13:15:48Z</time><speed>0.770</speed><sat>28</sat></trkpt>
  <trkpt lat="45.79405084" lon="2.97119796"><ele>1170.172</ele><time>2026-09-21T13:15:51Z</time><speed>0.790</speed><sat>28</sat></trkpt>
  <trkpt lat="45.79403678" lon="2.97117203"><ele>1170.161</ele><time>2026-09-21T13:15:54Z</time><speed>0.800</speed><sat>28</sat></trkpt>
  <trkpt lat="45.79402295" lon="2.97114510"><ele>1169.757</ele><time>2026-09-21T13:15:57Z</time><speed>0.700</speed><sat>29</sat></trkpt>
  <trkpt lat="45.79401008" lon="2.97112125"><ele>1169.209</ele><time>2026-09-21T13:16:00Z</time><speed>0.640</speed><sat>28</sat></trkpt>
  <trkpt lat="45.79399733" lon="2.97108888"><ele>1169.182</ele><time>2026-09-21T13:16:03Z</time><speed>0.750</speed><sat>27</sat></trkpt>
  <trkpt lat="45.79398307" lon="2.97106481"><ele>1169.069</ele><time>2026-09-21T13:16:06Z</time><speed>0.820</speed><sat>27</sat></trkpt>
  <trkpt lat="45.79396866" lon="2.97104231"><ele>1168.724</ele><time>2026-09-21T13:16:09Z</time><speed>0.730</speed><sat>28</sat></trkpt>
  <trkpt lat="45.79395690" lon="2.97101776"><ele>1167.279</ele><time>2026-09-21T13:16:12Z</time><speed>0.720</speed><sat>28</sat></trkpt>
  <trkpt lat="45.79394688" lon="2.97099183"><ele>1166.953</ele><time>2026-09-21T13:16:15Z</time><speed>0.760</speed><sat>29</sat></trkpt>
  <trkpt lat="45.79393344" lon="2.97097143"><ele>1166.211</ele><time>2026-09-21T13:16:18Z</time><speed>0.830</speed><sat>29</sat></trkpt>
  <trkpt lat="45.79392141" lon="2.97094744"><ele>1165.731</ele><time>2026-09-21T13:16:21Z</time><speed>0.780</speed><sat>29</sat></trkpt>
  <trkpt lat="45.79390924" lon="2.97092015"><ele>1165.647</ele><time>2026-09-21T13:16:24Z</time><speed>0.790</speed><sat>29</sat></trkpt>
  <trkpt lat="45.79389473" lon="2.97089224"><ele>1165.461</ele><time>2026-09-21T13:16:27Z</time><speed>0.700</speed><sat>29</sat></trkpt>
  <trkpt lat="45.79388230" lon="2.97086945"><ele>1164.956</ele><time>2026-09-21T13:16:30Z</time><speed>0.780</speed><sat>28</sat></trkpt>
  <trkpt lat="45.79387010" lon="2.97084745"><ele>1165.253</ele><time>2026-09-21T13:16:33Z</time><speed>0.710</speed><sat>28</sat></trkpt>
  <trkpt lat="45.79386222" lon="2.97082987"><ele>1164.214</ele><time>2026-09-21T13:16:36Z</time><speed>0.510</speed><sat>28</sat></trkpt>
  <trkpt lat="45.79385140" lon="2.97081060"><ele>1163.521</ele><time>2026-09-21T13:16:39Z</time><speed>0.430</speed><sat>28</sat></trkpt>
  <trkpt lat="45.79383658" lon="2.97078103"><ele>1163.070</ele><time>2026-09-21T13:16:42Z</time><speed>0.920</speed><sat>28</sat></trkpt>
  <trkpt lat="45.79382216" lon="2.97074553"><ele>1163.049</ele><time>2026-09-21T13:16:45Z</time><speed>1.020</speed><sat>28</sat></trkpt>
  <trkpt lat="45.79381389" lon="2.97071593"><ele>1162.432</ele><time>2026-09-21T13:16:48Z</time><speed>0.880</speed><sat>28</sat></trkpt>
  <trkpt lat="45.79380540" lon="2.97069241"><ele>1161.683</ele><time>2026-09-21T13:16:51Z</time><speed>0.660</speed><sat>28</sat></trkpt>
  <trkpt lat="45.79379813" lon="2.97066467"><ele>1161.213</ele><time>2026-09-21T13:16:54Z</time><speed>0.630</speed><sat>28</sat></trkpt>
  <trkpt lat="45.79378984" lon="2.97063720"><ele>1160.874</ele><time>2026-09-21T13:16:57Z</time><speed>0.690</speed><sat>28</sat></trkpt>
  <trkpt lat="45.79377978" lon="2.97060754"><ele>1160.740</ele><time>2026-09-21T13:17:00Z</time><speed>0.770</speed><sat>28</sat></trkpt>
  <trkpt lat="45.79377207" lon="2.97058037"><ele>1160.157</ele><time>2026-09-21T13:17:03Z</time><speed>0.840</speed><sat>28</sat></trkpt>
  <trkpt lat="45.79376159" lon="2.97054829"><ele>1159.702</ele><time>2026-09-21T13:17:06Z</time><speed>0.790</speed><sat>28</sat></trkpt>
  <trkpt lat="45.79375445" lon="2.97052365"><ele>1159.265</ele><time>2026-09-21T13:17:09Z</time><speed>0.820</speed><sat>28</sat></trkpt>
  <trkpt lat="45.79374626" lon="2.97049362"><ele>1158.694</ele><time>2026-09-21T13:17:12Z</time><speed>0.780</speed><sat>28</sat></trkpt>
  <trkpt lat="45.79373799" lon="2.97046124"><ele>1158.597</ele><time>2026-09-21T13:17:15Z</time><speed>0.810</speed><sat>28</sat></trkpt>
  <trkpt lat="45.79373007" lon="2.97043241"><ele>1158.066</ele><time>2026-09-21T13:17:18Z</time><speed>0.690</speed><sat>28</sat></trkpt>
  <trkpt lat="45.79372323" lon="2.97040119"><ele>1157.889</ele><time>2026-09-21T13:17:21Z</time><speed>0.930</speed><sat>29</sat></trkpt>
  <trkpt lat="45.79371427" lon="2.97036808"><ele>1157.574</ele><time>2026-09-21T13:17:24Z</time><speed>0.690</speed><sat>28</sat></trkpt>
  <trkpt lat="45.79370464" lon="2.97034253"><ele>1156.971</ele><time>2026-09-21T13:17:27Z</time><speed>0.530</speed><sat>28</sat></trkpt>
  <trkpt lat="45.79369347" lon="2.97031480"><ele>1156.694</ele><time>2026-09-21T13:17:30Z</time><speed>0.760</speed><sat>29</sat></trkpt>
  <trkpt lat="45.79368544" lon="2.97028800"><ele>1156.171</ele><time>2026-09-21T13:17:33Z</time><speed>0.590</speed><sat>28</sat></trkpt>
  <trkpt lat="45.79367532" lon="2.97026627"><ele>1155.559</ele><time>2026-09-21T13:17:36Z</time><speed>0.750</speed><sat>28</sat></trkpt>
  <trkpt lat="45.79366939" lon="2.97023947"><ele>1155.258</ele><time>2026-09-21T13:17:39Z</time><speed>0.510</speed><sat>28</sat></trkpt>
  <trkpt lat="45.79366036" lon="2.97021163"><ele>1154.315</ele><time>2026-09-21T13:17:42Z</time><speed>0.740</speed><sat>28</sat></trkpt>
  <trkpt lat="45.79365209" lon="2.97018196"><ele>1154.451</ele><time>2026-09-21T13:17:45Z</time><speed>0.730</speed><sat>28</sat></trkpt>
  <trkpt lat="45.79364282" lon="2.97015935"><ele>1154.023</ele><time>2026-09-21T13:17:48Z</time><speed>0.660</speed><sat>28</sat></trkpt>
  <trkpt lat="45.79363329" lon="2.97013456"><ele>1153.592</ele><time>2026-09-21T13:17:51Z</time><speed>0.860</speed><sat>28</sat></trkpt>
  <trkpt lat="45.79362353" lon="2.97011320"><ele>1153.112</ele><time>2026-09-21T13:17:54Z</time><speed>0.560</speed><sat>28</sat></trkpt>
  <trkpt lat="45.79361384" lon="2.97008652"><ele>1152.427</ele><time>2026-09-21T13:17:57Z</time><speed>0.630</speed><sat>28</sat></trkpt>
  <trkpt lat="45.79360340" lon="2.97006284"><ele>1151.422</ele><time>2026-09-21T13:18:00Z</time><speed>0.740</speed><sat>28</sat></trkpt>
  <trkpt lat="45.79359390" lon="2.97003745"><ele>1150.637</ele><time>2026-09-21T13:18:03Z</time><speed>0.830</speed><sat>28</sat></trkpt>
  <trkpt lat="45.79358625" lon="2.97001207"><ele>1149.351</ele><time>2026-09-21T13:18:06Z</time><speed>0.690</speed><sat>27</sat></trkpt>
  <trkpt lat="45.79357549" lon="2.96999119"><ele>1148.886</ele><time>2026-09-21T13:18:09Z</time><speed>0.700</speed><sat>28</sat></trkpt>
  <trkpt lat="45.79356488" lon="2.96996469"><ele>1148.182</ele><time>2026-09-21T13:18:12Z</time><speed>0.670</speed><sat>28</sat></trkpt>
  <trkpt lat="45.79355325" lon="2.96994057"><ele>1147.414</ele><time>2026-09-21T13:18:15Z</time><speed>0.690</speed><sat>28</sat></trkpt>
  <trkpt lat="45.79354268" lon="2.96991299"><ele>1146.976</ele><time>2026-09-21T13:18:18Z</time><speed>0.690</speed><sat>28</sat></trkpt>
  <trkpt lat="45.79353383" lon="2.96988812"><ele>1146.262</ele><time>2026-09-21T13:18:21Z</time><speed>0.600</speed><sat>28</sat></trkpt>
  <trkpt lat="45.79352494" lon="2.96986565"><ele>1145.793</ele><time>2026-09-21T13:18:24Z</time><speed>0.680</speed><sat>28</sat></trkpt>
  <trkpt lat="45.79351755" lon="2.96984471"><ele>1145.291</ele><time>2026-09-21T13:18:27Z</time><speed>0.570</speed><sat>27</sat></trkpt>
  <trkpt lat="45.79350731" lon="2.96982802"><ele>1144.347</ele><time>2026-09-21T13:18:30Z</time><speed>0.570</speed><sat>28</sat></trkpt>
  <trkpt lat="45.79349858" lon="2.96980757"><ele>1143.408</ele><time>2026-09-21T13:18:33Z</time><speed>0.780</speed><sat>28</sat></trkpt>
  <trkpt lat="45.79348994" lon="2.96978658"><ele>1142.623</ele><time>2026-09-21T13:18:36Z</time><speed>0.480</speed><sat>28</sat></trkpt>
  <trkpt lat="45.79348441" lon="2.96976659"><ele>1142.742</ele><time>2026-09-21T13:18:39Z</time><speed>0.590</speed><sat>28</sat></trkpt>
  <trkpt lat="45.79348295" lon="2.96974358"><ele>1143.960</ele><time>2026-09-21T13:18:42Z</time><speed>0.480</speed><sat>28</sat></trkpt>
  <trkpt lat="45.79348431" lon="2.96970974"><ele>1143.869</ele><time>2026-09-21T13:18:45Z</time><speed>0.910</speed><sat>28</sat></trkpt>
  <trkpt lat="45.79348667" lon="2.96966370"><ele>1145.785</ele><time>2026-09-21T13:18:48Z</time><speed>0.920</speed><sat>28</sat></trkpt>
  <trkpt lat="45.79348602" lon="2.96960753"><ele>1142.717</ele><time>2026-09-21T13:18:51Z</time><speed>1.000</speed><sat>28</sat></trkpt>
  <trkpt lat="45.79348836" lon="2.96955487"><ele>1142.310</ele><time>2026-09-21T13:18:54Z</time><speed>0.980</speed><sat>27</sat></trkpt>
  <trkpt lat="45.79348641" lon="2.96949970"><ele>1142.129</ele><time>2026-09-21T13:18:57Z</time><speed>1.200</speed><sat>27</sat></trkpt>
  <trkpt lat="45.79348212" lon="2.96945722"><ele>1141.161</ele><time>2026-09-21T13:19:00Z</time><speed>0.890</speed><sat>28</sat></trkpt>
  <trkpt lat="45.79347675" lon="2.96941832"><ele>1140.513</ele><time>2026-09-21T13:19:03Z</time><speed>0.930</speed><sat>28</sat></trkpt>
  <trkpt lat="45.79347107" lon="2.96937545"><ele>1141.415</ele><time>2026-09-21T13:19:06Z</time><speed>0.950</speed><sat>26</sat></trkpt>
  <trkpt lat="45.79347085" lon="2.96933162"><ele>1141.442</ele><time>2026-09-21T13:19:09Z</time><speed>0.920</speed><sat>28</sat></trkpt>
  <trkpt lat="45.79346782" lon="2.96928592"><ele>1142.492</ele><time>2026-09-21T13:19:12Z</time><speed>0.940</speed><sat>28</sat></trkpt>
  <trkpt lat="45.79346297" lon="2.96923295"><ele>1141.354</ele><time>2026-09-21T13:19:15Z</time><speed>0.990</speed><sat>28</sat></trkpt>
  <trkpt lat="45.79345520" lon="2.96918187"><ele>1139.631</ele><time>2026-09-21T13:19:18Z</time><speed>0.980</speed><sat>28</sat></trkpt>
  <trkpt lat="45.79344669" lon="2.96914087"><ele>1140.082</ele><time>2026-09-21T13:19:21Z</time><speed>0.940</speed><sat>29</sat></trkpt>
  <trkpt lat="45.79343979" lon="2.96910542"><ele>1139.344</ele><time>2026-09-21T13:19:24Z</time><speed>0.000</speed><sat>29</sat></trkpt>
  <trkpt lat="45.79343248" lon="2.96905895"><ele>1137.900</ele><time>2026-09-21T13:19:27Z</time><speed>1.150</speed><sat>29</sat></trkpt>
  <trkpt lat="45.79342653" lon="2.96901609"><ele>1137.179</ele><time>2026-09-21T13:19:30Z</time><speed>1.120</speed><sat>29</sat></trkpt>
  <trkpt lat="45.79342051" lon="2.96897990"><ele>1137.833</ele><time>2026-09-21T13:19:33Z</time><speed>1.000</speed><sat>29</sat></trkpt>
  <trkpt lat="45.79341637" lon="2.96894479"><ele>1137.627</ele><time>2026-09-21T13:19:36Z</time><speed>0.910</speed><sat>28</sat></trkpt>
  <trkpt lat="45.79341249" lon="2.96890609"><ele>1136.847</ele><time>2026-09-21T13:19:39Z</time><speed>1.020</speed><sat>27</sat></trkpt>
  <trkpt lat="45.79340485" lon="2.96887236"><ele>1136.659</ele><time>2026-09-21T13:19:42Z</time><speed>0.790</speed><sat>27</sat></trkpt>
  <trkpt lat="45.79339836" lon="2.96883662"><ele>1136.929</ele><time>2026-09-21T13:19:45Z</time><speed>0.700</speed><sat>25</sat></trkpt>
  <trkpt lat="45.79339386" lon="2.96879851"><ele>1137.124</ele><time>2026-09-21T13:19:48Z</time><speed>1.010</speed><sat>26</sat></trkpt>
  <trkpt lat="45.79339097" lon="2.96875778"><ele>1136.598</ele><time>2026-09-21T13:19:51Z</time><speed>1.020</speed><sat>27</sat></trkpt>
  <trkpt lat="45.79339406" lon="2.96872737"><ele>1135.837</ele><time>2026-09-21T13:19:54Z</time><speed>0.990</speed><sat>26</sat></trkpt>
  <trkpt lat="45.79339073" lon="2.96869010"><ele>1135.628</ele><time>2026-09-21T13:19:57Z</time><speed>0.760</speed><sat>27</sat></trkpt>
  <trkpt lat="45.79338645" lon="2.96866738"><ele>1135.726</ele><time>2026-09-21T13:20:00Z</time><speed>0.410</speed><sat>27</sat></trkpt>
  <trkpt lat="45.79338418" lon="2.96866808"><ele>1135.721</ele><time>2026-09-21T13:20:03Z</time><speed>0.000</speed><sat>27</sat></trkpt>
  <trkpt lat="45.79338372" lon="2.96866750"><ele>1135.680</ele><time>2026-09-21T13:20:06Z</time><speed>0.000</speed><sat>26</sat></trkpt>
  <trkpt lat="45.79338348" lon="2.96866661"><ele>1135.718</ele><time>2026-09-21T13:20:09Z</time><speed>0.000</speed><sat>27</sat></trkpt>
  <trkpt lat="45.79339006" lon="2.96865022"><ele>1135.815</ele><time>2026-09-21T13:20:12Z</time><speed>0.550</speed><sat>28</sat></trkpt>
  <trkpt lat="45.79339039" lon="2.96863992"><ele>1135.787</ele><time>2026-09-21T13:20:15Z</time><speed>0.000</speed><sat>28</sat></trkpt>
  <trkpt lat="45.79339058" lon="2.96863695"><ele>1136.028</ele><time>2026-09-21T13:20:18Z</time><speed>0.000</speed><sat>27</sat></trkpt>
  <trkpt lat="45.79338972" lon="2.96863679"><ele>1135.973</ele><time>2026-09-21T13:20:21Z</time><speed>0.000</speed><sat>28</sat></trkpt>
  <trkpt lat="45.79338191" lon="2.96863262"><ele>1136.036</ele><time>2026-09-21T13:20:24Z</time><speed>0.320</speed><sat>28</sat></trkpt>
  <trkpt lat="45.79338113" lon="2.96863028"><ele>1136.041</ele><time>2026-09-21T13:20:27Z</time><speed>0.000</speed><sat>27</sat></trkpt>
  <trkpt lat="45.79338061" lon="2.96862956"><ele>1135.997</ele><time>2026-09-21T13:20:30Z</time><speed>0.000</speed><sat>27</sat></trkpt>
  <trkpt lat="45.79338039" lon="2.96862988"><ele>1135.979</ele><time>2026-09-21T13:20:33Z</time><speed>0.000</speed><sat>27</sat></trkpt>
  <trkpt lat="45.79336596" lon="2.96862935"><ele>1135.624</ele><time>2026-09-21T13:20:36Z</time><speed>0.470</speed><sat>28</sat></trkpt>
  <trkpt lat="45.79334591" lon="2.96861779"><ele>1135.546</ele><time>2026-09-21T13:20:39Z</time><speed>0.940</speed><sat>28</sat></trkpt>
  <trkpt lat="45.79335322" lon="2.96858588"><ele>1134.959</ele><time>2026-09-21T13:20:42Z</time><speed>0.000</speed><sat>29</sat></trkpt>
  <trkpt lat="45.79335508" lon="2.96858838"><ele>1134.953</ele><time>2026-09-21T13:20:45Z</time><speed>0.000</speed><sat>29</sat></trkpt>
  <trkpt lat="45.79335590" lon="2.96858887"><ele>1134.918</ele><time>2026-09-21T13:20:48Z</time><speed>0.000</speed><sat>29</sat></trkpt>
  <trkpt lat="45.79335696" lon="2.96858928"><ele>1134.945</ele><time>2026-09-21T13:20:51Z</time><speed>0.000</speed><sat>29</sat></trkpt>
  <trkpt lat="45.79335795" lon="2.96858971"><ele>1134.938</ele><time>2026-09-21T13:20:54Z</time><speed>0.000</speed><sat>29</sat></trkpt>
  <trkpt lat="45.79335757" lon="2.96859176"><ele>1134.558</ele><time>2026-09-21T13:20:57Z</time><speed>0.000</speed><sat>29</sat></trkpt>
  <trkpt lat="45.79335747" lon="2.96859194"><ele>1134.537</ele><time>2026-09-21T13:21:00Z</time><speed>0.000</speed><sat>29</sat></trkpt>
  <trkpt lat="45.79335751" lon="2.96859257"><ele>1134.522</ele><time>2026-09-21T13:21:03Z</time><speed>0.000</speed><sat>29</sat></trkpt>
  <trkpt lat="45.79335704" lon="2.96859249"><ele>1134.513</ele><time>2026-09-21T13:21:06Z</time><speed>0.000</speed><sat>28</sat></trkpt>
  <trkpt lat="45.79335681" lon="2.96859412"><ele>1134.293</ele><time>2026-09-21T13:21:09Z</time><speed>0.000</speed><sat>29</sat></trkpt>
  <trkpt lat="45.79336211" lon="2.96858516"><ele>1134.772</ele><time>2026-09-21T13:21:12Z</time><speed>0.540</speed><sat>29</sat></trkpt>
  <trkpt lat="45.79336318" lon="2.96857971"><ele>1134.943</ele><time>2026-09-21T13:21:15Z</time><speed>0.000</speed><sat>29</sat></trkpt>
  <trkpt lat="45.79336345" lon="2.96858001"><ele>1134.915</ele><time>2026-09-21T13:21:18Z</time><speed>0.000</speed><sat>29</sat></trkpt>
  <trkpt lat="45.79336365" lon="2.96858075"><ele>1134.954</ele><time>2026-09-21T13:21:21Z</time><speed>0.000</speed><sat>28</sat></trkpt>
  <trkpt lat="45.79336369" lon="2.96858077"><ele>1134.961</ele><time>2026-09-21T13:21:24Z</time><speed>0.000</speed><sat>29</sat></trkpt>
  <trkpt lat="45.79336388" lon="2.96858083"><ele>1135.017</ele><time>2026-09-21T13:21:27Z</time><speed>0.000</speed><sat>29</sat></trkpt>
  <trkpt lat="45.79336373" lon="2.96858142"><ele>1135.028</ele><time>2026-09-21T13:21:30Z</time><speed>0.000</speed><sat>29</sat></trkpt>
  <trkpt lat="45.79336036" lon="2.96858539"><ele>1135.294</ele><time>2026-09-21T13:21:33Z</time><speed>0.000</speed><sat>29</sat></trkpt>
  <trkpt lat="45.79335984" lon="2.96858889"><ele>1135.512</ele><time>2026-09-21T13:21:36Z</time><speed>0.000</speed><sat>29</sat></trkpt>
  <trkpt lat="45.79335982" lon="2.96858914"><ele>1135.519</ele><time>2026-09-21T13:21:39Z</time><speed>0.000</speed><sat>27</sat></trkpt>
  <trkpt lat="45.79335980" lon="2.96858918"><ele>1135.534</ele><time>2026-09-21T13:21:42Z</time><speed>0.000</speed><sat>27</sat></trkpt>
  <trkpt lat="45.79335976" lon="2.96858924"><ele>1135.536</ele><time>2026-09-21T13:21:45Z</time><speed>0.000</speed><sat>26</sat></trkpt>
  <trkpt lat="45.79335986" lon="2.96858926"><ele>1135.513</ele><time>2026-09-21T13:21:48Z</time><speed>0.000</speed><sat>26</sat></trkpt>
  <trkpt lat="45.79335972" lon="2.96858945"><ele>1135.548</ele><time>2026-09-21T13:21:51Z</time><speed>0.000</speed><sat>28</sat></trkpt>
  <trkpt lat="45.79335956" lon="2.96858966"><ele>1135.591</ele><time>2026-09-21T13:21:54Z</time><speed>0.000</speed><sat>29</sat></trkpt>
  <trkpt lat="45.79335941" lon="2.96858963"><ele>1135.627</ele><time>2026-09-21T13:21:57Z</time><speed>0.000</speed><sat>29</sat></trkpt>
  <trkpt lat="45.79335602" lon="2.96858871"><ele>1135.396</ele><time>2026-09-21T13:22:00Z</time><speed>0.380</speed><sat>29</sat></trkpt>
  <trkpt lat="45.79335683" lon="2.96855733"><ele>1135.454</ele><time>2026-09-21T13:22:03Z</time><speed>0.000</speed><sat>28</sat></trkpt>
  <trkpt lat="45.79335435" lon="2.96854886"><ele>1135.117</ele><time>2026-09-21T13:22:06Z</time><speed>0.800</speed><sat>29</sat></trkpt>
  <trkpt lat="45.79337330" lon="2.96854161"><ele>1135.156</ele><time>2026-09-21T13:22:09Z</time><speed>2.290</speed><sat>29</sat></trkpt>
  <trkpt lat="45.79338142" lon="2.96858878"><ele>1133.440</ele><time>2026-09-21T13:22:12Z</time><speed>0.830</speed><sat>29</sat></trkpt>
  <trkpt lat="45.79338000" lon="2.96858970"><ele>1133.584</ele><time>2026-09-21T13:22:15Z</time><speed>0.000</speed><sat>29</sat></trkpt>
  <trkpt lat="45.79337300" lon="2.96858760"><ele>1133.833</ele><time>2026-09-21T13:22:18Z</time><speed>0.000</speed><sat>27</sat></trkpt>
  <trkpt lat="45.79336997" lon="2.96859016"><ele>1133.845</ele><time>2026-09-21T13:22:21Z</time><speed>0.000</speed><sat>28</sat></trkpt>
  <trkpt lat="45.79336950" lon="2.96859047"><ele>1133.847</ele><time>2026-09-21T13:22:24Z</time><speed>0.000</speed><sat>28</sat></trkpt>
  <trkpt lat="45.79336912" lon="2.96859060"><ele>1133.838</ele><time>2026-09-21T13:22:27Z</time><speed>0.000</speed><sat>28</sat></trkpt>
  <trkpt lat="45.79336825" lon="2.96859077"><ele>1133.827</ele><time>2026-09-21T13:22:30Z</time><speed>0.000</speed><sat>27</sat></trkpt>
  <trkpt lat="45.79336749" lon="2.96859062"><ele>1133.827</ele><time>2026-09-21T13:22:33Z</time><speed>0.000</speed><sat>28</sat></trkpt>
  <trkpt lat="45.79336414" lon="2.96859959"><ele>1133.770</ele><time>2026-09-21T13:22:36Z</time><speed>0.000</speed><sat>28</sat></trkpt>
  <trkpt lat="45.79335680" lon="2.96859165"><ele>1133.396</ele><time>2026-09-21T13:22:39Z</time><speed>0.970</speed><sat>28</sat></trkpt>
  <trkpt lat="45.79334529" lon="2.96857231"><ele>1133.182</ele><time>2026-09-21T13:22:42Z</time><speed>1.030</speed><sat>28</sat></trkpt>
  <trkpt lat="45.79334868" lon="2.96854608"><ele>1133.785</ele><time>2026-09-21T13:22:45Z</time><speed>0.900</speed><sat>29</sat></trkpt>
  <trkpt lat="45.79335778" lon="2.96852422"><ele>1134.103</ele><time>2026-09-21T13:22:48Z</time><speed>0.310</speed><sat>29</sat></trkpt>
  <trkpt lat="45.79337157" lon="2.96853067"><ele>1133.929</ele><time>2026-09-21T13:22:51Z</time><speed>0.000</speed><sat>29</sat></trkpt>
  <trkpt lat="45.79336862" lon="2.96852752"><ele>1133.889</ele><time>2026-09-21T13:22:54Z</time><speed>0.000</speed><sat>29</sat></trkpt>
  <trkpt lat="45.79336876" lon="2.96852571"><ele>1133.840</ele><time>2026-09-21T13:22:57Z</time><speed>0.000</speed><sat>28</sat></trkpt>
  <trkpt lat="45.79336999" lon="2.96852343"><ele>1133.719</ele><time>2026-09-21T13:23:00Z</time><speed>0.170</speed><sat>28</sat></trkpt>
  <trkpt lat="45.79337078" lon="2.96852227"><ele>1133.707</ele><time>2026-09-21T13:23:03Z</time><speed>0.000</speed><sat>28</sat></trkpt>
  <trkpt lat="45.79337113" lon="2.96852147"><ele>1133.822</ele><time>2026-09-21T13:23:06Z</time><speed>0.000</speed><sat>29</sat></trkpt>
  <trkpt lat="45.79337130" lon="2.96852143"><ele>1133.819</ele><time>2026-09-21T13:23:09Z</time><speed>0.000</speed><sat>29</sat></trkpt>
  <trkpt lat="45.79338480" lon="2.96850792"><ele>1134.082</ele><time>2026-09-21T13:23:12Z</time><speed>0.580</speed><sat>30</sat></trkpt>
  <trkpt lat="45.79340484" lon="2.96849757"><ele>1134.516</ele><time>2026-09-21T13:23:15Z</time><speed>0.640</speed><sat>29</sat></trkpt>
  <trkpt lat="45.79340782" lon="2.96847027"><ele>1135.434</ele><time>2026-09-21T13:23:18Z</time><speed>1.090</speed><sat>29</sat></trkpt>
  <trkpt lat="45.79341258" lon="2.96843473"><ele>1136.803</ele><time>2026-09-21T13:23:21Z</time><speed>1.270</speed><sat>29</sat></trkpt>
  <trkpt lat="45.79341151" lon="2.96844122"><ele>1137.041</ele><time>2026-09-21T13:23:24Z</time><speed>0.000</speed><sat>29</sat></trkpt>
  <trkpt lat="45.79340694" lon="2.96844412"><ele>1137.276</ele><time>2026-09-21T13:23:27Z</time><speed>0.000</speed><sat>29</sat></trkpt>
  <trkpt lat="45.79340432" lon="2.96844495"><ele>1137.495</ele><time>2026-09-21T13:23:30Z</time><speed>0.000</speed><sat>29</sat></trkpt>
  <trkpt lat="45.79339992" lon="2.96846834"><ele>1137.457</ele><time>2026-09-21T13:23:33Z</time><speed>0.560</speed><sat>26</sat></trkpt>
  <trkpt lat="45.79340178" lon="2.96849834"><ele>1136.830</ele><time>2026-09-21T13:23:36Z</time><speed>0.380</speed><sat>29</sat></trkpt>
  <trkpt lat="45.79339118" lon="2.96853694"><ele>1136.827</ele><time>2026-09-21T13:23:39Z</time><speed>0.600</speed><sat>29</sat></trkpt>
  <trkpt lat="45.79337642" lon="2.96857403"><ele>1136.088</ele><time>2026-09-21T13:23:42Z</time><speed>0.410</speed><sat>29</sat></trkpt>
  <trkpt lat="45.79337344" lon="2.96858372"><ele>1135.127</ele><time>2026-09-21T13:23:45Z</time><speed>0.000</speed><sat>28</sat></trkpt>
  <trkpt lat="45.79337291" lon="2.96858414"><ele>1135.118</ele><time>2026-09-21T13:23:48Z</time><speed>0.000</speed><sat>29</sat></trkpt>
  <trkpt lat="45.79337256" lon="2.96858329"><ele>1135.278</ele><time>2026-09-21T13:23:51Z</time><speed>0.000</speed><sat>29</sat></trkpt>
  <trkpt lat="45.79337246" lon="2.96858288"><ele>1135.292</ele><time>2026-09-21T13:23:54Z</time><speed>0.000</speed><sat>29</sat></trkpt>
  <trkpt lat="45.79337223" lon="2.96858209"><ele>1135.323</ele><time>2026-09-21T13:23:57Z</time><speed>0.000</speed><sat>29</sat></trkpt>
  <trkpt lat="45.79337147" lon="2.96858176"><ele>1135.346</ele><time>2026-09-21T13:24:00Z</time><speed>0.000</speed><sat>29</sat></trkpt>
  <trkpt lat="45.79336958" lon="2.96858285"><ele>1135.282</ele><time>2026-09-21T13:24:03Z</time><speed>0.260</speed><sat>29</sat></trkpt>
  <trkpt lat="45.79336416" lon="2.96858269"><ele>1135.155</ele><time>2026-09-21T13:24:06Z</time><speed>0.000</speed><sat>29</sat></trkpt>
  <trkpt lat="45.79336267" lon="2.96858643"><ele>1135.097</ele><time>2026-09-21T13:24:09Z</time><speed>0.000</speed><sat>29</sat></trkpt>
  <trkpt lat="45.79336296" lon="2.96858482"><ele>1134.642</ele><time>2026-09-21T13:24:12Z</time><speed>0.000</speed><sat>28</sat></trkpt>
  <trkpt lat="45.79335800" lon="2.96858482"><ele>1134.553</ele><time>2026-09-21T13:24:15Z</time><speed>0.000</speed><sat>27</sat></trkpt>
  <trkpt lat="45.79335757" lon="2.96858527"><ele>1134.575</ele><time>2026-09-21T13:24:18Z</time><speed>0.000</speed><sat>28</sat></trkpt>
  <trkpt lat="45.79335696" lon="2.96858594"><ele>1134.495</ele><time>2026-09-21T13:24:21Z</time><speed>0.000</speed><sat>29</sat></trkpt>
  <trkpt lat="45.79335611" lon="2.96858660"><ele>1134.392</ele><time>2026-09-21T13:24:24Z</time><speed>0.000</speed><sat>29</sat></trkpt>
  <trkpt lat="45.79335616" lon="2.96858735"><ele>1134.356</ele><time>2026-09-21T13:24:27Z</time><speed>0.000</speed><sat>28</sat></trkpt>
  <trkpt lat="45.79335595" lon="2.96858752"><ele>1134.326</ele><time>2026-09-21T13:24:30Z</time><speed>0.000</speed><sat>29</sat></trkpt>
  <trkpt lat="45.79335515" lon="2.96858651"><ele>1134.370</ele><time>2026-09-21T13:24:33Z</time><speed>0.000</speed><sat>29</sat></trkpt>
  <trkpt lat="45.79335232" lon="2.96858402"><ele>1134.275</ele><time>2026-09-21T13:24:36Z</time><speed>0.000</speed><sat>29</sat></trkpt>
  <trkpt lat="45.79335061" lon="2.96858289"><ele>1134.200</ele><time>2026-09-21T13:24:39Z</time><speed>0.000</speed><sat>29</sat></trkpt>
  <trkpt lat="45.79335087" lon="2.96858380"><ele>1134.068</ele><time>2026-09-21T13:24:42Z</time><speed>0.000</speed><sat>29</sat></trkpt>
  <trkpt lat="45.79335068" lon="2.96858463"><ele>1134.095</ele><time>2026-09-21T13:24:45Z</time><speed>0.000</speed><sat>29</sat></trkpt>
  <trkpt lat="45.79335031" lon="2.96858453"><ele>1134.188</ele><time>2026-09-21T13:24:48Z</time><speed>0.000</speed><sat>29</sat></trkpt>
  <trkpt lat="45.79335009" lon="2.96858398"><ele>1134.181</ele><time>2026-09-21T13:24:51Z</time><speed>0.000</speed><sat>29</sat></trkpt>
  <trkpt lat="45.79335005" lon="2.96858373"><ele>1134.145</ele><time>2026-09-21T13:24:54Z</time><speed>0.000</speed><sat>29</sat></trkpt>
  <trkpt lat="45.79335009" lon="2.96858358"><ele>1134.110</ele><time>2026-09-21T13:24:57Z</time><speed>0.000</speed><sat>29</sat></trkpt>
  <trkpt lat="45.79335025" lon="2.96858414"><ele>1134.070</ele><time>2026-09-21T13:25:00Z</time><speed>0.000</speed><sat>28</sat></trkpt>
  <trkpt lat="45.79335029" lon="2.96858251"><ele>1134.092</ele><time>2026-09-21T13:25:03Z</time><speed>0.200</speed><sat>29</sat></trkpt>
  <trkpt lat="45.79335145" lon="2.96858125"><ele>1134.114</ele><time>2026-09-21T13:25:06Z</time><speed>0.000</speed><sat>29</sat></trkpt>
  <trkpt lat="45.79334582" lon="2.96857776"><ele>1134.074</ele><time>2026-09-21T13:25:09Z</time><speed>0.290</speed><sat>29</sat></trkpt>
  <trkpt lat="45.79333678" lon="2.96857947"><ele>1134.235</ele><time>2026-09-21T13:25:12Z</time><speed>0.000</speed><sat>29</sat></trkpt>
  <trkpt lat="45.79333922" lon="2.96858600"><ele>1134.052</ele><time>2026-09-21T13:25:15Z</time><speed>0.000</speed><sat>29</sat></trkpt>
  <trkpt lat="45.79333940" lon="2.96858686"><ele>1134.021</ele><time>2026-09-21T13:25:18Z</time><speed>0.000</speed><sat>29</sat></trkpt>
  <trkpt lat="45.79333977" lon="2.96858772"><ele>1133.924</ele><time>2026-09-21T13:25:21Z</time><speed>0.000</speed><sat>29</sat></trkpt>
  <trkpt lat="45.79333959" lon="2.96858841"><ele>1133.954</ele><time>2026-09-21T13:25:24Z</time><speed>0.000</speed><sat>29</sat></trkpt>
  <trkpt lat="45.79333968" lon="2.96858914"><ele>1133.988</ele><time>2026-09-21T13:25:27Z</time><speed>0.000</speed><sat>29</sat></trkpt>
  <trkpt lat="45.79334013" lon="2.96858517"><ele>1133.866</ele><time>2026-09-21T13:25:30Z</time><speed>0.000</speed><sat>29</sat></trkpt>
  <trkpt lat="45.79334027" lon="2.96858002"><ele>1133.935</ele><time>2026-09-21T13:25:33Z</time><speed>0.000</speed><sat>29</sat></trkpt>
  <trkpt lat="45.79334035" lon="2.96857904"><ele>1133.936</ele><time>2026-09-21T13:25:36Z</time><speed>0.000</speed><sat>29</sat></trkpt>
  <trkpt lat="45.79334041" lon="2.96857935"><ele>1133.923</ele><time>2026-09-21T13:25:39Z</time><speed>0.000</speed><sat>29</sat></trkpt>
  <trkpt lat="45.79334027" lon="2.96857891"><ele>1133.921</ele><time>2026-09-21T13:25:42Z</time><speed>0.000</speed><sat>29</sat></trkpt>
  <trkpt lat="45.79334035" lon="2.96857928"><ele>1133.922</ele><time>2026-09-21T13:25:45Z</time><speed>0.000</speed><sat>29</sat></trkpt>
  <trkpt lat="45.79334063" lon="2.96857751"><ele>1133.717</ele><time>2026-09-21T13:25:48Z</time><speed>0.000</speed><sat>28</sat></trkpt>
  <trkpt lat="45.79333730" lon="2.96857891"><ele>1133.810</ele><time>2026-09-21T13:25:51Z</time><speed>0.000</speed><sat>29</sat></trkpt>
  <trkpt lat="45.79333631" lon="2.96857892"><ele>1133.785</ele><time>2026-09-21T13:25:54Z</time><speed>0.000</speed><sat>29</sat></trkpt>
  <trkpt lat="45.79333587" lon="2.96857871"><ele>1133.832</ele><time>2026-09-21T13:25:57Z</time><speed>0.000</speed><sat>27</sat></trkpt>
  <trkpt lat="45.79333578" lon="2.96857721"><ele>1133.793</ele><time>2026-09-21T13:26:00Z</time><speed>0.000</speed><sat>28</sat></trkpt>
  <trkpt lat="45.79333526" lon="2.96857685"><ele>1133.911</ele><time>2026-09-21T13:26:03Z</time><speed>0.000</speed><sat>30</sat></trkpt>
  <trkpt lat="45.79333527" lon="2.96857630"><ele>1133.949</ele><time>2026-09-21T13:26:06Z</time><speed>0.000</speed><sat>30</sat></trkpt>
  <trkpt lat="45.79333467" lon="2.96857611"><ele>1134.045</ele><time>2026-09-21T13:26:09Z</time><speed>0.000</speed><sat>29</sat></trkpt>
  <trkpt lat="45.79333438" lon="2.96857602"><ele>1134.063</ele><time>2026-09-21T13:26:12Z</time><speed>0.000</speed><sat>28</sat></trkpt>
  <trkpt lat="45.79333276" lon="2.96857507"><ele>1133.773</ele><time>2026-09-21T13:26:15Z</time><speed>0.000</speed><sat>28</sat></trkpt>
  <trkpt lat="45.79333329" lon="2.96857452"><ele>1133.787</ele><time>2026-09-21T13:26:18Z</time><speed>0.000</speed><sat>28</sat></trkpt>
  <trkpt lat="45.79333320" lon="2.96857446"><ele>1133.795</ele><time>2026-09-21T13:26:21Z</time><speed>0.000</speed><sat>28</sat></trkpt>
  <trkpt lat="45.79333188" lon="2.96857373"><ele>1133.781</ele><time>2026-09-21T13:26:24Z</time><speed>0.270</speed><sat>27</sat></trkpt>
  <trkpt lat="45.79333154" lon="2.96857649"><ele>1133.546</ele><time>2026-09-21T13:26:27Z</time><speed>0.000</speed><sat>29</sat></trkpt>
  <trkpt lat="45.79333310" lon="2.96857724"><ele>1133.555</ele><time>2026-09-21T13:26:30Z</time><speed>0.170</speed><sat>29</sat></trkpt>
  <trkpt lat="45.79333513" lon="2.96857402"><ele>1133.594</ele><time>2026-09-21T13:26:33Z</time><speed>0.000</speed><sat>29</sat></trkpt>
  <trkpt lat="45.79333265" lon="2.96857772"><ele>1133.329</ele><time>2026-09-21T13:26:36Z</time><speed>0.000</speed><sat>29</sat></trkpt>
  <trkpt lat="45.79333268" lon="2.96857963"><ele>1133.450</ele><time>2026-09-21T13:26:39Z</time><speed>0.000</speed><sat>29</sat></trkpt>
  <trkpt lat="45.79333314" lon="2.96858075"><ele>1133.506</ele><time>2026-09-21T13:26:42Z</time><speed>0.000</speed><sat>29</sat></trkpt>
  <trkpt lat="45.79333289" lon="2.96857742"><ele>1133.662</ele><time>2026-09-21T13:26:45Z</time><speed>0.000</speed><sat>29</sat></trkpt>
  <trkpt lat="45.79333268" lon="2.96857666"><ele>1133.668</ele><time>2026-09-21T13:26:48Z</time><speed>0.000</speed><sat>28</sat></trkpt>
  <trkpt lat="45.79333282" lon="2.96857569"><ele>1133.668</ele><time>2026-09-21T13:26:51Z</time><speed>0.000</speed><sat>29</sat></trkpt>
  <trkpt lat="45.79333113" lon="2.96857430"><ele>1133.735</ele><time>2026-09-21T13:26:54Z</time><speed>0.180</speed><sat>29</sat></trkpt>
  <trkpt lat="45.79332114" lon="2.96856623"><ele>1133.504</ele><time>2026-09-21T13:26:57Z</time><speed>0.390</speed><sat>29</sat></trkpt>
  <trkpt lat="45.79331660" lon="2.96856407"><ele>1133.331</ele><time>2026-09-21T13:27:00Z</time><speed>0.000</speed><sat>29</sat></trkpt>
  <trkpt lat="45.79331644" lon="2.96856369"><ele>1133.331</ele><time>2026-09-21T13:27:03Z</time><speed>0.000</speed><sat>29</sat></trkpt>
  <trkpt lat="45.79331423" lon="2.96856151"><ele>1133.530</ele><time>2026-09-21T13:27:06Z</time><speed>0.330</speed><sat>28</sat></trkpt>
  <trkpt lat="45.79329703" lon="2.96853180"><ele>1133.881</ele><time>2026-09-21T13:27:09Z</time><speed>1.010</speed><sat>29</sat></trkpt>
  <trkpt lat="45.79329613" lon="2.96852641"><ele>1134.016</ele><time>2026-09-21T13:27:12Z</time><speed>0.000</speed><sat>29</sat></trkpt>
  <trkpt lat="45.79329613" lon="2.96852582"><ele>1134.012</ele><time>2026-09-21T13:27:15Z</time><speed>0.000</speed><sat>29</sat></trkpt>
  <trkpt lat="45.79329567" lon="2.96853310"><ele>1133.954</ele><time>2026-09-21T13:27:18Z</time><speed>0.000</speed><sat>27</sat></trkpt>
  <trkpt lat="45.79329676" lon="2.96853501"><ele>1133.948</ele><time>2026-09-21T13:27:21Z</time><speed>0.000</speed><sat>29</sat></trkpt>
  <trkpt lat="45.79329710" lon="2.96853655"><ele>1133.854</ele><time>2026-09-21T13:27:24Z</time><speed>0.000</speed><sat>29</sat></trkpt>
  <trkpt lat="45.79328467" lon="2.96852173"><ele>1134.150</ele><time>2026-09-21T13:27:27Z</time><speed>0.690</speed><sat>29</sat></trkpt>
  <trkpt lat="45.79327171" lon="2.96849748"><ele>1135.172</ele><time>2026-09-21T13:27:30Z</time><speed>0.500</speed><sat>29</sat></trkpt>
  <trkpt lat="45.79324607" lon="2.96847869"><ele>1135.751</ele><time>2026-09-21T13:27:33Z</time><speed>0.790</speed><sat>29</sat></trkpt>
  <trkpt lat="45.79321945" lon="2.96847185"><ele>1135.498</ele><time>2026-09-21T13:27:36Z</time><speed>1.380</speed><sat>30</sat></trkpt>
  <trkpt lat="45.79318584" lon="2.96847045"><ele>1134.886</ele><time>2026-09-21T13:27:39Z</time><speed>1.260</speed><sat>30</sat></trkpt>
  <trkpt lat="45.79315272" lon="2.96845840"><ele>1134.768</ele><time>2026-09-21T13:27:42Z</time><speed>1.310</speed><sat>30</sat></trkpt>
  <trkpt lat="45.79311936" lon="2.96844523"><ele>1133.984</ele><time>2026-09-21T13:27:45Z</time><speed>1.260</speed><sat>30</sat></trkpt>
  <trkpt lat="45.79309719" lon="2.96841230"><ele>1134.355</ele><time>2026-09-21T13:27:48Z</time><speed>1.060</speed><sat>31</sat></trkpt>
  <trkpt lat="45.79307212" lon="2.96838955"><ele>1134.874</ele><time>2026-09-21T13:27:51Z</time><speed>1.050</speed><sat>32</sat></trkpt>
  <trkpt lat="45.79304785" lon="2.96837256"><ele>1135.697</ele><time>2026-09-21T13:27:54Z</time><speed>1.070</speed><sat>31</sat></trkpt>
  <trkpt lat="45.79302414" lon="2.96835820"><ele>1135.978</ele><time>2026-09-21T13:27:57Z</time><speed>0.980</speed><sat>32</sat></trkpt>
  <trkpt lat="45.79299139" lon="2.96833870"><ele>1136.643</ele><time>2026-09-21T13:28:00Z</time><speed>1.030</speed><sat>32</sat></trkpt>
  <trkpt lat="45.79295870" lon="2.96834730"><ele>1137.323</ele><time>2026-09-21T13:28:03Z</time><speed>1.090</speed><sat>32</sat></trkpt>
  <trkpt lat="45.79293131" lon="2.96836865"><ele>1137.655</ele><time>2026-09-21T13:28:06Z</time><speed>1.010</speed><sat>32</sat></trkpt>
  <trkpt lat="45.79290247" lon="2.96839778"><ele>1138.229</ele><time>2026-09-21T13:28:09Z</time><speed>1.060</speed><sat>32</sat></trkpt>
  <trkpt lat="45.79288064" lon="2.96843484"><ele>1138.377</ele><time>2026-09-21T13:28:12Z</time><speed>1.100</speed><sat>32</sat></trkpt>
  <trkpt lat="45.79285840" lon="2.96847548"><ele>1139.447</ele><time>2026-09-21T13:28:15Z</time><speed>1.130</speed><sat>33</sat></trkpt>
  <trkpt lat="45.79283205" lon="2.96851232"><ele>1139.447</ele><time>2026-09-21T13:28:18Z</time><speed>1.370</speed><sat>33</sat></trkpt>
  <trkpt lat="45.79281034" lon="2.96854528"><ele>1138.672</ele><time>2026-09-21T13:28:21Z</time><speed>1.030</speed><sat>33</sat></trkpt>
  <trkpt lat="45.79279106" lon="2.96858990"><ele>1138.282</ele><time>2026-09-21T13:28:24Z</time><speed>1.250</speed><sat>33</sat></trkpt>
  <trkpt lat="45.79277413" lon="2.96863274"><ele>1137.750</ele><time>2026-09-21T13:28:27Z</time><speed>1.070</speed><sat>33</sat></trkpt>
  <trkpt lat="45.79273639" lon="2.96861537"><ele>1135.673</ele><time>2026-09-21T13:28:30Z</time><speed>2.810</speed><sat>34</sat></trkpt>
  <trkpt lat="45.79275686" lon="2.96857418"><ele>1134.397</ele><time>2026-09-21T13:28:33Z</time><speed>1.240</speed><sat>34</sat></trkpt>
  <trkpt lat="45.79276732" lon="2.96853642"><ele>1135.665</ele><time>2026-09-21T13:28:36Z</time><speed>1.030</speed><sat>34</sat></trkpt>
  <trkpt lat="45.79276131" lon="2.96850296"><ele>1136.367</ele><time>2026-09-21T13:28:39Z</time><speed>1.060</speed><sat>34</sat></trkpt>
  <trkpt lat="45.79274498" lon="2.96847989"><ele>1137.841</ele><time>2026-09-21T13:28:42Z</time><speed>1.200</speed><sat>33</sat></trkpt>
  <trkpt lat="45.79272688" lon="2.96845412"><ele>1138.364</ele><time>2026-09-21T13:28:45Z</time><speed>0.910</speed><sat>33</sat></trkpt>
  <trkpt lat="45.79270513" lon="2.96842631"><ele>1138.199</ele><time>2026-09-21T13:28:48Z</time><speed>1.060</speed><sat>32</sat></trkpt>
  <trkpt lat="45.79267816" lon="2.96841108"><ele>1138.882</ele><time>2026-09-21T13:28:51Z</time><speed>1.220</speed><sat>33</sat></trkpt>
  <trkpt lat="45.79265092" lon="2.96840378"><ele>1139.510</ele><time>2026-09-21T13:28:54Z</time><speed>0.960</speed><sat>34</sat></trkpt>
  <trkpt lat="45.79262118" lon="2.96840676"><ele>1139.691</ele><time>2026-09-21T13:28:57Z</time><speed>0.890</speed><sat>34</sat></trkpt>
  <trkpt lat="45.79259380" lon="2.96841197"><ele>1139.662</ele><time>2026-09-21T13:29:00Z</time><speed>1.020</speed><sat>34</sat></trkpt>
  <trkpt lat="45.79256442" lon="2.96841435"><ele>1140.118</ele><time>2026-09-21T13:29:03Z</time><speed>1.100</speed><sat>34</sat></trkpt>
  <trkpt lat="45.79253679" lon="2.96841106"><ele>1140.947</ele><time>2026-09-21T13:29:06Z</time><speed>1.180</speed><sat>34</sat></trkpt>
  <trkpt lat="45.79250757" lon="2.96840616"><ele>1141.075</ele><time>2026-09-21T13:29:09Z</time><speed>1.310</speed><sat>33</sat></trkpt>
  <trkpt lat="45.79248118" lon="2.96839764"><ele>1141.790</ele><time>2026-09-21T13:29:12Z</time><speed>1.080</speed><sat>34</sat></trkpt>
  <trkpt lat="45.79245363" lon="2.96838650"><ele>1142.300</ele><time>2026-09-21T13:29:15Z</time><speed>1.260</speed><sat>34</sat></trkpt>
  <trkpt lat="45.79242804" lon="2.96837540"><ele>1142.627</ele><time>2026-09-21T13:29:18Z</time><speed>1.100</speed><sat>34</sat></trkpt>
  <trkpt lat="45.79240521" lon="2.96836386"><ele>1143.054</ele><time>2026-09-21T13:29:21Z</time><speed>1.170</speed><sat>34</sat></trkpt>
  <trkpt lat="45.79238029" lon="2.96835513"><ele>1143.499</ele><time>2026-09-21T13:29:24Z</time><speed>1.270</speed><sat>34</sat></trkpt>
  <trkpt lat="45.79235397" lon="2.96835136"><ele>1144.077</ele><time>2026-09-21T13:29:27Z</time><speed>1.040</speed><sat>34</sat></trkpt>
  <trkpt lat="45.79232860" lon="2.96834449"><ele>1144.290</ele><time>2026-09-21T13:29:30Z</time><speed>0.850</speed><sat>34</sat></trkpt>
  <trkpt lat="45.79230216" lon="2.96834017"><ele>1144.678</ele><time>2026-09-21T13:29:33Z</time><speed>1.190</speed><sat>34</sat></trkpt>
  <trkpt lat="45.79227410" lon="2.96833295"><ele>1144.877</ele><time>2026-09-21T13:29:36Z</time><speed>1.260</speed><sat>34</sat></trkpt>
  <trkpt lat="45.79224823" lon="2.96831956"><ele>1145.475</ele><time>2026-09-21T13:29:39Z</time><speed>1.080</speed><sat>34</sat></trkpt>
  <trkpt lat="45.79222369" lon="2.96831234"><ele>1145.699</ele><time>2026-09-21T13:29:42Z</time><speed>1.020</speed><sat>34</sat></trkpt>
  <trkpt lat="45.79220009" lon="2.96830841"><ele>1146.335</ele><time>2026-09-21T13:29:45Z</time><speed>1.000</speed><sat>34</sat></trkpt>
  <trkpt lat="45.79217093" lon="2.96829972"><ele>1146.881</ele><time>2026-09-21T13:29:48Z</time><speed>1.110</speed><sat>34</sat></trkpt>
  <trkpt lat="45.79214191" lon="2.96828803"><ele>1147.264</ele><time>2026-09-21T13:29:51Z</time><speed>0.880</speed><sat>34</sat></trkpt>
  <trkpt lat="45.79211259" lon="2.96827631"><ele>1147.952</ele><time>2026-09-21T13:29:54Z</time><speed>0.960</speed><sat>34</sat></trkpt>
  <trkpt lat="45.79208136" lon="2.96826982"><ele>1148.341</ele><time>2026-09-21T13:29:57Z</time><speed>1.160</speed><sat>32</sat></trkpt>
  <trkpt lat="45.79205074" lon="2.96827659"><ele>1148.663</ele><time>2026-09-21T13:30:00Z</time><speed>1.420</speed><sat>32</sat></trkpt>
  <trkpt lat="45.79202131" lon="2.96828889"><ele>1148.514</ele><time>2026-09-21T13:30:03Z</time><speed>1.500</speed><sat>31</sat></trkpt>
  <trkpt lat="45.79199299" lon="2.96830833"><ele>1148.617</ele><time>2026-09-21T13:30:06Z</time><speed>1.030</speed><sat>31</sat></trkpt>
  <trkpt lat="45.79196473" lon="2.96833613"><ele>1148.593</ele><time>2026-09-21T13:30:09Z</time><speed>1.200</speed><sat>32</sat></trkpt>
  <trkpt lat="45.79193686" lon="2.96835646"><ele>1148.303</ele><time>2026-09-21T13:30:12Z</time><speed>1.420</speed><sat>34</sat></trkpt>
  <trkpt lat="45.79190945" lon="2.96837107"><ele>1148.523</ele><time>2026-09-21T13:30:15Z</time><speed>1.000</speed><sat>34</sat></trkpt>
  <trkpt lat="45.79187246" lon="2.96837790"><ele>1148.610</ele><time>2026-09-21T13:30:18Z</time><speed>1.210</speed><sat>34</sat></trkpt>
  <trkpt lat="45.79183680" lon="2.96837718"><ele>1149.049</ele><time>2026-09-21T13:30:21Z</time><speed>1.370</speed><sat>34</sat></trkpt>
  <trkpt lat="45.79180330" lon="2.96838154"><ele>1149.479</ele><time>2026-09-21T13:30:24Z</time><speed>1.410</speed><sat>34</sat></trkpt>
  <trkpt lat="45.79177368" lon="2.96838104"><ele>1149.406</ele><time>2026-09-21T13:30:27Z</time><speed>1.290</speed><sat>34</sat></trkpt>
  <trkpt lat="45.79174400" lon="2.96837579"><ele>1149.735</ele><time>2026-09-21T13:30:30Z</time><speed>0.820</speed><sat>34</sat></trkpt>
  <trkpt lat="45.79170737" lon="2.96836623"><ele>1150.215</ele><time>2026-09-21T13:30:33Z</time><speed>1.260</speed><sat>34</sat></trkpt>
  <trkpt lat="45.79167279" lon="2.96835161"><ele>1150.640</ele><time>2026-09-21T13:30:36Z</time><speed>1.610</speed><sat>34</sat></trkpt>
  <trkpt lat="45.79163960" lon="2.96833721"><ele>1150.992</ele><time>2026-09-21T13:30:39Z</time><speed>1.430</speed><sat>33</sat></trkpt>
  <trkpt lat="45.79160626" lon="2.96832896"><ele>1151.416</ele><time>2026-09-21T13:30:42Z</time><speed>1.020</speed><sat>34</sat></trkpt>
  <trkpt lat="45.79156919" lon="2.96831947"><ele>1152.011</ele><time>2026-09-21T13:30:45Z</time><speed>1.210</speed><sat>34</sat></trkpt>
  <trkpt lat="45.79153788" lon="2.96830637"><ele>1151.658</ele><time>2026-09-21T13:30:48Z</time><speed>1.660</speed><sat>34</sat></trkpt>
  <trkpt lat="45.79150361" lon="2.96829748"><ele>1151.453</ele><time>2026-09-21T13:30:51Z</time><speed>1.060</speed><sat>34</sat></trkpt>
  <trkpt lat="45.79146671" lon="2.96828882"><ele>1151.516</ele><time>2026-09-21T13:30:54Z</time><speed>1.340</speed><sat>34</sat></trkpt>
  <trkpt lat="45.79143602" lon="2.96827350"><ele>1151.662</ele><time>2026-09-21T13:30:57Z</time><speed>1.380</speed><sat>34</sat></trkpt>
  <trkpt lat="45.79140424" lon="2.96826379"><ele>1151.621</ele><time>2026-09-21T13:31:00Z</time><speed>1.030</speed><sat>34</sat></trkpt>
  <trkpt lat="45.79137012" lon="2.96824955"><ele>1152.013</ele><time>2026-09-21T13:31:03Z</time><speed>1.190</speed><sat>34</sat></trkpt>
  <trkpt lat="45.79133882" lon="2.96823407"><ele>1152.094</ele><time>2026-09-21T13:31:06Z</time><speed>1.350</speed><sat>34</sat></trkpt>
  <trkpt lat="45.79130216" lon="2.96821725"><ele>1152.500</ele><time>2026-09-21T13:31:09Z</time><speed>1.220</speed><sat>34</sat></trkpt>
  <trkpt lat="45.79126450" lon="2.96820706"><ele>1152.421</ele><time>2026-09-21T13:31:12Z</time><speed>1.320</speed><sat>34</sat></trkpt>
  <trkpt lat="45.79123249" lon="2.96818422"><ele>1153.029</ele><time>2026-09-21T13:31:15Z</time><speed>1.230</speed><sat>34</sat></trkpt>
  <trkpt lat="45.79119923" lon="2.96815449"><ele>1153.177</ele><time>2026-09-21T13:31:18Z</time><speed>1.650</speed><sat>34</sat></trkpt>
  <trkpt lat="45.79116852" lon="2.96812934"><ele>1153.121</ele><time>2026-09-21T13:31:21Z</time><speed>1.180</speed><sat>34</sat></trkpt>
  <trkpt lat="45.79113407" lon="2.96810997"><ele>1153.314</ele><time>2026-09-21T13:31:24Z</time><speed>1.470</speed><sat>34</sat></trkpt>
  <trkpt lat="45.79110473" lon="2.96809062"><ele>1153.450</ele><time>2026-09-21T13:31:27Z</time><speed>1.180</speed><sat>34</sat></trkpt>
  <trkpt lat="45.79107583" lon="2.96806813"><ele>1153.770</ele><time>2026-09-21T13:31:30Z</time><speed>1.150</speed><sat>34</sat></trkpt>
  <trkpt lat="45.79104477" lon="2.96804390"><ele>1154.243</ele><time>2026-09-21T13:31:33Z</time><speed>1.340</speed><sat>34</sat></trkpt>
  <trkpt lat="45.79102050" lon="2.96802406"><ele>1154.542</ele><time>2026-09-21T13:31:36Z</time><speed>1.390</speed><sat>34</sat></trkpt>
  <trkpt lat="45.79099345" lon="2.96800402"><ele>1154.686</ele><time>2026-09-21T13:31:39Z</time><speed>1.050</speed><sat>34</sat></trkpt>
  <trkpt lat="45.79096194" lon="2.96798126"><ele>1155.119</ele><time>2026-09-21T13:31:42Z</time><speed>1.190</speed><sat>34</sat></trkpt>
  <trkpt lat="45.79092786" lon="2.96795598"><ele>1155.855</ele><time>2026-09-21T13:31:45Z</time><speed>1.500</speed><sat>34</sat></trkpt>
  <trkpt lat="45.79089552" lon="2.96793152"><ele>1156.293</ele><time>2026-09-21T13:31:48Z</time><speed>1.360</speed><sat>33</sat></trkpt>
  <trkpt lat="45.79086339" lon="2.96791671"><ele>1156.704</ele><time>2026-09-21T13:31:51Z</time><speed>0.960</speed><sat>34</sat></trkpt>
  <trkpt lat="45.79083187" lon="2.96789557"><ele>1157.261</ele><time>2026-09-21T13:31:54Z</time><speed>1.170</speed><sat>34</sat></trkpt>
  <trkpt lat="45.79080398" lon="2.96788243"><ele>1156.872</ele><time>2026-09-21T13:31:57Z</time><speed>1.300</speed><sat>34</sat></trkpt>
  <trkpt lat="45.79077614" lon="2.96786287"><ele>1157.046</ele><time>2026-09-21T13:32:00Z</time><speed>1.040</speed><sat>34</sat></trkpt>
  <trkpt lat="45.79074516" lon="2.96783270"><ele>1157.875</ele><time>2026-09-21T13:32:03Z</time><speed>1.450</speed><sat>34</sat></trkpt>
  <trkpt lat="45.79068965" lon="2.96776187"><ele>1160.667</ele><time>2026-09-21T13:32:06Z</time><speed>2.790</speed><sat>34</sat></trkpt>
  <trkpt lat="45.79065938" lon="2.96769971"><ele>1164.502</ele><time>2026-09-21T13:32:09Z</time><speed>1.900</speed><sat>34</sat></trkpt>
  <trkpt lat="45.79063520" lon="2.96767866"><ele>1164.904</ele><time>2026-09-21T13:32:12Z</time><speed>1.160</speed><sat>34</sat></trkpt>
  <trkpt lat="45.79061300" lon="2.96765845"><ele>1164.703</ele><time>2026-09-21T13:32:15Z</time><speed>1.050</speed><sat>33</sat></trkpt>
  <trkpt lat="45.79059427" lon="2.96764723"><ele>1164.325</ele><time>2026-09-21T13:32:18Z</time><speed>1.290</speed><sat>33</sat></trkpt>
  <trkpt lat="45.79057028" lon="2.96761798"><ele>1165.349</ele><time>2026-09-21T13:32:21Z</time><speed>1.420</speed><sat>34</sat></trkpt>
  <trkpt lat="45.79054533" lon="2.96758730"><ele>1166.033</ele><time>2026-09-21T13:32:24Z</time><speed>1.420</speed><sat>34</sat></trkpt>
  <trkpt lat="45.79052041" lon="2.96756851"><ele>1165.862</ele><time>2026-09-21T13:32:27Z</time><speed>0.980</speed><sat>33</sat></trkpt>
  <trkpt lat="45.79048811" lon="2.96755755"><ele>1165.588</ele><time>2026-09-21T13:32:30Z</time><speed>1.120</speed><sat>34</sat></trkpt>
  <trkpt lat="45.79046584" lon="2.96754498"><ele>1165.725</ele><time>2026-09-21T13:32:33Z</time><speed>0.920</speed><sat>34</sat></trkpt>
  <trkpt lat="45.79043393" lon="2.96753193"><ele>1165.794</ele><time>2026-09-21T13:32:36Z</time><speed>1.480</speed><sat>34</sat></trkpt>
  <trkpt lat="45.79040447" lon="2.96752180"><ele>1165.427</ele><time>2026-09-21T13:32:39Z</time><speed>1.160</speed><sat>34</sat></trkpt>
  <trkpt lat="45.79037584" lon="2.96750389"><ele>1165.232</ele><time>2026-09-21T13:32:42Z</time><speed>0.950</speed><sat>34</sat></trkpt>
  <trkpt lat="45.79034680" lon="2.96748793"><ele>1165.598</ele><time>2026-09-21T13:32:45Z</time><speed>1.130</speed><sat>34</sat></trkpt>
  <trkpt lat="45.79032312" lon="2.96747290"><ele>1165.935</ele><time>2026-09-21T13:32:48Z</time><speed>1.080</speed><sat>34</sat></trkpt>
  <trkpt lat="45.79030322" lon="2.96745073"><ele>1166.147</ele><time>2026-09-21T13:32:51Z</time><speed>1.020</speed><sat>34</sat></trkpt>
  <trkpt lat="45.79029072" lon="2.96743812"><ele>1165.323</ele><time>2026-09-21T13:32:54Z</time><speed>0.900</speed><sat>34</sat></trkpt>
  <trkpt lat="45.79028854" lon="2.96740802"><ele>1165.171</ele><time>2026-09-21T13:32:57Z</time><speed>0.000</speed><sat>34</sat></trkpt>
  <trkpt lat="45.79028966" lon="2.96741651"><ele>1165.120</ele><time>2026-09-21T13:33:00Z</time><speed>0.000</speed><sat>34</sat></trkpt>
  <trkpt lat="45.79028976" lon="2.96741743"><ele>1165.102</ele><time>2026-09-21T13:33:03Z</time><speed>0.000</speed><sat>34</sat></trkpt>
  <trkpt lat="45.79028889" lon="2.96745875"><ele>1161.608</ele><time>2026-09-21T13:33:06Z</time><speed>1.260</speed><sat>34</sat></trkpt>
  <trkpt lat="45.79027354" lon="2.96744280"><ele>1162.099</ele><time>2026-09-21T13:33:09Z</time><speed>1.040</speed><sat>34</sat></trkpt>
  <trkpt lat="45.79025217" lon="2.96741769"><ele>1162.395</ele><time>2026-09-21T13:33:12Z</time><speed>1.410</speed><sat>33</sat></trkpt>
  <trkpt lat="45.79022709" lon="2.96740255"><ele>1162.721</ele><time>2026-09-21T13:33:15Z</time><speed>1.420</speed><sat>33</sat></trkpt>
  <trkpt lat="45.79019977" lon="2.96739685"><ele>1163.066</ele><time>2026-09-21T13:33:18Z</time><speed>0.980</speed><sat>34</sat></trkpt>
  <trkpt lat="45.79017164" lon="2.96738672"><ele>1162.981</ele><time>2026-09-21T13:33:21Z</time><speed>0.860</speed><sat>34</sat></trkpt>
  <trkpt lat="45.79014502" lon="2.96737089"><ele>1163.335</ele><time>2026-09-21T13:33:24Z</time><speed>0.910</speed><sat>34</sat></trkpt>
  <trkpt lat="45.79011646" lon="2.96736023"><ele>1163.757</ele><time>2026-09-21T13:33:27Z</time><speed>0.950</speed><sat>34</sat></trkpt>
  <trkpt lat="45.79008624" lon="2.96734395"><ele>1164.268</ele><time>2026-09-21T13:33:30Z</time><speed>0.990</speed><sat>34</sat></trkpt>
  <trkpt lat="45.79005673" lon="2.96733782"><ele>1164.673</ele><time>2026-09-21T13:33:33Z</time><speed>1.050</speed><sat>34</sat></trkpt>
  <trkpt lat="45.79001375" lon="2.96733104"><ele>1165.987</ele><time>2026-09-21T13:33:36Z</time><speed>2.680</speed><sat>34</sat></trkpt>
  <trkpt lat="45.78995621" lon="2.96729945"><ele>1169.186</ele><time>2026-09-21T13:33:39Z</time><speed>2.160</speed><sat>34</sat></trkpt>
  <trkpt lat="45.78992147" lon="2.96729214"><ele>1171.087</ele><time>2026-09-21T13:33:42Z</time><speed>1.580</speed><sat>34</sat></trkpt>
  <trkpt lat="45.78990017" lon="2.96730466"><ele>1170.689</ele><time>2026-09-21T13:33:45Z</time><speed>0.810</speed><sat>34</sat></trkpt>
  <trkpt lat="45.78988106" lon="2.96731293"><ele>1170.035</ele><time>2026-09-21T13:33:48Z</time><speed>1.000</speed><sat>34</sat></trkpt>
  <trkpt lat="45.78985802" lon="2.96731315"><ele>1169.987</ele><time>2026-09-21T13:33:51Z</time><speed>1.130</speed><sat>33</sat></trkpt>
  <trkpt lat="45.78983410" lon="2.96731253"><ele>1168.982</ele><time>2026-09-21T13:33:54Z</time><speed>1.360</speed><sat>34</sat></trkpt>
  <trkpt lat="45.78980993" lon="2.96730777"><ele>1168.760</ele><time>2026-09-21T13:33:57Z</time><speed>0.960</speed><sat>34</sat></trkpt>
  <trkpt lat="45.78975475" lon="2.96726582"><ele>1167.529</ele><time>2026-09-21T13:34:00Z</time><speed>2.770</speed><sat>34</sat></trkpt>
  <trkpt lat="45.78971545" lon="2.96719034"><ele>1172.197</ele><time>2026-09-21T13:34:03Z</time><speed>2.670</speed><sat>34</sat></trkpt>
  <trkpt lat="45.78967658" lon="2.96713690"><ele>1175.519</ele><time>2026-09-21T13:34:06Z</time><speed>2.310</speed><sat>34</sat></trkpt>
  <trkpt lat="45.78966050" lon="2.96709350"><ele>1177.340</ele><time>2026-09-21T13:34:09Z</time><speed>1.820</speed><sat>34</sat></trkpt>
  <trkpt lat="45.78966253" lon="2.96707505"><ele>1174.133</ele><time>2026-09-21T13:34:12Z</time><speed>1.390</speed><sat>33</sat></trkpt>
  <trkpt lat="45.78969647" lon="2.96706762"><ele>1172.840</ele><time>2026-09-21T13:34:15Z</time><speed>1.200</speed><sat>34</sat></trkpt>
  <trkpt lat="45.78970369" lon="2.96704542"><ele>1173.155</ele><time>2026-09-21T13:34:18Z</time><speed>1.150</speed><sat>34</sat></trkpt>
  <trkpt lat="45.78968795" lon="2.96702778"><ele>1173.691</ele><time>2026-09-21T13:34:21Z</time><speed>0.950</speed><sat>34</sat></trkpt>
  <trkpt lat="45.78968947" lon="2.96701780"><ele>1172.810</ele><time>2026-09-21T13:34:24Z</time><speed>0.930</speed><sat>33</sat></trkpt>
  <trkpt lat="45.78969118" lon="2.96699228"><ele>1171.969</ele><time>2026-09-21T13:34:27Z</time><speed>0.550</speed><sat>34</sat></trkpt>
  <trkpt lat="45.78968836" lon="2.96697273"><ele>1172.298</ele><time>2026-09-21T13:34:30Z</time><speed>0.710</speed><sat>32</sat></trkpt>
  <trkpt lat="45.78968542" lon="2.96694701"><ele>1172.636</ele><time>2026-09-21T13:34:33Z</time><speed>0.760</speed><sat>33</sat></trkpt>
  <trkpt lat="45.78968653" lon="2.96692208"><ele>1172.493</ele><time>2026-09-21T13:34:36Z</time><speed>0.800</speed><sat>33</sat></trkpt>
  <trkpt lat="45.78968423" lon="2.96689640"><ele>1172.545</ele><time>2026-09-21T13:34:39Z</time><speed>0.580</speed><sat>32</sat></trkpt>
  <trkpt lat="45.78968240" lon="2.96687090"><ele>1172.428</ele><time>2026-09-21T13:34:42Z</time><speed>0.900</speed><sat>33</sat></trkpt>
  <trkpt lat="45.78968341" lon="2.96683637"><ele>1172.468</ele><time>2026-09-21T13:34:45Z</time><speed>0.820</speed><sat>33</sat></trkpt>
  <trkpt lat="45.78967289" lon="2.96680928"><ele>1172.574</ele><time>2026-09-21T13:34:48Z</time><speed>0.840</speed><sat>33</sat></trkpt>
  <trkpt lat="45.78966652" lon="2.96678261"><ele>1173.118</ele><time>2026-09-21T13:34:51Z</time><speed>0.720</speed><sat>33</sat></trkpt>
  <trkpt lat="45.78965276" lon="2.96675932"><ele>1173.152</ele><time>2026-09-21T13:34:54Z</time><speed>1.020</speed><sat>33</sat></trkpt>
  <trkpt lat="45.78963544" lon="2.96674029"><ele>1173.000</ele><time>2026-09-21T13:34:57Z</time><speed>0.860</speed><sat>33</sat></trkpt>
  <trkpt lat="45.78961926" lon="2.96672096"><ele>1172.724</ele><time>2026-09-21T13:35:00Z</time><speed>0.800</speed><sat>33</sat></trkpt>
  <trkpt lat="45.78960280" lon="2.96669896"><ele>1171.923</ele><time>2026-09-21T13:35:03Z</time><speed>0.940</speed><sat>33</sat></trkpt>
  <trkpt lat="45.78958598" lon="2.96667911"><ele>1170.945</ele><time>2026-09-21T13:35:06Z</time><speed>0.780</speed><sat>33</sat></trkpt>
  <trkpt lat="45.78956203" lon="2.96665280"><ele>1170.513</ele><time>2026-09-21T13:35:09Z</time><speed>0.820</speed><sat>33</sat></trkpt>
  <trkpt lat="45.78953843" lon="2.96663136"><ele>1169.858</ele><time>2026-09-21T13:35:12Z</time><speed>0.990</speed><sat>33</sat></trkpt>
  <trkpt lat="45.78951712" lon="2.96661231"><ele>1169.175</ele><time>2026-09-21T13:35:15Z</time><speed>0.880</speed><sat>33</sat></trkpt>
  <trkpt lat="45.78949492" lon="2.96658617"><ele>1170.171</ele><time>2026-09-21T13:35:18Z</time><speed>0.910</speed><sat>33</sat></trkpt>
  <trkpt lat="45.78946991" lon="2.96656040"><ele>1170.540</ele><time>2026-09-21T13:35:21Z</time><speed>0.940</speed><sat>33</sat></trkpt>
  <trkpt lat="45.78944350" lon="2.96653438"><ele>1170.235</ele><time>2026-09-21T13:35:24Z</time><speed>1.040</speed><sat>33</sat></trkpt>
  <trkpt lat="45.78941977" lon="2.96650371"><ele>1170.700</ele><time>2026-09-21T13:35:27Z</time><speed>1.050</speed><sat>33</sat></trkpt>
  <trkpt lat="45.78939762" lon="2.96647479"><ele>1170.933</ele><time>2026-09-21T13:35:30Z</time><speed>0.870</speed><sat>33</sat></trkpt>
  <trkpt lat="45.78937336" lon="2.96645078"><ele>1170.341</ele><time>2026-09-21T13:35:33Z</time><speed>0.930</speed><sat>32</sat></trkpt>
  <trkpt lat="45.78933434" lon="2.96639638"><ele>1170.233</ele><time>2026-09-21T13:35:36Z</time><speed>2.670</speed><sat>33</sat></trkpt>
  <trkpt lat="45.78930874" lon="2.96633068"><ele>1172.888</ele><time>2026-09-21T13:35:39Z</time><speed>1.300</speed><sat>33</sat></trkpt>
  <trkpt lat="45.78928800" lon="2.96630654"><ele>1172.333</ele><time>2026-09-21T13:35:42Z</time><speed>1.020</speed><sat>32</sat></trkpt>
  <trkpt lat="45.78926089" lon="2.96626413"><ele>1173.049</ele><time>2026-09-21T13:35:45Z</time><speed>1.330</speed><sat>32</sat></trkpt>
  <trkpt lat="45.78923824" lon="2.96621313"><ele>1173.889</ele><time>2026-09-21T13:35:48Z</time><speed>1.360</speed><sat>32</sat></trkpt>
  <trkpt lat="45.78921688" lon="2.96616733"><ele>1174.509</ele><time>2026-09-21T13:35:51Z</time><speed>1.100</speed><sat>33</sat></trkpt>
  <trkpt lat="45.78919362" lon="2.96612474"><ele>1175.777</ele><time>2026-09-21T13:35:54Z</time><speed>1.210</speed><sat>33</sat></trkpt>
  <trkpt lat="45.78917327" lon="2.96608964"><ele>1175.988</ele><time>2026-09-21T13:35:57Z</time><speed>1.150</speed><sat>33</sat></trkpt>
  <trkpt lat="45.78914885" lon="2.96605697"><ele>1175.807</ele><time>2026-09-21T13:36:00Z</time><speed>1.210</speed><sat>32</sat></trkpt>
  <trkpt lat="45.78912524" lon="2.96601502"><ele>1177.005</ele><time>2026-09-21T13:36:03Z</time><speed>1.090</speed><sat>31</sat></trkpt>
  <trkpt lat="45.78910347" lon="2.96596571"><ele>1178.306</ele><time>2026-09-21T13:36:06Z</time><speed>1.300</speed><sat>33</sat></trkpt>
  <trkpt lat="45.78907912" lon="2.96592208"><ele>1178.644</ele><time>2026-09-21T13:36:09Z</time><speed>1.400</speed><sat>33</sat></trkpt>
  <trkpt lat="45.78905344" lon="2.96588770"><ele>1179.230</ele><time>2026-09-21T13:36:12Z</time><speed>1.060</speed><sat>33</sat></trkpt>
  <trkpt lat="45.78902563" lon="2.96584858"><ele>1179.564</ele><time>2026-09-21T13:36:15Z</time><speed>1.220</speed><sat>33</sat></trkpt>
  <trkpt lat="45.78900555" lon="2.96581036"><ele>1180.139</ele><time>2026-09-21T13:36:18Z</time><speed>1.280</speed><sat>33</sat></trkpt>
  <trkpt lat="45.78898215" lon="2.96577721"><ele>1180.214</ele><time>2026-09-21T13:36:21Z</time><speed>1.350</speed><sat>33</sat></trkpt>
  <trkpt lat="45.78895713" lon="2.96574769"><ele>1180.359</ele><time>2026-09-21T13:36:24Z</time><speed>1.060</speed><sat>32</sat></trkpt>
  <trkpt lat="45.78893091" lon="2.96571480"><ele>1180.708</ele><time>2026-09-21T13:36:27Z</time><speed>0.910</speed><sat>33</sat></trkpt>
  <trkpt lat="45.78890874" lon="2.96567831"><ele>1180.420</ele><time>2026-09-21T13:36:30Z</time><speed>1.230</speed><sat>32</sat></trkpt>
  <trkpt lat="45.78888919" lon="2.96563900"><ele>1181.065</ele><time>2026-09-21T13:36:33Z</time><speed>1.450</speed><sat>32</sat></trkpt>
  <trkpt lat="45.78886624" lon="2.96560537"><ele>1181.328</ele><time>2026-09-21T13:36:36Z</time><speed>0.820</speed><sat>32</sat></trkpt>
  <trkpt lat="45.78884239" lon="2.96556735"><ele>1181.550</ele><time>2026-09-21T13:36:39Z</time><speed>1.230</speed><sat>33</sat></trkpt>
  <trkpt lat="45.78881991" lon="2.96553324"><ele>1181.888</ele><time>2026-09-21T13:36:42Z</time><speed>1.300</speed><sat>33</sat></trkpt>
  <trkpt lat="45.78880033" lon="2.96550036"><ele>1182.216</ele><time>2026-09-21T13:36:45Z</time><speed>0.900</speed><sat>33</sat></trkpt>
  <trkpt lat="45.78877927" lon="2.96545975"><ele>1182.989</ele><time>2026-09-21T13:36:48Z</time><speed>1.190</speed><sat>33</sat></trkpt>
  <trkpt lat="45.78875210" lon="2.96542252"><ele>1183.272</ele><time>2026-09-21T13:36:51Z</time><speed>1.460</speed><sat>33</sat></trkpt>
  <trkpt lat="45.78872777" lon="2.96539184"><ele>1183.595</ele><time>2026-09-21T13:36:54Z</time><speed>1.350</speed><sat>33</sat></trkpt>
  <trkpt lat="45.78870356" lon="2.96536191"><ele>1183.802</ele><time>2026-09-21T13:36:57Z</time><speed>0.910</speed><sat>33</sat></trkpt>
  <trkpt lat="45.78867954" lon="2.96532245"><ele>1183.773</ele><time>2026-09-21T13:37:00Z</time><speed>1.290</speed><sat>33</sat></trkpt>
  <trkpt lat="45.78866261" lon="2.96528985"><ele>1183.960</ele><time>2026-09-21T13:37:03Z</time><speed>1.230</speed><sat>33</sat></trkpt>
  <trkpt lat="45.78864258" lon="2.96525697"><ele>1184.143</ele><time>2026-09-21T13:37:06Z</time><speed>1.500</speed><sat>33</sat></trkpt>
  <trkpt lat="45.78862003" lon="2.96522944"><ele>1184.575</ele><time>2026-09-21T13:37:09Z</time><speed>0.910</speed><sat>33</sat></trkpt>
  <trkpt lat="45.78859671" lon="2.96519525"><ele>1184.393</ele><time>2026-09-21T13:37:12Z</time><speed>0.970</speed><sat>33</sat></trkpt>
  <trkpt lat="45.78856667" lon="2.96517239"><ele>1183.232</ele><time>2026-09-21T13:37:15Z</time><speed>1.760</speed><sat>33</sat></trkpt>
  <trkpt lat="45.78858163" lon="2.96508838"><ele>1182.246</ele><time>2026-09-21T13:37:18Z</time><speed>0.860</speed><sat>33</sat></trkpt>
  <trkpt lat="45.78856105" lon="2.96507184"><ele>1183.601</ele><time>2026-09-21T13:37:21Z</time><speed>1.220</speed><sat>33</sat></trkpt>
  <trkpt lat="45.78854149" lon="2.96504838"><ele>1184.401</ele><time>2026-09-21T13:37:24Z</time><speed>0.870</speed><sat>33</sat></trkpt>
  <trkpt lat="45.78851378" lon="2.96501583"><ele>1185.196</ele><time>2026-09-21T13:37:27Z</time><speed>1.320</speed><sat>33</sat></trkpt>
  <trkpt lat="45.78848769" lon="2.96499184"><ele>1185.928</ele><time>2026-09-21T13:37:30Z</time><speed>1.410</speed><sat>32</sat></trkpt>
  <trkpt lat="45.78846610" lon="2.96496630"><ele>1186.584</ele><time>2026-09-21T13:37:33Z</time><speed>1.450</speed><sat>33</sat></trkpt>
  <trkpt lat="45.78844359" lon="2.96495076"><ele>1186.186</ele><time>2026-09-21T13:37:36Z</time><speed>0.940</speed><sat>32</sat></trkpt>
  <trkpt lat="45.78842533" lon="2.96491699"><ele>1186.583</ele><time>2026-09-21T13:37:39Z</time><speed>1.210</speed><sat>32</sat></trkpt>
  <trkpt lat="45.78840211" lon="2.96488317"><ele>1186.685</ele><time>2026-09-21T13:37:42Z</time><speed>1.340</speed><sat>32</sat></trkpt>
  <trkpt lat="45.78838147" lon="2.96485228"><ele>1186.829</ele><time>2026-09-21T13:37:45Z</time><speed>1.330</speed><sat>33</sat></trkpt>
  <trkpt lat="45.78836723" lon="2.96481459"><ele>1187.072</ele><time>2026-09-21T13:37:48Z</time><speed>0.890</speed><sat>33</sat></trkpt>
  <trkpt lat="45.78835071" lon="2.96478518"><ele>1187.330</ele><time>2026-09-21T13:37:51Z</time><speed>0.960</speed><sat>33</sat></trkpt>
  <trkpt lat="45.78833673" lon="2.96475662"><ele>1187.084</ele><time>2026-09-21T13:37:54Z</time><speed>0.960</speed><sat>33</sat></trkpt>
  <trkpt lat="45.78832386" lon="2.96472834"><ele>1187.170</ele><time>2026-09-21T13:37:57Z</time><speed>0.580</speed><sat>32</sat></trkpt>
  <trkpt lat="45.78831388" lon="2.96471429"><ele>1186.977</ele><time>2026-09-21T13:38:00Z</time><speed>0.580</speed><sat>33</sat></trkpt>
  <trkpt lat="45.78830086" lon="2.96469894"><ele>1187.071</ele><time>2026-09-21T13:38:03Z</time><speed>0.000</speed><sat>33</sat></trkpt>
  <trkpt lat="45.78830148" lon="2.96469903"><ele>1187.079</ele><time>2026-09-21T13:38:06Z</time><speed>0.000</speed><sat>33</sat></trkpt>
  <trkpt lat="45.78830167" lon="2.96469970"><ele>1187.024</ele><time>2026-09-21T13:38:09Z</time><speed>0.000</speed><sat>33</sat></trkpt>
  <trkpt lat="45.78830122" lon="2.96470038"><ele>1187.071</ele><time>2026-09-21T13:38:12Z</time><speed>0.000</speed><sat>33</sat></trkpt>
  <trkpt lat="45.78829643" lon="2.96469534"><ele>1187.206</ele><time>2026-09-21T13:38:15Z</time><speed>0.220</speed><sat>32</sat></trkpt>
  <trkpt lat="45.78828739" lon="2.96468546"><ele>1187.849</ele><time>2026-09-21T13:38:18Z</time><speed>0.400</speed><sat>33</sat></trkpt>
  <trkpt lat="45.78828024" lon="2.96467232"><ele>1188.416</ele><time>2026-09-21T13:38:21Z</time><speed>0.180</speed><sat>32</sat></trkpt>
  <trkpt lat="45.78827548" lon="2.96466594"><ele>1189.158</ele><time>2026-09-21T13:38:24Z</time><speed>0.000</speed><sat>31</sat></trkpt>
  <trkpt lat="45.78827598" lon="2.96466646"><ele>1189.089</ele><time>2026-09-21T13:38:27Z</time><speed>0.000</speed><sat>31</sat></trkpt>
  <trkpt lat="45.78827635" lon="2.96466663"><ele>1189.064</ele><time>2026-09-21T13:38:30Z</time><speed>0.000</speed><sat>32</sat></trkpt>
  <trkpt lat="45.78827715" lon="2.96466687"><ele>1189.023</ele><time>2026-09-21T13:38:33Z</time><speed>0.000</speed><sat>31</sat></trkpt>
  <trkpt lat="45.78827757" lon="2.96466719"><ele>1188.981</ele><time>2026-09-21T13:38:36Z</time><speed>0.000</speed><sat>30</sat></trkpt>
  <trkpt lat="45.78827788" lon="2.96466742"><ele>1188.972</ele><time>2026-09-21T13:38:39Z</time><speed>0.000</speed><sat>31</sat></trkpt>
  <trkpt lat="45.78827811" lon="2.96466776"><ele>1188.955</ele><time>2026-09-21T13:38:42Z</time><speed>0.000</speed><sat>30</sat></trkpt>
  <trkpt lat="45.78827936" lon="2.96466108"><ele>1188.839</ele><time>2026-09-21T13:38:45Z</time><speed>0.570</speed><sat>32</sat></trkpt>
  <trkpt lat="45.78828242" lon="2.96465892"><ele>1188.442</ele><time>2026-09-21T13:38:48Z</time><speed>0.000</speed><sat>32</sat></trkpt>
  <trkpt lat="45.78828294" lon="2.96465967"><ele>1188.448</ele><time>2026-09-21T13:38:51Z</time><speed>0.000</speed><sat>32</sat></trkpt>
  <trkpt lat="45.78828183" lon="2.96464410"><ele>1188.496</ele><time>2026-09-21T13:38:54Z</time><speed>0.780</speed><sat>32</sat></trkpt>
  <trkpt lat="45.78827464" lon="2.96463285"><ele>1188.261</ele><time>2026-09-21T13:38:57Z</time><speed>0.240</speed><sat>32</sat></trkpt>
  <trkpt lat="45.78827753" lon="2.96463389"><ele>1188.192</ele><time>2026-09-21T13:39:00Z</time><speed>0.000</speed><sat>32</sat></trkpt>
  <trkpt lat="45.78827778" lon="2.96463291"><ele>1188.170</ele><time>2026-09-21T13:39:03Z</time><speed>0.000</speed><sat>32</sat></trkpt>
  <trkpt lat="45.78827759" lon="2.96463276"><ele>1188.172</ele><time>2026-09-21T13:39:06Z</time><speed>0.000</speed><sat>30</sat></trkpt>
  <trkpt lat="45.78827732" lon="2.96463268"><ele>1188.199</ele><time>2026-09-21T13:39:09Z</time><speed>0.000</speed><sat>30</sat></trkpt>
  <trkpt lat="45.78827644" lon="2.96463286"><ele>1188.195</ele><time>2026-09-21T13:39:12Z</time><speed>0.000</speed><sat>29</sat></trkpt>
  <trkpt lat="45.78827551" lon="2.96463318"><ele>1188.172</ele><time>2026-09-21T13:39:15Z</time><speed>0.000</speed><sat>30</sat></trkpt>
  <trkpt lat="45.78827507" lon="2.96463320"><ele>1188.221</ele><time>2026-09-21T13:39:18Z</time><speed>0.000</speed><sat>29</sat></trkpt>
  <trkpt lat="45.78827516" lon="2.96463286"><ele>1188.253</ele><time>2026-09-21T13:39:21Z</time><speed>0.000</speed><sat>29</sat></trkpt>
  <trkpt lat="45.78827431" lon="2.96463139"><ele>1188.412</ele><time>2026-09-21T13:39:24Z</time><speed>0.210</speed><sat>29</sat></trkpt>
  <trkpt lat="45.78827387" lon="2.96463264"><ele>1188.434</ele><time>2026-09-21T13:39:27Z</time><speed>0.000</speed><sat>30</sat></trkpt>
  <trkpt lat="45.78827350" lon="2.96463372"><ele>1188.464</ele><time>2026-09-21T13:39:30Z</time><speed>0.000</speed><sat>30</sat></trkpt>
  <trkpt lat="45.78827283" lon="2.96463509"><ele>1188.493</ele><time>2026-09-21T13:39:33Z</time><speed>0.000</speed><sat>30</sat></trkpt>
  <trkpt lat="45.78827220" lon="2.96463563"><ele>1188.491</ele><time>2026-09-21T13:39:36Z</time><speed>0.000</speed><sat>28</sat></trkpt>
  <trkpt lat="45.78827218" lon="2.96463566"><ele>1188.493</ele><time>2026-09-21T13:39:39Z</time><speed>0.000</speed><sat>30</sat></trkpt>
  <trkpt lat="45.78827255" lon="2.96463566"><ele>1188.551</ele><time>2026-09-21T13:39:42Z</time><speed>0.000</speed><sat>29</sat></trkpt>
  <trkpt lat="45.78827260" lon="2.96463556"><ele>1188.558</ele><time>2026-09-21T13:39:45Z</time><speed>0.000</speed><sat>27</sat></trkpt>
  <trkpt lat="45.78827264" lon="2.96463569"><ele>1188.566</ele><time>2026-09-21T13:39:48Z</time><speed>0.000</speed><sat>28</sat></trkpt>
  <trkpt lat="45.78827236" lon="2.96463587"><ele>1188.547</ele><time>2026-09-21T13:39:51Z</time><speed>0.000</speed><sat>28</sat></trkpt>
  <trkpt lat="45.78827176" lon="2.96463640"><ele>1188.568</ele><time>2026-09-21T13:39:54Z</time><speed>0.000</speed><sat>28</sat></trkpt>
  <trkpt lat="45.78826919" lon="2.96463526"><ele>1188.526</ele><time>2026-09-21T13:39:57Z</time><speed>0.210</speed><sat>28</sat></trkpt>
  <trkpt lat="45.78824819" lon="2.96461239"><ele>1188.520</ele><time>2026-09-21T13:40:00Z</time><speed>1.190</speed><sat>29</sat></trkpt>
  <trkpt lat="45.78822357" lon="2.96458748"><ele>1189.360</ele><time>2026-09-21T13:40:03Z</time><speed>0.990</speed><sat>30</sat></trkpt>
  <trkpt lat="45.78821021" lon="2.96457489"><ele>1189.088</ele><time>2026-09-21T13:40:06Z</time><speed>0.670</speed><sat>30</sat></trkpt>
  <trkpt lat="45.78820756" lon="2.96457020"><ele>1189.130</ele><time>2026-09-21T13:40:09Z</time><speed>0.000</speed><sat>31</sat></trkpt>
  <trkpt lat="45.78820725" lon="2.96456944"><ele>1189.121</ele><time>2026-09-21T13:40:12Z</time><speed>0.000</speed><sat>31</sat></trkpt>
  <trkpt lat="45.78820459" lon="2.96456540"><ele>1188.793</ele><time>2026-09-21T13:40:15Z</time><speed>0.330</speed><sat>31</sat></trkpt>
  <trkpt lat="45.78819473" lon="2.96454610"><ele>1188.596</ele><time>2026-09-21T13:40:18Z</time><speed>0.880</speed><sat>30</sat></trkpt>
  <trkpt lat="45.78818539" lon="2.96452200"><ele>1186.018</ele><time>2026-09-21T13:40:22Z</time><speed>1.480</speed><sat>31</sat></trkpt>
  <trkpt lat="45.78815361" lon="2.96446566"><ele>1184.579</ele><time>2026-09-21T13:40:27Z</time><sat>30</sat></trkpt>
  <trkpt lat="45.78814237" lon="2.96440994"><ele>1186.093</ele><time>2026-09-21T13:40:31Z</time><speed>1.060</speed><sat>31</sat></trkpt>
  <trkpt lat="45.78808288" lon="2.96440135"><ele>1181.634</ele><time>2026-09-21T13:40:34Z</time><speed>0.850</speed><sat>31</sat></trkpt>
  <trkpt lat="45.78809318" lon="2.96435550"><ele>1183.666</ele><time>2026-09-21T13:40:37Z</time><speed>0.940</speed><sat>32</sat></trkpt>
  <trkpt lat="45.78808242" lon="2.96430310"><ele>1182.706</ele><time>2026-09-21T13:40:40Z</time><speed>1.230</speed><sat>28</sat></trkpt>
  <trkpt lat="45.78807532" lon="2.96426151"><ele>1183.943</ele><time>2026-09-21T13:40:43Z</time><speed>1.380</speed><sat>29</sat></trkpt>
  <trkpt lat="45.78806890" lon="2.96422419"><ele>1183.462</ele><time>2026-09-21T13:40:46Z</time><speed>1.030</speed><sat>29</sat></trkpt>
  <trkpt lat="45.78805866" lon="2.96417975"><ele>1183.359</ele><time>2026-09-21T13:40:49Z</time><speed>1.380</speed><sat>29</sat></trkpt>
  <trkpt lat="45.78804298" lon="2.96414385"><ele>1183.990</ele><time>2026-09-21T13:40:52Z</time><speed>0.900</speed><sat>28</sat></trkpt>
  <trkpt lat="45.78802977" lon="2.96410083"><ele>1183.866</ele><time>2026-09-21T13:40:55Z</time><speed>1.150</speed><sat>28</sat></trkpt>
  <trkpt lat="45.78801571" lon="2.96406268"><ele>1183.882</ele><time>2026-09-21T13:40:58Z</time><speed>1.050</speed><sat>29</sat></trkpt>
  <trkpt lat="45.78800460" lon="2.96401807"><ele>1183.973</ele><time>2026-09-21T13:41:01Z</time><speed>1.310</speed><sat>29</sat></trkpt>
  <trkpt lat="45.78799433" lon="2.96397969"><ele>1183.759</ele><time>2026-09-21T13:41:04Z</time><speed>1.080</speed><sat>29</sat></trkpt>
  <trkpt lat="45.78797974" lon="2.96394026"><ele>1183.421</ele><time>2026-09-21T13:41:07Z</time><speed>1.240</speed><sat>29</sat></trkpt>
  <trkpt lat="45.78796148" lon="2.96390168"><ele>1183.324</ele><time>2026-09-21T13:41:10Z</time><speed>1.130</speed><sat>29</sat></trkpt>
  <trkpt lat="45.78793967" lon="2.96386866"><ele>1183.211</ele><time>2026-09-21T13:41:13Z</time><speed>1.110</speed><sat>29</sat></trkpt>
  <trkpt lat="45.78792216" lon="2.96383059"><ele>1183.139</ele><time>2026-09-21T13:41:16Z</time><speed>1.140</speed><sat>29</sat></trkpt>
  <trkpt lat="45.78790259" lon="2.96380033"><ele>1183.167</ele><time>2026-09-21T13:41:19Z</time><speed>1.030</speed><sat>29</sat></trkpt>
  <trkpt lat="45.78788350" lon="2.96376667"><ele>1182.462</ele><time>2026-09-21T13:41:22Z</time><speed>1.080</speed><sat>29</sat></trkpt>
  <trkpt lat="45.78786635" lon="2.96373424"><ele>1182.359</ele><time>2026-09-21T13:41:25Z</time><speed>1.210</speed><sat>29</sat></trkpt>
  <trkpt lat="45.78784471" lon="2.96369738"><ele>1182.090</ele><time>2026-09-21T13:41:28Z</time><speed>1.070</speed><sat>29</sat></trkpt>
  <trkpt lat="45.78782974" lon="2.96365900"><ele>1182.060</ele><time>2026-09-21T13:41:31Z</time><speed>1.350</speed><sat>29</sat></trkpt>
  <trkpt lat="45.78780960" lon="2.96362190"><ele>1182.644</ele><time>2026-09-21T13:41:34Z</time><speed>1.120</speed><sat>29</sat></trkpt>
  <trkpt lat="45.78778841" lon="2.96358933"><ele>1182.471</ele><time>2026-09-21T13:41:37Z</time><speed>1.200</speed><sat>28</sat></trkpt>
  <trkpt lat="45.78776309" lon="2.96355040"><ele>1182.389</ele><time>2026-09-21T13:41:40Z</time><speed>1.130</speed><sat>28</sat></trkpt>
  <trkpt lat="45.78774220" lon="2.96352137"><ele>1182.206</ele><time>2026-09-21T13:41:43Z</time><speed>1.220</speed><sat>31</sat></trkpt>
  <trkpt lat="45.78771644" lon="2.96349553"><ele>1182.000</ele><time>2026-09-21T13:41:46Z</time><speed>1.050</speed><sat>31</sat></trkpt>
  <trkpt lat="45.78769411" lon="2.96347431"><ele>1181.384</ele><time>2026-09-21T13:41:49Z</time><speed>1.060</speed><sat>31</sat></trkpt>
  <trkpt lat="45.78766789" lon="2.96344253"><ele>1181.071</ele><time>2026-09-21T13:41:52Z</time><speed>1.230</speed><sat>32</sat></trkpt>
  <trkpt lat="45.78764306" lon="2.96342025"><ele>1180.998</ele><time>2026-09-21T13:41:55Z</time><speed>1.110</speed><sat>32</sat></trkpt>
  <trkpt lat="45.78761656" lon="2.96339768"><ele>1180.761</ele><time>2026-09-21T13:41:58Z</time><speed>1.100</speed><sat>32</sat></trkpt>
  <trkpt lat="45.78758542" lon="2.96337564"><ele>1180.123</ele><time>2026-09-21T13:42:01Z</time><speed>0.980</speed><sat>31</sat></trkpt>
  <trkpt lat="45.78755899" lon="2.96335480"><ele>1179.641</ele><time>2026-09-21T13:42:04Z</time><speed>1.010</speed><sat>32</sat></trkpt>
  <trkpt lat="45.78753235" lon="2.96333773"><ele>1179.565</ele><time>2026-09-21T13:42:07Z</time><speed>1.310</speed><sat>31</sat></trkpt>
  <trkpt lat="45.78751017" lon="2.96332664"><ele>1178.760</ele><time>2026-09-21T13:42:10Z</time><speed>0.820</speed><sat>31</sat></trkpt>
  <trkpt lat="45.78748796" lon="2.96330908"><ele>1178.273</ele><time>2026-09-21T13:42:13Z</time><speed>1.040</speed><sat>31</sat></trkpt>
  <trkpt lat="45.78746093" lon="2.96327996"><ele>1178.364</ele><time>2026-09-21T13:42:16Z</time><speed>1.120</speed><sat>31</sat></trkpt>
  <trkpt lat="45.78743837" lon="2.96325224"><ele>1177.941</ele><time>2026-09-21T13:42:19Z</time><speed>1.090</speed><sat>31</sat></trkpt>
  <trkpt lat="45.78743057" lon="2.96321320"><ele>1178.731</ele><time>2026-09-21T13:42:22Z</time><speed>1.000</speed><sat>31</sat></trkpt>
  <trkpt lat="45.78744349" lon="2.96318935"><ele>1177.618</ele><time>2026-09-21T13:42:25Z</time><speed>1.020</speed><sat>31</sat></trkpt>
  <trkpt lat="45.78746662" lon="2.96318059"><ele>1177.538</ele><time>2026-09-21T13:42:28Z</time><speed>0.880</speed><sat>31</sat></trkpt>
  <trkpt lat="45.78749090" lon="2.96317421"><ele>1177.595</ele><time>2026-09-21T13:42:31Z</time><speed>1.120</speed><sat>31</sat></trkpt>
  <trkpt lat="45.78751734" lon="2.96315863"><ele>1177.168</ele><time>2026-09-21T13:42:34Z</time><speed>0.890</speed><sat>31</sat></trkpt>
  <trkpt lat="45.78754284" lon="2.96314540"><ele>1177.150</ele><time>2026-09-21T13:42:37Z</time><speed>0.960</speed><sat>30</sat></trkpt>
  <trkpt lat="45.78756373" lon="2.96312253"><ele>1176.955</ele><time>2026-09-21T13:42:40Z</time><speed>0.980</speed><sat>30</sat></trkpt>
  <trkpt lat="45.78755688" lon="2.96308880"><ele>1176.777</ele><time>2026-09-21T13:42:43Z</time><speed>1.100</speed><sat>32</sat></trkpt>
  <trkpt lat="45.78753810" lon="2.96305823"><ele>1176.229</ele><time>2026-09-21T13:42:46Z</time><speed>1.070</speed><sat>32</sat></trkpt>
  <trkpt lat="45.78751763" lon="2.96302259"><ele>1175.820</ele><time>2026-09-21T13:42:49Z</time><speed>1.190</speed><sat>31</sat></trkpt>
  <trkpt lat="45.78750065" lon="2.96299915"><ele>1175.657</ele><time>2026-09-21T13:42:52Z</time><speed>0.890</speed><sat>31</sat></trkpt>
  <trkpt lat="45.78747251" lon="2.96297678"><ele>1175.458</ele><time>2026-09-21T13:42:55Z</time><speed>1.370</speed><sat>31</sat></trkpt>
  <trkpt lat="45.78745270" lon="2.96294390"><ele>1175.718</ele><time>2026-09-21T13:42:58Z</time><speed>1.180</speed><sat>30</sat></trkpt>
  <trkpt lat="45.78742990" lon="2.96292829"><ele>1175.788</ele><time>2026-09-21T13:43:01Z</time><speed>1.100</speed><sat>30</sat></trkpt>
  <trkpt lat="45.78741160" lon="2.96291364"><ele>1175.181</ele><time>2026-09-21T13:43:04Z</time><speed>1.140</speed><sat>30</sat></trkpt>
  <trkpt lat="45.78739119" lon="2.96288492"><ele>1175.110</ele><time>2026-09-21T13:43:07Z</time><speed>1.140</speed><sat>30</sat></trkpt>
  <trkpt lat="45.78737255" lon="2.96285738"><ele>1174.264</ele><time>2026-09-21T13:43:10Z</time><speed>1.200</speed><sat>30</sat></trkpt>
  <trkpt lat="45.78735961" lon="2.96281811"><ele>1173.953</ele><time>2026-09-21T13:43:13Z</time><speed>0.980</speed><sat>30</sat></trkpt>
  <trkpt lat="45.78735156" lon="2.96279162"><ele>1173.484</ele><time>2026-09-21T13:43:16Z</time><speed>0.970</speed><sat>30</sat></trkpt>
  <trkpt lat="45.78734520" lon="2.96275263"><ele>1172.506</ele><time>2026-09-21T13:43:19Z</time><speed>1.250</speed><sat>30</sat></trkpt>
  <trkpt lat="45.78733835" lon="2.96271187"><ele>1171.914</ele><time>2026-09-21T13:43:22Z</time><speed>1.220</speed><sat>30</sat></trkpt>
  <trkpt lat="45.78732787" lon="2.96266968"><ele>1171.318</ele><time>2026-09-21T13:43:25Z</time><speed>1.070</speed><sat>30</sat></trkpt>
  <trkpt lat="45.78731501" lon="2.96263397"><ele>1170.664</ele><time>2026-09-21T13:43:28Z</time><speed>1.240</speed><sat>30</sat></trkpt>
  <trkpt lat="45.78730033" lon="2.96260344"><ele>1169.766</ele><time>2026-09-21T13:43:31Z</time><speed>1.140</speed><sat>30</sat></trkpt>
  <trkpt lat="45.78728419" lon="2.96257349"><ele>1169.775</ele><time>2026-09-21T13:43:34Z</time><speed>0.910</speed><sat>30</sat></trkpt>
  <trkpt lat="45.78727214" lon="2.96252849"><ele>1169.150</ele><time>2026-09-21T13:43:37Z</time><speed>1.290</speed><sat>30</sat></trkpt>
  <trkpt lat="45.78725626" lon="2.96248873"><ele>1168.457</ele><time>2026-09-21T13:43:40Z</time><speed>1.060</speed><sat>30</sat></trkpt>
  <trkpt lat="45.78724376" lon="2.96246064"><ele>1167.488</ele><time>2026-09-21T13:43:43Z</time><speed>0.970</speed><sat>30</sat></trkpt>
  <trkpt lat="45.78722791" lon="2.96242913"><ele>1167.396</ele><time>2026-09-21T13:43:46Z</time><speed>1.090</speed><sat>30</sat></trkpt>
  <trkpt lat="45.78721650" lon="2.96239930"><ele>1167.006</ele><time>2026-09-21T13:43:49Z</time><speed>0.830</speed><sat>30</sat></trkpt>
  <trkpt lat="45.78719597" lon="2.96236353"><ele>1166.430</ele><time>2026-09-21T13:43:52Z</time><speed>1.610</speed><sat>30</sat></trkpt>
  <trkpt lat="45.78718401" lon="2.96234159"><ele>1165.179</ele><time>2026-09-21T13:43:55Z</time><speed>0.860</speed><sat>30</sat></trkpt>
  <trkpt lat="45.78717055" lon="2.96231080"><ele>1164.501</ele><time>2026-09-21T13:43:58Z</time><speed>1.190</speed><sat>30</sat></trkpt>
  <trkpt lat="45.78715025" lon="2.96227948"><ele>1163.849</ele><time>2026-09-21T13:44:01Z</time><speed>1.290</speed><sat>30</sat></trkpt>
  <trkpt lat="45.78713145" lon="2.96224938"><ele>1163.075</ele><time>2026-09-21T13:44:04Z</time><speed>1.130</speed><sat>30</sat></trkpt>
  <trkpt lat="45.78711641" lon="2.96221912"><ele>1162.185</ele><time>2026-09-21T13:44:07Z</time><speed>1.030</speed><sat>30</sat></trkpt>
  <trkpt lat="45.78710614" lon="2.96218091"><ele>1161.614</ele><time>2026-09-21T13:44:10Z</time><speed>1.080</speed><sat>30</sat></trkpt>
  <trkpt lat="45.78709615" lon="2.96214003"><ele>1161.384</ele><time>2026-09-21T13:44:13Z</time><speed>1.100</speed><sat>30</sat></trkpt>
  <trkpt lat="45.78708605" lon="2.96209572"><ele>1161.007</ele><time>2026-09-21T13:44:16Z</time><speed>1.100</speed><sat>30</sat></trkpt>
  <trkpt lat="45.78707137" lon="2.96206314"><ele>1159.909</ele><time>2026-09-21T13:44:19Z</time><speed>1.110</speed><sat>30</sat></trkpt>
  <trkpt lat="45.78705691" lon="2.96202709"><ele>1159.582</ele><time>2026-09-21T13:44:22Z</time><speed>1.150</speed><sat>30</sat></trkpt>
  <trkpt lat="45.78704243" lon="2.96199926"><ele>1158.786</ele><time>2026-09-21T13:44:25Z</time><speed>1.120</speed><sat>29</sat></trkpt>
  <trkpt lat="45.78703097" lon="2.96196064"><ele>1158.394</ele><time>2026-09-21T13:44:28Z</time><speed>1.240</speed><sat>30</sat></trkpt>
  <trkpt lat="45.78701102" lon="2.96192938"><ele>1157.755</ele><time>2026-09-21T13:44:31Z</time><speed>1.090</speed><sat>30</sat></trkpt>
  <trkpt lat="45.78699642" lon="2.96189188"><ele>1157.359</ele><time>2026-09-21T13:44:34Z</time><speed>1.040</speed><sat>30</sat></trkpt>
  <trkpt lat="45.78698407" lon="2.96185353"><ele>1156.364</ele><time>2026-09-21T13:44:37Z</time><speed>1.070</speed><sat>30</sat></trkpt>
  <trkpt lat="45.78696808" lon="2.96182020"><ele>1155.770</ele><time>2026-09-21T13:44:40Z</time><speed>1.070</speed><sat>29</sat></trkpt>
  <trkpt lat="45.78695494" lon="2.96178018"><ele>1155.780</ele><time>2026-09-21T13:44:43Z</time><speed>1.270</speed><sat>30</sat></trkpt>
  <trkpt lat="45.78693637" lon="2.96174302"><ele>1155.619</ele><time>2026-09-21T13:44:46Z</time><speed>1.090</speed><sat>29</sat></trkpt>
  <trkpt lat="45.78691508" lon="2.96171381"><ele>1154.685</ele><time>2026-09-21T13:44:49Z</time><speed>1.060</speed><sat>30</sat></trkpt>
  <trkpt lat="45.78689376" lon="2.96168700"><ele>1152.898</ele><time>2026-09-21T13:44:52Z</time><speed>0.900</speed><sat>31</sat></trkpt>
  <trkpt lat="45.78687296" lon="2.96165478"><ele>1151.644</ele><time>2026-09-21T13:44:55Z</time><speed>1.100</speed><sat>30</sat></trkpt>
  <trkpt lat="45.78685689" lon="2.96162345"><ele>1149.989</ele><time>2026-09-21T13:44:58Z</time><speed>1.340</speed><sat>29</sat></trkpt>
  <trkpt lat="45.78684624" lon="2.96158351"><ele>1151.172</ele><time>2026-09-21T13:45:01Z</time><speed>1.110</speed><sat>30</sat></trkpt>
  <trkpt lat="45.78682782" lon="2.96155530"><ele>1150.381</ele><time>2026-09-21T13:45:04Z</time><speed>1.100</speed><sat>31</sat></trkpt>
  <trkpt lat="45.78681929" lon="2.96151491"><ele>1149.792</ele><time>2026-09-21T13:45:07Z</time><speed>1.140</speed><sat>31</sat></trkpt>
  <trkpt lat="45.78680789" lon="2.96148481"><ele>1148.611</ele><time>2026-09-21T13:45:10Z</time><speed>1.040</speed><sat>29</sat></trkpt>
  <trkpt lat="45.78679092" lon="2.96145292"><ele>1147.117</ele><time>2026-09-21T13:45:13Z</time><speed>1.100</speed><sat>28</sat></trkpt>
  <trkpt lat="45.78677098" lon="2.96142245"><ele>1146.757</ele><time>2026-09-21T13:45:16Z</time><speed>1.130</speed><sat>29</sat></trkpt>
  <trkpt lat="45.78675172" lon="2.96139181"><ele>1146.639</ele><time>2026-09-21T13:45:19Z</time><speed>1.080</speed><sat>30</sat></trkpt>
  <trkpt lat="45.78673503" lon="2.96135996"><ele>1146.169</ele><time>2026-09-21T13:45:22Z</time><speed>1.110</speed><sat>30</sat></trkpt>
  <trkpt lat="45.78671978" lon="2.96132496"><ele>1146.151</ele><time>2026-09-21T13:45:25Z</time><speed>1.160</speed><sat>29</sat></trkpt>
  <trkpt lat="45.78670286" lon="2.96128805"><ele>1146.086</ele><time>2026-09-21T13:45:28Z</time><speed>1.190</speed><sat>30</sat></trkpt>
  <trkpt lat="45.78668749" lon="2.96125940"><ele>1145.373</ele><time>2026-09-21T13:45:31Z</time><speed>1.060</speed><sat>30</sat></trkpt>
  <trkpt lat="45.78666881" lon="2.96123257"><ele>1146.468</ele><time>2026-09-21T13:45:34Z</time><speed>0.870</speed><sat>30</sat></trkpt>
  <trkpt lat="45.78665250" lon="2.96120505"><ele>1145.838</ele><time>2026-09-21T13:45:37Z</time><speed>0.940</speed><sat>30</sat></trkpt>
  <trkpt lat="45.78663953" lon="2.96117133"><ele>1145.690</ele><time>2026-09-21T13:45:40Z</time><speed>0.970</speed><sat>30</sat></trkpt>
  <trkpt lat="45.78662382" lon="2.96113645"><ele>1145.590</ele><time>2026-09-21T13:45:43Z</time><speed>1.000</speed><sat>30</sat></trkpt>
  <trkpt lat="45.78660718" lon="2.96110301"><ele>1145.132</ele><time>2026-09-21T13:45:46Z</time><speed>1.050</speed><sat>30</sat></trkpt>
  <trkpt lat="45.78658940" lon="2.96107082"><ele>1144.841</ele><time>2026-09-21T13:45:49Z</time><speed>0.950</speed><sat>30</sat></trkpt>
  <trkpt lat="45.78657292" lon="2.96104559"><ele>1143.473</ele><time>2026-09-21T13:45:52Z</time><speed>0.910</speed><sat>29</sat></trkpt>
  <trkpt lat="45.78656023" lon="2.96100737"><ele>1143.104</ele><time>2026-09-21T13:45:55Z</time><speed>1.090</speed><sat>30</sat></trkpt>
  <trkpt lat="45.78654796" lon="2.96097291"><ele>1142.624</ele><time>2026-09-21T13:45:58Z</time><speed>1.010</speed><sat>30</sat></trkpt>
  <trkpt lat="45.78653057" lon="2.96094057"><ele>1141.316</ele><time>2026-09-21T13:46:01Z</time><speed>1.040</speed><sat>30</sat></trkpt>
  <trkpt lat="45.78651765" lon="2.96091166"><ele>1140.489</ele><time>2026-09-21T13:46:04Z</time><speed>1.110</speed><sat>30</sat></trkpt>
  <trkpt lat="45.78651089" lon="2.96087373"><ele>1141.265</ele><time>2026-09-21T13:46:07Z</time><speed>1.020</speed><sat>30</sat></trkpt>
  <trkpt lat="45.78650112" lon="2.96083637"><ele>1141.329</ele><time>2026-09-21T13:46:10Z</time><speed>1.050</speed><sat>30</sat></trkpt>
  <trkpt lat="45.78648490" lon="2.96080015"><ele>1141.318</ele><time>2026-09-21T13:46:13Z</time><speed>1.030</speed><sat>30</sat></trkpt>
  <trkpt lat="45.78647655" lon="2.96075789"><ele>1141.688</ele><time>2026-09-21T13:46:16Z</time><speed>1.070</speed><sat>30</sat></trkpt>
  <trkpt lat="45.78646084" lon="2.96071810"><ele>1141.673</ele><time>2026-09-21T13:46:19Z</time><speed>1.090</speed><sat>30</sat></trkpt>
  <trkpt lat="45.78644946" lon="2.96067760"><ele>1140.469</ele><time>2026-09-21T13:46:22Z</time><speed>1.020</speed><sat>30</sat></trkpt>
  <trkpt lat="45.78643434" lon="2.96064050"><ele>1139.894</ele><time>2026-09-21T13:46:25Z</time><speed>1.060</speed><sat>30</sat></trkpt>
  <trkpt lat="45.78642142" lon="2.96059843"><ele>1140.551</ele><time>2026-09-21T13:46:28Z</time><speed>1.080</speed><sat>30</sat></trkpt>
  <trkpt lat="45.78641016" lon="2.96055260"><ele>1139.673</ele><time>2026-09-21T13:46:31Z</time><speed>1.010</speed><sat>30</sat></trkpt>
  <trkpt lat="45.78640100" lon="2.96051267"><ele>1139.646</ele><time>2026-09-21T13:46:34Z</time><speed>1.220</speed><sat>30</sat></trkpt>
  <trkpt lat="45.78639125" lon="2.96047571"><ele>1138.673</ele><time>2026-09-21T13:46:37Z</time><speed>1.030</speed><sat>30</sat></trkpt>
  <trkpt lat="45.78638003" lon="2.96043602"><ele>1137.576</ele><time>2026-09-21T13:46:40Z</time><speed>1.020</speed><sat>30</sat></trkpt>
  <trkpt lat="45.78636888" lon="2.96040026"><ele>1137.752</ele><time>2026-09-21T13:46:43Z</time><speed>1.080</speed><sat>29</sat></trkpt>
  <trkpt lat="45.78636470" lon="2.96035856"><ele>1137.837</ele><time>2026-09-21T13:46:46Z</time><speed>1.020</speed><sat>30</sat></trkpt>
  <trkpt lat="45.78635880" lon="2.96031660"><ele>1138.196</ele><time>2026-09-21T13:46:49Z</time><speed>1.410</speed><sat>30</sat></trkpt>
  <trkpt lat="45.78634908" lon="2.96027367"><ele>1138.180</ele><time>2026-09-21T13:46:52Z</time><speed>1.060</speed><sat>29</sat></trkpt>
  <trkpt lat="45.78634274" lon="2.96023460"><ele>1136.872</ele><time>2026-09-21T13:46:55Z</time><speed>1.070</speed><sat>29</sat></trkpt>
  <trkpt lat="45.78633621" lon="2.96018874"><ele>1136.755</ele><time>2026-09-21T13:46:58Z</time><speed>1.150</speed><sat>30</sat></trkpt>
  <trkpt lat="45.78632171" lon="2.96014492"><ele>1135.657</ele><time>2026-09-21T13:47:01Z</time><speed>1.060</speed><sat>30</sat></trkpt>
  <trkpt lat="45.78630464" lon="2.96009718"><ele>1134.308</ele><time>2026-09-21T13:47:04Z</time><speed>1.100</speed><sat>30</sat></trkpt>
  <trkpt lat="45.78629751" lon="2.96004997"><ele>1135.548</ele><time>2026-09-21T13:47:07Z</time><speed>1.270</speed><sat>30</sat></trkpt>
  <trkpt lat="45.78628543" lon="2.96000590"><ele>1135.842</ele><time>2026-09-21T13:47:10Z</time><speed>1.060</speed><sat>29</sat></trkpt>
  <trkpt lat="45.78627041" lon="2.95996190"><ele>1134.965</ele><time>2026-09-21T13:47:13Z</time><speed>1.120</speed><sat>30</sat></trkpt>
  <trkpt lat="45.78626101" lon="2.95991052"><ele>1135.268</ele><time>2026-09-21T13:47:16Z</time><speed>1.210</speed><sat>30</sat></trkpt>
  <trkpt lat="45.78624799" lon="2.95986963"><ele>1135.080</ele><time>2026-09-21T13:47:19Z</time><speed>1.030</speed><sat>30</sat></trkpt>
  <trkpt lat="45.78623834" lon="2.95982804"><ele>1135.153</ele><time>2026-09-21T13:47:22Z</time><speed>1.040</speed><sat>30</sat></trkpt>
  <trkpt lat="45.78622542" lon="2.95978265"><ele>1134.723</ele><time>2026-09-21T13:47:25Z</time><speed>1.050</speed><sat>30</sat></trkpt>
  <trkpt lat="45.78619869" lon="2.95974791"><ele>1134.338</ele><time>2026-09-21T13:47:28Z</time><speed>2.070</speed><sat>30</sat></trkpt>
  <trkpt lat="45.78619157" lon="2.95975223"><ele>1134.293</ele><time>2026-09-21T13:47:31Z</time><speed>0.000</speed><sat>29</sat></trkpt>
  <trkpt lat="45.78619004" lon="2.95975344"><ele>1134.199</ele><time>2026-09-21T13:47:34Z</time><speed>0.000</speed><sat>30</sat></trkpt>
  <trkpt lat="45.78618824" lon="2.95975410"><ele>1134.035</ele><time>2026-09-21T13:47:37Z</time><speed>0.000</speed><sat>29</sat></trkpt>
  <trkpt lat="45.78618549" lon="2.95975220"><ele>1133.455</ele><time>2026-09-21T13:47:40Z</time><speed>0.000</speed><sat>29</sat></trkpt>
  <trkpt lat="45.78616840" lon="2.95974436"><ele>1133.426</ele><time>2026-09-21T13:47:43Z</time><speed>0.440</speed><sat>29</sat></trkpt>
  <trkpt lat="45.78614935" lon="2.95974857"><ele>1133.388</ele><time>2026-09-21T13:47:46Z</time><speed>0.000</speed><sat>29</sat></trkpt>
  <trkpt lat="45.78614831" lon="2.95974864"><ele>1133.389</ele><time>2026-09-21T13:47:49Z</time><speed>0.000</speed><sat>29</sat></trkpt>
  <trkpt lat="45.78614735" lon="2.95974830"><ele>1133.310</ele><time>2026-09-21T13:47:52Z</time><speed>0.000</speed><sat>27</sat></trkpt>
  <trkpt lat="45.78614668" lon="2.95974604"><ele>1133.175</ele><time>2026-09-21T13:47:55Z</time><speed>0.000</speed><sat>27</sat></trkpt>
  <trkpt lat="45.78614612" lon="2.95974550"><ele>1133.188</ele><time>2026-09-21T13:47:58Z</time><speed>0.000</speed><sat>25</sat></trkpt>
  <trkpt lat="45.78614583" lon="2.95974537"><ele>1133.219</ele><time>2026-09-21T13:48:01Z</time><speed>0.000</speed><sat>27</sat></trkpt>
  <trkpt lat="45.78614515" lon="2.95974480"><ele>1133.154</ele><time>2026-09-21T13:48:04Z</time><speed>0.000</speed><sat>26</sat></trkpt>
  <trkpt lat="45.78614476" lon="2.95974472"><ele>1133.194</ele><time>2026-09-21T13:48:07Z</time><speed>0.000</speed><sat>28</sat></trkpt>
  <trkpt lat="45.78614425" lon="2.95974500"><ele>1133.293</ele><time>2026-09-21T13:48:10Z</time><speed>0.000</speed><sat>28</sat></trkpt>
  <trkpt lat="45.78614370" lon="2.95974471"><ele>1133.293</ele><time>2026-09-21T13:48:13Z</time><speed>0.000</speed><sat>28</sat></trkpt>
  <trkpt lat="45.78614363" lon="2.95974444"><ele>1133.274</ele><time>2026-09-21T13:48:16Z</time><speed>0.000</speed><sat>28</sat></trkpt>
  <trkpt lat="45.78614207" lon="2.95974420"><ele>1133.063</ele><time>2026-09-21T13:48:19Z</time><speed>0.000</speed><sat>27</sat></trkpt>
  <trkpt lat="45.78614180" lon="2.95974389"><ele>1132.967</ele><time>2026-09-21T13:48:22Z</time><speed>0.000</speed><sat>29</sat></trkpt>
  <trkpt lat="45.78614169" lon="2.95974351"><ele>1132.853</ele><time>2026-09-21T13:48:25Z</time><speed>0.000</speed><sat>29</sat></trkpt>
  <trkpt lat="45.78614144" lon="2.95974313"><ele>1132.740</ele><time>2026-09-21T13:48:28Z</time><speed>0.000</speed><sat>29</sat></trkpt>
  <trkpt lat="45.78614174" lon="2.95974299"><ele>1132.782</ele><time>2026-09-21T13:48:31Z</time><speed>0.000</speed><sat>29</sat></trkpt>
  <trkpt lat="45.78614164" lon="2.95974271"><ele>1132.741</ele><time>2026-09-21T13:48:34Z</time><speed>0.000</speed><sat>29</sat></trkpt>
  <trkpt lat="45.78614140" lon="2.95974192"><ele>1132.699</ele><time>2026-09-21T13:48:37Z</time><speed>0.000</speed><sat>28</sat></trkpt>
  <trkpt lat="45.78614147" lon="2.95974144"><ele>1132.726</ele><time>2026-09-21T13:48:40Z</time><speed>0.000</speed><sat>28</sat></trkpt>
  <trkpt lat="45.78614128" lon="2.95974082"><ele>1132.727</ele><time>2026-09-21T13:48:43Z</time><speed>0.000</speed><sat>28</sat></trkpt>
  <trkpt lat="45.78614106" lon="2.95974031"><ele>1132.697</ele><time>2026-09-21T13:48:46Z</time><speed>0.000</speed><sat>29</sat></trkpt>
  <trkpt lat="45.78614072" lon="2.95973971"><ele>1132.619</ele><time>2026-09-21T13:48:49Z</time><speed>0.000</speed><sat>29</sat></trkpt>
  <trkpt lat="45.78614083" lon="2.95973917"><ele>1132.704</ele><time>2026-09-21T13:48:52Z</time><speed>0.000</speed><sat>29</sat></trkpt>
  <trkpt lat="45.78614048" lon="2.95973936"><ele>1132.692</ele><time>2026-09-21T13:48:55Z</time><speed>0.000</speed><sat>29</sat></trkpt>
  <trkpt lat="45.78614056" lon="2.95973953"><ele>1132.706</ele><time>2026-09-21T13:48:58Z</time><speed>0.000</speed><sat>30</sat></trkpt>
  <trkpt lat="45.78614036" lon="2.95973984"><ele>1132.770</ele><time>2026-09-21T13:49:01Z</time><speed>0.000</speed><sat>29</sat></trkpt>
  <trkpt lat="45.78614040" lon="2.95973959"><ele>1132.712</ele><time>2026-09-21T13:49:04Z</time><speed>0.000</speed><sat>29</sat></trkpt>
  <trkpt lat="45.78613840" lon="2.95974051"><ele>1132.013</ele><time>2026-09-21T13:49:07Z</time><speed>0.000</speed><sat>29</sat></trkpt>
  <trkpt lat="45.78614068" lon="2.95973476"><ele>1131.988</ele><time>2026-09-21T13:49:10Z</time><speed>0.000</speed><sat>27</sat></trkpt>
  <trkpt lat="45.78614028" lon="2.95973385"><ele>1131.898</ele><time>2026-09-21T13:49:13Z</time><speed>0.000</speed><sat>28</sat></trkpt>
  <trkpt lat="45.78613979" lon="2.95973350"><ele>1131.876</ele><time>2026-09-21T13:49:16Z</time><speed>0.000</speed><sat>29</sat></trkpt>
  <trkpt lat="45.78613877" lon="2.95973342"><ele>1131.917</ele><time>2026-09-21T13:49:19Z</time><speed>0.000</speed><sat>30</sat></trkpt>
  <trkpt lat="45.78613831" lon="2.95973345"><ele>1131.939</ele><time>2026-09-21T13:49:22Z</time><speed>0.000</speed><sat>30</sat></trkpt>
  <trkpt lat="45.78613821" lon="2.95973345"><ele>1131.975</ele><time>2026-09-21T13:49:25Z</time><speed>0.000</speed><sat>27</sat></trkpt>
  <trkpt lat="45.78613769" lon="2.95973338"><ele>1131.954</ele><time>2026-09-21T13:49:28Z</time><speed>0.000</speed><sat>27</sat></trkpt>
  <trkpt lat="45.78613743" lon="2.95973311"><ele>1131.920</ele><time>2026-09-21T13:49:31Z</time><speed>0.000</speed><sat>28</sat></trkpt>
  <trkpt lat="45.78613760" lon="2.95973303"><ele>1131.950</ele><time>2026-09-21T13:49:34Z</time><speed>0.000</speed><sat>28</sat></trkpt>
  <trkpt lat="45.78613716" lon="2.95973326"><ele>1132.039</ele><time>2026-09-21T13:49:37Z</time><speed>0.000</speed><sat>29</sat></trkpt>
  <trkpt lat="45.78613685" lon="2.95973326"><ele>1132.031</ele><time>2026-09-21T13:49:40Z</time><speed>0.000</speed><sat>30</sat></trkpt>
  <trkpt lat="45.78613702" lon="2.95973293"><ele>1131.975</ele><time>2026-09-21T13:49:43Z</time><speed>0.000</speed><sat>30</sat></trkpt>
  <trkpt lat="45.78613730" lon="2.95973263"><ele>1131.925</ele><time>2026-09-21T13:49:46Z</time><speed>0.000</speed><sat>29</sat></trkpt>
  <trkpt lat="45.78613714" lon="2.95973232"><ele>1131.857</ele><time>2026-09-21T13:49:49Z</time><speed>0.000</speed><sat>26</sat></trkpt>
  <trkpt lat="45.78613663" lon="2.95973183"><ele>1131.780</ele><time>2026-09-21T13:49:52Z</time><speed>0.000</speed><sat>26</sat></trkpt>
  <trkpt lat="45.78613552" lon="2.95973177"><ele>1131.750</ele><time>2026-09-21T13:49:55Z</time><speed>0.000</speed><sat>26</sat></trkpt>
  <trkpt lat="45.78613456" lon="2.95973159"><ele>1131.788</ele><time>2026-09-21T13:49:58Z</time><speed>0.000</speed><sat>26</sat></trkpt>
  <trkpt lat="45.78613367" lon="2.95973188"><ele>1131.826</ele><time>2026-09-21T13:50:01Z</time><speed>0.000</speed><sat>25</sat></trkpt>
  <trkpt lat="45.78613259" lon="2.95973228"><ele>1131.890</ele><time>2026-09-21T13:50:04Z</time><speed>0.000</speed><sat>26</sat></trkpt>
  <trkpt lat="45.78613518" lon="2.95972855"><ele>1131.987</ele><time>2026-09-21T13:50:07Z</time><speed>0.240</speed><sat>26</sat></trkpt>
  <trkpt lat="45.78617891" lon="2.95966345"><ele>1132.302</ele><time>2026-09-21T13:50:10Z</time><speed>1.160</speed><sat>28</sat></trkpt>
  <trkpt lat="45.78616216" lon="2.95962767"><ele>1132.162</ele><time>2026-09-21T13:50:13Z</time><speed>0.930</speed><sat>29</sat></trkpt>
  <trkpt lat="45.78615759" lon="2.95959057"><ele>1131.690</ele><time>2026-09-21T13:50:16Z</time><speed>1.040</speed><sat>27</sat></trkpt>
  <trkpt lat="45.78615120" lon="2.95958005"><ele>1131.929</ele><time>2026-09-21T13:50:19Z</time><speed>0.000</speed><sat>27</sat></trkpt>
  <trkpt lat="45.78614821" lon="2.95957447"><ele>1131.839</ele><time>2026-09-21T13:50:22Z</time><speed>0.580</speed><sat>28</sat></trkpt>
  <trkpt lat="45.78613863" lon="2.95953853"><ele>1131.286</ele><time>2026-09-21T13:50:25Z</time><speed>1.150</speed><sat>29</sat></trkpt>
  <trkpt lat="45.78612959" lon="2.95950191"><ele>1130.324</ele><time>2026-09-21T13:50:28Z</time><speed>1.150</speed><sat>29</sat></trkpt>
  <trkpt lat="45.78611762" lon="2.95945434"><ele>1129.720</ele><time>2026-09-21T13:50:31Z</time><speed>1.210</speed><sat>28</sat></trkpt>
  <trkpt lat="45.78609972" lon="2.95940889"><ele>1130.016</ele><time>2026-09-21T13:50:34Z</time><speed>1.210</speed><sat>28</sat></trkpt>
  <trkpt lat="45.78608484" lon="2.95936749"><ele>1128.711</ele><time>2026-09-21T13:50:37Z</time><speed>1.140</speed><sat>30</sat></trkpt>
  <trkpt lat="45.78606791" lon="2.95931720"><ele>1129.579</ele><time>2026-09-21T13:50:40Z</time><speed>1.220</speed><sat>28</sat></trkpt>
  <trkpt lat="45.78605162" lon="2.95927368"><ele>1129.354</ele><time>2026-09-21T13:50:43Z</time><speed>1.220</speed><sat>29</sat></trkpt>
  <trkpt lat="45.78603693" lon="2.95923299"><ele>1128.542</ele><time>2026-09-21T13:50:46Z</time><speed>1.210</speed><sat>30</sat></trkpt>
  <trkpt lat="45.78602074" lon="2.95918599"><ele>1127.989</ele><time>2026-09-21T13:50:49Z</time><speed>1.330</speed><sat>31</sat></trkpt>
  <trkpt lat="45.78600724" lon="2.95913818"><ele>1127.771</ele><time>2026-09-21T13:50:52Z</time><speed>1.260</speed><sat>30</sat></trkpt>
  <trkpt lat="45.78599947" lon="2.95908572"><ele>1126.856</ele><time>2026-09-21T13:50:55Z</time><speed>1.180</speed><sat>28</sat></trkpt>
  <trkpt lat="45.78599300" lon="2.95902640"><ele>1126.174</ele><time>2026-09-21T13:50:58Z</time><speed>1.270</speed><sat>29</sat></trkpt>
  <trkpt lat="45.78599121" lon="2.95897672"><ele>1126.710</ele><time>2026-09-21T13:51:01Z</time><speed>1.250</speed><sat>30</sat></trkpt>
  <trkpt lat="45.78598704" lon="2.95893072"><ele>1126.379</ele><time>2026-09-21T13:51:04Z</time><speed>1.380</speed><sat>30</sat></trkpt>
  <trkpt lat="45.78598305" lon="2.95888163"><ele>1126.652</ele><time>2026-09-21T13:51:07Z</time><speed>1.360</speed><sat>27</sat></trkpt>
  <trkpt lat="45.78597397" lon="2.95883667"><ele>1125.752</ele><time>2026-09-21T13:51:10Z</time><speed>1.150</speed><sat>28</sat></trkpt>
  <trkpt lat="45.78596670" lon="2.95878584"><ele>1125.841</ele><time>2026-09-21T13:51:13Z</time><speed>1.280</speed><sat>28</sat></trkpt>
  <trkpt lat="45.78595772" lon="2.95873601"><ele>1125.693</ele><time>2026-09-21T13:51:16Z</time><speed>1.270</speed><sat>28</sat></trkpt>
  <trkpt lat="45.78595291" lon="2.95868959"><ele>1125.528</ele><time>2026-09-21T13:51:19Z</time><speed>1.260</speed><sat>27</sat></trkpt>
  <trkpt lat="45.78594667" lon="2.95863802"><ele>1125.158</ele><time>2026-09-21T13:51:22Z</time><speed>1.310</speed><sat>29</sat></trkpt>
  <trkpt lat="45.78593477" lon="2.95859246"><ele>1124.867</ele><time>2026-09-21T13:51:25Z</time><speed>1.240</speed><sat>27</sat></trkpt>
  <trkpt lat="45.78591366" lon="2.95855349"><ele>1123.036</ele><time>2026-09-21T13:51:28Z</time><speed>1.290</speed><sat>29</sat></trkpt>
  <trkpt lat="45.78589090" lon="2.95850777"><ele>1121.883</ele><time>2026-09-21T13:51:31Z</time><speed>1.290</speed><sat>30</sat></trkpt>
  <trkpt lat="45.78585825" lon="2.95848625"><ele>1122.045</ele><time>2026-09-21T13:51:34Z</time><speed>1.230</speed><sat>29</sat></trkpt>
  <trkpt lat="45.78581343" lon="2.95848516"><ele>1122.600</ele><time>2026-09-21T13:51:37Z</time><speed>1.250</speed><sat>28</sat></trkpt>
  <trkpt lat="45.78577676" lon="2.95848082"><ele>1121.697</ele><time>2026-09-21T13:51:40Z</time><speed>1.170</speed><sat>30</sat></trkpt>
  <trkpt lat="45.78574235" lon="2.95847804"><ele>1120.235</ele><time>2026-09-21T13:51:43Z</time><speed>1.180</speed><sat>30</sat></trkpt>
  <trkpt lat="45.78570934" lon="2.95846921"><ele>1120.749</ele><time>2026-09-21T13:51:46Z</time><speed>1.130</speed><sat>27</sat></trkpt>
  <trkpt lat="45.78567347" lon="2.95846937"><ele>1120.656</ele><time>2026-09-21T13:51:49Z</time><speed>1.290</speed><sat>27</sat></trkpt>
  <trkpt lat="45.78564073" lon="2.95846356"><ele>1120.999</ele><time>2026-09-21T13:51:52Z</time><speed>1.260</speed><sat>28</sat></trkpt>
  <trkpt lat="45.78560487" lon="2.95846097"><ele>1121.873</ele><time>2026-09-21T13:51:55Z</time><speed>1.300</speed><sat>30</sat></trkpt>
  <trkpt lat="45.78556992" lon="2.95846492"><ele>1122.335</ele><time>2026-09-21T13:51:58Z</time><speed>1.120</speed><sat>31</sat></trkpt>
  <trkpt lat="45.78553260" lon="2.95847063"><ele>1122.317</ele><time>2026-09-21T13:52:01Z</time><speed>1.180</speed><sat>31</sat></trkpt>
  <trkpt lat="45.78549948" lon="2.95848263"><ele>1122.305</ele><time>2026-09-21T13:52:04Z</time><speed>1.340</speed><sat>31</sat></trkpt>
  <trkpt lat="45.78546469" lon="2.95849143"><ele>1122.737</ele><time>2026-09-21T13:52:07Z</time><speed>1.070</speed><sat>31</sat></trkpt>
  <trkpt lat="45.78544421" lon="2.95848921"><ele>1123.058</ele><time>2026-09-21T13:52:10Z</time><speed>0.740</speed><sat>31</sat></trkpt>
  <trkpt lat="45.78541058" lon="2.95849039"><ele>1122.911</ele><time>2026-09-21T13:52:13Z</time><speed>1.400</speed><sat>32</sat></trkpt>
  <trkpt lat="45.78536867" lon="2.95848777"><ele>1123.490</ele><time>2026-09-21T13:52:16Z</time><speed>1.270</speed><sat>33</sat></trkpt>
  <trkpt lat="45.78533469" lon="2.95848693"><ele>1124.003</ele><time>2026-09-21T13:52:19Z</time><speed>1.340</speed><sat>33</sat></trkpt>
  <trkpt lat="45.78530077" lon="2.95849182"><ele>1123.643</ele><time>2026-09-21T13:52:22Z</time><speed>1.200</speed><sat>33</sat></trkpt>
  <trkpt lat="45.78526819" lon="2.95849691"><ele>1123.068</ele><time>2026-09-21T13:52:25Z</time><speed>1.470</speed><sat>33</sat></trkpt>
  <trkpt lat="45.78523098" lon="2.95849945"><ele>1123.056</ele><time>2026-09-21T13:52:28Z</time><speed>1.290</speed><sat>33</sat></trkpt>
  <trkpt lat="45.78520060" lon="2.95849654"><ele>1123.328</ele><time>2026-09-21T13:52:31Z</time><speed>1.090</speed><sat>33</sat></trkpt>
  <trkpt lat="45.78516446" lon="2.95849744"><ele>1123.484</ele><time>2026-09-21T13:52:34Z</time><speed>1.210</speed><sat>33</sat></trkpt>
  <trkpt lat="45.78513226" lon="2.95850081"><ele>1123.153</ele><time>2026-09-21T13:52:37Z</time><speed>1.250</speed><sat>33</sat></trkpt>
  <trkpt lat="45.78509474" lon="2.95850375"><ele>1123.093</ele><time>2026-09-21T13:52:40Z</time><speed>1.190</speed><sat>33</sat></trkpt>
  <trkpt lat="45.78506042" lon="2.95851010"><ele>1122.922</ele><time>2026-09-21T13:52:43Z</time><speed>1.190</speed><sat>33</sat></trkpt>
  <trkpt lat="45.78502317" lon="2.95851384"><ele>1122.963</ele><time>2026-09-21T13:52:46Z</time><speed>1.250</speed><sat>33</sat></trkpt>
  <trkpt lat="45.78499211" lon="2.95851651"><ele>1123.180</ele><time>2026-09-21T13:52:49Z</time><speed>1.220</speed><sat>33</sat></trkpt>
  <trkpt lat="45.78495741" lon="2.95852227"><ele>1123.233</ele><time>2026-09-21T13:52:52Z</time><speed>1.230</speed><sat>33</sat></trkpt>
  <trkpt lat="45.78492301" lon="2.95852367"><ele>1122.857</ele><time>2026-09-21T13:52:55Z</time><speed>1.230</speed><sat>33</sat></trkpt>
  <trkpt lat="45.78488692" lon="2.95852618"><ele>1122.709</ele><time>2026-09-21T13:52:58Z</time><speed>1.330</speed><sat>33</sat></trkpt>
  <trkpt lat="45.78485250" lon="2.95852624"><ele>1123.061</ele><time>2026-09-21T13:53:01Z</time><speed>1.220</speed><sat>33</sat></trkpt>
  <trkpt lat="45.78481424" lon="2.95852887"><ele>1123.391</ele><time>2026-09-21T13:53:04Z</time><speed>1.210</speed><sat>33</sat></trkpt>
  <trkpt lat="45.78478113" lon="2.95853001"><ele>1123.689</ele><time>2026-09-21T13:53:07Z</time><speed>1.360</speed><sat>33</sat></trkpt>
  <trkpt lat="45.78474386" lon="2.95852840"><ele>1123.598</ele><time>2026-09-21T13:53:10Z</time><speed>1.290</speed><sat>33</sat></trkpt>
  <trkpt lat="45.78470646" lon="2.95852506"><ele>1124.128</ele><time>2026-09-21T13:53:13Z</time><speed>1.230</speed><sat>33</sat></trkpt>
  <trkpt lat="45.78466738" lon="2.95852637"><ele>1124.304</ele><time>2026-09-21T13:53:16Z</time><speed>1.370</speed><sat>33</sat></trkpt>
  <trkpt lat="45.78463513" lon="2.95852717"><ele>1124.319</ele><time>2026-09-21T13:53:19Z</time><speed>1.010</speed><sat>33</sat></trkpt>
  <trkpt lat="45.78459913" lon="2.95852868"><ele>1124.346</ele><time>2026-09-21T13:53:22Z</time><speed>1.320</speed><sat>33</sat></trkpt>
  <trkpt lat="45.78456608" lon="2.95853220"><ele>1124.339</ele><time>2026-09-21T13:53:25Z</time><speed>1.270</speed><sat>33</sat></trkpt>
  <trkpt lat="45.78453128" lon="2.95853955"><ele>1123.948</ele><time>2026-09-21T13:53:28Z</time><speed>1.500</speed><sat>33</sat></trkpt>
  <trkpt lat="45.78449194" lon="2.95852767"><ele>1124.863</ele><time>2026-09-21T13:53:31Z</time><speed>1.450</speed><sat>33</sat></trkpt>
  <trkpt lat="45.78446220" lon="2.95851610"><ele>1125.129</ele><time>2026-09-21T13:53:34Z</time><speed>1.200</speed><sat>33</sat></trkpt>
  <trkpt lat="45.78442265" lon="2.95852075"><ele>1124.629</ele><time>2026-09-21T13:53:37Z</time><speed>1.290</speed><sat>33</sat></trkpt>
  <trkpt lat="45.78439178" lon="2.95852118"><ele>1124.407</ele><time>2026-09-21T13:53:40Z</time><speed>1.260</speed><sat>33</sat></trkpt>
  <trkpt lat="45.78435476" lon="2.95852014"><ele>1124.167</ele><time>2026-09-21T13:53:43Z</time><speed>1.260</speed><sat>33</sat></trkpt>
  <trkpt lat="45.78432322" lon="2.95851449"><ele>1124.152</ele><time>2026-09-21T13:53:46Z</time><speed>1.380</speed><sat>33</sat></trkpt>
  <trkpt lat="45.78428581" lon="2.95851264"><ele>1124.350</ele><time>2026-09-21T13:53:49Z</time><speed>1.420</speed><sat>33</sat></trkpt>
  <trkpt lat="45.78425246" lon="2.95850662"><ele>1124.606</ele><time>2026-09-21T13:53:52Z</time><speed>1.440</speed><sat>32</sat></trkpt>
  <trkpt lat="45.78421333" lon="2.95851400"><ele>1124.504</ele><time>2026-09-21T13:53:55Z</time><speed>1.360</speed><sat>32</sat></trkpt>
  <trkpt lat="45.78418097" lon="2.95852572"><ele>1124.350</ele><time>2026-09-21T13:53:58Z</time><speed>1.100</speed><sat>32</sat></trkpt>
  <trkpt lat="45.78414414" lon="2.95851809"><ele>1124.414</ele><time>2026-09-21T13:54:01Z</time><speed>1.460</speed><sat>32</sat></trkpt>
  <trkpt lat="45.78411925" lon="2.95851495"><ele>1124.660</ele><time>2026-09-21T13:54:04Z</time><speed>0.960</speed><sat>32</sat></trkpt>
  <trkpt lat="45.78408501" lon="2.95851535"><ele>1124.278</ele><time>2026-09-21T13:54:07Z</time><speed>1.220</speed><sat>32</sat></trkpt>
  <trkpt lat="45.78405229" lon="2.95851955"><ele>1124.187</ele><time>2026-09-21T13:54:10Z</time><speed>1.420</speed><sat>32</sat></trkpt>
  <trkpt lat="45.78401697" lon="2.95852640"><ele>1124.135</ele><time>2026-09-21T13:54:13Z</time><speed>1.230</speed><sat>32</sat></trkpt>
  <trkpt lat="45.78398504" lon="2.95852966"><ele>1124.037</ele><time>2026-09-21T13:54:16Z</time><speed>1.310</speed><sat>32</sat></trkpt>
  <trkpt lat="45.78394775" lon="2.95853007"><ele>1123.823</ele><time>2026-09-21T13:54:19Z</time><speed>1.190</speed><sat>32</sat></trkpt>
  <trkpt lat="45.78391453" lon="2.95853324"><ele>1124.251</ele><time>2026-09-21T13:54:22Z</time><speed>1.180</speed><sat>32</sat></trkpt>
  <trkpt lat="45.78387625" lon="2.95854215"><ele>1124.502</ele><time>2026-09-21T13:54:25Z</time><speed>1.390</speed><sat>32</sat></trkpt>
  <trkpt lat="45.78384484" lon="2.95854093"><ele>1124.529</ele><time>2026-09-21T13:54:28Z</time><speed>1.060</speed><sat>32</sat></trkpt>
  <trkpt lat="45.78380804" lon="2.95854460"><ele>1124.868</ele><time>2026-09-21T13:54:31Z</time><speed>1.390</speed><sat>32</sat></trkpt>
  <trkpt lat="45.78377674" lon="2.95854162"><ele>1125.146</ele><time>2026-09-21T13:54:34Z</time><speed>1.110</speed><sat>32</sat></trkpt>
  <trkpt lat="45.78373818" lon="2.95854318"><ele>1124.833</ele><time>2026-09-21T13:54:37Z</time><speed>1.190</speed><sat>32</sat></trkpt>
  <trkpt lat="45.78370162" lon="2.95854585"><ele>1125.443</ele><time>2026-09-21T13:54:40Z</time><speed>1.190</speed><sat>33</sat></trkpt>
  <trkpt lat="45.78366181" lon="2.95854721"><ele>1125.646</ele><time>2026-09-21T13:54:43Z</time><speed>1.390</speed><sat>33</sat></trkpt>
  <trkpt lat="45.78362822" lon="2.95854739"><ele>1125.629</ele><time>2026-09-21T13:54:46Z</time><speed>1.210</speed><sat>33</sat></trkpt>
  <trkpt lat="45.78359145" lon="2.95854651"><ele>1125.494</ele><time>2026-09-21T13:54:49Z</time><speed>1.220</speed><sat>32</sat></trkpt>
  <trkpt lat="45.78355816" lon="2.95853572"><ele>1125.750</ele><time>2026-09-21T13:54:52Z</time><speed>1.110</speed><sat>32</sat></trkpt>
  <trkpt lat="45.78351952" lon="2.95853429"><ele>1125.618</ele><time>2026-09-21T13:54:55Z</time><speed>1.340</speed><sat>32</sat></trkpt>
  <trkpt lat="45.78348550" lon="2.95852770"><ele>1125.558</ele><time>2026-09-21T13:54:58Z</time><speed>1.230</speed><sat>32</sat></trkpt>
  <trkpt lat="45.78344844" lon="2.95852642"><ele>1125.779</ele><time>2026-09-21T13:55:01Z</time><speed>1.530</speed><sat>32</sat></trkpt>
  <trkpt lat="45.78341459" lon="2.95852022"><ele>1125.735</ele><time>2026-09-21T13:55:04Z</time><speed>1.180</speed><sat>32</sat></trkpt>
  <trkpt lat="45.78337756" lon="2.95851348"><ele>1125.776</ele><time>2026-09-21T13:55:07Z</time><speed>1.580</speed><sat>32</sat></trkpt>
  <trkpt lat="45.78334504" lon="2.95851115"><ele>1125.939</ele><time>2026-09-21T13:55:10Z</time><speed>1.340</speed><sat>32</sat></trkpt>
  <trkpt lat="45.78331131" lon="2.95850352"><ele>1125.615</ele><time>2026-09-21T13:55:13Z</time><speed>1.590</speed><sat>32</sat></trkpt>
  <trkpt lat="45.78327711" lon="2.95849041"><ele>1125.670</ele><time>2026-09-21T13:55:16Z</time><speed>1.320</speed><sat>32</sat></trkpt>
  <trkpt lat="45.78324365" lon="2.95849242"><ele>1125.120</ele><time>2026-09-21T13:55:19Z</time><speed>1.510</speed><sat>32</sat></trkpt>
  <trkpt lat="45.78320972" lon="2.95848431"><ele>1125.089</ele><time>2026-09-21T13:55:22Z</time><speed>1.400</speed><sat>32</sat></trkpt>
  <trkpt lat="45.78318131" lon="2.95848287"><ele>1124.349</ele><time>2026-09-21T13:55:25Z</time><speed>1.150</speed><sat>32</sat></trkpt>
  <trkpt lat="45.78314684" lon="2.95847010"><ele>1124.310</ele><time>2026-09-21T13:55:28Z</time><speed>1.460</speed><sat>32</sat></trkpt>
  <trkpt lat="45.78311556" lon="2.95846357"><ele>1123.976</ele><time>2026-09-21T13:55:31Z</time><speed>1.080</speed><sat>32</sat></trkpt>
  <trkpt lat="45.78308065" lon="2.95844900"><ele>1124.012</ele><time>2026-09-21T13:55:34Z</time><speed>1.370</speed><sat>32</sat></trkpt>
  <trkpt lat="45.78304454" lon="2.95843433"><ele>1124.033</ele><time>2026-09-21T13:55:37Z</time><speed>1.440</speed><sat>32</sat></trkpt>
  <trkpt lat="45.78300992" lon="2.95842314"><ele>1124.066</ele><time>2026-09-21T13:55:40Z</time><speed>1.430</speed><sat>32</sat></trkpt>
  <trkpt lat="45.78297386" lon="2.95841292"><ele>1123.647</ele><time>2026-09-21T13:55:43Z</time><speed>1.240</speed><sat>32</sat></trkpt>
  <trkpt lat="45.78294004" lon="2.95839616"><ele>1123.689</ele><time>2026-09-21T13:55:46Z</time><speed>1.270</speed><sat>32</sat></trkpt>
  <trkpt lat="45.78290099" lon="2.95838259"><ele>1123.448</ele><time>2026-09-21T13:55:49Z</time><speed>1.410</speed><sat>32</sat></trkpt>
  <trkpt lat="45.78287102" lon="2.95837283"><ele>1123.467</ele><time>2026-09-21T13:55:52Z</time><speed>1.070</speed><sat>32</sat></trkpt>
  <trkpt lat="45.78283303" lon="2.95836455"><ele>1123.860</ele><time>2026-09-21T13:55:55Z</time><speed>1.270</speed><sat>32</sat></trkpt>
  <trkpt lat="45.78280371" lon="2.95835327"><ele>1123.596</ele><time>2026-09-21T13:55:58Z</time><speed>1.110</speed><sat>31</sat></trkpt>
  <trkpt lat="45.78276899" lon="2.95834226"><ele>1123.875</ele><time>2026-09-21T13:56:01Z</time><speed>1.310</speed><sat>32</sat></trkpt>
  <trkpt lat="45.78273720" lon="2.95833206"><ele>1123.937</ele><time>2026-09-21T13:56:04Z</time><speed>1.260</speed><sat>32</sat></trkpt>
  <trkpt lat="45.78270057" lon="2.95832473"><ele>1124.046</ele><time>2026-09-21T13:56:07Z</time><speed>1.340</speed><sat>32</sat></trkpt>
  <trkpt lat="45.78266907" lon="2.95831188"><ele>1124.518</ele><time>2026-09-21T13:56:10Z</time><speed>1.210</speed><sat>32</sat></trkpt>
  <trkpt lat="45.78263093" lon="2.95830002"><ele>1124.125</ele><time>2026-09-21T13:56:13Z</time><speed>1.660</speed><sat>32</sat></trkpt>
  <trkpt lat="45.78259638" lon="2.95828950"><ele>1124.274</ele><time>2026-09-21T13:56:16Z</time><speed>1.340</speed><sat>32</sat></trkpt>
  <trkpt lat="45.78256139" lon="2.95827196"><ele>1124.638</ele><time>2026-09-21T13:56:19Z</time><speed>1.450</speed><sat>32</sat></trkpt>
  <trkpt lat="45.78252237" lon="2.95825829"><ele>1124.205</ele><time>2026-09-21T13:56:22Z</time><speed>1.340</speed><sat>32</sat></trkpt>
  <trkpt lat="45.78249255" lon="2.95824732"><ele>1124.203</ele><time>2026-09-21T13:56:25Z</time><speed>1.260</speed><sat>32</sat></trkpt>
  <trkpt lat="45.78245388" lon="2.95823414"><ele>1123.897</ele><time>2026-09-21T13:56:28Z</time><speed>1.320</speed><sat>32</sat></trkpt>
  <trkpt lat="45.78242664" lon="2.95822128"><ele>1123.513</ele><time>2026-09-21T13:56:31Z</time><speed>1.480</speed><sat>32</sat></trkpt>
  <trkpt lat="45.78238745" lon="2.95820207"><ele>1123.624</ele><time>2026-09-21T13:56:34Z</time><speed>1.640</speed><sat>32</sat></trkpt>
  <trkpt lat="45.78234633" lon="2.95818928"><ele>1123.620</ele><time>2026-09-21T13:56:37Z</time><speed>1.300</speed><sat>32</sat></trkpt>
  <trkpt lat="45.78231410" lon="2.95817560"><ele>1123.275</ele><time>2026-09-21T13:56:40Z</time><speed>1.420</speed><sat>32</sat></trkpt>
  <trkpt lat="45.78227606" lon="2.95815826"><ele>1123.112</ele><time>2026-09-21T13:56:43Z</time><speed>1.240</speed><sat>32</sat></trkpt>
  <trkpt lat="45.78224744" lon="2.95814621"><ele>1122.911</ele><time>2026-09-21T13:56:46Z</time><speed>1.340</speed><sat>32</sat></trkpt>
  <trkpt lat="45.78221275" lon="2.95813175"><ele>1123.184</ele><time>2026-09-21T13:56:49Z</time><speed>1.260</speed><sat>32</sat></trkpt>
  <trkpt lat="45.78218496" lon="2.95811816"><ele>1123.212</ele><time>2026-09-21T13:56:52Z</time><speed>1.170</speed><sat>32</sat></trkpt>
  <trkpt lat="45.78215355" lon="2.95810163"><ele>1123.069</ele><time>2026-09-21T13:56:55Z</time><speed>0.930</speed><sat>32</sat></trkpt>
  <trkpt lat="45.78213993" lon="2.95805584"><ele>1121.896</ele><time>2026-09-21T13:56:58Z</time><speed>2.550</speed><sat>32</sat></trkpt>
  <trkpt lat="45.78211935" lon="2.95804586"><ele>1122.777</ele><time>2026-09-21T13:57:01Z</time><speed>0.540</speed><sat>33</sat></trkpt>
  <trkpt lat="45.78209834" lon="2.95804328"><ele>1122.839</ele><time>2026-09-21T13:57:04Z</time><speed>1.120</speed><sat>33</sat></trkpt>
  <trkpt lat="45.78207381" lon="2.95802565"><ele>1122.867</ele><time>2026-09-21T13:57:07Z</time><speed>1.220</speed><sat>32</sat></trkpt>
  <trkpt lat="45.78204654" lon="2.95800776"><ele>1122.071</ele><time>2026-09-21T13:57:10Z</time><speed>1.260</speed><sat>31</sat></trkpt>
  <trkpt lat="45.78202328" lon="2.95798268"><ele>1121.884</ele><time>2026-09-21T13:57:13Z</time><speed>1.620</speed><sat>32</sat></trkpt>
  <trkpt lat="45.78200102" lon="2.95795243"><ele>1121.830</ele><time>2026-09-21T13:57:16Z</time><speed>1.270</speed><sat>32</sat></trkpt>
  <trkpt lat="45.78198075" lon="2.95791627"><ele>1121.737</ele><time>2026-09-21T13:57:19Z</time><speed>1.590</speed><sat>32</sat></trkpt>
  <trkpt lat="45.78195671" lon="2.95787888"><ele>1121.972</ele><time>2026-09-21T13:57:22Z</time><speed>1.310</speed><sat>32</sat></trkpt>
  <trkpt lat="45.78193670" lon="2.95784720"><ele>1121.824</ele><time>2026-09-21T13:57:25Z</time><speed>1.430</speed><sat>32</sat></trkpt>
  <trkpt lat="45.78191735" lon="2.95781596"><ele>1121.918</ele><time>2026-09-21T13:57:28Z</time><speed>0.850</speed><sat>32</sat></trkpt>
  <trkpt lat="45.78189818" lon="2.95778090"><ele>1121.887</ele><time>2026-09-21T13:57:31Z</time><speed>1.340</speed><sat>32</sat></trkpt>
  <trkpt lat="45.78188219" lon="2.95775027"><ele>1121.766</ele><time>2026-09-21T13:57:34Z</time><speed>0.930</speed><sat>31</sat></trkpt>
  <trkpt lat="45.78185636" lon="2.95771038"><ele>1121.522</ele><time>2026-09-21T13:57:37Z</time><speed>1.190</speed><sat>31</sat></trkpt>
  <trkpt lat="45.78183480" lon="2.95767758"><ele>1121.419</ele><time>2026-09-21T13:57:40Z</time><speed>1.180</speed><sat>32</sat></trkpt>
  <trkpt lat="45.78181245" lon="2.95763138"><ele>1121.811</ele><time>2026-09-21T13:57:43Z</time><speed>1.360</speed><sat>31</sat></trkpt>
  <trkpt lat="45.78179022" lon="2.95759600"><ele>1121.641</ele><time>2026-09-21T13:57:46Z</time><speed>1.210</speed><sat>31</sat></trkpt>
  <trkpt lat="45.78176524" lon="2.95755716"><ele>1121.454</ele><time>2026-09-21T13:57:49Z</time><speed>1.670</speed><sat>31</sat></trkpt>
  <trkpt lat="45.78174199" lon="2.95752056"><ele>1121.417</ele><time>2026-09-21T13:57:52Z</time><speed>1.190</speed><sat>32</sat></trkpt>
  <trkpt lat="45.78171857" lon="2.95747869"><ele>1121.394</ele><time>2026-09-21T13:57:55Z</time><speed>1.600</speed><sat>32</sat></trkpt>
  <trkpt lat="45.78169814" lon="2.95744459"><ele>1121.249</ele><time>2026-09-21T13:57:58Z</time><speed>1.080</speed><sat>31</sat></trkpt>
  <trkpt lat="45.78166837" lon="2.95740583"><ele>1121.061</ele><time>2026-09-21T13:58:01Z</time><speed>1.480</speed><sat>31</sat></trkpt>
  <trkpt lat="45.78164573" lon="2.95736875"><ele>1120.542</ele><time>2026-09-21T13:58:04Z</time><speed>1.130</speed><sat>31</sat></trkpt>
  <trkpt lat="45.78162455" lon="2.95732862"><ele>1121.332</ele><time>2026-09-21T13:58:07Z</time><speed>1.310</speed><sat>31</sat></trkpt>
  <trkpt lat="45.78160178" lon="2.95729858"><ele>1121.438</ele><time>2026-09-21T13:58:10Z</time><speed>1.180</speed><sat>31</sat></trkpt>
  <trkpt lat="45.78158119" lon="2.95725471"><ele>1122.092</ele><time>2026-09-21T13:58:13Z</time><speed>1.290</speed><sat>31</sat></trkpt>
  <trkpt lat="45.78155667" lon="2.95721130"><ele>1122.368</ele><time>2026-09-21T13:58:16Z</time><speed>1.230</speed><sat>31</sat></trkpt>
  <trkpt lat="45.78154281" lon="2.95716433"><ele>1121.937</ele><time>2026-09-21T13:58:19Z</time><speed>1.270</speed><sat>31</sat></trkpt>
  <trkpt lat="45.78152758" lon="2.95712513"><ele>1121.910</ele><time>2026-09-21T13:58:22Z</time><speed>1.360</speed><sat>31</sat></trkpt>
  <trkpt lat="45.78152237" lon="2.95707680"><ele>1122.716</ele><time>2026-09-21T13:58:25Z</time><speed>1.220</speed><sat>31</sat></trkpt>
  <trkpt lat="45.78151314" lon="2.95703223"><ele>1122.157</ele><time>2026-09-21T13:58:28Z</time><speed>1.360</speed><sat>29</sat></trkpt>
  <trkpt lat="45.78151199" lon="2.95698895"><ele>1121.996</ele><time>2026-09-21T13:58:31Z</time><speed>1.160</speed><sat>30</sat></trkpt>
  <trkpt lat="45.78150669" lon="2.95694480"><ele>1121.451</ele><time>2026-09-21T13:58:34Z</time><speed>1.360</speed><sat>30</sat></trkpt>
  <trkpt lat="45.78149001" lon="2.95690174"><ele>1121.643</ele><time>2026-09-21T13:58:37Z</time><speed>1.180</speed><sat>29</sat></trkpt>
  <trkpt lat="45.78148047" lon="2.95685413"><ele>1121.938</ele><time>2026-09-21T13:58:40Z</time><speed>1.170</speed><sat>30</sat></trkpt>
  <trkpt lat="45.78146660" lon="2.95681119"><ele>1122.784</ele><time>2026-09-21T13:58:43Z</time><speed>1.240</speed><sat>31</sat></trkpt>
  <trkpt lat="45.78145549" lon="2.95676391"><ele>1122.813</ele><time>2026-09-21T13:58:46Z</time><speed>1.230</speed><sat>31</sat></trkpt>
  <trkpt lat="45.78144170" lon="2.95671440"><ele>1122.630</ele><time>2026-09-21T13:58:49Z</time><speed>1.230</speed><sat>31</sat></trkpt>
  <trkpt lat="45.78144037" lon="2.95665756"><ele>1124.189</ele><time>2026-09-21T13:58:52Z</time><speed>1.210</speed><sat>30</sat></trkpt>
  <trkpt lat="45.78144354" lon="2.95660031"><ele>1124.214</ele><time>2026-09-21T13:58:55Z</time><speed>1.250</speed><sat>31</sat></trkpt>
  <trkpt lat="45.78143936" lon="2.95654737"><ele>1124.363</ele><time>2026-09-21T13:58:58Z</time><speed>1.200</speed><sat>31</sat></trkpt>
  <trkpt lat="45.78143877" lon="2.95649682"><ele>1125.115</ele><time>2026-09-21T13:59:01Z</time><speed>1.220</speed><sat>30</sat></trkpt>
  <trkpt lat="45.78143252" lon="2.95645049"><ele>1125.985</ele><time>2026-09-21T13:59:04Z</time><speed>1.180</speed><sat>30</sat></trkpt>
  <trkpt lat="45.78141129" lon="2.95641496"><ele>1125.110</ele><time>2026-09-21T13:59:07Z</time><speed>1.290</speed><sat>30</sat></trkpt>
  <trkpt lat="45.78139591" lon="2.95637424"><ele>1123.667</ele><time>2026-09-21T13:59:10Z</time><speed>1.170</speed><sat>30</sat></trkpt>
  <trkpt lat="45.78138530" lon="2.95633834"><ele>1124.388</ele><time>2026-09-21T13:59:13Z</time><speed>1.170</speed><sat>31</sat></trkpt>
  <trkpt lat="45.78136714" lon="2.95630915"><ele>1124.656</ele><time>2026-09-21T13:59:16Z</time><speed>1.160</speed><sat>31</sat></trkpt>
  <trkpt lat="45.78134512" lon="2.95626880"><ele>1125.064</ele><time>2026-09-21T13:59:19Z</time><speed>1.050</speed><sat>30</sat></trkpt>
  <trkpt lat="45.78132656" lon="2.95623303"><ele>1125.759</ele><time>2026-09-21T13:59:22Z</time><speed>1.090</speed><sat>29</sat></trkpt>
  <trkpt lat="45.78130540" lon="2.95619936"><ele>1124.894</ele><time>2026-09-21T13:59:25Z</time><speed>1.160</speed><sat>30</sat></trkpt>
  <trkpt lat="45.78128092" lon="2.95617075"><ele>1125.851</ele><time>2026-09-21T13:59:28Z</time><speed>1.170</speed><sat>30</sat></trkpt>
  <trkpt lat="45.78126333" lon="2.95613203"><ele>1125.624</ele><time>2026-09-21T13:59:31Z</time><speed>1.230</speed><sat>30</sat></trkpt>
  <trkpt lat="45.78124131" lon="2.95609453"><ele>1125.900</ele><time>2026-09-21T13:59:34Z</time><speed>1.230</speed><sat>30</sat></trkpt>
  <trkpt lat="45.78122187" lon="2.95605212"><ele>1125.851</ele><time>2026-09-21T13:59:37Z</time><speed>1.260</speed><sat>30</sat></trkpt>
  <trkpt lat="45.78119479" lon="2.95601669"><ele>1125.112</ele><time>2026-09-21T13:59:40Z</time><speed>1.260</speed><sat>30</sat></trkpt>
  <trkpt lat="45.78117119" lon="2.95597323"><ele>1126.394</ele><time>2026-09-21T13:59:43Z</time><speed>1.220</speed><sat>29</sat></trkpt>
  <trkpt lat="45.78114840" lon="2.95593535"><ele>1125.136</ele><time>2026-09-21T13:59:46Z</time><speed>1.210</speed><sat>30</sat></trkpt>
  <trkpt lat="45.78113249" lon="2.95588752"><ele>1126.415</ele><time>2026-09-21T13:59:49Z</time><speed>1.220</speed><sat>31</sat></trkpt>
  <trkpt lat="45.78111400" lon="2.95584683"><ele>1126.625</ele><time>2026-09-21T13:59:52Z</time><speed>1.260</speed><sat>31</sat></trkpt>
  <trkpt lat="45.78109379" lon="2.95580034"><ele>1126.936</ele><time>2026-09-21T13:59:55Z</time><speed>1.380</speed><sat>30</sat></trkpt>
  <trkpt lat="45.78107092" lon="2.95576177"><ele>1128.165</ele><time>2026-09-21T13:59:58Z</time><speed>1.280</speed><sat>30</sat></trkpt>
  <trkpt lat="45.78104936" lon="2.95573106"><ele>1126.589</ele><time>2026-09-21T14:00:01Z</time><speed>1.260</speed><sat>30</sat></trkpt>
  <trkpt lat="45.78102824" lon="2.95570160"><ele>1126.598</ele><time>2026-09-21T14:00:04Z</time><speed>1.140</speed><sat>29</sat></trkpt>
  <trkpt lat="45.78100876" lon="2.95566139"><ele>1125.453</ele><time>2026-09-21T14:00:07Z</time><speed>1.260</speed><sat>29</sat></trkpt>
  <trkpt lat="45.78098151" lon="2.95562741"><ele>1125.038</ele><time>2026-09-21T14:00:10Z</time><speed>1.220</speed><sat>30</sat></trkpt>
  <trkpt lat="45.78095825" lon="2.95558905"><ele>1125.261</ele><time>2026-09-21T14:00:13Z</time><speed>1.200</speed><sat>27</sat></trkpt>
  <trkpt lat="45.78094310" lon="2.95554963"><ele>1125.268</ele><time>2026-09-21T14:00:16Z</time><speed>1.120</speed><sat>28</sat></trkpt>
  <trkpt lat="45.78092552" lon="2.95551363"><ele>1126.613</ele><time>2026-09-21T14:00:19Z</time><speed>1.200</speed><sat>29</sat></trkpt>
  <trkpt lat="45.78091138" lon="2.95546507"><ele>1125.669</ele><time>2026-09-21T14:00:22Z</time><speed>1.270</speed><sat>29</sat></trkpt>
  <trkpt lat="45.78089263" lon="2.95541913"><ele>1126.411</ele><time>2026-09-21T14:00:25Z</time><speed>1.210</speed><sat>29</sat></trkpt>
  <trkpt lat="45.78087591" lon="2.95537299"><ele>1126.616</ele><time>2026-09-21T14:00:28Z</time><speed>1.270</speed><sat>28</sat></trkpt>
  <trkpt lat="45.78085336" lon="2.95532860"><ele>1127.165</ele><time>2026-09-21T14:00:31Z</time><speed>1.200</speed><sat>27</sat></trkpt>
  <trkpt lat="45.78083222" lon="2.95528549"><ele>1126.097</ele><time>2026-09-21T14:00:34Z</time><speed>1.210</speed><sat>25</sat></trkpt>
  <trkpt lat="45.78081375" lon="2.95524311"><ele>1124.952</ele><time>2026-09-21T14:00:37Z</time><speed>1.240</speed><sat>26</sat></trkpt>
  <trkpt lat="45.78079623" lon="2.95519572"><ele>1126.167</ele><time>2026-09-21T14:00:40Z</time><speed>1.240</speed><sat>25</sat></trkpt>
  <trkpt lat="45.78077676" lon="2.95515476"><ele>1124.986</ele><time>2026-09-21T14:00:43Z</time><speed>1.220</speed><sat>29</sat></trkpt>
  <trkpt lat="45.78076513" lon="2.95510760"><ele>1126.107</ele><time>2026-09-21T14:00:46Z</time><speed>1.230</speed><sat>28</sat></trkpt>
  <trkpt lat="45.78074784" lon="2.95506496"><ele>1126.812</ele><time>2026-09-21T14:00:49Z</time><speed>1.270</speed><sat>25</sat></trkpt>
  <trkpt lat="45.78074846" lon="2.95501328"><ele>1127.486</ele><time>2026-09-21T14:00:52Z</time><speed>1.240</speed><sat>26</sat></trkpt>
  <trkpt lat="45.78074512" lon="2.95496881"><ele>1127.708</ele><time>2026-09-21T14:00:55Z</time><speed>1.230</speed><sat>26</sat></trkpt>
  <trkpt lat="45.78073134" lon="2.95492857"><ele>1126.678</ele><time>2026-09-21T14:00:58Z</time><speed>1.190</speed><sat>29</sat></trkpt>
  <trkpt lat="45.78072056" lon="2.95488098"><ele>1125.292</ele><time>2026-09-21T14:01:01Z</time><speed>1.170</speed><sat>28</sat></trkpt>
  <trkpt lat="45.78069964" lon="2.95484138"><ele>1124.757</ele><time>2026-09-21T14:01:04Z</time><speed>1.190</speed><sat>27</sat></trkpt>
  <trkpt lat="45.78067937" lon="2.95479813"><ele>1124.107</ele><time>2026-09-21T14:01:07Z</time><speed>1.180</speed><sat>26</sat></trkpt>
  <trkpt lat="45.78065653" lon="2.95475654"><ele>1124.578</ele><time>2026-09-21T14:01:10Z</time><speed>1.190</speed><sat>24</sat></trkpt>
  <trkpt lat="45.78063549" lon="2.95471282"><ele>1124.336</ele><time>2026-09-21T14:01:13Z</time><speed>1.150</speed><sat>28</sat></trkpt>
  <trkpt lat="45.78062951" lon="2.95466528"><ele>1122.925</ele><time>2026-09-21T14:01:16Z</time><speed>1.200</speed><sat>28</sat></trkpt>
  <trkpt lat="45.78061795" lon="2.95461977"><ele>1122.791</ele><time>2026-09-21T14:01:19Z</time><speed>1.170</speed><sat>25</sat></trkpt>
  <trkpt lat="45.78061025" lon="2.95457255"><ele>1124.208</ele><time>2026-09-21T14:01:22Z</time><speed>1.230</speed><sat>25</sat></trkpt>
  <trkpt lat="45.78060185" lon="2.95452346"><ele>1123.737</ele><time>2026-09-21T14:01:25Z</time><speed>1.240</speed><sat>27</sat></trkpt>
  <trkpt lat="45.78058975" lon="2.95448037"><ele>1124.074</ele><time>2026-09-21T14:01:28Z</time><speed>1.210</speed><sat>28</sat></trkpt>
  <trkpt lat="45.78056414" lon="2.95443915"><ele>1123.615</ele><time>2026-09-21T14:01:31Z</time><speed>1.220</speed><sat>24</sat></trkpt>
  <trkpt lat="45.78054966" lon="2.95438822"><ele>1124.263</ele><time>2026-09-21T14:01:34Z</time><speed>1.230</speed><sat>28</sat></trkpt>
  <trkpt lat="45.78053402" lon="2.95434528"><ele>1123.668</ele><time>2026-09-21T14:01:37Z</time><speed>1.230</speed><sat>30</sat></trkpt>
  <trkpt lat="45.78051920" lon="2.95430173"><ele>1125.658</ele><time>2026-09-21T14:01:40Z</time><speed>1.260</speed><sat>31</sat></trkpt>
  <trkpt lat="45.78049442" lon="2.95425171"><ele>1125.562</ele><time>2026-09-21T14:01:43Z</time><speed>1.260</speed><sat>28</sat></trkpt>
  <trkpt lat="45.78048657" lon="2.95420044"><ele>1126.144</ele><time>2026-09-21T14:01:46Z</time><speed>1.250</speed><sat>29</sat></trkpt>
  <trkpt lat="45.78047142" lon="2.95415725"><ele>1125.590</ele><time>2026-09-21T14:01:49Z</time><speed>1.240</speed><sat>30</sat></trkpt>
  <trkpt lat="45.78045537" lon="2.95411161"><ele>1126.385</ele><time>2026-09-21T14:01:52Z</time><speed>1.200</speed><sat>31</sat></trkpt>
  <trkpt lat="45.78043649" lon="2.95407323"><ele>1126.115</ele><time>2026-09-21T14:01:55Z</time><speed>1.210</speed><sat>30</sat></trkpt>
  <trkpt lat="45.78042247" lon="2.95403229"><ele>1125.099</ele><time>2026-09-21T14:01:58Z</time><speed>1.170</speed><sat>30</sat></trkpt>
  <trkpt lat="45.78040704" lon="2.95398844"><ele>1124.038</ele><time>2026-09-21T14:02:01Z</time><speed>1.210</speed><sat>31</sat></trkpt>
  <trkpt lat="45.78040011" lon="2.95395550"><ele>1121.451</ele><time>2026-09-21T14:02:04Z</time><speed>1.230</speed><sat>28</sat></trkpt>
  <trkpt lat="45.78037597" lon="2.95391670"><ele>1120.702</ele><time>2026-09-21T14:02:07Z</time><speed>1.290</speed><sat>29</sat></trkpt>
  <trkpt lat="45.78034864" lon="2.95387866"><ele>1119.989</ele><time>2026-09-21T14:02:10Z</time><speed>1.350</speed><sat>30</sat></trkpt>
  <trkpt lat="45.78032917" lon="2.95383658"><ele>1120.274</ele><time>2026-09-21T14:02:13Z</time><speed>1.390</speed><sat>31</sat></trkpt>
  <trkpt lat="45.78030413" lon="2.95379263"><ele>1121.945</ele><time>2026-09-21T14:02:16Z</time><speed>1.580</speed><sat>29</sat></trkpt>
  <trkpt lat="45.78027755" lon="2.95375285"><ele>1123.063</ele><time>2026-09-21T14:02:19Z</time><speed>1.490</speed><sat>30</sat></trkpt>
  <trkpt lat="45.78025647" lon="2.95371817"><ele>1120.520</ele><time>2026-09-21T14:02:22Z</time><speed>1.420</speed><sat>29</sat></trkpt>
  <trkpt lat="45.78022793" lon="2.95369407"><ele>1121.839</ele><time>2026-09-21T14:02:25Z</time><speed>1.500</speed><sat>29</sat></trkpt>
  <trkpt lat="45.78020400" lon="2.95366644"><ele>1122.491</ele><time>2026-09-21T14:02:28Z</time><speed>1.340</speed><sat>30</sat></trkpt>
  <trkpt lat="45.78017734" lon="2.95364106"><ele>1123.312</ele><time>2026-09-21T14:02:31Z</time><speed>1.310</speed><sat>28</sat></trkpt>
  <trkpt lat="45.78015273" lon="2.95361015"><ele>1125.266</ele><time>2026-09-21T14:02:34Z</time><speed>1.350</speed><sat>29</sat></trkpt>
  <trkpt lat="45.78012416" lon="2.95358256"><ele>1126.259</ele><time>2026-09-21T14:02:37Z</time><speed>1.360</speed><sat>31</sat></trkpt>
  <trkpt lat="45.78009592" lon="2.95356412"><ele>1127.228</ele><time>2026-09-21T14:02:40Z</time><speed>1.330</speed><sat>29</sat></trkpt>
  <trkpt lat="45.78007199" lon="2.95353653"><ele>1127.734</ele><time>2026-09-21T14:02:43Z</time><speed>1.420</speed><sat>28</sat></trkpt>
  <trkpt lat="45.78004459" lon="2.95351672"><ele>1127.323</ele><time>2026-09-21T14:02:46Z</time><speed>1.370</speed><sat>27</sat></trkpt>
  <trkpt lat="45.78001917" lon="2.95350327"><ele>1125.924</ele><time>2026-09-21T14:02:49Z</time><speed>1.390</speed><sat>27</sat></trkpt>
  <trkpt lat="45.77999066" lon="2.95347962"><ele>1125.453</ele><time>2026-09-21T14:02:52Z</time><speed>1.390</speed><sat>29</sat></trkpt>
  <trkpt lat="45.77996019" lon="2.95347067"><ele>1123.207</ele><time>2026-09-21T14:02:55Z</time><speed>1.400</speed><sat>29</sat></trkpt>
  <trkpt lat="45.77992979" lon="2.95346190"><ele>1121.741</ele><time>2026-09-21T14:02:58Z</time><speed>1.490</speed><sat>30</sat></trkpt>
  <trkpt lat="45.77989964" lon="2.95344505"><ele>1122.488</ele><time>2026-09-21T14:03:01Z</time><speed>1.260</speed><sat>28</sat></trkpt>
  <trkpt lat="45.77987248" lon="2.95342920"><ele>1121.953</ele><time>2026-09-21T14:03:04Z</time><speed>1.300</speed><sat>29</sat></trkpt>
  <trkpt lat="45.77984469" lon="2.95341826"><ele>1121.961</ele><time>2026-09-21T14:03:07Z</time><speed>1.280</speed><sat>29</sat></trkpt>
  <trkpt lat="45.77981051" lon="2.95340794"><ele>1120.929</ele><time>2026-09-21T14:03:10Z</time><speed>1.230</speed><sat>30</sat></trkpt>
  <trkpt lat="45.77978551" lon="2.95338894"><ele>1118.829</ele><time>2026-09-21T14:03:13Z</time><speed>1.260</speed><sat>29</sat></trkpt>
  <trkpt lat="45.77976238" lon="2.95337135"><ele>1119.183</ele><time>2026-09-21T14:03:16Z</time><speed>1.280</speed><sat>29</sat></trkpt>
  <trkpt lat="45.77973809" lon="2.95334500"><ele>1121.309</ele><time>2026-09-21T14:03:19Z</time><speed>1.300</speed><sat>29</sat></trkpt>
  <trkpt lat="45.77970664" lon="2.95333239"><ele>1120.434</ele><time>2026-09-21T14:03:22Z</time><speed>1.270</speed><sat>29</sat></trkpt>
  <trkpt lat="45.77967430" lon="2.95332001"><ele>1118.647</ele><time>2026-09-21T14:03:25Z</time><speed>1.290</speed><sat>30</sat></trkpt>
  <trkpt lat="45.77964468" lon="2.95330213"><ele>1117.812</ele><time>2026-09-21T14:03:28Z</time><speed>1.220</speed><sat>29</sat></trkpt>
  <trkpt lat="45.77960815" lon="2.95330467"><ele>1116.046</ele><time>2026-09-21T14:03:31Z</time><speed>1.260</speed><sat>28</sat></trkpt>
  <trkpt lat="45.77957574" lon="2.95330201"><ele>1116.341</ele><time>2026-09-21T14:03:34Z</time><speed>1.270</speed><sat>30</sat></trkpt>
  <trkpt lat="45.77954273" lon="2.95334243"><ele>1116.473</ele><time>2026-09-21T14:03:37Z</time><speed>2.750</speed><sat>29</sat></trkpt>
  <trkpt lat="45.77959183" lon="2.95328817"><ele>1117.312</ele><time>2026-09-21T14:03:40Z</time><speed>4.070</speed><sat>26</sat></trkpt>
  <trkpt lat="45.77954279" lon="2.95327476"><ele>1117.358</ele><time>2026-09-21T14:03:43Z</time><speed>1.210</speed><sat>29</sat></trkpt>
  <trkpt lat="45.77949939" lon="2.95327164"><ele>1115.752</ele><time>2026-09-21T14:03:46Z</time><speed>1.190</speed><sat>30</sat></trkpt>
  <trkpt lat="45.77946907" lon="2.95324717"><ele>1114.932</ele><time>2026-09-21T14:03:49Z</time><speed>1.180</speed><sat>29</sat></trkpt>
  <trkpt lat="45.77943439" lon="2.95323429"><ele>1112.883</ele><time>2026-09-21T14:03:52Z</time><speed>1.200</speed><sat>27</sat></trkpt>
  <trkpt lat="45.77940773" lon="2.95321516"><ele>1111.646</ele><time>2026-09-21T14:03:55Z</time><speed>1.230</speed><sat>28</sat></trkpt>
  <trkpt lat="45.77937795" lon="2.95319522"><ele>1111.857</ele><time>2026-09-21T14:03:58Z</time><speed>1.220</speed><sat>29</sat></trkpt>
  <trkpt lat="45.77935410" lon="2.95316360"><ele>1112.749</ele><time>2026-09-21T14:04:01Z</time><speed>1.220</speed><sat>28</sat></trkpt>
  <trkpt lat="45.77932785" lon="2.95313623"><ele>1113.489</ele><time>2026-09-21T14:04:04Z</time><speed>1.300</speed><sat>27</sat></trkpt>
  <trkpt lat="45.77929373" lon="2.95311782"><ele>1113.496</ele><time>2026-09-21T14:04:07Z</time><speed>1.350</speed><sat>27</sat></trkpt>
  <trkpt lat="45.77925831" lon="2.95310157"><ele>1113.622</ele><time>2026-09-21T14:04:10Z</time><speed>1.220</speed><sat>27</sat></trkpt>
  <trkpt lat="45.77922636" lon="2.95307923"><ele>1112.898</ele><time>2026-09-21T14:04:13Z</time><speed>1.220</speed><sat>27</sat></trkpt>
  <trkpt lat="45.77919953" lon="2.95306297"><ele>1111.555</ele><time>2026-09-21T14:04:16Z</time><speed>1.140</speed><sat>28</sat></trkpt>
  <trkpt lat="45.77917570" lon="2.95303392"><ele>1112.958</ele><time>2026-09-21T14:04:19Z</time><speed>1.150</speed><sat>29</sat></trkpt>
  <trkpt lat="45.77914613" lon="2.95300581"><ele>1111.410</ele><time>2026-09-21T14:04:22Z</time><speed>1.160</speed><sat>29</sat></trkpt>
  <trkpt lat="45.77911940" lon="2.95298348"><ele>1112.334</ele><time>2026-09-21T14:04:25Z</time><speed>1.110</speed><sat>30</sat></trkpt>
  <trkpt lat="45.77909612" lon="2.95296046"><ele>1113.626</ele><time>2026-09-21T14:04:28Z</time><speed>1.180</speed><sat>29</sat></trkpt>
  <trkpt lat="45.77906694" lon="2.95293346"><ele>1112.294</ele><time>2026-09-21T14:04:31Z</time><speed>1.130</speed><sat>30</sat></trkpt>
  <trkpt lat="45.77904130" lon="2.95291212"><ele>1113.790</ele><time>2026-09-21T14:04:34Z</time><speed>1.170</speed><sat>30</sat></trkpt>
  <trkpt lat="45.77901059" lon="2.95288739"><ele>1115.613</ele><time>2026-09-21T14:04:37Z</time><speed>1.150</speed><sat>30</sat></trkpt>
  <trkpt lat="45.77897307" lon="2.95287933"><ele>1114.753</ele><time>2026-09-21T14:04:40Z</time><speed>1.230</speed><sat>30</sat></trkpt>
  <trkpt lat="45.77893486" lon="2.95289068"><ele>1112.818</ele><time>2026-09-21T14:04:43Z</time><speed>1.210</speed><sat>30</sat></trkpt>
  <trkpt lat="45.77889954" lon="2.95288648"><ele>1113.348</ele><time>2026-09-21T14:04:46Z</time><speed>1.230</speed><sat>28</sat></trkpt>
  <trkpt lat="45.77886963" lon="2.95284731"><ele>1113.854</ele><time>2026-09-21T14:04:49Z</time><speed>1.410</speed><sat>30</sat></trkpt>
  <trkpt lat="45.77882701" lon="2.95283627"><ele>1113.823</ele><time>2026-09-21T14:04:52Z</time><speed>1.320</speed><sat>30</sat></trkpt>
  <trkpt lat="45.77877839" lon="2.95283603"><ele>1111.707</ele><time>2026-09-21T14:04:55Z</time><speed>1.330</speed><sat>30</sat></trkpt>
  <trkpt lat="45.77875629" lon="2.95283789"><ele>1113.836</ele><time>2026-09-21T14:04:58Z</time><speed>0.000</speed><sat>30</sat></trkpt>
  <trkpt lat="45.77875540" lon="2.95283607"><ele>1113.986</ele><time>2026-09-21T14:05:01Z</time><speed>0.000</speed><sat>27</sat></trkpt>
  <trkpt lat="45.77874903" lon="2.95282061"><ele>1113.735</ele><time>2026-09-21T14:05:04Z</time><speed>0.960</speed><sat>28</sat></trkpt>
  <trkpt lat="45.77872467" lon="2.95278349"><ele>1112.880</ele><time>2026-09-21T14:05:07Z</time><speed>1.110</speed><sat>28</sat></trkpt>
  <trkpt lat="45.77868157" lon="2.95274014"><ele>1113.846</ele><time>2026-09-21T14:05:10Z</time><speed>1.450</speed><sat>26</sat></trkpt>
  <trkpt lat="45.77863822" lon="2.95272962"><ele>1112.668</ele><time>2026-09-21T14:05:13Z</time><speed>1.560</speed><sat>25</sat></trkpt>
  <trkpt lat="45.77860714" lon="2.95272910"><ele>1112.098</ele><time>2026-09-21T14:05:16Z</time><speed>1.200</speed><sat>26</sat></trkpt>
  <trkpt lat="45.77857113" lon="2.95270249"><ele>1113.654</ele><time>2026-09-21T14:05:19Z</time><speed>1.020</speed><sat>25</sat></trkpt>
  <trkpt lat="45.77854010" lon="2.95270926"><ele>1115.489</ele><time>2026-09-21T14:05:22Z</time><speed>0.930</speed><sat>26</sat></trkpt>
  <trkpt lat="45.77851282" lon="2.95269691"><ele>1117.790</ele><time>2026-09-21T14:05:25Z</time><speed>0.930</speed><sat>26</sat></trkpt>
  <trkpt lat="45.77850015" lon="2.95268795"><ele>1118.047</ele><time>2026-09-21T14:05:28Z</time><speed>0.690</speed><sat>27</sat></trkpt>
  <trkpt lat="45.77853918" lon="2.95268532"><ele>1115.968</ele><time>2026-09-21T14:05:31Z</time><speed>0.900</speed><sat>29</sat></trkpt>
  <trkpt lat="45.77856266" lon="2.95271242"><ele>1115.293</ele><time>2026-09-21T14:05:34Z</time><speed>0.810</speed><sat>30</sat></trkpt>
  <trkpt lat="45.77857100" lon="2.95272349"><ele>1116.199</ele><time>2026-09-21T14:05:37Z</time><speed>0.000</speed><sat>27</sat></trkpt>
  <trkpt lat="45.77858165" lon="2.95270853"><ele>1116.047</ele><time>2026-09-21T14:05:40Z</time><speed>0.890</speed><sat>28</sat></trkpt>
  <trkpt lat="45.77858767" lon="2.95270531"><ele>1116.034</ele><time>2026-09-21T14:05:43Z</time><speed>0.460</speed><sat>28</sat></trkpt>
  <trkpt lat="45.77858677" lon="2.95270910"><ele>1115.839</ele><time>2026-09-21T14:05:46Z</time><speed>0.000</speed><sat>29</sat></trkpt>
  <trkpt lat="45.77858717" lon="2.95270987"><ele>1115.891</ele><time>2026-09-21T14:05:49Z</time><speed>0.000</speed><sat>28</sat></trkpt>
  <trkpt lat="45.77858747" lon="2.95271028"><ele>1115.938</ele><time>2026-09-21T14:05:52Z</time><speed>0.000</speed><sat>27</sat></trkpt>
  <trkpt lat="45.77858775" lon="2.95271073"><ele>1115.931</ele><time>2026-09-21T14:05:55Z</time><speed>0.000</speed><sat>29</sat></trkpt>
  <trkpt lat="45.77858531" lon="2.95271582"><ele>1115.709</ele><time>2026-09-21T14:05:58Z</time><speed>0.000</speed><sat>30</sat></trkpt>
  <trkpt lat="45.77858520" lon="2.95271598"><ele>1115.701</ele><time>2026-09-21T14:06:01Z</time><speed>0.000</speed><sat>28</sat></trkpt>
  <trkpt lat="45.77858521" lon="2.95271598"><ele>1115.693</ele><time>2026-09-21T14:06:04Z</time><speed>0.000</speed><sat>28</sat></trkpt>
  <trkpt lat="45.77858515" lon="2.95271599"><ele>1115.691</ele><time>2026-09-21T14:06:07Z</time><speed>0.000</speed><sat>27</sat></trkpt>
  <trkpt lat="45.77858510" lon="2.95271599"><ele>1115.687</ele><time>2026-09-21T14:06:10Z</time><speed>0.000</speed><sat>28</sat></trkpt>
  <trkpt lat="45.77858515" lon="2.95271594"><ele>1115.687</ele><time>2026-09-21T14:06:13Z</time><speed>0.000</speed><sat>29</sat></trkpt>
  <trkpt lat="45.77858510" lon="2.95271582"><ele>1115.664</ele><time>2026-09-21T14:06:16Z</time><speed>0.000</speed><sat>25</sat></trkpt>
  <trkpt lat="45.77858686" lon="2.95271696"><ele>1115.659</ele><time>2026-09-21T14:06:19Z</time><speed>0.180</speed><sat>27</sat></trkpt>
  <trkpt lat="45.77858733" lon="2.95271740"><ele>1115.674</ele><time>2026-09-21T14:06:22Z</time><speed>0.000</speed><sat>27</sat></trkpt>
  <trkpt lat="45.77858758" lon="2.95271785"><ele>1115.670</ele><time>2026-09-21T14:06:25Z</time><speed>0.000</speed><sat>26</sat></trkpt>
  <trkpt lat="45.77858768" lon="2.95271816"><ele>1115.641</ele><time>2026-09-21T14:06:28Z</time><speed>0.000</speed><sat>25</sat></trkpt>
  <trkpt lat="45.77858755" lon="2.95271805"><ele>1115.634</ele><time>2026-09-21T14:06:31Z</time><speed>0.000</speed><sat>25</sat></trkpt>
  <trkpt lat="45.77858717" lon="2.95271795"><ele>1115.555</ele><time>2026-09-21T14:06:34Z</time><speed>0.000</speed><sat>25</sat></trkpt>
  <trkpt lat="45.77858678" lon="2.95271778"><ele>1115.452</ele><time>2026-09-21T14:06:37Z</time><speed>0.000</speed><sat>25</sat></trkpt>
  <trkpt lat="45.77858090" lon="2.95271463"><ele>1114.939</ele><time>2026-09-21T14:06:40Z</time><speed>0.000</speed><sat>27</sat></trkpt>
  <trkpt lat="45.77858049" lon="2.95271417"><ele>1114.932</ele><time>2026-09-21T14:06:43Z</time><speed>0.000</speed><sat>28</sat></trkpt>
  <trkpt lat="45.77858069" lon="2.95271437"><ele>1114.958</ele><time>2026-09-21T14:06:46Z</time><speed>0.000</speed><sat>24</sat></trkpt>
  <trkpt lat="45.77858192" lon="2.95271569"><ele>1114.929</ele><time>2026-09-21T14:06:49Z</time><speed>0.000</speed><sat>21</sat></trkpt>
  <trkpt lat="45.77858187" lon="2.95271628"><ele>1115.412</ele><time>2026-09-21T14:06:52Z</time><speed>0.160</speed><sat>24</sat></trkpt>
  <trkpt lat="45.77858116" lon="2.95271717"><ele>1115.646</ele><time>2026-09-21T14:06:55Z</time><speed>0.000</speed><sat>29</sat></trkpt>
  <trkpt lat="45.77858172" lon="2.95271501"><ele>1115.542</ele><time>2026-09-21T14:06:58Z</time><speed>0.000</speed><sat>28</sat></trkpt>
  <trkpt lat="45.77858145" lon="2.95271511"><ele>1115.569</ele><time>2026-09-21T14:07:01Z</time><speed>0.000</speed><sat>27</sat></trkpt>
  <trkpt lat="45.77858133" lon="2.95271606"><ele>1115.559</ele><time>2026-09-21T14:07:04Z</time><speed>0.000</speed><sat>27</sat></trkpt>
  <trkpt lat="45.77858133" lon="2.95271587"><ele>1115.566</ele><time>2026-09-21T14:07:07Z</time><speed>0.000</speed><sat>27</sat></trkpt>
  <trkpt lat="45.77858133" lon="2.95271622"><ele>1115.650</ele><time>2026-09-21T14:07:10Z</time><speed>0.000</speed><sat>29</sat></trkpt>
  <trkpt lat="45.77858362" lon="2.95271234"><ele>1115.334</ele><time>2026-09-21T14:07:13Z</time><speed>0.000</speed><sat>26</sat></trkpt>
  <trkpt lat="45.77858381" lon="2.95271224"><ele>1115.310</ele><time>2026-09-21T14:07:16Z</time><speed>0.000</speed><sat>28</sat></trkpt>
  <trkpt lat="45.77858382" lon="2.95271198"><ele>1115.299</ele><time>2026-09-21T14:07:19Z</time><speed>0.000</speed><sat>28</sat></trkpt>
  <trkpt lat="45.77858401" lon="2.95271199"><ele>1115.252</ele><time>2026-09-21T14:07:22Z</time><speed>0.000</speed><sat>28</sat></trkpt>
  <trkpt lat="45.77858439" lon="2.95271233"><ele>1115.249</ele><time>2026-09-21T14:07:25Z</time><speed>0.000</speed><sat>29</sat></trkpt>
  <trkpt lat="45.77858483" lon="2.95271240"><ele>1115.227</ele><time>2026-09-21T14:07:28Z</time><speed>0.000</speed><sat>29</sat></trkpt>
  <trkpt lat="45.77858537" lon="2.95271231"><ele>1115.290</ele><time>2026-09-21T14:07:31Z</time><speed>0.000</speed><sat>29</sat></trkpt>
  <trkpt lat="45.77858534" lon="2.95271261"><ele>1115.332</ele><time>2026-09-21T14:07:34Z</time><speed>0.000</speed><sat>29</sat></trkpt>
  <trkpt lat="45.77858505" lon="2.95271323"><ele>1115.422</ele><time>2026-09-21T14:07:37Z</time><speed>0.000</speed><sat>29</sat></trkpt>
  <trkpt lat="45.77858510" lon="2.95271377"><ele>1115.337</ele><time>2026-09-21T14:07:40Z</time><speed>0.000</speed><sat>28</sat></trkpt>
  <trkpt lat="45.77858505" lon="2.95271414"><ele>1115.350</ele><time>2026-09-21T14:07:43Z</time><speed>0.000</speed><sat>26</sat></trkpt>
  <trkpt lat="45.77858503" lon="2.95271440"><ele>1115.354</ele><time>2026-09-21T14:07:46Z</time><speed>0.000</speed><sat>28</sat></trkpt>
  <trkpt lat="45.77858503" lon="2.95271458"><ele>1115.363</ele><time>2026-09-21T14:07:49Z</time><speed>0.000</speed><sat>28</sat></trkpt>
  <trkpt lat="45.77858115" lon="2.95270608"><ele>1115.279</ele><time>2026-09-21T14:07:52Z</time><speed>0.000</speed><sat>25</sat></trkpt>
  <trkpt lat="45.77858781" lon="2.95270814"><ele>1115.401</ele><time>2026-09-21T14:07:55Z</time><speed>0.000</speed><sat>25</sat></trkpt>
  <trkpt lat="45.77858129" lon="2.95271391"><ele>1115.804</ele><time>2026-09-21T14:07:58Z</time><speed>0.000</speed><sat>28</sat></trkpt>
  <trkpt lat="45.77857891" lon="2.95272287"><ele>1115.491</ele><time>2026-09-21T14:08:01Z</time><speed>0.000</speed><sat>29</sat></trkpt>
  <trkpt lat="45.77857918" lon="2.95272405"><ele>1115.447</ele><time>2026-09-21T14:08:04Z</time><speed>0.000</speed><sat>29</sat></trkpt>
  <trkpt lat="45.77857937" lon="2.95272409"><ele>1115.405</ele><time>2026-09-21T14:08:07Z</time><speed>0.000</speed><sat>26</sat></trkpt>
  <trkpt lat="45.77857935" lon="2.95272407"><ele>1115.396</ele><time>2026-09-21T14:08:10Z</time><speed>0.000</speed><sat>25</sat></trkpt>
  <trkpt lat="45.77857929" lon="2.95272419"><ele>1115.392</ele><time>2026-09-21T14:08:13Z</time><speed>0.000</speed><sat>23</sat></trkpt>
  <trkpt lat="45.77857937" lon="2.95272446"><ele>1115.375</ele><time>2026-09-21T14:08:16Z</time><speed>0.000</speed><sat>23</sat></trkpt>
  <trkpt lat="45.77857886" lon="2.95272495"><ele>1115.400</ele><time>2026-09-21T14:08:19Z</time><speed>0.000</speed><sat>25</sat></trkpt>
  <trkpt lat="45.77857835" lon="2.95272512"><ele>1115.378</ele><time>2026-09-21T14:08:22Z</time><speed>0.000</speed><sat>28</sat></trkpt>
  <trkpt lat="45.77857783" lon="2.95272623"><ele>1115.307</ele><time>2026-09-21T14:08:25Z</time><speed>0.000</speed><sat>29</sat></trkpt>
  <trkpt lat="45.77857746" lon="2.95272671"><ele>1115.291</ele><time>2026-09-21T14:08:28Z</time><speed>0.000</speed><sat>29</sat></trkpt>
  <trkpt lat="45.77857725" lon="2.95272711"><ele>1115.372</ele><time>2026-09-21T14:08:31Z</time><speed>0.000</speed><sat>28</sat></trkpt>
  <trkpt lat="45.77857688" lon="2.95272688"><ele>1115.387</ele><time>2026-09-21T14:08:34Z</time><speed>0.000</speed><sat>29</sat></trkpt>
  <trkpt lat="45.77857027" lon="2.95272626"><ele>1116.481</ele><time>2026-09-21T14:08:37Z</time><speed>0.330</speed><sat>30</sat></trkpt>
  <trkpt lat="45.77854994" lon="2.95272945"><ele>1116.137</ele><time>2026-09-21T14:08:40Z</time><speed>0.600</speed><sat>31</sat></trkpt>
  <trkpt lat="45.77851760" lon="2.95273267"><ele>1114.427</ele><time>2026-09-21T14:08:43Z</time><speed>0.830</speed><sat>30</sat></trkpt>
  <trkpt lat="45.77849035" lon="2.95272658"><ele>1114.260</ele><time>2026-09-21T14:08:46Z</time><speed>0.800</speed><sat>30</sat></trkpt>
  <trkpt lat="45.77846532" lon="2.95272165"><ele>1115.310</ele><time>2026-09-21T14:08:49Z</time><speed>0.970</speed><sat>31</sat></trkpt>
  <trkpt lat="45.77843096" lon="2.95270660"><ele>1115.276</ele><time>2026-09-21T14:08:52Z</time><speed>1.230</speed><sat>27</sat></trkpt>
  <trkpt lat="45.77838765" lon="2.95267750"><ele>1116.157</ele><time>2026-09-21T14:08:55Z</time><speed>1.130</speed><sat>28</sat></trkpt>
  <trkpt lat="45.77834420" lon="2.95264285"><ele>1117.953</ele><time>2026-09-21T14:08:58Z</time><speed>1.060</speed><sat>28</sat></trkpt>
  <trkpt lat="45.77831020" lon="2.95263640"><ele>1118.397</ele><time>2026-09-21T14:09:01Z</time><speed>1.010</speed><sat>30</sat></trkpt>
  <trkpt lat="45.77827794" lon="2.95260322"><ele>1120.604</ele><time>2026-09-21T14:09:04Z</time><speed>1.060</speed><sat>29</sat></trkpt>
  <trkpt lat="45.77824332" lon="2.95257449"><ele>1121.528</ele><time>2026-09-21T14:09:07Z</time><speed>1.140</speed><sat>30</sat></trkpt>
  <trkpt lat="45.77820751" lon="2.95255404"><ele>1121.184</ele><time>2026-09-21T14:09:10Z</time><speed>1.210</speed><sat>30</sat></trkpt>
  <trkpt lat="45.77817512" lon="2.95253937"><ele>1120.197</ele><time>2026-09-21T14:09:13Z</time><speed>1.210</speed><sat>27</sat></trkpt>
  <trkpt lat="45.77814432" lon="2.95251199"><ele>1120.057</ele><time>2026-09-21T14:09:16Z</time><speed>1.210</speed><sat>26</sat></trkpt>
  <trkpt lat="45.77810511" lon="2.95249662"><ele>1121.987</ele><time>2026-09-21T14:09:19Z</time><speed>1.250</speed><sat>29</sat></trkpt>
  <trkpt lat="45.77806427" lon="2.95248872"><ele>1121.372</ele><time>2026-09-21T14:09:22Z</time><speed>1.370</speed><sat>29</sat></trkpt>
  <trkpt lat="45.77802098" lon="2.95248220"><ele>1121.324</ele><time>2026-09-21T14:09:25Z</time><speed>1.260</speed><sat>29</sat></trkpt>
  <trkpt lat="45.77798623" lon="2.95248863"><ele>1122.425</ele><time>2026-09-21T14:09:28Z</time><speed>1.210</speed><sat>30</sat></trkpt>
  <trkpt lat="45.77794628" lon="2.95249753"><ele>1121.252</ele><time>2026-09-21T14:09:31Z</time><speed>1.230</speed><sat>30</sat></trkpt>
  <trkpt lat="45.77791157" lon="2.95250259"><ele>1121.189</ele><time>2026-09-21T14:09:34Z</time><speed>1.210</speed><sat>29</sat></trkpt>
  <trkpt lat="45.77788238" lon="2.95248280"><ele>1122.290</ele><time>2026-09-21T14:09:37Z</time><speed>1.070</speed><sat>29</sat></trkpt>
  <trkpt lat="45.77785495" lon="2.95246608"><ele>1123.067</ele><time>2026-09-21T14:09:40Z</time><speed>1.150</speed><sat>29</sat></trkpt>
  <trkpt lat="45.77782269" lon="2.95246295"><ele>1122.849</ele><time>2026-09-21T14:09:43Z</time><speed>1.180</speed><sat>28</sat></trkpt>
  <trkpt lat="45.77779298" lon="2.95245746"><ele>1122.842</ele><time>2026-09-21T14:09:46Z</time><speed>1.210</speed><sat>27</sat></trkpt>
  <trkpt lat="45.77776038" lon="2.95245629"><ele>1121.932</ele><time>2026-09-21T14:09:49Z</time><speed>1.220</speed><sat>27</sat></trkpt>
  <trkpt lat="45.77772988" lon="2.95245532"><ele>1122.940</ele><time>2026-09-21T14:09:52Z</time><speed>1.220</speed><sat>28</sat></trkpt>
  <trkpt lat="45.77770057" lon="2.95243680"><ele>1122.558</ele><time>2026-09-21T14:09:55Z</time><speed>1.220</speed><sat>28</sat></trkpt>
  <trkpt lat="45.77766236" lon="2.95242822"><ele>1121.296</ele><time>2026-09-21T14:09:58Z</time><speed>1.280</speed><sat>28</sat></trkpt>
  <trkpt lat="45.77761621" lon="2.95243628"><ele>1118.595</ele><time>2026-09-21T14:10:01Z</time><speed>1.540</speed><sat>28</sat></trkpt>
  <trkpt lat="45.77756442" lon="2.95241771"><ele>1118.022</ele><time>2026-09-21T14:10:04Z</time><speed>1.660</speed><sat>29</sat></trkpt>
  <trkpt lat="45.77752026" lon="2.95240093"><ele>1117.282</ele><time>2026-09-21T14:10:07Z</time><speed>1.070</speed><sat>26</sat></trkpt>
  <trkpt lat="45.77749228" lon="2.95239653"><ele>1118.219</ele><time>2026-09-21T14:10:10Z</time><speed>0.650</speed><sat>27</sat></trkpt>
  <trkpt lat="45.77748101" lon="2.95238920"><ele>1118.957</ele><time>2026-09-21T14:10:13Z</time><speed>0.390</speed><sat>28</sat></trkpt>
  <trkpt lat="45.77745045" lon="2.95240312"><ele>1118.333</ele><time>2026-09-21T14:10:16Z</time><speed>1.240</speed><sat>27</sat></trkpt>
  <trkpt lat="45.77740176" lon="2.95241225"><ele>1119.745</ele><time>2026-09-21T14:10:19Z</time><speed>1.710</speed><sat>26</sat></trkpt>
  <trkpt lat="45.77733755" lon="2.95240855"><ele>1120.405</ele><time>2026-09-21T14:10:22Z</time><speed>1.730</speed><sat>26</sat></trkpt>
  <trkpt lat="45.77730545" lon="2.95239179"><ele>1122.023</ele><time>2026-09-21T14:10:25Z</time><speed>0.000</speed><sat>27</sat></trkpt>
  <trkpt lat="45.77730883" lon="2.95236843"><ele>1123.210</ele><time>2026-09-21T14:10:28Z</time><speed>1.250</speed><sat>29</sat></trkpt>
  <trkpt lat="45.77727282" lon="2.95233061"><ele>1121.842</ele><time>2026-09-21T14:10:31Z</time><speed>1.640</speed><sat>27</sat></trkpt>
  <trkpt lat="45.77722298" lon="2.95232965"><ele>1119.865</ele><time>2026-09-21T14:10:34Z</time><speed>1.520</speed><sat>27</sat></trkpt>
  <trkpt lat="45.77722501" lon="2.95233831"><ele>1120.317</ele><time>2026-09-21T14:10:37Z</time><speed>0.000</speed><sat>27</sat></trkpt>
  <trkpt lat="45.77721745" lon="2.95229830"><ele>1120.261</ele><time>2026-09-21T14:10:40Z</time><speed>0.860</speed><sat>29</sat></trkpt>
  <trkpt lat="45.77719442" lon="2.95227592"><ele>1119.121</ele><time>2026-09-21T14:10:43Z</time><speed>0.730</speed><sat>29</sat></trkpt>
  <trkpt lat="45.77716640" lon="2.95228175"><ele>1119.497</ele><time>2026-09-21T14:10:46Z</time><speed>0.920</speed><sat>27</sat></trkpt>
  <trkpt lat="45.77714868" lon="2.95229156"><ele>1120.075</ele><time>2026-09-21T14:10:49Z</time><speed>0.630</speed><sat>27</sat></trkpt>
  <trkpt lat="45.77711541" lon="2.95230647"><ele>1119.634</ele><time>2026-09-21T14:10:52Z</time><speed>1.030</speed><sat>29</sat></trkpt>
  <trkpt lat="45.77707423" lon="2.95231119"><ele>1119.526</ele><time>2026-09-21T14:10:55Z</time><speed>1.350</speed><sat>28</sat></trkpt>
  <trkpt lat="45.77703229" lon="2.95228842"><ele>1118.896</ele><time>2026-09-21T14:10:58Z</time><speed>1.270</speed><sat>24</sat></trkpt>
  <trkpt lat="45.77699888" lon="2.95231826"><ele>1119.292</ele><time>2026-09-21T14:11:01Z</time><speed>1.190</speed><sat>24</sat></trkpt>
  <trkpt lat="45.77697223" lon="2.95233578"><ele>1119.502</ele><time>2026-09-21T14:11:04Z</time><speed>1.150</speed><sat>24</sat></trkpt>
  <trkpt lat="45.77694376" lon="2.95235976"><ele>1119.061</ele><time>2026-09-21T14:11:07Z</time><speed>1.010</speed><sat>26</sat></trkpt>
  <trkpt lat="45.77690738" lon="2.95237661"><ele>1117.877</ele><time>2026-09-21T14:11:10Z</time><speed>1.270</speed><sat>26</sat></trkpt>
  <trkpt lat="45.77685141" lon="2.95239164"><ele>1119.859</ele><time>2026-09-21T14:11:13Z</time><speed>1.530</speed><sat>24</sat></trkpt>
  <trkpt lat="45.77680001" lon="2.95241634"><ele>1120.921</ele><time>2026-09-21T14:11:16Z</time><speed>1.730</speed><sat>26</sat></trkpt>
  <trkpt lat="45.77676390" lon="2.95244499"><ele>1118.404</ele><time>2026-09-21T14:11:19Z</time><speed>1.450</speed><sat>26</sat></trkpt>
  <trkpt lat="45.77671914" lon="2.95246929"><ele>1117.994</ele><time>2026-09-21T14:11:22Z</time><speed>1.610</speed><sat>25</sat></trkpt>
  <trkpt lat="45.77667219" lon="2.95248217"><ele>1117.604</ele><time>2026-09-21T14:11:25Z</time><speed>1.630</speed><sat>28</sat></trkpt>
  <trkpt lat="45.77662841" lon="2.95250927"><ele>1118.581</ele><time>2026-09-21T14:11:28Z</time><speed>1.660</speed><sat>27</sat></trkpt>
  <trkpt lat="45.77661288" lon="2.95251179"><ele>1118.653</ele><time>2026-09-21T14:11:31Z</time><speed>0.000</speed><sat>25</sat></trkpt>
  <trkpt lat="45.77659354" lon="2.95251824"><ele>1116.807</ele><time>2026-09-21T14:11:34Z</time><speed>0.850</speed><sat>23</sat></trkpt>
  <trkpt lat="45.77656285" lon="2.95255142"><ele>1115.295</ele><time>2026-09-21T14:11:37Z</time><speed>1.280</speed><sat>23</sat></trkpt>
  <trkpt lat="45.77652294" lon="2.95257009"><ele>1115.713</ele><time>2026-09-21T14:11:40Z</time><speed>1.170</speed><sat>24</sat></trkpt>
  <trkpt lat="45.77648388" lon="2.95257143"><ele>1116.798</ele><time>2026-09-21T14:11:43Z</time><speed>0.970</speed><sat>24</sat></trkpt>
  <trkpt lat="45.77646331" lon="2.95258577"><ele>1117.845</ele><time>2026-09-21T14:11:46Z</time><speed>0.840</speed><sat>24</sat></trkpt>
  <trkpt lat="45.77644390" lon="2.95260269"><ele>1117.857</ele><time>2026-09-21T14:11:49Z</time><speed>0.000</speed><sat>25</sat></trkpt>
  <trkpt lat="45.77643847" lon="2.95260656"><ele>1117.683</ele><time>2026-09-21T14:11:52Z</time><speed>0.460</speed><sat>23</sat></trkpt>
  <trkpt lat="45.77640933" lon="2.95261939"><ele>1116.694</ele><time>2026-09-21T14:11:55Z</time><speed>0.750</speed><sat>24</sat></trkpt>
  <trkpt lat="45.77637183" lon="2.95264159"><ele>1116.690</ele><time>2026-09-21T14:11:58Z</time><speed>1.310</speed><sat>26</sat></trkpt>
  <trkpt lat="45.77633193" lon="2.95265070"><ele>1116.727</ele><time>2026-09-21T14:12:01Z</time><speed>1.400</speed><sat>25</sat></trkpt>
  <trkpt lat="45.77629150" lon="2.95266305"><ele>1117.771</ele><time>2026-09-21T14:12:04Z</time><speed>1.240</speed><sat>24</sat></trkpt>
  <trkpt lat="45.77624914" lon="2.95267928"><ele>1117.112</ele><time>2026-09-21T14:12:07Z</time><speed>1.200</speed><sat>25</sat></trkpt>
  <trkpt lat="45.77620708" lon="2.95271773"><ele>1116.031</ele><time>2026-09-21T14:12:10Z</time><speed>1.290</speed><sat>23</sat></trkpt>
  <trkpt lat="45.77616845" lon="2.95272274"><ele>1117.437</ele><time>2026-09-21T14:12:13Z</time><speed>1.220</speed><sat>26</sat></trkpt>
  <trkpt lat="45.77613114" lon="2.95274169"><ele>1116.600</ele><time>2026-09-21T14:12:16Z</time><speed>0.680</speed><sat>27</sat></trkpt>
  <trkpt lat="45.77609574" lon="2.95276220"><ele>1115.129</ele><time>2026-09-21T14:12:19Z</time><speed>1.160</speed><sat>25</sat></trkpt>
  <trkpt lat="45.77606246" lon="2.95277186"><ele>1114.819</ele><time>2026-09-21T14:12:22Z</time><speed>1.160</speed><sat>26</sat></trkpt>
  <trkpt lat="45.77602866" lon="2.95277302"><ele>1113.493</ele><time>2026-09-21T14:12:25Z</time><speed>1.220</speed><sat>26</sat></trkpt>
  <trkpt lat="45.77599847" lon="2.95280382"><ele>1111.981</ele><time>2026-09-21T14:12:28Z</time><speed>1.200</speed><sat>25</sat></trkpt>
  <trkpt lat="45.77596284" lon="2.95284085"><ele>1111.526</ele><time>2026-09-21T14:12:31Z</time><speed>1.310</speed><sat>26</sat></trkpt>
  <trkpt lat="45.77592290" lon="2.95285871"><ele>1111.502</ele><time>2026-09-21T14:12:34Z</time><speed>1.250</speed><sat>25</sat></trkpt>
  <trkpt lat="45.77589972" lon="2.95286485"><ele>1111.877</ele><time>2026-09-21T14:12:37Z</time><speed>0.630</speed><sat>25</sat></trkpt>
  <trkpt lat="45.77587343" lon="2.95285258"><ele>1112.620</ele><time>2026-09-21T14:12:40Z</time><speed>0.740</speed><sat>25</sat></trkpt>
  <trkpt lat="45.77584235" lon="2.95284491"><ele>1111.365</ele><time>2026-09-21T14:12:43Z</time><speed>0.850</speed><sat>23</sat></trkpt>
  <trkpt lat="45.77581170" lon="2.95283430"><ele>1112.038</ele><time>2026-09-21T14:12:46Z</time><speed>0.980</speed><sat>22</sat></trkpt>
  <trkpt lat="45.77578745" lon="2.95283712"><ele>1112.554</ele><time>2026-09-21T14:12:49Z</time><speed>0.880</speed><sat>23</sat></trkpt>
  <trkpt lat="45.77576902" lon="2.95285387"><ele>1111.814</ele><time>2026-09-21T14:12:52Z</time><speed>1.130</speed><sat>24</sat></trkpt>
  <trkpt lat="45.77574257" lon="2.95285857"><ele>1111.616</ele><time>2026-09-21T14:12:55Z</time><speed>1.030</speed><sat>24</sat></trkpt>
  <trkpt lat="45.77571866" lon="2.95284398"><ele>1112.276</ele><time>2026-09-21T14:12:58Z</time><speed>1.000</speed><sat>22</sat></trkpt>
  <trkpt lat="45.77569049" lon="2.95282823"><ele>1111.573</ele><time>2026-09-21T14:13:01Z</time><speed>0.980</speed><sat>23</sat></trkpt>
  <trkpt lat="45.77566820" lon="2.95281504"><ele>1111.991</ele><time>2026-09-21T14:13:04Z</time><speed>0.950</speed><sat>27</sat></trkpt>
  <trkpt lat="45.77564188" lon="2.95280002"><ele>1109.126</ele><time>2026-09-21T14:13:07Z</time><speed>0.930</speed><sat>27</sat></trkpt>
  <trkpt lat="45.77562387" lon="2.95277269"><ele>1106.961</ele><time>2026-09-21T14:13:10Z</time><speed>0.930</speed><sat>26</sat></trkpt>
  <trkpt lat="45.77560813" lon="2.95274042"><ele>1106.719</ele><time>2026-09-21T14:13:13Z</time><speed>0.920</speed><sat>26</sat></trkpt>
  <trkpt lat="45.77559226" lon="2.95270252"><ele>1105.728</ele><time>2026-09-21T14:13:16Z</time><speed>0.930</speed><sat>24</sat></trkpt>
  <trkpt lat="45.77557835" lon="2.95266187"><ele>1106.815</ele><time>2026-09-21T14:13:19Z</time><speed>0.940</speed><sat>23</sat></trkpt>
  <trkpt lat="45.77555711" lon="2.95262813"><ele>1106.108</ele><time>2026-09-21T14:13:22Z</time><speed>0.940</speed><sat>24</sat></trkpt>
  <trkpt lat="45.77553143" lon="2.95258993"><ele>1105.422</ele><time>2026-09-21T14:13:25Z</time><speed>1.140</speed><sat>25</sat></trkpt>
  <trkpt lat="45.77550667" lon="2.95256331"><ele>1104.216</ele><time>2026-09-21T14:13:28Z</time><speed>0.990</speed><sat>27</sat></trkpt>
  <trkpt lat="45.77548656" lon="2.95252562"><ele>1103.848</ele><time>2026-09-21T14:13:31Z</time><speed>1.030</speed><sat>26</sat></trkpt>
  <trkpt lat="45.77546314" lon="2.95248595"><ele>1104.997</ele><time>2026-09-21T14:13:34Z</time><speed>1.070</speed><sat>24</sat></trkpt>
  <trkpt lat="45.77544587" lon="2.95243966"><ele>1105.901</ele><time>2026-09-21T14:13:37Z</time><speed>1.120</speed><sat>25</sat></trkpt>
  <trkpt lat="45.77542133" lon="2.95239619"><ele>1105.274</ele><time>2026-09-21T14:13:40Z</time><speed>1.100</speed><sat>26</sat></trkpt>
  <trkpt lat="45.77539849" lon="2.95236104"><ele>1103.578</ele><time>2026-09-21T14:13:43Z</time><speed>1.090</speed><sat>27</sat></trkpt>
  <trkpt lat="45.77537632" lon="2.95232679"><ele>1101.985</ele><time>2026-09-21T14:13:46Z</time><speed>1.170</speed><sat>27</sat></trkpt>
  <trkpt lat="45.77537245" lon="2.95228256"><ele>1103.338</ele><time>2026-09-21T14:13:49Z</time><speed>1.120</speed><sat>25</sat></trkpt>
  <trkpt lat="45.77533874" lon="2.95225973"><ele>1103.624</ele><time>2026-09-21T14:13:52Z</time><speed>1.060</speed><sat>24</sat></trkpt>
  <trkpt lat="45.77531149" lon="2.95223284"><ele>1103.084</ele><time>2026-09-21T14:13:55Z</time><speed>1.080</speed><sat>26</sat></trkpt>
  <trkpt lat="45.77527524" lon="2.95221822"><ele>1103.928</ele><time>2026-09-21T14:13:58Z</time><speed>1.100</speed><sat>27</sat></trkpt>
  <trkpt lat="45.77523805" lon="2.95220086"><ele>1102.881</ele><time>2026-09-21T14:14:01Z</time><speed>1.160</speed><sat>24</sat></trkpt>
  <trkpt lat="45.77520286" lon="2.95218910"><ele>1103.164</ele><time>2026-09-21T14:14:04Z</time><speed>1.230</speed><sat>26</sat></trkpt>
  <trkpt lat="45.77516500" lon="2.95217984"><ele>1104.240</ele><time>2026-09-21T14:14:07Z</time><speed>1.290</speed><sat>26</sat></trkpt>
  <trkpt lat="45.77513255" lon="2.95216502"><ele>1104.913</ele><time>2026-09-21T14:14:10Z</time><speed>1.130</speed><sat>26</sat></trkpt>
  <trkpt lat="45.77509885" lon="2.95215283"><ele>1105.313</ele><time>2026-09-21T14:14:13Z</time><speed>1.090</speed><sat>26</sat></trkpt>
  <trkpt lat="45.77506556" lon="2.95214015"><ele>1103.845</ele><time>2026-09-21T14:14:16Z</time><speed>1.070</speed><sat>27</sat></trkpt>
  <trkpt lat="45.77503114" lon="2.95213094"><ele>1103.074</ele><time>2026-09-21T14:14:19Z</time><speed>1.190</speed><sat>23</sat></trkpt>
  <trkpt lat="45.77500233" lon="2.95211967"><ele>1103.473</ele><time>2026-09-21T14:14:22Z</time><speed>1.070</speed><sat>24</sat></trkpt>
  <trkpt lat="45.77497154" lon="2.95211896"><ele>1102.854</ele><time>2026-09-21T14:14:25Z</time><speed>1.030</speed><sat>23</sat></trkpt>
  <trkpt lat="45.77494016" lon="2.95212063"><ele>1101.682</ele><time>2026-09-21T14:14:28Z</time><speed>1.070</speed><sat>22</sat></trkpt>
  <trkpt lat="45.77491048" lon="2.95211134"><ele>1101.973</ele><time>2026-09-21T14:14:31Z</time><speed>1.020</speed><sat>21</sat></trkpt>
  <trkpt lat="45.77487852" lon="2.95210197"><ele>1102.257</ele><time>2026-09-21T14:14:34Z</time><speed>1.030</speed><sat>20</sat></trkpt>
  <trkpt lat="45.77484796" lon="2.95208779"><ele>1102.623</ele><time>2026-09-21T14:14:37Z</time><speed>1.090</speed><sat>23</sat></trkpt>
  <trkpt lat="45.77481475" lon="2.95207949"><ele>1104.321</ele><time>2026-09-21T14:14:40Z</time><speed>1.070</speed><sat>23</sat></trkpt>
  <trkpt lat="45.77478464" lon="2.95207669"><ele>1105.233</ele><time>2026-09-21T14:14:43Z</time><speed>1.080</speed><sat>23</sat></trkpt>
  <trkpt lat="45.77475174" lon="2.95204924"><ele>1105.872</ele><time>2026-09-21T14:14:46Z</time><speed>1.070</speed><sat>23</sat></trkpt>
  <trkpt lat="45.77470972" lon="2.95201482"><ele>1108.315</ele><time>2026-09-21T14:14:49Z</time><speed>1.090</speed><sat>24</sat></trkpt>
  <trkpt lat="45.77467093" lon="2.95199483"><ele>1108.906</ele><time>2026-09-21T14:14:52Z</time><speed>1.100</speed><sat>27</sat></trkpt>
  <trkpt lat="45.77463363" lon="2.95197207"><ele>1110.724</ele><time>2026-09-21T14:14:55Z</time><speed>1.120</speed><sat>29</sat></trkpt>
  <trkpt lat="45.77460083" lon="2.95197112"><ele>1111.269</ele><time>2026-09-21T14:14:58Z</time><speed>1.120</speed><sat>30</sat></trkpt>
  <trkpt lat="45.77456839" lon="2.95196450"><ele>1111.648</ele><time>2026-09-21T14:15:01Z</time><speed>1.110</speed><sat>24</sat></trkpt>
  <trkpt lat="45.77453340" lon="2.95196682"><ele>1111.302</ele><time>2026-09-21T14:15:04Z</time><speed>1.110</speed><sat>27</sat></trkpt>
  <trkpt lat="45.77449405" lon="2.95195901"><ele>1110.113</ele><time>2026-09-21T14:15:07Z</time><speed>1.120</speed><sat>27</sat></trkpt>
  <trkpt lat="45.77445952" lon="2.95194886"><ele>1110.515</ele><time>2026-09-21T14:15:10Z</time><speed>1.130</speed><sat>25</sat></trkpt>
  <trkpt lat="45.77442665" lon="2.95193664"><ele>1111.080</ele><time>2026-09-21T14:15:13Z</time><speed>1.100</speed><sat>28</sat></trkpt>
  <trkpt lat="45.77439110" lon="2.95192853"><ele>1111.703</ele><time>2026-09-21T14:15:16Z</time><speed>1.100</speed><sat>28</sat></trkpt>
  <trkpt lat="45.77435609" lon="2.95192618"><ele>1110.161</ele><time>2026-09-21T14:15:19Z</time><speed>1.190</speed><sat>27</sat></trkpt>
  <trkpt lat="45.77431567" lon="2.95192500"><ele>1110.033</ele><time>2026-09-21T14:15:22Z</time><speed>1.230</speed><sat>23</sat></trkpt>
  <trkpt lat="45.77427807" lon="2.95191334"><ele>1110.587</ele><time>2026-09-21T14:15:25Z</time><speed>1.310</speed><sat>26</sat></trkpt>
  <trkpt lat="45.77424123" lon="2.95190144"><ele>1112.247</ele><time>2026-09-21T14:15:28Z</time><speed>1.300</speed><sat>26</sat></trkpt>
  <trkpt lat="45.77419188" lon="2.95190313"><ele>1113.132</ele><time>2026-09-21T14:15:31Z</time><speed>1.610</speed><sat>25</sat></trkpt>
  <trkpt lat="45.77415262" lon="2.95190507"><ele>1111.149</ele><time>2026-09-21T14:15:34Z</time><speed>1.360</speed><sat>22</sat></trkpt>
  <trkpt lat="45.77412024" lon="2.95187768"><ele>1111.021</ele><time>2026-09-21T14:15:37Z</time><speed>1.270</speed><sat>24</sat></trkpt>
  <trkpt lat="45.77408978" lon="2.95185759"><ele>1111.502</ele><time>2026-09-21T14:15:40Z</time><speed>1.210</speed><sat>24</sat></trkpt>
  <trkpt lat="45.77408062" lon="2.95185237"><ele>1113.591</ele><time>2026-09-21T14:15:43Z</time><speed>0.000</speed><sat>23</sat></trkpt>
  <trkpt lat="45.77408123" lon="2.95185378"><ele>1113.530</ele><time>2026-09-21T14:15:46Z</time><speed>0.000</speed><sat>25</sat></trkpt>
  <trkpt lat="45.77404684" lon="2.95185402"><ele>1114.730</ele><time>2026-09-21T14:15:49Z</time><speed>1.470</speed><sat>28</sat></trkpt>
  <trkpt lat="45.77400803" lon="2.95187751"><ele>1114.794</ele><time>2026-09-21T14:15:52Z</time><speed>1.320</speed><sat>29</sat></trkpt>
  <trkpt lat="45.77395937" lon="2.95188081"><ele>1114.594</ele><time>2026-09-21T14:15:55Z</time><speed>1.230</speed><sat>28</sat></trkpt>
  <trkpt lat="45.77391533" lon="2.95187556"><ele>1113.482</ele><time>2026-09-21T14:15:58Z</time><speed>1.450</speed><sat>27</sat></trkpt>
  <trkpt lat="45.77387696" lon="2.95187713"><ele>1113.350</ele><time>2026-09-21T14:16:01Z</time><speed>1.070</speed><sat>27</sat></trkpt>
  <trkpt lat="45.77386309" lon="2.95189189"><ele>1114.265</ele><time>2026-09-21T14:16:04Z</time><speed>0.000</speed><sat>28</sat></trkpt>
  <trkpt lat="45.77386338" lon="2.95189323"><ele>1114.294</ele><time>2026-09-21T14:16:07Z</time><speed>0.000</speed><sat>28</sat></trkpt>
  <trkpt lat="45.77384268" lon="2.95186587"><ele>1113.628</ele><time>2026-09-21T14:16:10Z</time><speed>1.300</speed><sat>25</sat></trkpt>
  <trkpt lat="45.77380112" lon="2.95184581"><ele>1113.229</ele><time>2026-09-21T14:16:13Z</time><speed>0.810</speed><sat>22</sat></trkpt>
  <trkpt lat="45.77376629" lon="2.95184996"><ele>1113.051</ele><time>2026-09-21T14:16:16Z</time><speed>1.090</speed><sat>23</sat></trkpt>
  <trkpt lat="45.77372039" lon="2.95185709"><ele>1115.166</ele><time>2026-09-21T14:16:19Z</time><speed>1.440</speed><sat>24</sat></trkpt>
  <trkpt lat="45.77368466" lon="2.95185886"><ele>1115.883</ele><time>2026-09-21T14:16:22Z</time><speed>1.310</speed><sat>24</sat></trkpt>
  <trkpt lat="45.77365842" lon="2.95186096"><ele>1116.244</ele><time>2026-09-21T14:16:25Z</time><speed>1.000</speed><sat>22</sat></trkpt>
  <trkpt lat="45.77363324" lon="2.95187616"><ele>1116.535</ele><time>2026-09-21T14:16:28Z</time><speed>0.990</speed><sat>24</sat></trkpt>
  <trkpt lat="45.77360225" lon="2.95186660"><ele>1117.425</ele><time>2026-09-21T14:16:31Z</time><speed>1.210</speed><sat>24</sat></trkpt>
  <trkpt lat="45.77357003" lon="2.95186607"><ele>1118.778</ele><time>2026-09-21T14:16:34Z</time><speed>1.220</speed><sat>26</sat></trkpt>
  <trkpt lat="45.77354354" lon="2.95185456"><ele>1117.959</ele><time>2026-09-21T14:16:37Z</time><speed>1.070</speed><sat>26</sat></trkpt>
  <trkpt lat="45.77351389" lon="2.95186445"><ele>1118.992</ele><time>2026-09-21T14:16:40Z</time><speed>1.120</speed><sat>26</sat></trkpt>
  <trkpt lat="45.77348070" lon="2.95187638"><ele>1118.989</ele><time>2026-09-21T14:16:43Z</time><speed>1.110</speed><sat>26</sat></trkpt>
  <trkpt lat="45.77345255" lon="2.95188911"><ele>1117.244</ele><time>2026-09-21T14:16:46Z</time><speed>1.040</speed><sat>25</sat></trkpt>
  <trkpt lat="45.77342437" lon="2.95188299"><ele>1116.077</ele><time>2026-09-21T14:16:49Z</time><speed>1.050</speed><sat>27</sat></trkpt>
  <trkpt lat="45.77339688" lon="2.95188387"><ele>1117.384</ele><time>2026-09-21T14:16:52Z</time><speed>1.070</speed><sat>27</sat></trkpt>
  <trkpt lat="45.77336747" lon="2.95187957"><ele>1118.149</ele><time>2026-09-21T14:16:55Z</time><speed>0.940</speed><sat>28</sat></trkpt>
  <trkpt lat="45.77333734" lon="2.95187888"><ele>1117.124</ele><time>2026-09-21T14:16:58Z</time><speed>0.940</speed><sat>29</sat></trkpt>
  <trkpt lat="45.77330749" lon="2.95188674"><ele>1117.190</ele><time>2026-09-21T14:17:01Z</time><speed>0.990</speed><sat>28</sat></trkpt>
  <trkpt lat="45.77327517" lon="2.95188780"><ele>1116.710</ele><time>2026-09-21T14:17:04Z</time><speed>0.920</speed><sat>26</sat></trkpt>
  <trkpt lat="45.77323617" lon="2.95190336"><ele>1116.166</ele><time>2026-09-21T14:17:07Z</time><speed>1.390</speed><sat>27</sat></trkpt>
  <trkpt lat="45.77319050" lon="2.95190452"><ele>1116.612</ele><time>2026-09-21T14:17:10Z</time><speed>1.480</speed><sat>28</sat></trkpt>
  <trkpt lat="45.77315179" lon="2.95190974"><ele>1116.905</ele><time>2026-09-21T14:17:13Z</time><speed>1.360</speed><sat>27</sat></trkpt>
  <trkpt lat="45.77309815" lon="2.95192134"><ele>1116.756</ele><time>2026-09-21T14:17:16Z</time><speed>2.550</speed><sat>26</sat></trkpt>
  <trkpt lat="45.77303842" lon="2.95192947"><ele>1118.399</ele><time>2026-09-21T14:17:19Z</time><speed>2.150</speed><sat>26</sat></trkpt>
  <trkpt lat="45.77299753" lon="2.95193634"><ele>1120.531</ele><time>2026-09-21T14:17:22Z</time><speed>1.600</speed><sat>26</sat></trkpt>
  <trkpt lat="45.77297401" lon="2.95193743"><ele>1120.756</ele><time>2026-09-21T14:17:25Z</time><speed>0.990</speed><sat>27</sat></trkpt>
  <trkpt lat="45.77295589" lon="2.95193284"><ele>1118.973</ele><time>2026-09-21T14:17:28Z</time><speed>0.870</speed><sat>27</sat></trkpt>
  <trkpt lat="45.77293315" lon="2.95193227"><ele>1118.263</ele><time>2026-09-21T14:17:31Z</time><speed>0.950</speed><sat>26</sat></trkpt>
  <trkpt lat="45.77291287" lon="2.95193510"><ele>1117.968</ele><time>2026-09-21T14:17:34Z</time><speed>0.840</speed><sat>26</sat></trkpt>
  <trkpt lat="45.77289252" lon="2.95193995"><ele>1117.697</ele><time>2026-09-21T14:17:37Z</time><speed>0.810</speed><sat>25</sat></trkpt>
  <trkpt lat="45.77286720" lon="2.95194230"><ele>1118.328</ele><time>2026-09-21T14:17:40Z</time><speed>1.020</speed><sat>26</sat></trkpt>
  <trkpt lat="45.77283973" lon="2.95194965"><ele>1119.337</ele><time>2026-09-21T14:17:43Z</time><speed>0.860</speed><sat>25</sat></trkpt>
  <trkpt lat="45.77280720" lon="2.95195280"><ele>1120.228</ele><time>2026-09-21T14:17:46Z</time><speed>0.860</speed><sat>27</sat></trkpt>
  <trkpt lat="45.77278169" lon="2.95196042"><ele>1119.578</ele><time>2026-09-21T14:17:49Z</time><speed>0.870</speed><sat>30</sat></trkpt>
  <trkpt lat="45.77274847" lon="2.95196757"><ele>1117.778</ele><time>2026-09-21T14:17:52Z</time><speed>0.970</speed><sat>29</sat></trkpt>
  <trkpt lat="45.77272076" lon="2.95198217"><ele>1118.475</ele><time>2026-09-21T14:17:55Z</time><speed>0.900</speed><sat>26</sat></trkpt>
  <trkpt lat="45.77268621" lon="2.95197493"><ele>1118.207</ele><time>2026-09-21T14:17:58Z</time><speed>0.950</speed><sat>27</sat></trkpt>
  <trkpt lat="45.77265231" lon="2.95198315"><ele>1116.781</ele><time>2026-09-21T14:18:01Z</time><speed>0.950</speed><sat>27</sat></trkpt>
  <trkpt lat="45.77262252" lon="2.95198778"><ele>1118.533</ele><time>2026-09-21T14:18:04Z</time><speed>0.920</speed><sat>27</sat></trkpt>
  <trkpt lat="45.77258834" lon="2.95199601"><ele>1118.680</ele><time>2026-09-21T14:18:07Z</time><speed>0.920</speed><sat>29</sat></trkpt>
  <trkpt lat="45.77255380" lon="2.95199964"><ele>1118.774</ele><time>2026-09-21T14:18:10Z</time><speed>0.830</speed><sat>29</sat></trkpt>
  <trkpt lat="45.77252698" lon="2.95199950"><ele>1118.218</ele><time>2026-09-21T14:18:13Z</time><speed>0.840</speed><sat>26</sat></trkpt>
  <trkpt lat="45.77249790" lon="2.95200095"><ele>1118.477</ele><time>2026-09-21T14:18:16Z</time><speed>0.790</speed><sat>27</sat></trkpt>
  <trkpt lat="45.77247513" lon="2.95201211"><ele>1119.411</ele><time>2026-09-21T14:18:19Z</time><speed>0.510</speed><sat>29</sat></trkpt>
  <trkpt lat="45.77246253" lon="2.95200835"><ele>1119.910</ele><time>2026-09-21T14:18:22Z</time><speed>0.000</speed><sat>28</sat></trkpt>
  <trkpt lat="45.77246209" lon="2.95200776"><ele>1119.887</ele><time>2026-09-21T14:18:25Z</time><speed>0.000</speed><sat>26</sat></trkpt>
  <trkpt lat="45.77246073" lon="2.95200747"><ele>1119.832</ele><time>2026-09-21T14:18:28Z</time><speed>0.000</speed><sat>28</sat></trkpt>
  <trkpt lat="45.77244476" lon="2.95202507"><ele>1117.925</ele><time>2026-09-21T14:18:31Z</time><speed>0.590</speed><sat>27</sat></trkpt>
  <trkpt lat="45.77241923" lon="2.95202049"><ele>1119.723</ele><time>2026-09-21T14:18:34Z</time><speed>0.650</speed><sat>26</sat></trkpt>
  <trkpt lat="45.77239343" lon="2.95202063"><ele>1120.778</ele><time>2026-09-21T14:18:37Z</time><speed>0.720</speed><sat>27</sat></trkpt>
  <trkpt lat="45.77237246" lon="2.95202990"><ele>1121.785</ele><time>2026-09-21T14:18:40Z</time><speed>0.840</speed><sat>27</sat></trkpt>
  <trkpt lat="45.77235031" lon="2.95203603"><ele>1122.314</ele><time>2026-09-21T14:18:43Z</time><speed>0.840</speed><sat>27</sat></trkpt>
  <trkpt lat="45.77233083" lon="2.95204317"><ele>1123.157</ele><time>2026-09-21T14:18:46Z</time><speed>0.850</speed><sat>27</sat></trkpt>
  <trkpt lat="45.77231414" lon="2.95206065"><ele>1123.106</ele><time>2026-09-21T14:18:49Z</time><speed>0.760</speed><sat>26</sat></trkpt>
  <trkpt lat="45.77229111" lon="2.95207211"><ele>1123.612</ele><time>2026-09-21T14:18:52Z</time><speed>0.760</speed><sat>26</sat></trkpt>
  <trkpt lat="45.77226308" lon="2.95207075"><ele>1124.265</ele><time>2026-09-21T14:18:55Z</time><speed>0.780</speed><sat>28</sat></trkpt>
  <trkpt lat="45.77223861" lon="2.95207823"><ele>1122.739</ele><time>2026-09-21T14:18:58Z</time><speed>0.780</speed><sat>28</sat></trkpt>
  <trkpt lat="45.77221081" lon="2.95208578"><ele>1122.400</ele><time>2026-09-21T14:19:01Z</time><speed>0.790</speed><sat>25</sat></trkpt>
  <trkpt lat="45.77218426" lon="2.95209999"><ele>1122.570</ele><time>2026-09-21T14:19:04Z</time><speed>0.870</speed><sat>25</sat></trkpt>
  <trkpt lat="45.77215567" lon="2.95212289"><ele>1124.491</ele><time>2026-09-21T14:19:07Z</time><speed>0.810</speed><sat>26</sat></trkpt>
  <trkpt lat="45.77212909" lon="2.95213711"><ele>1123.602</ele><time>2026-09-21T14:19:10Z</time><speed>0.860</speed><sat>27</sat></trkpt>
  <trkpt lat="45.77210078" lon="2.95215072"><ele>1123.756</ele><time>2026-09-21T14:19:13Z</time><speed>0.890</speed><sat>27</sat></trkpt>
  <trkpt lat="45.77207274" lon="2.95216069"><ele>1124.548</ele><time>2026-09-21T14:19:16Z</time><speed>0.820</speed><sat>27</sat></trkpt>
  <trkpt lat="45.77204579" lon="2.95216948"><ele>1125.173</ele><time>2026-09-21T14:19:19Z</time><speed>0.840</speed><sat>27</sat></trkpt>
  <trkpt lat="45.77202041" lon="2.95218939"><ele>1123.736</ele><time>2026-09-21T14:19:22Z</time><speed>0.820</speed><sat>26</sat></trkpt>
  <trkpt lat="45.77199300" lon="2.95219369"><ele>1124.670</ele><time>2026-09-21T14:19:25Z</time><speed>0.830</speed><sat>26</sat></trkpt>
  <trkpt lat="45.77196629" lon="2.95220056"><ele>1125.246</ele><time>2026-09-21T14:19:28Z</time><speed>0.890</speed><sat>26</sat></trkpt>
  <trkpt lat="45.77193806" lon="2.95221205"><ele>1125.314</ele><time>2026-09-21T14:19:31Z</time><speed>0.820</speed><sat>25</sat></trkpt>
  <trkpt lat="45.77190914" lon="2.95221815"><ele>1126.480</ele><time>2026-09-21T14:19:34Z</time><speed>0.810</speed><sat>25</sat></trkpt>
  <trkpt lat="45.77187844" lon="2.95222226"><ele>1126.340</ele><time>2026-09-21T14:19:37Z</time><speed>0.820</speed><sat>25</sat></trkpt>
  <trkpt lat="45.77184894" lon="2.95222444"><ele>1126.144</ele><time>2026-09-21T14:19:40Z</time><speed>0.800</speed><sat>23</sat></trkpt>
  <trkpt lat="45.77182081" lon="2.95220754"><ele>1128.291</ele><time>2026-09-21T14:19:43Z</time><speed>0.880</speed><sat>26</sat></trkpt>
  <trkpt lat="45.77179346" lon="2.95221424"><ele>1128.763</ele><time>2026-09-21T14:19:46Z</time><speed>0.830</speed><sat>29</sat></trkpt>
  <trkpt lat="45.77176985" lon="2.95222717"><ele>1129.801</ele><time>2026-09-21T14:19:49Z</time><speed>0.880</speed><sat>27</sat></trkpt>
  <trkpt lat="45.77174032" lon="2.95222880"><ele>1129.436</ele><time>2026-09-21T14:19:52Z</time><speed>0.750</speed><sat>25</sat></trkpt>
  <trkpt lat="45.77171391" lon="2.95223164"><ele>1129.524</ele><time>2026-09-21T14:19:55Z</time><speed>0.830</speed><sat>29</sat></trkpt>
  <trkpt lat="45.77168742" lon="2.95224104"><ele>1128.045</ele><time>2026-09-21T14:19:58Z</time><speed>0.850</speed><sat>29</sat></trkpt>
  <trkpt lat="45.77165116" lon="2.95224209"><ele>1128.593</ele><time>2026-09-21T14:20:01Z</time><speed>1.240</speed><sat>26</sat></trkpt>
  <trkpt lat="45.77161614" lon="2.95223675"><ele>1129.857</ele><time>2026-09-21T14:20:04Z</time><speed>1.120</speed><sat>27</sat></trkpt>
  <trkpt lat="45.77159398" lon="2.95224583"><ele>1130.380</ele><time>2026-09-21T14:20:07Z</time><speed>0.810</speed><sat>29</sat></trkpt>
  <trkpt lat="45.77157293" lon="2.95224547"><ele>1130.567</ele><time>2026-09-21T14:20:10Z</time><speed>0.700</speed><sat>28</sat></trkpt>
  <trkpt lat="45.77155200" lon="2.95225361"><ele>1130.950</ele><time>2026-09-21T14:20:13Z</time><speed>0.740</speed><sat>27</sat></trkpt>
  <trkpt lat="45.77152629" lon="2.95225712"><ele>1131.424</ele><time>2026-09-21T14:20:16Z</time><speed>0.900</speed><sat>27</sat></trkpt>
  <trkpt lat="45.77150112" lon="2.95225871"><ele>1130.938</ele><time>2026-09-21T14:20:19Z</time><speed>0.860</speed><sat>28</sat></trkpt>
  <trkpt lat="45.77147523" lon="2.95225807"><ele>1131.445</ele><time>2026-09-21T14:20:22Z</time><speed>0.860</speed><sat>27</sat></trkpt>
  <trkpt lat="45.77144894" lon="2.95225985"><ele>1132.209</ele><time>2026-09-21T14:20:25Z</time><speed>0.850</speed><sat>25</sat></trkpt>
  <trkpt lat="45.77142411" lon="2.95226016"><ele>1131.571</ele><time>2026-09-21T14:20:28Z</time><speed>0.850</speed><sat>26</sat></trkpt>
  <trkpt lat="45.77140039" lon="2.95227584"><ele>1133.088</ele><time>2026-09-21T14:20:31Z</time><speed>0.840</speed><sat>27</sat></trkpt>
  <trkpt lat="45.77137541" lon="2.95230233"><ele>1132.393</ele><time>2026-09-21T14:20:34Z</time><speed>0.830</speed><sat>27</sat></trkpt>
  <trkpt lat="45.77135141" lon="2.95232158"><ele>1131.843</ele><time>2026-09-21T14:20:37Z</time><speed>0.780</speed><sat>27</sat></trkpt>
  <trkpt lat="45.77132697" lon="2.95234376"><ele>1132.378</ele><time>2026-09-21T14:20:40Z</time><speed>0.800</speed><sat>27</sat></trkpt>
  <trkpt lat="45.77130335" lon="2.95236049"><ele>1133.225</ele><time>2026-09-21T14:20:43Z</time><speed>0.880</speed><sat>26</sat></trkpt>
  <trkpt lat="45.77128176" lon="2.95236641"><ele>1133.572</ele><time>2026-09-21T14:20:46Z</time><speed>0.870</speed><sat>26</sat></trkpt>
  <trkpt lat="45.77126123" lon="2.95237382"><ele>1134.088</ele><time>2026-09-21T14:20:49Z</time><speed>0.850</speed><sat>27</sat></trkpt>
  <trkpt lat="45.77124019" lon="2.95237790"><ele>1135.964</ele><time>2026-09-21T14:20:52Z</time><speed>0.800</speed><sat>26</sat></trkpt>
  <trkpt lat="45.77122170" lon="2.95238906"><ele>1136.525</ele><time>2026-09-21T14:20:55Z</time><speed>0.680</speed><sat>26</sat></trkpt>
  <trkpt lat="45.77120181" lon="2.95239137"><ele>1137.378</ele><time>2026-09-21T14:20:58Z</time><speed>0.700</speed><sat>27</sat></trkpt>
  <trkpt lat="45.77118377" lon="2.95239972"><ele>1138.781</ele><time>2026-09-21T14:21:01Z</time><speed>0.750</speed><sat>27</sat></trkpt>
  <trkpt lat="45.77116436" lon="2.95240265"><ele>1139.658</ele><time>2026-09-21T14:21:04Z</time><speed>0.700</speed><sat>26</sat></trkpt>
  <trkpt lat="45.77114581" lon="2.95240293"><ele>1140.912</ele><time>2026-09-21T14:21:07Z</time><speed>0.850</speed><sat>25</sat></trkpt>
  <trkpt lat="45.77112142" lon="2.95242446"><ele>1139.067</ele><time>2026-09-21T14:21:10Z</time><speed>0.930</speed><sat>25</sat></trkpt>
  <trkpt lat="45.77109540" lon="2.95245081"><ele>1137.211</ele><time>2026-09-21T14:21:13Z</time><speed>0.900</speed><sat>26</sat></trkpt>
  <trkpt lat="45.77107297" lon="2.95247403"><ele>1137.188</ele><time>2026-09-21T14:21:16Z</time><speed>0.890</speed><sat>27</sat></trkpt>
  <trkpt lat="45.77105116" lon="2.95250230"><ele>1135.881</ele><time>2026-09-21T14:21:19Z</time><speed>0.960</speed><sat>27</sat></trkpt>
  <trkpt lat="45.77101406" lon="2.95253796"><ele>1136.089</ele><time>2026-09-21T14:21:22Z</time><speed>2.340</speed><sat>27</sat></trkpt>
  <trkpt lat="45.77094260" lon="2.95258555"><ele>1135.816</ele><time>2026-09-21T14:21:25Z</time><speed>2.920</speed><sat>27</sat></trkpt>
  <trkpt lat="45.77089574" lon="2.95260533"><ele>1132.061</ele><time>2026-09-21T14:21:28Z</time><speed>2.410</speed><sat>26</sat></trkpt>
  <trkpt lat="45.77087538" lon="2.95263606"><ele>1131.940</ele><time>2026-09-21T14:21:31Z</time><speed>1.650</speed><sat>28</sat></trkpt>
  <trkpt lat="45.77084991" lon="2.95266940"><ele>1132.267</ele><time>2026-09-21T14:21:34Z</time><speed>1.450</speed><sat>27</sat></trkpt>
  <trkpt lat="45.77083770" lon="2.95268973"><ele>1132.362</ele><time>2026-09-21T14:21:37Z</time><speed>0.990</speed><sat>26</sat></trkpt>
  <trkpt lat="45.77082107" lon="2.95269773"><ele>1132.699</ele><time>2026-09-21T14:21:40Z</time><speed>0.810</speed><sat>26</sat></trkpt>
  <trkpt lat="45.77080254" lon="2.95270690"><ele>1132.745</ele><time>2026-09-21T14:21:43Z</time><speed>0.920</speed><sat>25</sat></trkpt>
  <trkpt lat="45.77078512" lon="2.95271396"><ele>1132.606</ele><time>2026-09-21T14:21:46Z</time><speed>0.790</speed><sat>23</sat></trkpt>
  <trkpt lat="45.77076839" lon="2.95271432"><ele>1133.383</ele><time>2026-09-21T14:21:49Z</time><speed>0.760</speed><sat>26</sat></trkpt>
  <trkpt lat="45.77075609" lon="2.95271941"><ele>1133.310</ele><time>2026-09-21T14:21:52Z</time><speed>0.740</speed><sat>25</sat></trkpt>
  <trkpt lat="45.77074461" lon="2.95273200"><ele>1131.265</ele><time>2026-09-21T14:21:55Z</time><speed>0.780</speed><sat>24</sat></trkpt>
  <trkpt lat="45.77073268" lon="2.95274579"><ele>1132.601</ele><time>2026-09-21T14:21:58Z</time><speed>0.830</speed><sat>25</sat></trkpt>
  <trkpt lat="45.77071833" lon="2.95275295"><ele>1133.152</ele><time>2026-09-21T14:22:01Z</time><speed>0.750</speed><sat>27</sat></trkpt>
  <trkpt lat="45.77070348" lon="2.95276653"><ele>1134.456</ele><time>2026-09-21T14:22:04Z</time><speed>0.730</speed><sat>27</sat></trkpt>
  <trkpt lat="45.77068653" lon="2.95276830"><ele>1135.760</ele><time>2026-09-21T14:22:07Z</time><speed>1.010</speed><sat>26</sat></trkpt>
  <trkpt lat="45.77067072" lon="2.95277336"><ele>1135.790</ele><time>2026-09-21T14:22:10Z</time><speed>0.740</speed><sat>25</sat></trkpt>
  <trkpt lat="45.77065252" lon="2.95278415"><ele>1135.229</ele><time>2026-09-21T14:22:13Z</time><speed>0.760</speed><sat>27</sat></trkpt>
  <trkpt lat="45.77063420" lon="2.95279487"><ele>1135.299</ele><time>2026-09-21T14:22:16Z</time><speed>0.710</speed><sat>27</sat></trkpt>
  <trkpt lat="45.77061159" lon="2.95280702"><ele>1135.839</ele><time>2026-09-21T14:22:19Z</time><speed>0.740</speed><sat>25</sat></trkpt>
  <trkpt lat="45.77058974" lon="2.95282408"><ele>1136.274</ele><time>2026-09-21T14:22:22Z</time><speed>0.780</speed><sat>24</sat></trkpt>
  <trkpt lat="45.77057150" lon="2.95285150"><ele>1138.330</ele><time>2026-09-21T14:22:25Z</time><speed>0.870</speed><sat>25</sat></trkpt>
  <trkpt lat="45.77055164" lon="2.95287760"><ele>1138.200</ele><time>2026-09-21T14:22:28Z</time><speed>0.820</speed><sat>25</sat></trkpt>
  <trkpt lat="45.77052600" lon="2.95290515"><ele>1138.559</ele><time>2026-09-21T14:22:31Z</time><speed>0.920</speed><sat>25</sat></trkpt>
  <trkpt lat="45.77049690" lon="2.95291980"><ele>1138.854</ele><time>2026-09-21T14:22:34Z</time><speed>0.810</speed><sat>26</sat></trkpt>
  <trkpt lat="45.77046599" lon="2.95291940"><ele>1139.828</ele><time>2026-09-21T14:22:37Z</time><speed>0.840</speed><sat>26</sat></trkpt>
  <trkpt lat="45.77043135" lon="2.95292311"><ele>1139.607</ele><time>2026-09-21T14:22:40Z</time><speed>0.850</speed><sat>26</sat></trkpt>
  <trkpt lat="45.77040116" lon="2.95293096"><ele>1139.796</ele><time>2026-09-21T14:22:43Z</time><speed>0.910</speed><sat>26</sat></trkpt>
  <trkpt lat="45.77036990" lon="2.95294431"><ele>1139.747</ele><time>2026-09-21T14:22:46Z</time><speed>0.940</speed><sat>25</sat></trkpt>
  <trkpt lat="45.77034357" lon="2.95296001"><ele>1140.901</ele><time>2026-09-21T14:22:49Z</time><speed>0.930</speed><sat>26</sat></trkpt>
  <trkpt lat="45.77031552" lon="2.95297584"><ele>1140.367</ele><time>2026-09-21T14:22:52Z</time><speed>0.920</speed><sat>26</sat></trkpt>
  <trkpt lat="45.77028860" lon="2.95298020"><ele>1140.298</ele><time>2026-09-21T14:22:55Z</time><speed>0.880</speed><sat>27</sat></trkpt>
  <trkpt lat="45.77026710" lon="2.95299544"><ele>1140.421</ele><time>2026-09-21T14:22:58Z</time><speed>0.910</speed><sat>27</sat></trkpt>
  <trkpt lat="45.77024506" lon="2.95300992"><ele>1139.921</ele><time>2026-09-21T14:23:01Z</time><speed>0.840</speed><sat>26</sat></trkpt>
  <trkpt lat="45.77021932" lon="2.95302292"><ele>1139.751</ele><time>2026-09-21T14:23:04Z</time><speed>0.810</speed><sat>27</sat></trkpt>
  <trkpt lat="45.77019336" lon="2.95304160"><ele>1140.610</ele><time>2026-09-21T14:23:07Z</time><speed>0.960</speed><sat>27</sat></trkpt>
  <trkpt lat="45.77016893" lon="2.95305258"><ele>1141.462</ele><time>2026-09-21T14:23:10Z</time><speed>0.870</speed><sat>27</sat></trkpt>
  <trkpt lat="45.77014631" lon="2.95307393"><ele>1141.785</ele><time>2026-09-21T14:23:13Z</time><speed>0.850</speed><sat>26</sat></trkpt>
  <trkpt lat="45.77012194" lon="2.95308514"><ele>1141.718</ele><time>2026-09-21T14:23:16Z</time><speed>0.860</speed><sat>27</sat></trkpt>
  <trkpt lat="45.77009964" lon="2.95310962"><ele>1141.712</ele><time>2026-09-21T14:23:19Z</time><speed>0.790</speed><sat>27</sat></trkpt>
  <trkpt lat="45.77007442" lon="2.95311229"><ele>1142.414</ele><time>2026-09-21T14:23:22Z</time><speed>0.780</speed><sat>27</sat></trkpt>
  <trkpt lat="45.77004950" lon="2.95311623"><ele>1142.431</ele><time>2026-09-21T14:23:25Z</time><speed>0.780</speed><sat>27</sat></trkpt>
  <trkpt lat="45.77002546" lon="2.95310726"><ele>1143.008</ele><time>2026-09-21T14:23:28Z</time><speed>0.810</speed><sat>27</sat></trkpt>
  <trkpt lat="45.77000096" lon="2.95310485"><ele>1144.126</ele><time>2026-09-21T14:23:31Z</time><speed>0.870</speed><sat>27</sat></trkpt>
  <trkpt lat="45.76997175" lon="2.95310701"><ele>1145.025</ele><time>2026-09-21T14:23:34Z</time><speed>0.850</speed><sat>27</sat></trkpt>
  <trkpt lat="45.76994283" lon="2.95311525"><ele>1144.333</ele><time>2026-09-21T14:23:37Z</time><speed>0.840</speed><sat>27</sat></trkpt>
  <trkpt lat="45.76991758" lon="2.95311488"><ele>1143.283</ele><time>2026-09-21T14:23:40Z</time><speed>0.870</speed><sat>27</sat></trkpt>
  <trkpt lat="45.76989260" lon="2.95311926"><ele>1142.059</ele><time>2026-09-21T14:23:43Z</time><speed>0.990</speed><sat>27</sat></trkpt>
  <trkpt lat="45.76986595" lon="2.95311956"><ele>1140.942</ele><time>2026-09-21T14:23:46Z</time><speed>0.810</speed><sat>27</sat></trkpt>
  <trkpt lat="45.76983881" lon="2.95312507"><ele>1140.923</ele><time>2026-09-21T14:23:49Z</time><speed>0.900</speed><sat>26</sat></trkpt>
  <trkpt lat="45.76981341" lon="2.95313330"><ele>1139.998</ele><time>2026-09-21T14:23:52Z</time><speed>0.850</speed><sat>25</sat></trkpt>
  <trkpt lat="45.76978601" lon="2.95315358"><ele>1140.240</ele><time>2026-09-21T14:23:55Z</time><speed>0.990</speed><sat>24</sat></trkpt>
  <trkpt lat="45.76975870" lon="2.95316148"><ele>1139.838</ele><time>2026-09-21T14:23:58Z</time><speed>1.000</speed><sat>25</sat></trkpt>
  <trkpt lat="45.76973301" lon="2.95316742"><ele>1139.784</ele><time>2026-09-21T14:24:01Z</time><speed>1.100</speed><sat>25</sat></trkpt>
  <trkpt lat="45.76970768" lon="2.95317967"><ele>1139.734</ele><time>2026-09-21T14:24:04Z</time><speed>1.010</speed><sat>25</sat></trkpt>
  <trkpt lat="45.76968078" lon="2.95319495"><ele>1139.404</ele><time>2026-09-21T14:24:07Z</time><speed>1.140</speed><sat>24</sat></trkpt>
  <trkpt lat="45.76965456" lon="2.95321154"><ele>1139.718</ele><time>2026-09-21T14:24:10Z</time><speed>1.040</speed><sat>24</sat></trkpt>
  <trkpt lat="45.76962731" lon="2.95321882"><ele>1139.670</ele><time>2026-09-21T14:24:13Z</time><speed>1.060</speed><sat>23</sat></trkpt>
  <trkpt lat="45.76960112" lon="2.95323486"><ele>1138.965</ele><time>2026-09-21T14:24:16Z</time><speed>1.010</speed><sat>26</sat></trkpt>
  <trkpt lat="45.76957584" lon="2.95324295"><ele>1139.611</ele><time>2026-09-21T14:24:19Z</time><speed>1.130</speed><sat>25</sat></trkpt>
  <trkpt lat="45.76955118" lon="2.95325725"><ele>1139.495</ele><time>2026-09-21T14:24:22Z</time><speed>1.050</speed><sat>24</sat></trkpt>
  <trkpt lat="45.76952495" lon="2.95326367"><ele>1139.491</ele><time>2026-09-21T14:24:25Z</time><speed>1.080</speed><sat>24</sat></trkpt>
  <trkpt lat="45.76950169" lon="2.95327952"><ele>1138.938</ele><time>2026-09-21T14:24:28Z</time><speed>0.940</speed><sat>24</sat></trkpt>
  <trkpt lat="45.76947488" lon="2.95328698"><ele>1137.576</ele><time>2026-09-21T14:24:31Z</time><speed>0.950</speed><sat>24</sat></trkpt>
  <trkpt lat="45.76944897" lon="2.95330140"><ele>1137.188</ele><time>2026-09-21T14:24:34Z</time><speed>0.930</speed><sat>25</sat></trkpt>
  <trkpt lat="45.76942278" lon="2.95331440"><ele>1136.108</ele><time>2026-09-21T14:24:37Z</time><speed>0.970</speed><sat>27</sat></trkpt>
  <trkpt lat="45.76939508" lon="2.95331794"><ele>1136.590</ele><time>2026-09-21T14:24:40Z</time><speed>0.980</speed><sat>28</sat></trkpt>
  <trkpt lat="45.76936924" lon="2.95333047"><ele>1137.004</ele><time>2026-09-21T14:24:43Z</time><speed>0.880</speed><sat>27</sat></trkpt>
  <trkpt lat="45.76934447" lon="2.95335030"><ele>1136.576</ele><time>2026-09-21T14:24:46Z</time><speed>1.030</speed><sat>28</sat></trkpt>
  <trkpt lat="45.76931436" lon="2.95336141"><ele>1136.866</ele><time>2026-09-21T14:24:49Z</time><speed>1.250</speed><sat>28</sat></trkpt>
  <trkpt lat="45.76928727" lon="2.95338140"><ele>1136.671</ele><time>2026-09-21T14:24:52Z</time><speed>0.980</speed><sat>27</sat></trkpt>
  <trkpt lat="45.76925924" lon="2.95340153"><ele>1135.803</ele><time>2026-09-21T14:24:55Z</time><speed>1.040</speed><sat>27</sat></trkpt>
  <trkpt lat="45.76923323" lon="2.95342511"><ele>1134.865</ele><time>2026-09-21T14:24:58Z</time><speed>1.010</speed><sat>24</sat></trkpt>
  <trkpt lat="45.76920871" lon="2.95345705"><ele>1133.843</ele><time>2026-09-21T14:25:01Z</time><speed>1.000</speed><sat>24</sat></trkpt>
  <trkpt lat="45.76917906" lon="2.95347831"><ele>1135.633</ele><time>2026-09-21T14:25:04Z</time><speed>1.060</speed><sat>24</sat></trkpt>
  <trkpt lat="45.76914749" lon="2.95349703"><ele>1136.016</ele><time>2026-09-21T14:25:07Z</time><speed>1.000</speed><sat>22</sat></trkpt>
  <trkpt lat="45.76912003" lon="2.95351766"><ele>1136.169</ele><time>2026-09-21T14:25:10Z</time><speed>1.000</speed><sat>22</sat></trkpt>
  <trkpt lat="45.76909251" lon="2.95353210"><ele>1136.153</ele><time>2026-09-21T14:25:13Z</time><speed>0.990</speed><sat>22</sat></trkpt>
  <trkpt lat="45.76906570" lon="2.95354889"><ele>1134.373</ele><time>2026-09-21T14:25:16Z</time><speed>1.050</speed><sat>22</sat></trkpt>
  <trkpt lat="45.76903984" lon="2.95357516"><ele>1133.362</ele><time>2026-09-21T14:25:19Z</time><speed>1.030</speed><sat>22</sat></trkpt>
  <trkpt lat="45.76900935" lon="2.95359233"><ele>1133.486</ele><time>2026-09-21T14:25:22Z</time><speed>1.030</speed><sat>23</sat></trkpt>
  <trkpt lat="45.76897923" lon="2.95360609"><ele>1133.057</ele><time>2026-09-21T14:25:25Z</time><speed>1.230</speed><sat>24</sat></trkpt>
  <trkpt lat="45.76895186" lon="2.95362594"><ele>1132.028</ele><time>2026-09-21T14:25:28Z</time><speed>1.000</speed><sat>24</sat></trkpt>
  <trkpt lat="45.76892302" lon="2.95363967"><ele>1131.265</ele><time>2026-09-21T14:25:31Z</time><speed>0.970</speed><sat>24</sat></trkpt>
  <trkpt lat="45.76889234" lon="2.95365450"><ele>1133.114</ele><time>2026-09-21T14:25:34Z</time><speed>1.000</speed><sat>25</sat></trkpt>
  <trkpt lat="45.76886429" lon="2.95367304"><ele>1132.697</ele><time>2026-09-21T14:25:37Z</time><speed>0.990</speed><sat>25</sat></trkpt>
  <trkpt lat="45.76883119" lon="2.95368323"><ele>1133.431</ele><time>2026-09-21T14:25:40Z</time><speed>1.000</speed><sat>27</sat></trkpt>
  <trkpt lat="45.76880117" lon="2.95369668"><ele>1133.234</ele><time>2026-09-21T14:25:43Z</time><speed>0.900</speed><sat>27</sat></trkpt>
  <trkpt lat="45.76876372" lon="2.95370442"><ele>1133.527</ele><time>2026-09-21T14:25:46Z</time><speed>0.970</speed><sat>27</sat></trkpt>
  <trkpt lat="45.76873219" lon="2.95371911"><ele>1133.342</ele><time>2026-09-21T14:25:49Z</time><speed>1.000</speed><sat>25</sat></trkpt>
  <trkpt lat="45.76870202" lon="2.95372799"><ele>1133.522</ele><time>2026-09-21T14:25:52Z</time><speed>0.930</speed><sat>25</sat></trkpt>
  <trkpt lat="45.76867478" lon="2.95373717"><ele>1132.632</ele><time>2026-09-21T14:25:55Z</time><speed>0.930</speed><sat>25</sat></trkpt>
  <trkpt lat="45.76864865" lon="2.95374873"><ele>1132.226</ele><time>2026-09-21T14:25:58Z</time><speed>0.930</speed><sat>25</sat></trkpt>
  <trkpt lat="45.76860744" lon="2.95375573"><ele>1133.732</ele><time>2026-09-21T14:26:01Z</time><speed>2.210</speed><sat>26</sat></trkpt>
  <trkpt lat="45.76853524" lon="2.95377321"><ele>1133.714</ele><time>2026-09-21T14:26:04Z</time><speed>2.580</speed><sat>27</sat></trkpt>
  <trkpt lat="45.76847650" lon="2.95377401"><ele>1136.226</ele><time>2026-09-21T14:26:07Z</time><speed>2.120</speed><sat>27</sat></trkpt>
  <trkpt lat="45.76844384" lon="2.95378606"><ele>1134.315</ele><time>2026-09-21T14:26:10Z</time><speed>1.670</speed><sat>26</sat></trkpt>
  <trkpt lat="45.76842312" lon="2.95381134"><ele>1132.130</ele><time>2026-09-21T14:26:13Z</time><speed>1.120</speed><sat>25</sat></trkpt>
  <trkpt lat="45.76840375" lon="2.95382714"><ele>1132.833</ele><time>2026-09-21T14:26:16Z</time><speed>1.050</speed><sat>26</sat></trkpt>
  <trkpt lat="45.76837934" lon="2.95384180"><ele>1133.455</ele><time>2026-09-21T14:26:19Z</time><speed>1.100</speed><sat>26</sat></trkpt>
  <trkpt lat="45.76835930" lon="2.95385946"><ele>1132.422</ele><time>2026-09-21T14:26:22Z</time><speed>1.090</speed><sat>26</sat></trkpt>
  <trkpt lat="45.76833969" lon="2.95387244"><ele>1132.115</ele><time>2026-09-21T14:26:25Z</time><speed>1.010</speed><sat>25</sat></trkpt>
  <trkpt lat="45.76834453" lon="2.95392636"><ele>1131.086</ele><time>2026-09-21T14:26:28Z</time><speed>1.050</speed><sat>26</sat></trkpt>
  <trkpt lat="45.76832482" lon="2.95395520"><ele>1129.728</ele><time>2026-09-21T14:26:31Z</time><speed>1.110</speed><sat>26</sat></trkpt>
  <trkpt lat="45.76829849" lon="2.95397297"><ele>1129.844</ele><time>2026-09-21T14:26:34Z</time><speed>0.980</speed><sat>26</sat></trkpt>
  <trkpt lat="45.76827078" lon="2.95398398"><ele>1130.178</ele><time>2026-09-21T14:26:37Z</time><speed>1.070</speed><sat>25</sat></trkpt>
  <trkpt lat="45.76823910" lon="2.95398922"><ele>1129.721</ele><time>2026-09-21T14:26:40Z</time><speed>1.040</speed><sat>25</sat></trkpt>
  <trkpt lat="45.76820504" lon="2.95404160"><ele>1130.752</ele><time>2026-09-21T14:26:43Z</time><speed>0.000</speed><sat>25</sat></trkpt>
  <trkpt lat="45.76820658" lon="2.95405255"><ele>1130.782</ele><time>2026-09-21T14:26:46Z</time><speed>0.000</speed><sat>26</sat></trkpt>
  <trkpt lat="45.76820687" lon="2.95405733"><ele>1130.738</ele><time>2026-09-21T14:26:49Z</time><speed>0.000</speed><sat>26</sat></trkpt>
  <trkpt lat="45.76818203" lon="2.95407496"><ele>1129.560</ele><time>2026-09-21T14:26:52Z</time><speed>1.290</speed><sat>27</sat></trkpt>
  <trkpt lat="45.76814545" lon="2.95408533"><ele>1128.536</ele><time>2026-09-21T14:26:55Z</time><speed>1.520</speed><sat>27</sat></trkpt>
  <trkpt lat="45.76811047" lon="2.95408606"><ele>1127.504</ele><time>2026-09-21T14:26:58Z</time><speed>1.340</speed><sat>26</sat></trkpt>
  <trkpt lat="45.76808307" lon="2.95409323"><ele>1126.654</ele><time>2026-09-21T14:27:01Z</time><speed>1.230</speed><sat>26</sat></trkpt>
  <trkpt lat="45.76806332" lon="2.95410534"><ele>1125.911</ele><time>2026-09-21T14:27:04Z</time><speed>0.930</speed><sat>25</sat></trkpt>
  <trkpt lat="45.76804369" lon="2.95412254"><ele>1126.421</ele><time>2026-09-21T14:27:07Z</time><speed>0.970</speed><sat>24</sat></trkpt>
  <trkpt lat="45.76801732" lon="2.95412569"><ele>1125.211</ele><time>2026-09-21T14:27:10Z</time><speed>1.020</speed><sat>25</sat></trkpt>
  <trkpt lat="45.76799110" lon="2.95412988"><ele>1125.702</ele><time>2026-09-21T14:27:13Z</time><speed>0.960</speed><sat>24</sat></trkpt>
  <trkpt lat="45.76796631" lon="2.95413485"><ele>1125.120</ele><time>2026-09-21T14:27:16Z</time><speed>1.010</speed><sat>23</sat></trkpt>
  <trkpt lat="45.76794215" lon="2.95414385"><ele>1125.642</ele><time>2026-09-21T14:27:19Z</time><speed>0.990</speed><sat>23</sat></trkpt>
  <trkpt lat="45.76791728" lon="2.95414359"><ele>1126.431</ele><time>2026-09-21T14:27:22Z</time><speed>0.820</speed><sat>20</sat></trkpt>
  <trkpt lat="45.76788956" lon="2.95416182"><ele>1126.815</ele><time>2026-09-21T14:27:25Z</time><speed>1.110</speed><sat>23</sat></trkpt>
  <trkpt lat="45.76785837" lon="2.95415451"><ele>1127.019</ele><time>2026-09-21T14:27:28Z</time><speed>1.170</speed><sat>24</sat></trkpt>
  <trkpt lat="45.76782773" lon="2.95414173"><ele>1126.685</ele><time>2026-09-21T14:27:31Z</time><speed>1.150</speed><sat>24</sat></trkpt>
  <trkpt lat="45.76779820" lon="2.95411915"><ele>1126.714</ele><time>2026-09-21T14:27:34Z</time><speed>1.140</speed><sat>25</sat></trkpt>
  <trkpt lat="45.76776867" lon="2.95409632"><ele>1126.239</ele><time>2026-09-21T14:27:37Z</time><speed>1.120</speed><sat>25</sat></trkpt>
  <trkpt lat="45.76774008" lon="2.95407911"><ele>1127.212</ele><time>2026-09-21T14:27:40Z</time><speed>1.130</speed><sat>25</sat></trkpt>
  <trkpt lat="45.76771221" lon="2.95406926"><ele>1126.079</ele><time>2026-09-21T14:27:43Z</time><speed>1.090</speed><sat>25</sat></trkpt>
  <trkpt lat="45.76768669" lon="2.95406138"><ele>1125.474</ele><time>2026-09-21T14:27:46Z</time><speed>1.060</speed><sat>23</sat></trkpt>
  <trkpt lat="45.76765696" lon="2.95405879"><ele>1124.159</ele><time>2026-09-21T14:27:49Z</time><speed>1.010</speed><sat>24</sat></trkpt>
  <trkpt lat="45.76762591" lon="2.95405403"><ele>1123.578</ele><time>2026-09-21T14:27:52Z</time><speed>1.030</speed><sat>23</sat></trkpt>
  <trkpt lat="45.76759332" lon="2.95404948"><ele>1123.954</ele><time>2026-09-21T14:27:55Z</time><speed>1.100</speed><sat>22</sat></trkpt>
  <trkpt lat="45.76756419" lon="2.95403466"><ele>1123.778</ele><time>2026-09-21T14:27:58Z</time><speed>0.970</speed><sat>25</sat></trkpt>
  <trkpt lat="45.76753572" lon="2.95401408"><ele>1126.680</ele><time>2026-09-21T14:28:01Z</time><speed>0.970</speed><sat>25</sat></trkpt>
  <trkpt lat="45.76750778" lon="2.95399690"><ele>1126.617</ele><time>2026-09-21T14:28:04Z</time><speed>0.990</speed><sat>26</sat></trkpt>
  <trkpt lat="45.76747787" lon="2.95398049"><ele>1127.340</ele><time>2026-09-21T14:28:07Z</time><speed>0.990</speed><sat>26</sat></trkpt>
  <trkpt lat="45.76744401" lon="2.95398411"><ele>1127.931</ele><time>2026-09-21T14:28:10Z</time><speed>0.960</speed><sat>24</sat></trkpt>
  <trkpt lat="45.76741051" lon="2.95398331"><ele>1128.425</ele><time>2026-09-21T14:28:13Z</time><speed>1.010</speed><sat>25</sat></trkpt>
  <trkpt lat="45.76738055" lon="2.95398219"><ele>1129.040</ele><time>2026-09-21T14:28:16Z</time><speed>0.970</speed><sat>25</sat></trkpt>
  <trkpt lat="45.76735159" lon="2.95399198"><ele>1127.806</ele><time>2026-09-21T14:28:19Z</time><speed>0.980</speed><sat>25</sat></trkpt>
  <trkpt lat="45.76732074" lon="2.95400466"><ele>1126.729</ele><time>2026-09-21T14:28:22Z</time><speed>0.870</speed><sat>25</sat></trkpt>
  <trkpt lat="45.76729041" lon="2.95401250"><ele>1127.650</ele><time>2026-09-21T14:28:25Z</time><speed>0.940</speed><sat>24</sat></trkpt>
  <trkpt lat="45.76726035" lon="2.95401677"><ele>1130.674</ele><time>2026-09-21T14:28:28Z</time><speed>0.890</speed><sat>25</sat></trkpt>
  <trkpt lat="45.76723027" lon="2.95402564"><ele>1129.513</ele><time>2026-09-21T14:28:31Z</time><speed>0.860</speed><sat>25</sat></trkpt>
  <trkpt lat="45.76719853" lon="2.95403505"><ele>1128.964</ele><time>2026-09-21T14:28:34Z</time><speed>1.060</speed><sat>25</sat></trkpt>
  <trkpt lat="45.76716327" lon="2.95404438"><ele>1129.312</ele><time>2026-09-21T14:28:37Z</time><speed>0.890</speed><sat>26</sat></trkpt>
  <trkpt lat="45.76713326" lon="2.95405464"><ele>1129.027</ele><time>2026-09-21T14:28:40Z</time><speed>0.880</speed><sat>26</sat></trkpt>
  <trkpt lat="45.76710558" lon="2.95406775"><ele>1128.071</ele><time>2026-09-21T14:28:43Z</time><speed>0.900</speed><sat>26</sat></trkpt>
  <trkpt lat="45.76707972" lon="2.95407247"><ele>1128.787</ele><time>2026-09-21T14:28:46Z</time><speed>0.890</speed><sat>26</sat></trkpt>
  <trkpt lat="45.76704708" lon="2.95407365"><ele>1128.033</ele><time>2026-09-21T14:28:49Z</time><speed>1.020</speed><sat>26</sat></trkpt>
  <trkpt lat="45.76701697" lon="2.95407384"><ele>1128.801</ele><time>2026-09-21T14:28:52Z</time><speed>0.930</speed><sat>26</sat></trkpt>
  <trkpt lat="45.76698502" lon="2.95408101"><ele>1128.950</ele><time>2026-09-21T14:28:55Z</time><speed>0.960</speed><sat>24</sat></trkpt>
  <trkpt lat="45.76695595" lon="2.95408673"><ele>1129.152</ele><time>2026-09-21T14:28:58Z</time><speed>0.980</speed><sat>25</sat></trkpt>
  <trkpt lat="45.76692264" lon="2.95409094"><ele>1128.683</ele><time>2026-09-21T14:29:01Z</time><speed>0.990</speed><sat>25</sat></trkpt>
  <trkpt lat="45.76689285" lon="2.95410268"><ele>1128.008</ele><time>2026-09-21T14:29:04Z</time><speed>1.010</speed><sat>26</sat></trkpt>
  <trkpt lat="45.76686220" lon="2.95410844"><ele>1125.894</ele><time>2026-09-21T14:29:07Z</time><speed>0.960</speed><sat>26</sat></trkpt>
  <trkpt lat="45.76683283" lon="2.95411615"><ele>1125.893</ele><time>2026-09-21T14:29:10Z</time><speed>0.970</speed><sat>26</sat></trkpt>
  <trkpt lat="45.76679932" lon="2.95411837"><ele>1125.791</ele><time>2026-09-21T14:29:13Z</time><speed>1.030</speed><sat>26</sat></trkpt>
  <trkpt lat="45.76676782" lon="2.95413348"><ele>1125.759</ele><time>2026-09-21T14:29:16Z</time><speed>1.050</speed><sat>26</sat></trkpt>
  <trkpt lat="45.76673603" lon="2.95414075"><ele>1125.269</ele><time>2026-09-21T14:29:19Z</time><speed>0.980</speed><sat>26</sat></trkpt>
  <trkpt lat="45.76670597" lon="2.95414868"><ele>1125.222</ele><time>2026-09-21T14:29:22Z</time><speed>0.960</speed><sat>25</sat></trkpt>
  <trkpt lat="45.76667416" lon="2.95416085"><ele>1125.271</ele><time>2026-09-21T14:29:25Z</time><speed>0.980</speed><sat>26</sat></trkpt>
  <trkpt lat="45.76664358" lon="2.95417044"><ele>1125.541</ele><time>2026-09-21T14:29:28Z</time><speed>1.070</speed><sat>26</sat></trkpt>
  <trkpt lat="45.76661315" lon="2.95418036"><ele>1125.294</ele><time>2026-09-21T14:29:31Z</time><speed>1.040</speed><sat>26</sat></trkpt>
  <trkpt lat="45.76658306" lon="2.95419337"><ele>1124.904</ele><time>2026-09-21T14:29:34Z</time><speed>1.120</speed><sat>25</sat></trkpt>
  <trkpt lat="45.76655193" lon="2.95419884"><ele>1125.241</ele><time>2026-09-21T14:29:37Z</time><speed>1.090</speed><sat>25</sat></trkpt>
  <trkpt lat="45.76652199" lon="2.95420904"><ele>1125.639</ele><time>2026-09-21T14:29:40Z</time><speed>1.040</speed><sat>25</sat></trkpt>
  <trkpt lat="45.76649138" lon="2.95422234"><ele>1126.937</ele><time>2026-09-21T14:29:43Z</time><speed>0.950</speed><sat>26</sat></trkpt>
  <trkpt lat="45.76645961" lon="2.95423814"><ele>1126.991</ele><time>2026-09-21T14:29:46Z</time><speed>1.040</speed><sat>27</sat></trkpt>
  <trkpt lat="45.76643333" lon="2.95425078"><ele>1127.417</ele><time>2026-09-21T14:29:49Z</time><speed>1.030</speed><sat>27</sat></trkpt>
  <trkpt lat="45.76640445" lon="2.95426427"><ele>1126.727</ele><time>2026-09-21T14:29:52Z</time><speed>1.000</speed><sat>27</sat></trkpt>
  <trkpt lat="45.76637422" lon="2.95427473"><ele>1127.442</ele><time>2026-09-21T14:29:55Z</time><speed>0.970</speed><sat>28</sat></trkpt>
  <trkpt lat="45.76635079" lon="2.95430333"><ele>1126.883</ele><time>2026-09-21T14:29:58Z</time><speed>0.950</speed><sat>28</sat></trkpt>
  <trkpt lat="45.76632586" lon="2.95432206"><ele>1127.499</ele><time>2026-09-21T14:30:01Z</time><speed>0.930</speed><sat>26</sat></trkpt>
  <trkpt lat="45.76629927" lon="2.95433766"><ele>1127.711</ele><time>2026-09-21T14:30:04Z</time><speed>0.920</speed><sat>27</sat></trkpt>
  <trkpt lat="45.76627233" lon="2.95436995"><ele>1127.000</ele><time>2026-09-21T14:30:07Z</time><speed>1.010</speed><sat>26</sat></trkpt>
  <trkpt lat="45.76624328" lon="2.95440346"><ele>1127.001</ele><time>2026-09-21T14:30:10Z</time><speed>1.150</speed><sat>27</sat></trkpt>
  <trkpt lat="45.76620861" lon="2.95442457"><ele>1127.652</ele><time>2026-09-21T14:30:13Z</time><speed>1.300</speed><sat>28</sat></trkpt>
  <trkpt lat="45.76615434" lon="2.95446694"><ele>1127.207</ele><time>2026-09-21T14:30:16Z</time><speed>2.970</speed><sat>27</sat></trkpt>
  <trkpt lat="45.76612982" lon="2.95449766"><ele>1127.452</ele><time>2026-09-21T14:30:19Z</time><speed>1.250</speed><sat>27</sat></trkpt>
  <trkpt lat="45.76611254" lon="2.95451718"><ele>1128.339</ele><time>2026-09-21T14:30:22Z</time><speed>1.060</speed><sat>25</sat></trkpt>
  <trkpt lat="45.76610073" lon="2.95453642"><ele>1128.864</ele><time>2026-09-21T14:30:25Z</time><speed>1.000</speed><sat>28</sat></trkpt>
  <trkpt lat="45.76610395" lon="2.95456623"><ele>1128.746</ele><time>2026-09-21T14:30:28Z</time><speed>1.080</speed><sat>28</sat></trkpt>
  <trkpt lat="45.76609164" lon="2.95459341"><ele>1128.082</ele><time>2026-09-21T14:30:31Z</time><speed>0.960</speed><sat>26</sat></trkpt>
  <trkpt lat="45.76607229" lon="2.95461398"><ele>1126.860</ele><time>2026-09-21T14:30:34Z</time><speed>0.910</speed><sat>26</sat></trkpt>
  <trkpt lat="45.76605394" lon="2.95463380"><ele>1127.678</ele><time>2026-09-21T14:30:37Z</time><speed>0.900</speed><sat>25</sat></trkpt>
  <trkpt lat="45.76603093" lon="2.95464603"><ele>1129.058</ele><time>2026-09-21T14:30:40Z</time><speed>0.970</speed><sat>27</sat></trkpt>
  <trkpt lat="45.76601480" lon="2.95466592"><ele>1129.194</ele><time>2026-09-21T14:30:43Z</time><speed>0.940</speed><sat>28</sat></trkpt>
  <trkpt lat="45.76599630" lon="2.95469414"><ele>1130.237</ele><time>2026-09-21T14:30:46Z</time><speed>0.940</speed><sat>27</sat></trkpt>
  <trkpt lat="45.76597517" lon="2.95471312"><ele>1131.157</ele><time>2026-09-21T14:30:49Z</time><speed>0.980</speed><sat>27</sat></trkpt>
  <trkpt lat="45.76596225" lon="2.95473343"><ele>1131.492</ele><time>2026-09-21T14:30:52Z</time><speed>0.920</speed><sat>26</sat></trkpt>
  <trkpt lat="45.76594290" lon="2.95474405"><ele>1130.969</ele><time>2026-09-21T14:30:55Z</time><speed>0.860</speed><sat>26</sat></trkpt>
  <trkpt lat="45.76592166" lon="2.95475721"><ele>1130.597</ele><time>2026-09-21T14:30:58Z</time><speed>0.860</speed><sat>26</sat></trkpt>
  <trkpt lat="45.76589873" lon="2.95476213"><ele>1130.472</ele><time>2026-09-21T14:31:01Z</time><speed>0.840</speed><sat>27</sat></trkpt>
  <trkpt lat="45.76587198" lon="2.95476665"><ele>1129.720</ele><time>2026-09-21T14:31:04Z</time><speed>0.890</speed><sat>26</sat></trkpt>
  <trkpt lat="45.76584988" lon="2.95478047"><ele>1129.969</ele><time>2026-09-21T14:31:07Z</time><speed>0.930</speed><sat>25</sat></trkpt>
  <trkpt lat="45.76582417" lon="2.95479186"><ele>1130.167</ele><time>2026-09-21T14:31:10Z</time><speed>0.960</speed><sat>26</sat></trkpt>
  <trkpt lat="45.76580691" lon="2.95480373"><ele>1129.982</ele><time>2026-09-21T14:31:13Z</time><speed>0.000</speed><sat>27</sat></trkpt>
  <trkpt lat="45.76578042" lon="2.95480820"><ele>1131.037</ele><time>2026-09-21T14:31:16Z</time><speed>0.820</speed><sat>28</sat></trkpt>
  <trkpt lat="45.76576446" lon="2.95481349"><ele>1131.592</ele><time>2026-09-21T14:31:19Z</time><speed>0.740</speed><sat>26</sat></trkpt>
  <trkpt lat="45.76574171" lon="2.95481295"><ele>1132.609</ele><time>2026-09-21T14:31:22Z</time><speed>0.700</speed><sat>27</sat></trkpt>
  <trkpt lat="45.76572590" lon="2.95482094"><ele>1132.575</ele><time>2026-09-21T14:31:25Z</time><speed>0.460</speed><sat>25</sat></trkpt>
  <trkpt lat="45.76570714" lon="2.95483552"><ele>1132.957</ele><time>2026-09-21T14:31:28Z</time><speed>0.530</speed><sat>26</sat></trkpt>
  <trkpt lat="45.76570540" lon="2.95483898"><ele>1132.992</ele><time>2026-09-21T14:31:31Z</time><speed>0.000</speed><sat>26</sat></trkpt>
  <trkpt lat="45.76568792" lon="2.95484734"><ele>1132.937</ele><time>2026-09-21T14:31:34Z</time><speed>0.490</speed><sat>26</sat></trkpt>
  <trkpt lat="45.76566808" lon="2.95484578"><ele>1133.268</ele><time>2026-09-21T14:31:37Z</time><speed>0.500</speed><sat>27</sat></trkpt>
  <trkpt lat="45.76566681" lon="2.95484394"><ele>1133.007</ele><time>2026-09-21T14:31:40Z</time><speed>0.000</speed><sat>28</sat></trkpt>
  <trkpt lat="45.76566182" lon="2.95485231"><ele>1133.132</ele><time>2026-09-21T14:31:43Z</time><speed>0.000</speed><sat>27</sat></trkpt>
  <trkpt lat="45.76566179" lon="2.95485263"><ele>1133.065</ele><time>2026-09-21T14:31:46Z</time><speed>0.000</speed><sat>28</sat></trkpt>
  <trkpt lat="45.76566174" lon="2.95485245"><ele>1133.089</ele><time>2026-09-21T14:31:49Z</time><speed>0.000</speed><sat>28</sat></trkpt>
  <trkpt lat="45.76566202" lon="2.95485232"><ele>1133.155</ele><time>2026-09-21T14:31:52Z</time><speed>0.000</speed><sat>27</sat></trkpt>
  <trkpt lat="45.76566178" lon="2.95485148"><ele>1133.185</ele><time>2026-09-21T14:31:55Z</time><speed>0.000</speed><sat>27</sat></trkpt>
  <trkpt lat="45.76566185" lon="2.95485098"><ele>1133.172</ele><time>2026-09-21T14:31:58Z</time><speed>0.000</speed><sat>28</sat></trkpt>
  <trkpt lat="45.76566204" lon="2.95484961"><ele>1133.127</ele><time>2026-09-21T14:32:01Z</time><speed>0.000</speed><sat>28</sat></trkpt>
  <trkpt lat="45.76566243" lon="2.95484821"><ele>1133.049</ele><time>2026-09-21T14:32:04Z</time><speed>0.000</speed><sat>28</sat></trkpt>
  <trkpt lat="45.76566269" lon="2.95484760"><ele>1132.997</ele><time>2026-09-21T14:32:07Z</time><speed>0.000</speed><sat>27</sat></trkpt>
  <trkpt lat="45.76566324" lon="2.95484719"><ele>1132.967</ele><time>2026-09-21T14:32:10Z</time><speed>0.000</speed><sat>26</sat></trkpt>
  <trkpt lat="45.76566211" lon="2.95485452"><ele>1132.611</ele><time>2026-09-21T14:32:13Z</time><speed>0.000</speed><sat>26</sat></trkpt>
  <trkpt lat="45.76566782" lon="2.95486557"><ele>1132.276</ele><time>2026-09-21T14:32:16Z</time><speed>0.000</speed><sat>27</sat></trkpt>
  <trkpt lat="45.76566708" lon="2.95486618"><ele>1132.409</ele><time>2026-09-21T14:32:19Z</time><speed>0.200</speed><sat>27</sat></trkpt>
  <trkpt lat="45.76565989" lon="2.95487118"><ele>1131.616</ele><time>2026-09-21T14:32:22Z</time><speed>0.280</speed><sat>28</sat></trkpt>
  <trkpt lat="45.76565895" lon="2.95487130"><ele>1131.475</ele><time>2026-09-21T14:32:25Z</time><speed>0.000</speed><sat>28</sat></trkpt>
  <trkpt lat="45.76565882" lon="2.95487111"><ele>1131.493</ele><time>2026-09-21T14:32:28Z</time><speed>0.000</speed><sat>26</sat></trkpt>
  <trkpt lat="45.76565714" lon="2.95486848"><ele>1131.473</ele><time>2026-09-21T14:32:31Z</time><speed>0.000</speed><sat>28</sat></trkpt>
  <trkpt lat="45.76565043" lon="2.95487083"><ele>1131.781</ele><time>2026-09-21T14:32:34Z</time><speed>0.550</speed><sat>28</sat></trkpt>
  <trkpt lat="45.76563121" lon="2.95487195"><ele>1132.849</ele><time>2026-09-21T14:32:37Z</time><speed>0.640</speed><sat>29</sat></trkpt>
  <trkpt lat="45.76560817" lon="2.95488162"><ele>1133.723</ele><time>2026-09-21T14:32:40Z</time><speed>0.560</speed><sat>28</sat></trkpt>
  <trkpt lat="45.76558517" lon="2.95488685"><ele>1134.102</ele><time>2026-09-21T14:32:43Z</time><speed>0.960</speed><sat>28</sat></trkpt>
  <trkpt lat="45.76555913" lon="2.95489760"><ele>1133.001</ele><time>2026-09-21T14:32:46Z</time><speed>1.180</speed><sat>27</sat></trkpt>
  <trkpt lat="45.76552932" lon="2.95490762"><ele>1131.738</ele><time>2026-09-21T14:32:49Z</time><speed>1.160</speed><sat>25</sat></trkpt>
  <trkpt lat="45.76550008" lon="2.95490885"><ele>1130.954</ele><time>2026-09-21T14:32:52Z</time><speed>1.190</speed><sat>26</sat></trkpt>
  <trkpt lat="45.76547305" lon="2.95489114"><ele>1131.380</ele><time>2026-09-21T14:32:55Z</time><speed>1.170</speed><sat>27</sat></trkpt>
  <trkpt lat="45.76544408" lon="2.95490131"><ele>1131.052</ele><time>2026-09-21T14:32:58Z</time><speed>1.090</speed><sat>27</sat></trkpt>
  <trkpt lat="45.76541614" lon="2.95491827"><ele>1130.486</ele><time>2026-09-21T14:33:01Z</time><speed>1.120</speed><sat>29</sat></trkpt>
  <trkpt lat="45.76538759" lon="2.95493080"><ele>1129.123</ele><time>2026-09-21T14:33:04Z</time><speed>1.070</speed><sat>28</sat></trkpt>
  <trkpt lat="45.76536060" lon="2.95494858"><ele>1128.651</ele><time>2026-09-21T14:33:07Z</time><speed>1.160</speed><sat>28</sat></trkpt>
  <trkpt lat="45.76533500" lon="2.95496028"><ele>1129.481</ele><time>2026-09-21T14:33:10Z</time><speed>1.050</speed><sat>29</sat></trkpt>
  <trkpt lat="45.76530960" lon="2.95496481"><ele>1129.604</ele><time>2026-09-21T14:33:13Z</time><speed>1.000</speed><sat>28</sat></trkpt>
  <trkpt lat="45.76528218" lon="2.95497063"><ele>1129.575</ele><time>2026-09-21T14:33:16Z</time><speed>0.980</speed><sat>28</sat></trkpt>
  <trkpt lat="45.76525685" lon="2.95498947"><ele>1128.796</ele><time>2026-09-21T14:33:19Z</time><speed>0.920</speed><sat>28</sat></trkpt>
  <trkpt lat="45.76523043" lon="2.95499678"><ele>1129.080</ele><time>2026-09-21T14:33:22Z</time><speed>0.950</speed><sat>29</sat></trkpt>
  <trkpt lat="45.76520690" lon="2.95501130"><ele>1128.911</ele><time>2026-09-21T14:33:25Z</time><speed>0.880</speed><sat>30</sat></trkpt>
  <trkpt lat="45.76519097" lon="2.95503115"><ele>1128.734</ele><time>2026-09-21T14:33:28Z</time><speed>0.000</speed><sat>30</sat></trkpt>
  <trkpt lat="45.76516412" lon="2.95505498"><ele>1128.409</ele><time>2026-09-21T14:33:31Z</time><speed>0.890</speed><sat>29</sat></trkpt>
  <trkpt lat="45.76513576" lon="2.95507622"><ele>1128.234</ele><time>2026-09-21T14:33:34Z</time><speed>0.850</speed><sat>28</sat></trkpt>
  <trkpt lat="45.76510698" lon="2.95508903"><ele>1127.958</ele><time>2026-09-21T14:33:37Z</time><speed>0.870</speed><sat>29</sat></trkpt>
  <trkpt lat="45.76507760" lon="2.95510703"><ele>1128.402</ele><time>2026-09-21T14:33:40Z</time><speed>0.870</speed><sat>28</sat></trkpt>
  <trkpt lat="45.76504414" lon="2.95511563"><ele>1129.610</ele><time>2026-09-21T14:33:43Z</time><speed>0.890</speed><sat>28</sat></trkpt>
  <trkpt lat="45.76501455" lon="2.95513506"><ele>1128.217</ele><time>2026-09-21T14:33:46Z</time><speed>0.910</speed><sat>27</sat></trkpt>
  <trkpt lat="45.76498208" lon="2.95515421"><ele>1129.607</ele><time>2026-09-21T14:33:49Z</time><speed>0.990</speed><sat>28</sat></trkpt>
  <trkpt lat="45.76494867" lon="2.95517076"><ele>1128.443</ele><time>2026-09-21T14:33:52Z</time><speed>0.950</speed><sat>27</sat></trkpt>
  <trkpt lat="45.76492815" lon="2.95517507"><ele>1128.662</ele><time>2026-09-21T14:33:55Z</time><speed>0.000</speed><sat>29</sat></trkpt>
  <trkpt lat="45.76489947" lon="2.95519068"><ele>1129.598</ele><time>2026-09-21T14:33:58Z</time><speed>0.910</speed><sat>29</sat></trkpt>
  <trkpt lat="45.76486847" lon="2.95520418"><ele>1130.105</ele><time>2026-09-21T14:34:01Z</time><speed>0.890</speed><sat>29</sat></trkpt>
  <trkpt lat="45.76483562" lon="2.95521372"><ele>1130.534</ele><time>2026-09-21T14:34:04Z</time><speed>0.880</speed><sat>29</sat></trkpt>
  <trkpt lat="45.76480527" lon="2.95522097"><ele>1130.279</ele><time>2026-09-21T14:34:07Z</time><speed>0.860</speed><sat>29</sat></trkpt>
  <trkpt lat="45.76477429" lon="2.95523383"><ele>1131.112</ele><time>2026-09-21T14:34:10Z</time><speed>0.940</speed><sat>30</sat></trkpt>
  <trkpt lat="45.76474391" lon="2.95524662"><ele>1130.736</ele><time>2026-09-21T14:34:13Z</time><speed>0.890</speed><sat>29</sat></trkpt>
  <trkpt lat="45.76471568" lon="2.95525691"><ele>1130.184</ele><time>2026-09-21T14:34:16Z</time><speed>0.830</speed><sat>29</sat></trkpt>
  <trkpt lat="45.76468678" lon="2.95527292"><ele>1129.153</ele><time>2026-09-21T14:34:19Z</time><speed>0.830</speed><sat>27</sat></trkpt>
  <trkpt lat="45.76465677" lon="2.95527855"><ele>1128.753</ele><time>2026-09-21T14:34:22Z</time><speed>0.810</speed><sat>25</sat></trkpt>
  <trkpt lat="45.76462938" lon="2.95529181"><ele>1129.329</ele><time>2026-09-21T14:34:25Z</time><speed>0.770</speed><sat>27</sat></trkpt>
  <trkpt lat="45.76460195" lon="2.95529952"><ele>1129.903</ele><time>2026-09-21T14:34:28Z</time><speed>0.840</speed><sat>26</sat></trkpt>
  <trkpt lat="45.76457437" lon="2.95530517"><ele>1129.988</ele><time>2026-09-21T14:34:31Z</time><speed>0.810</speed><sat>25</sat></trkpt>
  <trkpt lat="45.76454474" lon="2.95530918"><ele>1131.378</ele><time>2026-09-21T14:34:34Z</time><speed>0.730</speed><sat>26</sat></trkpt>
  <trkpt lat="45.76451695" lon="2.95532175"><ele>1131.943</ele><time>2026-09-21T14:34:37Z</time><speed>0.720</speed><sat>27</sat></trkpt>
  <trkpt lat="45.76449411" lon="2.95533398"><ele>1131.739</ele><time>2026-09-21T14:34:40Z</time><speed>0.680</speed><sat>27</sat></trkpt>
  <trkpt lat="45.76447103" lon="2.95534552"><ele>1132.496</ele><time>2026-09-21T14:34:43Z</time><speed>0.570</speed><sat>24</sat></trkpt>
  <trkpt lat="45.76444589" lon="2.95535152"><ele>1132.289</ele><time>2026-09-21T14:34:46Z</time><speed>0.550</speed><sat>24</sat></trkpt>
  <trkpt lat="45.76442451" lon="2.95536731"><ele>1132.366</ele><time>2026-09-21T14:34:49Z</time><speed>0.780</speed><sat>25</sat></trkpt>
  <trkpt lat="45.76441309" lon="2.95536741"><ele>1132.513</ele><time>2026-09-21T14:34:52Z</time><speed>0.000</speed><sat>25</sat></trkpt>
  <trkpt lat="45.76440066" lon="2.95539913"><ele>1132.563</ele><time>2026-09-21T14:34:55Z</time><speed>0.980</speed><sat>27</sat></trkpt>
  <trkpt lat="45.76440027" lon="2.95543453"><ele>1132.289</ele><time>2026-09-21T14:34:58Z</time><speed>0.810</speed><sat>27</sat></trkpt>
  <trkpt lat="45.76441080" lon="2.95546526"><ele>1132.048</ele><time>2026-09-21T14:35:01Z</time><speed>0.860</speed><sat>26</sat></trkpt>
  <trkpt lat="45.76442877" lon="2.95549231"><ele>1131.500</ele><time>2026-09-21T14:35:04Z</time><speed>0.870</speed><sat>27</sat></trkpt>
  <trkpt lat="45.76444664" lon="2.95551421"><ele>1131.074</ele><time>2026-09-21T14:35:07Z</time><speed>0.720</speed><sat>27</sat></trkpt>
  <trkpt lat="45.76445637" lon="2.95554341"><ele>1131.588</ele><time>2026-09-21T14:35:10Z</time><speed>0.620</speed><sat>26</sat></trkpt>
  <trkpt lat="45.76445932" lon="2.95555902"><ele>1131.375</ele><time>2026-09-21T14:35:13Z</time><speed>0.000</speed><sat>28</sat></trkpt>
  <trkpt lat="45.76445941" lon="2.95556120"><ele>1131.385</ele><time>2026-09-21T14:35:16Z</time><speed>0.000</speed><sat>28</sat></trkpt>
  <trkpt lat="45.76445945" lon="2.95556169"><ele>1131.376</ele><time>2026-09-21T14:35:19Z</time><speed>0.000</speed><sat>30</sat></trkpt>
  <trkpt lat="45.76446064" lon="2.95556467"><ele>1131.573</ele><time>2026-09-21T14:35:22Z</time><speed>0.250</speed><sat>31</sat></trkpt>
  <trkpt lat="45.76446156" lon="2.95556582"><ele>1131.530</ele><time>2026-09-21T14:35:25Z</time><speed>0.000</speed><sat>31</sat></trkpt>
  <trkpt lat="45.76446326" lon="2.95557726"><ele>1131.843</ele><time>2026-09-21T14:35:28Z</time><speed>0.000</speed><sat>31</sat></trkpt>
  <trkpt lat="45.76446328" lon="2.95557738"><ele>1131.909</ele><time>2026-09-21T14:35:31Z</time><speed>0.000</speed><sat>28</sat></trkpt>
  <trkpt lat="45.76446309" lon="2.95557671"><ele>1132.042</ele><time>2026-09-21T14:35:34Z</time><speed>0.000</speed><sat>26</sat></trkpt>
  <trkpt lat="45.76446296" lon="2.95557635"><ele>1132.119</ele><time>2026-09-21T14:35:37Z</time><speed>0.000</speed><sat>25</sat></trkpt>
  <trkpt lat="45.76446290" lon="2.95557594"><ele>1132.150</ele><time>2026-09-21T14:35:40Z</time><speed>0.000</speed><sat>25</sat></trkpt>
  <trkpt lat="45.76446637" lon="2.95560066"><ele>1132.333</ele><time>2026-09-21T14:35:43Z</time><speed>0.810</speed><sat>25</sat></trkpt>
  <trkpt lat="45.76445811" lon="2.95564138"><ele>1132.235</ele><time>2026-09-21T14:35:46Z</time><speed>0.850</speed><sat>28</sat></trkpt>
  <trkpt lat="45.76445781" lon="2.95567680"><ele>1131.497</ele><time>2026-09-21T14:35:49Z</time><speed>0.760</speed><sat>28</sat></trkpt>
  <trkpt lat="45.76445279" lon="2.95571911"><ele>1132.605</ele><time>2026-09-21T14:35:52Z</time><speed>0.840</speed><sat>29</sat></trkpt>
  <trkpt lat="45.76445487" lon="2.95576684"><ele>1133.361</ele><time>2026-09-21T14:35:55Z</time><speed>0.930</speed><sat>29</sat></trkpt>
  <trkpt lat="45.76444880" lon="2.95581553"><ele>1133.595</ele><time>2026-09-21T14:35:58Z</time><speed>0.950</speed><sat>30</sat></trkpt>
  <trkpt lat="45.76443781" lon="2.95586148"><ele>1132.096</ele><time>2026-09-21T14:36:01Z</time><speed>1.120</speed><sat>31</sat></trkpt>
  <trkpt lat="45.76442149" lon="2.95590962"><ele>1130.235</ele><time>2026-09-21T14:36:04Z</time><speed>1.230</speed><sat>32</sat></trkpt>
  <trkpt lat="45.76439743" lon="2.95595301"><ele>1130.024</ele><time>2026-09-21T14:36:07Z</time><speed>1.190</speed><sat>31</sat></trkpt>
  <trkpt lat="45.76436634" lon="2.95598725"><ele>1129.873</ele><time>2026-09-21T14:36:10Z</time><speed>1.320</speed><sat>31</sat></trkpt>
  <trkpt lat="45.76434263" lon="2.95602206"><ele>1128.917</ele><time>2026-09-21T14:36:13Z</time><speed>1.170</speed><sat>29</sat></trkpt>
  <trkpt lat="45.76431663" lon="2.95604127"><ele>1128.131</ele><time>2026-09-21T14:36:16Z</time><speed>0.680</speed><sat>28</sat></trkpt>
  <trkpt lat="45.76430648" lon="2.95605582"><ele>1128.620</ele><time>2026-09-21T14:36:19Z</time><speed>0.000</speed><sat>29</sat></trkpt>
  <trkpt lat="45.76430689" lon="2.95605677"><ele>1128.634</ele><time>2026-09-21T14:36:22Z</time><speed>0.000</speed><sat>29</sat></trkpt>
  <trkpt lat="45.76430742" lon="2.95605741"><ele>1128.639</ele><time>2026-09-21T14:36:25Z</time><speed>0.000</speed><sat>26</sat></trkpt>
  <trkpt lat="45.76433387" lon="2.95607648"><ele>1128.918</ele><time>2026-09-21T14:36:28Z</time><speed>4.490</speed><sat>25</sat></trkpt>
  <trkpt lat="45.76434905" lon="2.95609441"><ele>1128.883</ele><time>2026-09-21T14:36:31Z</time><speed>0.000</speed><sat>27</sat></trkpt>
  <trkpt lat="45.76434940" lon="2.95609672"><ele>1128.829</ele><time>2026-09-21T14:36:34Z</time><speed>0.000</speed><sat>28</sat></trkpt>
  <trkpt lat="45.76434956" lon="2.95609702"><ele>1128.854</ele><time>2026-09-21T14:36:37Z</time><speed>0.000</speed><sat>31</sat></trkpt>
  <trkpt lat="45.76434968" lon="2.95609778"><ele>1128.822</ele><time>2026-09-21T14:36:40Z</time><speed>0.000</speed><sat>29</sat></trkpt>
  <trkpt lat="45.76434973" lon="2.95609822"><ele>1128.961</ele><time>2026-09-21T14:36:43Z</time><speed>0.000</speed><sat>29</sat></trkpt>
  <trkpt lat="45.76434931" lon="2.95609867"><ele>1128.925</ele><time>2026-09-21T14:36:46Z</time><speed>0.000</speed><sat>27</sat></trkpt>
  <trkpt lat="45.76434883" lon="2.95609888"><ele>1128.959</ele><time>2026-09-21T14:36:49Z</time><speed>0.000</speed><sat>28</sat></trkpt>
  <trkpt lat="45.76434896" lon="2.95609784"><ele>1129.043</ele><time>2026-09-21T14:36:52Z</time><speed>0.000</speed><sat>26</sat></trkpt>
  <trkpt lat="45.76434846" lon="2.95609729"><ele>1129.087</ele><time>2026-09-21T14:36:55Z</time><speed>0.000</speed><sat>27</sat></trkpt>
  <trkpt lat="45.76433351" lon="2.95610276"><ele>1129.546</ele><time>2026-09-21T14:36:58Z</time><speed>0.730</speed><sat>26</sat></trkpt>
  <trkpt lat="45.76431693" lon="2.95612480"><ele>1129.638</ele><time>2026-09-21T14:37:01Z</time><speed>0.960</speed><sat>29</sat></trkpt>
  <trkpt lat="45.76430609" lon="2.95614132"><ele>1128.500</ele><time>2026-09-21T14:37:04Z</time><speed>0.860</speed><sat>29</sat></trkpt>
  <trkpt lat="45.76430433" lon="2.95616737"><ele>1128.190</ele><time>2026-09-21T14:37:07Z</time><speed>0.910</speed><sat>30</sat></trkpt>
  <trkpt lat="45.76429998" lon="2.95619380"><ele>1128.345</ele><time>2026-09-21T14:37:10Z</time><speed>0.860</speed><sat>27</sat></trkpt>
  <trkpt lat="45.76429482" lon="2.95620985"><ele>1128.396</ele><time>2026-09-21T14:37:13Z</time><speed>0.670</speed><sat>28</sat></trkpt>
  <trkpt lat="45.76429017" lon="2.95624023"><ele>1128.560</ele><time>2026-09-21T14:37:16Z</time><speed>1.000</speed><sat>27</sat></trkpt>
  <trkpt lat="45.76428885" lon="2.95627933"><ele>1128.465</ele><time>2026-09-21T14:37:19Z</time><speed>1.110</speed><sat>29</sat></trkpt>
  <trkpt lat="45.76428168" lon="2.95632108"><ele>1128.218</ele><time>2026-09-21T14:37:22Z</time><speed>1.130</speed><sat>28</sat></trkpt>
  <trkpt lat="45.76426711" lon="2.95635833"><ele>1127.982</ele><time>2026-09-21T14:37:25Z</time><speed>1.200</speed><sat>25</sat></trkpt>
  <trkpt lat="45.76425413" lon="2.95639198"><ele>1127.704</ele><time>2026-09-21T14:37:28Z</time><speed>1.020</speed><sat>24</sat></trkpt>
  <trkpt lat="45.76423967" lon="2.95640995"><ele>1127.632</ele><time>2026-09-21T14:37:31Z</time><speed>0.430</speed><sat>25</sat></trkpt>
  <trkpt lat="45.76422500" lon="2.95642253"><ele>1127.726</ele><time>2026-09-21T14:37:34Z</time><speed>0.580</speed><sat>24</sat></trkpt>
  <trkpt lat="45.76421360" lon="2.95642797"><ele>1128.125</ele><time>2026-09-21T14:37:37Z</time><speed>0.370</speed><sat>25</sat></trkpt>
  <trkpt lat="45.76421286" lon="2.95642873"><ele>1127.901</ele><time>2026-09-21T14:37:40Z</time><speed>0.000</speed><sat>26</sat></trkpt>
 </trkseg>
</trk>

</gpx>
 
